Coach,Team,Year_N,Year_N_WAR,Year_N_Win_Pct,Survived,Year_N_Plus_1_WAR,Background,WAR_Quintile,Tenure,Tenure_Category
Arthur Smith,ATL,2021,-0.0967221529006958,0.4118,True,-0.0496167511463165,Offensive,Q1 (Worst),1,Year 1
Arthur Smith,ATL,2021,-0.0967221529006958,0.4118,True,-0.0496167511463165,Other,Q1 (Worst),1,Year 1
Arthur Smith,ATL,2021,-0.0967221529006958,0.4118,True,-0.0496167511463165,Defensive,Q1 (Worst),1,Year 1
Arthur Smith,ATL,2021,-0.0967221529006958,0.4118,True,-0.0496167511463165,Defensive,Q1 (Worst),1,Year 1
Arthur Smith,ATL,2022,-0.0496167511463165,0.4118,True,0.1050261288166046,Offensive,Q2,5,Year 4+
Arthur Smith,ATL,2022,-0.0496167511463165,0.4118,True,0.1050261288166046,Other,Q2,5,Year 4+
Arthur Smith,ATL,2022,-0.0496167511463165,0.4118,True,0.1050261288166046,Defensive,Q2,5,Year 4+
Arthur Smith,ATL,2022,-0.0496167511463165,0.4118,True,0.1050261288166046,Defensive,Q2,5,Year 4+
Arthur Smith,ATL,2023,0.1050261288166046,0.4118,False,,Offensive,Q5 (Best),9,Year 4+
Arthur Smith,ATL,2023,0.1050261288166046,0.4118,False,,Other,Q5 (Best),9,Year 4+
Arthur Smith,ATL,2023,0.1050261288166046,0.4118,False,,Defensive,Q5 (Best),9,Year 4+
Arthur Smith,ATL,2023,0.1050261288166046,0.4118,False,,Defensive,Q5 (Best),9,Year 4+
Bobby Petrino,ATL,2007,-0.0931542515754699,0.25,False,,Offensive,Q1 (Worst),1,Year 1
Dan Henning,ATL,1983,-0.0124709606170654,0.4375,True,-0.0801048278808593,Offensive,Q3,1,Year 1
Dan Henning,ATL,1984,-0.0801048278808593,0.25,True,-0.0985430777072906,Offensive,Q2,2,Year 2
Dan Henning,ATL,1985,-0.0985430777072906,0.25,True,-0.0670551144599914,Offensive,Q1 (Worst),3,Year 3
Dan Henning,ATL,1986,-0.0670551144599914,0.4688,False,,Offensive,Q2,4,Year 4+
Dan Quinn,ATL,2015,-0.0326284170150756,0.5,True,0.0550125241279602,Defensive,Q2,1,Year 1
Dan Quinn,ATL,2016,0.0550125241279602,0.6875,True,0.0880594253540039,Defensive,Q4,2,Year 2
Dan Quinn,ATL,2017,0.0880594253540039,0.625,True,-0.1429141759872436,Defensive,Q4,3,Year 3
Dan Quinn,ATL,2018,-0.1429141759872436,0.4375,True,0.0668250918388366,Defensive,Q1 (Worst),4,Year 4+
Dan Quinn,ATL,2019,0.0668250918388366,0.4375,True,-0.2849513292312622,Defensive,Q4,5,Year 4+
Dan Quinn,ATL,2020,-0.2849513292312622,0.25,False,,Defensive,Q1 (Worst),6,Year 4+
Dan Reeves,ATL,1997,-0.1278662085533142,0.4375,True,0.2239291071891784,Offensive,Q1 (Worst),1,Year 1
Dan Reeves,ATL,1998,0.2239291071891784,0.875,True,-0.0329922437667846,Offensive,Q5 (Best),2,Year 2
Dan Reeves,ATL,1999,-0.0329922437667846,0.3125,True,-0.0497069656848907,Offensive,Q2,3,Year 3
Dan Reeves,ATL,2000,-0.0497069656848907,0.25,True,-0.1395429372787475,Offensive,Q2,4,Year 4+
Dan Reeves,ATL,2001,-0.1395429372787475,0.4375,True,-0.0602201902389526,Offensive,Q1 (Worst),5,Year 4+
Dan Reeves,ATL,2002,-0.0602201902389526,0.5938,True,0.0183836817741394,Offensive,Q2,6,Year 4+
Dan Reeves,ATL,2003,0.0183836817741394,0.3125,False,,Offensive,Q3,7,Year 4+
Jerry Glanville,ATL,1990,-0.1226715147495269,0.3125,True,0.0809971094131469,Defensive,Q1 (Worst),1,Year 1
Jerry Glanville,ATL,1991,0.0809971094131469,0.625,True,0.0384425818920135,Defensive,Q4,2,Year 2
Jerry Glanville,ATL,1992,0.0384425818920135,0.375,True,0.0300253033638,Defensive,Q3,3,Year 3
Jerry Glanville,ATL,1993,0.0300253033638,0.375,False,,Defensive,Q3,4,Year 4+
Jim Mora Jr,ATL,2004,0.044171929359436,0.6875,True,-0.1196812987327575,Defensive,Q4,1,Year 1
Jim Mora Jr,ATL,2005,-0.1196812987327575,0.5,True,-0.0816853642463684,Defensive,Q1 (Worst),2,Year 2
Jim Mora Jr,ATL,2006,-0.0816853642463684,0.4375,False,,Defensive,Q2,3,Year 3
June Jones,ATL,1994,-0.1374091506004333,0.4375,True,-0.0793975591659545,Offensive,Q1 (Worst),1,Year 1
June Jones,ATL,1994,-0.1374091506004333,0.4375,True,-0.0793975591659545,Other,Q1 (Worst),1,Year 1
June Jones,ATL,1995,-0.0793975591659545,0.5625,True,-0.1714177131652832,Offensive,Q2,3,Year 3
June Jones,ATL,1995,-0.0793975591659545,0.5625,True,-0.1714177131652832,Other,Q2,3,Year 3
June Jones,ATL,1996,-0.1714177131652832,0.1875,False,,Offensive,Q1 (Worst),5,Year 4+
June Jones,ATL,1996,-0.1714177131652832,0.1875,False,,Other,Q1 (Worst),5,Year 4+
Leeman Bennett,ATL,1977,-0.1234119534492492,0.5,True,0.0684306323528289,Offensive,Q1 (Worst),1,Year 1
Leeman Bennett,ATL,1978,0.0684306323528289,0.5625,True,-0.1114611029624939,Offensive,Q4,2,Year 2
Leeman Bennett,ATL,1979,-0.1114611029624939,0.375,True,0.0770835876464843,Offensive,Q1 (Worst),3,Year 3
Leeman Bennett,ATL,1980,0.0770835876464843,0.75,True,-0.0394279658794403,Offensive,Q4,4,Year 4+
Leeman Bennett,ATL,1981,-0.0394279658794403,0.4375,True,0.1204652017116546,Offensive,Q2,5,Year 4+
Leeman Bennett,ATL,1982,0.1204652017116546,0.5556,False,,Offensive,Q5 (Best),6,Year 4+
Marion Campbell,ATL,1975,-0.0986139111995696,0.2857,True,0.0101511246681213,Other,Q1 (Worst),1,Year 1
Marion Campbell,ATL,1975,-0.0986139111995696,0.2857,True,0.0101511246681213,Defensive,Q1 (Worst),1,Year 1
Marion Campbell,ATL,1976,0.0101511246681213,0.2857,False,,Other,Q3,3,Year 3
Marion Campbell,ATL,1976,-0.016931914615631,0.2857,False,,Other,Q2,3,Year 3
Marion Campbell,ATL,1976,0.0101511246681213,0.2857,False,,Defensive,Q3,3,Year 3
Marion Campbell,ATL,1976,-0.016931914615631,0.2857,False,,Defensive,Q2,3,Year 3
Marion Campbell,ATL,1987,-0.0509354948997497,0.2,True,-0.1412715017795562,Other,Q2,7,Year 4+
Marion Campbell,ATL,1987,-0.0509354948997497,0.2,True,-0.1412715017795562,Defensive,Q2,7,Year 4+
Marion Campbell,ATL,1988,-0.1412715017795562,0.3125,True,-0.2236516177654266,Other,Q1 (Worst),9,Year 4+
Marion Campbell,ATL,1988,-0.1412715017795562,0.3125,True,-0.2236516177654266,Defensive,Q1 (Worst),9,Year 4+
Marion Campbell,ATL,1989,-0.2236516177654266,0.1875,False,,Other,Q1 (Worst),11,Year 4+
Marion Campbell,ATL,1989,-0.2236516177654266,0.1875,False,,Defensive,Q1 (Worst),11,Year 4+
Mike Smith,ATL,2008,0.1091611981391906,0.6875,True,0.1460720300674438,Other,Q5 (Best),1,Year 1
Mike Smith,ATL,2008,0.1091611981391906,0.6875,True,0.1460720300674438,Defensive,Q5 (Best),1,Year 1
Mike Smith,ATL,2008,0.1091611981391906,0.6875,True,0.1460720300674438,Defensive,Q5 (Best),1,Year 1
Mike Smith,ATL,2008,0.1091611981391906,0.6875,True,0.1460720300674438,Defensive,Q5 (Best),1,Year 1
Mike Smith,ATL,2009,0.1460720300674438,0.5625,True,0.0557806491851806,Other,Q5 (Best),5,Year 4+
Mike Smith,ATL,2009,0.1460720300674438,0.5625,True,0.0557806491851806,Defensive,Q5 (Best),5,Year 4+
Mike Smith,ATL,2009,0.1460720300674438,0.5625,True,0.0557806491851806,Defensive,Q5 (Best),5,Year 4+
Mike Smith,ATL,2009,0.1460720300674438,0.5625,True,0.0557806491851806,Defensive,Q5 (Best),5,Year 4+
Mike Smith,ATL,2010,0.0557806491851806,0.8125,True,0.0148149728775024,Other,Q4,9,Year 4+
Mike Smith,ATL,2010,0.0557806491851806,0.8125,True,0.0148149728775024,Defensive,Q4,9,Year 4+
Mike Smith,ATL,2010,0.0557806491851806,0.8125,True,0.0148149728775024,Defensive,Q4,9,Year 4+
Mike Smith,ATL,2010,0.0557806491851806,0.8125,True,0.0148149728775024,Defensive,Q4,9,Year 4+
Mike Smith,ATL,2011,0.0148149728775024,0.625,True,0.2343341708183288,Other,Q3,13,Year 4+
Mike Smith,ATL,2011,0.0148149728775024,0.625,True,0.2343341708183288,Defensive,Q3,13,Year 4+
Mike Smith,ATL,2011,0.0148149728775024,0.625,True,0.2343341708183288,Defensive,Q3,13,Year 4+
Mike Smith,ATL,2011,0.0148149728775024,0.625,True,0.2343341708183288,Defensive,Q3,13,Year 4+
Mike Smith,ATL,2012,0.2343341708183288,0.8125,True,-0.1042157113552093,Other,Q5 (Best),17,Year 4+
Mike Smith,ATL,2012,0.2343341708183288,0.8125,True,-0.1042157113552093,Defensive,Q5 (Best),17,Year 4+
Mike Smith,ATL,2012,0.2343341708183288,0.8125,True,-0.1042157113552093,Defensive,Q5 (Best),17,Year 4+
Mike Smith,ATL,2012,0.2343341708183288,0.8125,True,-0.1042157113552093,Defensive,Q5 (Best),17,Year 4+
Mike Smith,ATL,2013,-0.1042157113552093,0.25,True,-0.0528970658779144,Other,Q1 (Worst),21,Year 4+
Mike Smith,ATL,2013,-0.1042157113552093,0.25,True,-0.0528970658779144,Defensive,Q1 (Worst),21,Year 4+
Mike Smith,ATL,2013,-0.1042157113552093,0.25,True,-0.0528970658779144,Defensive,Q1 (Worst),21,Year 4+
Mike Smith,ATL,2013,-0.1042157113552093,0.25,True,-0.0528970658779144,Defensive,Q1 (Worst),21,Year 4+
Mike Smith,ATL,2014,-0.0528970658779144,0.375,False,,Other,Q2,25,Year 4+
Mike Smith,ATL,2014,-0.0528970658779144,0.375,False,,Defensive,Q2,25,Year 4+
Mike Smith,ATL,2014,-0.0528970658779144,0.375,False,,Defensive,Q2,25,Year 4+
Mike Smith,ATL,2014,-0.0528970658779144,0.375,False,,Defensive,Q2,25,Year 4+
Norm Van Brocklin,ATL,1970,-0.0220762292385101,0.3571,True,0.0759348339557647,Offensive,Q2,1,Year 1
Norm Van Brocklin,ATL,1971,0.0759348339557647,0.5357,True,-0.0897469520568847,Offensive,Q4,2,Year 2
Norm Van Brocklin,ATL,1972,-0.0897469520568847,0.5,True,0.0020665625572204,Offensive,Q1 (Worst),3,Year 3
Norm Van Brocklin,ATL,1973,0.0020665625572204,0.6429,True,-0.0751756495952606,Offensive,Q3,4,Year 4+
Norm Van Brocklin,ATL,1974,-0.0751756495952606,0.2143,False,,Offensive,Q2,5,Year 4+
Chan Gailey,BUF,2010,-0.0012624859809875,0.25,True,0.0103698372840881,Offensive,Q3,1,Year 1
Chan Gailey,BUF,2011,0.0103698372840881,0.375,True,0.0443142056465148,Offensive,Q3,2,Year 2
Chan Gailey,BUF,2012,0.0443142056465148,0.375,False,,Offensive,Q4,3,Year 3
Chuck Knox,BUF,1978,-0.1203652620315551,0.3125,True,-0.1992774605751037,Offensive,Q1 (Worst),1,Year 1
Chuck Knox,BUF,1979,-0.1992774605751037,0.4375,True,0.0703589916229248,Offensive,Q1 (Worst),2,Year 2
Chuck Knox,BUF,1980,0.0703589916229248,0.6875,True,0.0736697912216186,Offensive,Q4,3,Year 3
Chuck Knox,BUF,1981,0.0736697912216186,0.625,True,0.096420514011383,Offensive,Q4,4,Year 4+
Chuck Knox,BUF,1982,0.096420514011383,0.4444,False,,Offensive,Q4,5,Year 4+
Dick Jauron,BUF,2006,-0.1035806536674499,0.4375,True,-0.0631685256958007,Defensive,Q1 (Worst),1,Year 1
Dick Jauron,BUF,2007,-0.0631685256958007,0.4375,True,-0.0824321508407592,Defensive,Q2,2,Year 2
Dick Jauron,BUF,2008,-0.0824321508407592,0.4375,True,0.0042192637920379,Defensive,Q2,3,Year 3
Dick Jauron,BUF,2009,0.0042192637920379,0.375,False,,Defensive,Q3,4,Year 4+
Doug Marrone,BUF,2013,-0.0843816101551055,0.375,True,0.0472299456596374,Offensive,Q1 (Worst),1,Year 1
Doug Marrone,BUF,2014,0.0472299456596374,0.5625,False,,Offensive,Q4,2,Year 2
Gregg Williams,BUF,2001,-0.0267841219902038,0.1875,True,0.0488405525684356,Defensive,Q2,1,Year 1
Gregg Williams,BUF,2002,0.0488405525684356,0.5,True,-0.002697467803955,Defensive,Q4,2,Year 2
Gregg Williams,BUF,2003,-0.002697467803955,0.375,False,,Defensive,Q3,3,Year 3
Hank Bullough,BUF,1986,-0.1528788208961486,0.25,False,,Defensive,Q1 (Worst),1,Year 1
Hank Bullough,BUF,1986,-0.2007235884666443,0.25,False,,Defensive,Q1 (Worst),1,Year 1
Harvey Johnson,BUF,1971,-0.1193920837402343,0.0714,False,,Offensive,Q1 (Worst),1,Year 1
Harvey Johnson,BUF,1971,-0.1193920837402343,0.0714,False,,Defensive,Q1 (Worst),1,Year 1
Jim Ringo,BUF,1977,-0.0806479818344116,0.2143,False,,Offensive,Q2,1,Year 1
John Rauch,BUF,1970,-0.070697396993637,0.25,False,,Other,Q2,1,Year 1
John Rauch,BUF,1970,-0.070697396993637,0.25,False,,Offensive,Q2,1,Year 1
Kay Stephenson,BUF,1983,0.0098932683467864,0.5,True,-0.2129814028739929,Offensive,Q3,1,Year 1
Kay Stephenson,BUF,1984,-0.2129814028739929,0.125,True,-0.1218127906322479,Offensive,Q1 (Worst),2,Year 2
Kay Stephenson,BUF,1985,-0.1218127906322479,0.125,False,,Offensive,Q1 (Worst),3,Year 3
Lou Saban,BUF,1972,-0.144711421585083,0.3214,True,0.1471334496974945,Other,Q1 (Worst),1,Year 1
Lou Saban,BUF,1973,0.1471334496974945,0.6429,True,0.1180369953155517,Other,Q5 (Best),2,Year 2
Lou Saban,BUF,1974,0.1180369953155517,0.6429,True,-0.0160776244163513,Other,Q5 (Best),3,Year 3
Lou Saban,BUF,1975,-0.0160776244163513,0.5714,True,-0.1479986210823059,Other,Q3,4,Year 4+
Lou Saban,BUF,1976,-0.1479986210823059,0.1429,False,,Other,Q1 (Worst),5,Year 4+
Lou Saban,BUF,1976,-0.1566772361755371,0.1429,False,,Other,Q1 (Worst),5,Year 4+
Marv Levy,BUF,1987,0.0967936341285705,0.4667,True,0.1143598556518554,Other,Q4,1,Year 1
Marv Levy,BUF,1988,0.1143598556518554,0.75,True,-0.0486271977424621,Other,Q5 (Best),2,Year 2
Marv Levy,BUF,1989,-0.0486271977424621,0.5625,True,0.1476659774780273,Other,Q2,3,Year 3
Marv Levy,BUF,1990,0.1476659774780273,0.8125,True,0.1036613583564758,Other,Q5 (Best),4,Year 4+
Marv Levy,BUF,1991,0.1036613583564758,0.8125,True,0.0098570585250854,Other,Q4,5,Year 4+
Marv Levy,BUF,1992,0.0098570585250854,0.6875,True,0.1541651487350464,Other,Q3,6,Year 4+
Marv Levy,BUF,1993,0.1541651487350464,0.75,True,-0.0737601518630981,Other,Q5 (Best),7,Year 4+
Marv Levy,BUF,1994,-0.0737601518630981,0.4375,True,0.0718798041343689,Other,Q2,8,Year 4+
Marv Levy,BUF,1995,0.0718798041343689,0.625,True,0.1285488307476043,Other,Q4,9,Year 4+
Marv Levy,BUF,1996,0.1285488307476043,0.625,True,0.0249241888523101,Other,Q5 (Best),10,Year 4+
Marv Levy,BUF,1997,0.0249241888523101,0.375,False,,Other,Q3,11,Year 4+
Mike Mularkey,BUF,2004,-0.0161870121955871,0.5625,True,-0.0728777945041656,Offensive,Q3,1,Year 1
Mike Mularkey,BUF,2005,-0.0728777945041656,0.3125,False,,Offensive,Q2,2,Year 2
Rex Ryan,BUF,2015,-0.014923095703125,0.5,True,-0.1058689951896667,Defensive,Q3,1,Year 1
Rex Ryan,BUF,2016,-0.1058689951896667,0.4375,False,,Defensive,Q1 (Worst),2,Year 2
Sean McDermott,BUF,2017,0.0270555019378662,0.5625,True,-0.0431574285030365,Defensive,Q3,1,Year 1
Sean McDermott,BUF,2018,-0.0431574285030365,0.375,True,0.0022515654563903,Defensive,Q2,2,Year 2
Sean McDermott,BUF,2019,0.0022515654563903,0.625,True,0.1202983260154724,Defensive,Q3,3,Year 3
Sean McDermott,BUF,2020,0.1202983260154724,0.8125,True,0.0226306601524353,Defensive,Q5 (Best),4,Year 4+
Sean McDermott,BUF,2021,0.0226306601524353,0.6471,True,0.1790683269500732,Defensive,Q3,5,Year 4+
Sean McDermott,BUF,2022,0.1790683269500732,0.8125,True,0.0634441061973571,Defensive,Q5 (Best),6,Year 4+
Sean McDermott,BUF,2023,0.0634441061973571,0.6471,True,0.0385004326820374,Defensive,Q4,7,Year 4+
Wade Phillips,BUF,1998,0.0530400872230529,0.625,True,0.1616877913475036,Defensive,Q4,1,Year 1
Wade Phillips,BUF,1999,0.1616877913475036,0.6875,True,0.0739863216876983,Defensive,Q5 (Best),2,Year 2
Wade Phillips,BUF,2000,0.0739863216876983,0.5,False,,Defensive,Q4,3,Year 3
Dom Capers,CAR,1995,-0.024404764175415,0.4375,True,0.0689929127693176,Defensive,Q2,1,Year 1
Dom Capers,CAR,1996,0.0689929127693176,0.75,True,-0.0555731952190399,Defensive,Q4,2,Year 2
Dom Capers,CAR,1997,-0.0555731952190399,0.4375,True,-0.1845600306987762,Defensive,Q2,3,Year 3
Dom Capers,CAR,1998,-0.1845600306987762,0.25,False,,Defensive,Q1 (Worst),4,Year 4+
Frank Reich,CAR,2023,-0.2169787227153778,0.1176,False,,Offensive,Q1 (Worst),1,Year 1
George Seifert,CAR,1999,-0.0452402830123901,0.5,True,-0.0319436490535736,Defensive,Q2,1,Year 1
George Seifert,CAR,2000,-0.0319436490535736,0.4375,True,-0.2934702336788177,Defensive,Q2,2,Year 2
George Seifert,CAR,2001,-0.2934702336788177,0.0625,False,,Defensive,Q1 (Worst),3,Year 3
John Fox,CAR,2002,-0.0548388361930847,0.4375,True,0.1178986430168151,Defensive,Q2,1,Year 1
John Fox,CAR,2003,0.1178986430168151,0.6875,True,-0.173785924911499,Defensive,Q5 (Best),2,Year 2
John Fox,CAR,2004,-0.173785924911499,0.4375,True,0.0242099165916442,Defensive,Q1 (Worst),3,Year 3
John Fox,CAR,2005,0.0242099165916442,0.6875,True,0.142791748046875,Defensive,Q3,4,Year 4+
John Fox,CAR,2006,0.142791748046875,0.5,True,0.1048337519168853,Defensive,Q5 (Best),5,Year 4+
John Fox,CAR,2007,0.1048337519168853,0.4375,True,0.1759639978408813,Defensive,Q4,6,Year 4+
John Fox,CAR,2008,0.1759639978408813,0.75,True,0.0443744957447052,Defensive,Q5 (Best),7,Year 4+
John Fox,CAR,2009,0.0443744957447052,0.5,True,-0.1760964691638946,Defensive,Q4,8,Year 4+
John Fox,CAR,2010,-0.1760964691638946,0.125,False,,Defensive,Q1 (Worst),9,Year 4+
Ron Rivera,CAR,2011,-0.1076806783676147,0.375,True,0.0397891402244567,Defensive,Q1 (Worst),1,Year 1
Ron Rivera,CAR,2012,0.0397891402244567,0.4375,True,0.1948777437210083,Defensive,Q3,2,Year 2
Ron Rivera,CAR,2013,0.1948777437210083,0.75,True,-0.0166516983032226,Defensive,Q5 (Best),3,Year 3
Ron Rivera,CAR,2014,-0.0166516983032226,0.4688,True,0.2103834748268127,Defensive,Q3,4,Year 4+
Ron Rivera,CAR,2015,0.2103834748268127,0.9375,True,-0.0162971317768096,Defensive,Q5 (Best),5,Year 4+
Ron Rivera,CAR,2016,-0.0162971317768096,0.375,True,0.252418965101242,Defensive,Q3,6,Year 4+
Ron Rivera,CAR,2017,0.252418965101242,0.6875,True,0.0804075300693512,Defensive,Q5 (Best),7,Year 4+
Ron Rivera,CAR,2018,0.0804075300693512,0.4375,True,0.0251654386520385,Defensive,Q4,8,Year 4+
Abe Gibron,CHI,1972,-0.2571384774208068,0.3214,True,-0.106736696434021,Defensive,Q1 (Worst),1,Year 1
Abe Gibron,CHI,1973,-0.106736696434021,0.2143,True,-0.0048483245849609,Defensive,Q1 (Worst),2,Year 2
Abe Gibron,CHI,1974,-0.0048483245849609,0.2857,False,,Defensive,Q3,3,Year 3
Dave Wannstedt,CHI,1993,-0.1235890984535217,0.4375,True,0.1607615351676941,Defensive,Q1 (Worst),1,Year 1
Dave Wannstedt,CHI,1994,0.1607615351676941,0.5625,True,-0.021876037120819,Defensive,Q5 (Best),2,Year 2
Dave Wannstedt,CHI,1995,-0.021876037120819,0.5625,True,0.0442931354045867,Defensive,Q2,3,Year 3
Dave Wannstedt,CHI,1996,0.0442931354045867,0.4375,True,-0.0305189490318298,Defensive,Q4,4,Year 4+
Dave Wannstedt,CHI,1997,-0.0305189490318298,0.25,True,-0.0656212270259857,Defensive,Q2,5,Year 4+
Dave Wannstedt,CHI,1998,-0.0656212270259857,0.25,False,,Defensive,Q2,6,Year 4+
Dick Jauron,CHI,1999,0.0993021130561828,0.375,True,0.011359304189682,Defensive,Q4,1,Year 1
Dick Jauron,CHI,2000,0.011359304189682,0.3125,True,0.2133519053459167,Defensive,Q3,2,Year 2
Dick Jauron,CHI,2001,0.2133519053459167,0.8125,True,0.068918764591217,Defensive,Q5 (Best),3,Year 3
Dick Jauron,CHI,2002,0.068918764591217,0.25,True,0.1286326944828033,Defensive,Q4,4,Year 4+
Dick Jauron,CHI,2003,0.1286326944828033,0.4375,False,,Defensive,Q5 (Best),5,Year 4+
Jack Pardee,CHI,1975,0.0554571069002151,0.2857,True,-0.0939857363700866,Defensive,Q4,1,Year 1
Jack Pardee,CHI,1976,-0.0939857363700866,0.5,True,0.0532986620903015,Defensive,Q1 (Worst),2,Year 2
Jack Pardee,CHI,1977,0.0532986620903015,0.6429,False,,Defensive,Q4,3,Year 3
Jim Dooley,CHI,1970,0.0413948462963104,0.4286,True,0.0262216197013854,Defensive,Q4,1,Year 1
Jim Dooley,CHI,1971,0.0262216197013854,0.4286,False,,Defensive,Q3,2,Year 2
John Fox,CHI,2015,0.0113876163959503,0.375,True,0.0082677602767944,Defensive,Q3,1,Year 1
John Fox,CHI,2016,0.0082677602767944,0.1875,True,0.0161482095718383,Defensive,Q3,2,Year 2
John Fox,CHI,2017,0.0161482095718383,0.3125,False,,Defensive,Q3,3,Year 3
Lovie Smith,CHI,2004,-0.0542795956134796,0.3125,True,0.0227873921394348,Other,Q2,1,Year 1
Lovie Smith,CHI,2004,-0.0542795956134796,0.3125,True,0.0227873921394348,Defensive,Q2,1,Year 1
Lovie Smith,CHI,2004,-0.0542795956134796,0.3125,True,0.0227873921394348,Defensive,Q2,1,Year 1
Lovie Smith,CHI,2004,-0.0542795956134796,0.3125,True,0.0227873921394348,Defensive,Q2,1,Year 1
Lovie Smith,CHI,2005,0.0227873921394348,0.6875,True,0.1367897987365722,Other,Q3,5,Year 4+
Lovie Smith,CHI,2005,0.0227873921394348,0.6875,True,0.1367897987365722,Defensive,Q3,5,Year 4+
Lovie Smith,CHI,2005,0.0227873921394348,0.6875,True,0.1367897987365722,Defensive,Q3,5,Year 4+
Lovie Smith,CHI,2005,0.0227873921394348,0.6875,True,0.1367897987365722,Defensive,Q3,5,Year 4+
Lovie Smith,CHI,2006,0.1367897987365722,0.8125,True,-0.0188328027725219,Other,Q5 (Best),9,Year 4+
Lovie Smith,CHI,2006,0.1367897987365722,0.8125,True,-0.0188328027725219,Defensive,Q5 (Best),9,Year 4+
Lovie Smith,CHI,2006,0.1367897987365722,0.8125,True,-0.0188328027725219,Defensive,Q5 (Best),9,Year 4+
Lovie Smith,CHI,2006,0.1367897987365722,0.8125,True,-0.0188328027725219,Defensive,Q5 (Best),9,Year 4+
Lovie Smith,CHI,2007,-0.0188328027725219,0.4375,True,-0.0548926591873168,Other,Q2,13,Year 4+
Lovie Smith,CHI,2007,-0.0188328027725219,0.4375,True,-0.0548926591873168,Defensive,Q2,13,Year 4+
Lovie Smith,CHI,2007,-0.0188328027725219,0.4375,True,-0.0548926591873168,Defensive,Q2,13,Year 4+
Lovie Smith,CHI,2007,-0.0188328027725219,0.4375,True,-0.0548926591873168,Defensive,Q2,13,Year 4+
Lovie Smith,CHI,2008,-0.0548926591873168,0.5625,True,-0.038648635149002,Other,Q2,17,Year 4+
Lovie Smith,CHI,2008,-0.0548926591873168,0.5625,True,-0.038648635149002,Defensive,Q2,17,Year 4+
Lovie Smith,CHI,2008,-0.0548926591873168,0.5625,True,-0.038648635149002,Defensive,Q2,17,Year 4+
Lovie Smith,CHI,2008,-0.0548926591873168,0.5625,True,-0.038648635149002,Defensive,Q2,17,Year 4+
Lovie Smith,CHI,2009,-0.038648635149002,0.4375,True,0.0431961417198181,Other,Q2,21,Year 4+
Lovie Smith,CHI,2009,-0.038648635149002,0.4375,True,0.0431961417198181,Defensive,Q2,21,Year 4+
Lovie Smith,CHI,2009,-0.038648635149002,0.4375,True,0.0431961417198181,Defensive,Q2,21,Year 4+
Lovie Smith,CHI,2009,-0.038648635149002,0.4375,True,0.0431961417198181,Defensive,Q2,21,Year 4+
Lovie Smith,CHI,2010,0.0431961417198181,0.6875,True,0.0087937116622924,Other,Q4,25,Year 4+
Lovie Smith,CHI,2010,0.0431961417198181,0.6875,True,0.0087937116622924,Defensive,Q4,25,Year 4+
Lovie Smith,CHI,2010,0.0431961417198181,0.6875,True,0.0087937116622924,Defensive,Q4,25,Year 4+
Lovie Smith,CHI,2010,0.0431961417198181,0.6875,True,0.0087937116622924,Defensive,Q4,25,Year 4+
Lovie Smith,CHI,2011,0.0087937116622924,0.5,True,0.0493233799934387,Other,Q3,29,Year 4+
Lovie Smith,CHI,2011,0.0087937116622924,0.5,True,0.0493233799934387,Defensive,Q3,29,Year 4+
Lovie Smith,CHI,2011,0.0087937116622924,0.5,True,0.0493233799934387,Defensive,Q3,29,Year 4+
Lovie Smith,CHI,2011,0.0087937116622924,0.5,True,0.0493233799934387,Defensive,Q3,29,Year 4+
Lovie Smith,CHI,2012,0.0493233799934387,0.625,False,,Other,Q4,33,Year 4+
Lovie Smith,CHI,2012,0.0493233799934387,0.625,False,,Defensive,Q4,33,Year 4+
Lovie Smith,CHI,2012,0.0493233799934387,0.625,False,,Defensive,Q4,33,Year 4+
Lovie Smith,CHI,2012,0.0493233799934387,0.625,False,,Defensive,Q4,33,Year 4+
Marc Trestman,CHI,2013,-0.0673003196716308,0.5,True,0.0049664378166198,Offensive,Q2,1,Year 1
Marc Trestman,CHI,2014,0.0049664378166198,0.3125,False,,Offensive,Q3,2,Year 2
Matt Eberflus,CHI,2022,-0.1308740601539612,0.1765,True,-0.1151233584403991,Defensive,Q1 (Worst),1,Year 1
Matt Eberflus,CHI,2023,-0.1151233584403991,0.4118,True,-0.3057488664627075,Defensive,Q1 (Worst),2,Year 2
Matt Nagy,CHI,2018,0.1139147281646728,0.75,True,-0.0138585567474365,Offensive,Q5 (Best),1,Year 1
Matt Nagy,CHI,2019,-0.0138585567474365,0.5,True,0.0862030684947967,Offensive,Q3,2,Year 2
Matt Nagy,CHI,2020,0.0862030684947967,0.5,True,0.0656445340156555,Offensive,Q4,3,Year 3
Matt Nagy,CHI,2021,0.0656445340156555,0.3529,False,,Offensive,Q4,4,Year 4+
Mike Ditka,CHI,1982,-0.047116065454483,0.3333,True,-0.0693815946578979,Offensive,Q2,1,Year 1
Mike Ditka,CHI,1983,-0.0693815946578979,0.5,True,0.0575737357139587,Offensive,Q2,2,Year 2
Mike Ditka,CHI,1984,0.0575737357139587,0.625,True,0.2060942649841308,Offensive,Q4,3,Year 3
Mike Ditka,CHI,1985,0.2060942649841308,0.9375,True,0.2199572324752807,Offensive,Q5 (Best),4,Year 4+
Mike Ditka,CHI,1986,0.2199572324752807,0.875,True,0.413111418056488,Offensive,Q5 (Best),5,Year 4+
Mike Ditka,CHI,1987,0.413111418056488,0.7333,True,0.1378674507141113,Offensive,Q5 (Best),6,Year 4+
Mike Ditka,CHI,1988,0.1378674507141113,0.75,True,-0.1036767363548278,Offensive,Q5 (Best),7,Year 4+
Mike Ditka,CHI,1989,-0.1036767363548278,0.375,True,-0.0223504900932312,Offensive,Q1 (Worst),8,Year 4+
Mike Ditka,CHI,1990,-0.0223504900932312,0.6875,True,0.0317503213882446,Offensive,Q2,9,Year 4+
Mike Ditka,CHI,1991,0.0317503213882446,0.6875,True,-0.084230899810791,Offensive,Q3,10,Year 4+
Mike Ditka,CHI,1992,-0.084230899810791,0.3125,False,,Offensive,Q1 (Worst),11,Year 4+
Neill Armstrong,CHI,1978,0.023244708776474,0.4375,True,-0.0127127766609191,Other,Q3,1,Year 1
Neill Armstrong,CHI,1978,0.023244708776474,0.4375,True,-0.0127127766609191,Defensive,Q3,1,Year 1
Neill Armstrong,CHI,1979,-0.0127127766609191,0.625,True,-0.0352760851383209,Other,Q3,3,Year 3
Neill Armstrong,CHI,1979,-0.0127127766609191,0.625,True,-0.0352760851383209,Defensive,Q3,3,Year 3
Neill Armstrong,CHI,1980,-0.0352760851383209,0.4375,True,-0.1270794868469238,Other,Q2,5,Year 4+
Neill Armstrong,CHI,1980,-0.0352760851383209,0.4375,True,-0.1270794868469238,Defensive,Q2,5,Year 4+
Neill Armstrong,CHI,1981,-0.1270794868469238,0.375,False,,Other,Q1 (Worst),7,Year 4+
Neill Armstrong,CHI,1981,-0.1270794868469238,0.375,False,,Defensive,Q1 (Worst),7,Year 4+
Bill Johnson,CIN,1976,-0.0113802320480346,0.7143,True,0.086798770570755,Offensive,Q3,1,Year 1
Bill Johnson,CIN,1976,-0.0113802320480346,0.7143,True,0.086798770570755,Offensive,Q3,1,Year 1
Bill Johnson,CIN,1977,0.086798770570755,0.5714,True,-0.0559508204460144,Offensive,Q4,3,Year 3
Bill Johnson,CIN,1977,0.086798770570755,0.5714,True,-0.0559508204460144,Offensive,Q4,3,Year 3
Bill Johnson,CIN,1978,-0.0559508204460144,0.25,False,,Offensive,Q2,5,Year 4+
Bill Johnson,CIN,1978,-0.0771645307540893,0.25,False,,Offensive,Q2,5,Year 4+
Bill Johnson,CIN,1978,-0.0559508204460144,0.25,False,,Offensive,Q2,5,Year 4+
Bill Johnson,CIN,1978,-0.0771645307540893,0.25,False,,Offensive,Q2,5,Year 4+
Bruce Coslet,CIN,1997,0.0097599029541015,0.4375,True,-0.1865969002246856,Offensive,Q3,1,Year 1
Bruce Coslet,CIN,1998,-0.1865969002246856,0.1875,True,-0.0378934741020202,Offensive,Q1 (Worst),2,Year 2
Bruce Coslet,CIN,1999,-0.0378934741020202,0.25,True,-0.0412310659885406,Offensive,Q2,3,Year 3
Bruce Coslet,CIN,2000,-0.0412310659885406,0.25,False,,Offensive,Q2,4,Year 4+
David Shula,CIN,1992,-0.0279119610786438,0.3125,True,-0.214304506778717,Offensive,Q2,1,Year 1
David Shula,CIN,1993,-0.214304506778717,0.1875,True,-0.0386853814125061,Offensive,Q1 (Worst),2,Year 2
David Shula,CIN,1994,-0.0386853814125061,0.1875,True,0.0232883393764495,Offensive,Q2,3,Year 3
David Shula,CIN,1995,0.0232883393764495,0.4375,True,-0.0938530564308166,Offensive,Q3,4,Year 4+
David Shula,CIN,1996,-0.0938530564308166,0.5,False,,Offensive,Q1 (Worst),5,Year 4+
Dick LeBeau,CIN,2001,-0.0226128101348876,0.375,True,-0.0687313377857208,Defensive,Q2,1,Year 1
Dick LeBeau,CIN,2002,-0.0687313377857208,0.125,False,,Defensive,Q2,2,Year 2
Forrest Gregg,CIN,1980,-0.048505425453186,0.375,True,0.0740371942520141,Offensive,Q2,1,Year 1
Forrest Gregg,CIN,1981,0.0740371942520141,0.75,True,0.1092611315727234,Offensive,Q4,2,Year 2
Forrest Gregg,CIN,1982,0.1092611315727234,0.7778,True,-0.1288474202156067,Offensive,Q5 (Best),3,Year 3
Forrest Gregg,CIN,1983,-0.1288474202156067,0.4375,False,,Offensive,Q1 (Worst),4,Year 4+
Homer Rice,CIN,1979,-0.2111718654632568,0.25,False,,Offensive,Q1 (Worst),1,Year 1
Marvin Lewis,CIN,2003,-0.043936014175415,0.5,True,0.0617480874061584,Offensive,Q2,1,Year 1
Marvin Lewis,CIN,2003,-0.043936014175415,0.5,True,0.0617480874061584,Defensive,Q2,1,Year 1
Marvin Lewis,CIN,2004,0.0617480874061584,0.5,True,0.0068439245223999,Offensive,Q4,3,Year 3
Marvin Lewis,CIN,2004,0.0617480874061584,0.5,True,0.0068439245223999,Defensive,Q4,3,Year 3
Marvin Lewis,CIN,2005,0.0068439245223999,0.6875,True,-0.0678163170814514,Offensive,Q3,5,Year 4+
Marvin Lewis,CIN,2005,0.0068439245223999,0.6875,True,-0.0678163170814514,Defensive,Q3,5,Year 4+
Marvin Lewis,CIN,2006,-0.0678163170814514,0.5,True,-0.1297336816787719,Offensive,Q2,7,Year 4+
Marvin Lewis,CIN,2006,-0.0678163170814514,0.5,True,-0.1297336816787719,Defensive,Q2,7,Year 4+
Marvin Lewis,CIN,2007,-0.1297336816787719,0.4375,True,0.0065014147281646,Offensive,Q1 (Worst),9,Year 4+
Marvin Lewis,CIN,2007,-0.1297336816787719,0.4375,True,0.0065014147281646,Defensive,Q1 (Worst),9,Year 4+
Marvin Lewis,CIN,2008,0.0065014147281646,0.2812,True,0.0864518284797668,Offensive,Q3,11,Year 4+
Marvin Lewis,CIN,2008,0.0065014147281646,0.2812,True,0.0864518284797668,Defensive,Q3,11,Year 4+
Marvin Lewis,CIN,2009,0.0864518284797668,0.625,True,-0.1289589405059814,Offensive,Q4,13,Year 4+
Marvin Lewis,CIN,2009,0.0864518284797668,0.625,True,-0.1289589405059814,Defensive,Q4,13,Year 4+
Marvin Lewis,CIN,2010,-0.1289589405059814,0.25,True,0.010454773902893,Offensive,Q1 (Worst),15,Year 4+
Marvin Lewis,CIN,2010,-0.1289589405059814,0.25,True,0.010454773902893,Defensive,Q1 (Worst),15,Year 4+
Marvin Lewis,CIN,2011,0.010454773902893,0.5625,True,0.1318109035491943,Offensive,Q3,17,Year 4+
Marvin Lewis,CIN,2011,0.010454773902893,0.5625,True,0.1318109035491943,Defensive,Q3,17,Year 4+
Marvin Lewis,CIN,2012,0.1318109035491943,0.625,True,0.1823827624320984,Offensive,Q5 (Best),19,Year 4+
Marvin Lewis,CIN,2012,0.1318109035491943,0.625,True,0.1823827624320984,Defensive,Q5 (Best),19,Year 4+
Marvin Lewis,CIN,2013,0.1823827624320984,0.6875,True,0.0184123599052429,Offensive,Q5 (Best),21,Year 4+
Marvin Lewis,CIN,2013,0.1823827624320984,0.6875,True,0.0184123599052429,Defensive,Q5 (Best),21,Year 4+
Marvin Lewis,CIN,2014,0.0184123599052429,0.6562,True,0.0705985426902771,Offensive,Q3,23,Year 4+
Marvin Lewis,CIN,2014,0.0184123599052429,0.6562,True,0.0705985426902771,Defensive,Q3,23,Year 4+
Marvin Lewis,CIN,2015,0.0705985426902771,0.75,True,-0.1441937005996704,Offensive,Q4,25,Year 4+
Marvin Lewis,CIN,2015,0.0705985426902771,0.75,True,-0.1441937005996704,Defensive,Q4,25,Year 4+
Marvin Lewis,CIN,2016,-0.1441937005996704,0.4062,True,-0.0138654112815856,Offensive,Q1 (Worst),27,Year 4+
Marvin Lewis,CIN,2016,-0.1441937005996704,0.4062,True,-0.0138654112815856,Defensive,Q1 (Worst),27,Year 4+
Marvin Lewis,CIN,2017,-0.0138654112815856,0.4375,True,0.0218864679336547,Offensive,Q3,29,Year 4+
Marvin Lewis,CIN,2017,-0.0138654112815856,0.4375,True,0.0218864679336547,Defensive,Q3,29,Year 4+
Marvin Lewis,CIN,2018,0.0218864679336547,0.375,False,,Offensive,Q3,31,Year 4+
Marvin Lewis,CIN,2018,0.0218864679336547,0.375,False,,Defensive,Q3,31,Year 4+
Paul Brown,CIN,1970,-0.0421439872741699,0.5714,True,-0.2602489226341247,Other,Q2,1,Year 1
Paul Brown,CIN,1970,-0.0421439872741699,0.5714,True,-0.2602489226341247,Offensive,Q2,1,Year 1
Paul Brown,CIN,1971,-0.2602489226341247,0.2857,True,-0.0252030955314636,Other,Q1 (Worst),3,Year 3
Paul Brown,CIN,1971,-0.2602489226341247,0.2857,True,-0.0252030955314636,Offensive,Q1 (Worst),3,Year 3
Paul Brown,CIN,1972,-0.0252030955314636,0.5714,True,0.100270950126648,Other,Q2,5,Year 4+
Paul Brown,CIN,1972,-0.0252030955314636,0.5714,True,0.100270950126648,Offensive,Q2,5,Year 4+
Paul Brown,CIN,1973,0.100270950126648,0.7143,True,0.0572832524776458,Other,Q4,7,Year 4+
Paul Brown,CIN,1973,0.100270950126648,0.7143,True,0.0572832524776458,Offensive,Q4,7,Year 4+
Paul Brown,CIN,1974,0.0572832524776458,0.5,True,0.1533450252532958,Other,Q4,9,Year 4+
Paul Brown,CIN,1974,0.0572832524776458,0.5,True,0.1533450252532958,Offensive,Q4,9,Year 4+
Paul Brown,CIN,1975,0.1533450252532958,0.7857,False,,Other,Q5 (Best),11,Year 4+
Paul Brown,CIN,1975,0.1533450252532958,0.7857,False,,Offensive,Q5 (Best),11,Year 4+
Sam Wyche,CIN,1984,0.0429961383342742,0.5,True,-0.1040970087051391,Offensive,Q4,1,Year 1
Sam Wyche,CIN,1985,-0.1040970087051391,0.4375,True,0.0979370474815368,Offensive,Q1 (Worst),2,Year 2
Sam Wyche,CIN,1986,0.0979370474815368,0.625,True,-0.0150474603652954,Offensive,Q4,3,Year 3
Sam Wyche,CIN,1987,-0.0150474603652954,0.2667,True,0.0317127108573913,Offensive,Q3,4,Year 4+
Sam Wyche,CIN,1988,0.0317127108573913,0.75,True,-0.1114680767059326,Offensive,Q3,5,Year 4+
Sam Wyche,CIN,1989,-0.1114680767059326,0.5,True,0.0594111084938049,Offensive,Q1 (Worst),6,Year 4+
Sam Wyche,CIN,1990,0.0594111084938049,0.5625,True,-0.1409378051757812,Offensive,Q4,7,Year 4+
Sam Wyche,CIN,1991,-0.1409378051757812,0.1875,False,,Offensive,Q1 (Worst),8,Year 4+
Zac Taylor,CIN,2019,-0.1574345529079437,0.125,True,-0.0345076239585876,Offensive,Q1 (Worst),1,Year 1
Zac Taylor,CIN,2019,-0.1574345529079437,0.125,True,-0.0345076239585876,Offensive,Q1 (Worst),1,Year 1
Zac Taylor,CIN,2020,-0.0345076239585876,0.2812,True,0.0067112714767455,Offensive,Q2,3,Year 3
Zac Taylor,CIN,2020,-0.0345076239585876,0.2812,True,0.0067112714767455,Offensive,Q2,3,Year 3
Zac Taylor,CIN,2021,0.0067112714767455,0.5882,True,0.1501323580741882,Offensive,Q3,5,Year 4+
Zac Taylor,CIN,2021,0.0067112714767455,0.5882,True,0.1501323580741882,Offensive,Q3,5,Year 4+
Zac Taylor,CIN,2022,0.1501323580741882,0.75,True,0.0932575255870818,Offensive,Q5 (Best),7,Year 4+
Zac Taylor,CIN,2022,0.1501323580741882,0.75,True,0.0932575255870818,Offensive,Q5 (Best),7,Year 4+
Zac Taylor,CIN,2023,0.0932575255870818,0.5294,True,-0.0058628827095031,Offensive,Q4,9,Year 4+
Zac Taylor,CIN,2023,0.0932575255870818,0.5294,True,-0.0058628827095031,Offensive,Q4,9,Year 4+
Bill Belichick,CLE,1991,-0.1724200844764709,0.375,True,0.0771085023880004,Defensive,Q1 (Worst),1,Year 1
Bill Belichick,CLE,1992,0.0771085023880004,0.4375,True,0.1214745044708252,Defensive,Q4,2,Year 2
Bill Belichick,CLE,1993,0.1214745044708252,0.4375,True,0.1860961318016052,Defensive,Q5 (Best),3,Year 3
Bill Belichick,CLE,1994,0.1860961318016052,0.6875,True,-0.1758075058460235,Defensive,Q5 (Best),4,Year 4+
Blanton Collier,CLE,1970,0.0055460631847381,0.5,False,,Offensive,Q3,1,Year 1
Blanton Collier,CLE,1970,0.0055460631847381,0.5,False,,Defensive,Q3,1,Year 1
Bud Carson,CLE,1989,-0.0920160495758056,0.5938,True,-0.1336589157581329,Defensive,Q1 (Worst),1,Year 1
Bud Carson,CLE,1990,-0.1336589157581329,0.1875,False,,Defensive,Q1 (Worst),2,Year 2
Butch Davis,CLE,2001,-0.0515040457248687,0.4375,True,0.027288019657135,Offensive,Q2,1,Year 1
Butch Davis,CLE,2001,-0.0515040457248687,0.4375,True,0.027288019657135,Defensive,Q2,1,Year 1
Butch Davis,CLE,2002,0.027288019657135,0.5625,True,0.0320553183555603,Offensive,Q3,3,Year 3
Butch Davis,CLE,2002,0.027288019657135,0.5625,True,0.0320553183555603,Defensive,Q3,3,Year 3
Butch Davis,CLE,2003,0.0320553183555603,0.3125,True,-0.0062149763107299,Offensive,Q3,5,Year 4+
Butch Davis,CLE,2003,0.0320553183555603,0.3125,True,-0.0062149763107299,Defensive,Q3,5,Year 4+
Butch Davis,CLE,2004,-0.0062149763107299,0.25,False,,Offensive,Q3,7,Year 4+
Butch Davis,CLE,2004,-0.0062149763107299,0.25,False,,Defensive,Q3,7,Year 4+
Chris Palmer,CLE,1999,-0.2565242648124695,0.125,True,-0.0246000438928604,Offensive,Q1 (Worst),1,Year 1
Chris Palmer,CLE,1999,-0.2565242648124695,0.125,True,-0.0246000438928604,Offensive,Q1 (Worst),1,Year 1
Chris Palmer,CLE,2000,-0.0246000438928604,0.1875,False,,Offensive,Q2,3,Year 3
Chris Palmer,CLE,2000,-0.0246000438928604,0.1875,False,,Offensive,Q2,3,Year 3
Eric Mangini,CLE,2009,-0.0251078605651855,0.3125,True,-0.0747584700584411,Defensive,Q2,1,Year 1
Eric Mangini,CLE,2010,-0.0747584700584411,0.3125,False,,Defensive,Q2,2,Year 2
Forrest Gregg,CLE,1975,-0.0058119363307952,0.2143,True,0.021448800945282,Offensive,Q3,1,Year 1
Forrest Gregg,CLE,1976,0.021448800945282,0.6429,True,-0.049763573551178,Offensive,Q3,2,Year 2
Forrest Gregg,CLE,1977,-0.049763573551178,0.4286,False,,Offensive,Q2,3,Year 3
Freddie Kitchens,CLE,2019,-0.0241791605949401,0.375,False,,Offensive,Q2,1,Year 1
Hue Jackson,CLE,2016,-0.2310244441032409,0.0625,True,-0.2624422609806061,Offensive,Q1 (Worst),1,Year 1
Hue Jackson,CLE,2017,-0.2624422609806061,0.0,True,-0.0121178113937377,Offensive,Q1 (Worst),2,Year 2
Hue Jackson,CLE,2018,-0.0121178113937377,0.4688,False,,Offensive,Q3,3,Year 3
Kevin Stefanski,CLE,2020,0.1344494819641113,0.6875,True,0.1022360235214233,Offensive,Q5 (Best),1,Year 1
Kevin Stefanski,CLE,2021,0.1022360235214233,0.4706,True,0.0056607454299926,Offensive,Q4,2,Year 2
Kevin Stefanski,CLE,2022,0.0056607454299926,0.4118,True,0.245721517419815,Offensive,Q3,3,Year 3
Kevin Stefanski,CLE,2023,0.245721517419815,0.6471,True,-0.0121149793863296,Offensive,Q5 (Best),4,Year 4+
Marty Schottenheimer,CLE,1985,-0.0168725252151489,0.5,True,0.0644196271896362,Offensive,Q2,1,Year 1
Marty Schottenheimer,CLE,1985,-0.0168725252151489,0.5,True,0.0644196271896362,Defensive,Q2,1,Year 1
Marty Schottenheimer,CLE,1986,0.0644196271896362,0.75,True,0.0780911986351012,Offensive,Q4,3,Year 3
Marty Schottenheimer,CLE,1986,0.0644196271896362,0.75,True,0.0780911986351012,Defensive,Q4,3,Year 3
Marty Schottenheimer,CLE,1987,0.0780911986351012,0.6667,True,0.0745962262153625,Offensive,Q4,5,Year 4+
Marty Schottenheimer,CLE,1987,0.0780911986351012,0.6667,True,0.0745962262153625,Defensive,Q4,5,Year 4+
Marty Schottenheimer,CLE,1988,0.0745962262153625,0.625,False,,Offensive,Q4,7,Year 4+
Marty Schottenheimer,CLE,1988,0.0745962262153625,0.625,False,,Defensive,Q4,7,Year 4+
Mike Pettine,CLE,2014,0.0081090033054351,0.4375,True,-0.113263726234436,Defensive,Q3,1,Year 1
Mike Pettine,CLE,2015,-0.113263726234436,0.1875,False,,Defensive,Q1 (Worst),2,Year 2
Nick Skorich,CLE,1971,0.1127705077171326,0.6429,True,0.2231057518005371,Offensive,Q5 (Best),1,Year 1
Nick Skorich,CLE,1972,0.2231057518005371,0.7143,True,0.0372411145210266,Offensive,Q5 (Best),2,Year 2
Nick Skorich,CLE,1973,0.0372411145210266,0.5714,True,-0.0700783365249633,Offensive,Q3,3,Year 3
Nick Skorich,CLE,1974,-0.0700783365249633,0.2857,False,,Offensive,Q2,4,Year 4+
Pat Shurmur,CLE,2011,-0.2592514753341675,0.25,True,-0.1459237933158874,Offensive,Q1 (Worst),1,Year 1
Pat Shurmur,CLE,2012,-0.1459237933158874,0.3125,False,,Offensive,Q1 (Worst),2,Year 2
Rob Chudzinski,CLE,2013,-0.0378002226352691,0.25,False,,Offensive,Q2,1,Year 1
Romeo Crennel,CLE,2005,0.0205235183238983,0.375,True,0.004844307899475,Defensive,Q3,1,Year 1
Romeo Crennel,CLE,2006,0.004844307899475,0.25,True,0.1389946341514587,Defensive,Q3,2,Year 2
Romeo Crennel,CLE,2007,0.1389946341514587,0.625,True,-0.1324357092380523,Defensive,Q5 (Best),3,Year 3
Romeo Crennel,CLE,2008,-0.1324357092380523,0.25,False,,Defensive,Q1 (Worst),4,Year 4+
Sam Rutigliano,CLE,1978,-0.1049140691757202,0.5,True,0.0358190536499023,Offensive,Q1 (Worst),1,Year 1
Sam Rutigliano,CLE,1979,0.0358190536499023,0.5625,True,-0.0126898884773254,Offensive,Q3,2,Year 2
Sam Rutigliano,CLE,1980,-0.0126898884773254,0.6875,True,-0.083634614944458,Offensive,Q3,3,Year 3
Sam Rutigliano,CLE,1981,-0.083634614944458,0.3125,True,0.0302316719532013,Offensive,Q1 (Worst),4,Year 4+
Sam Rutigliano,CLE,1982,0.0302316719532013,0.4444,True,-0.0371107459068298,Offensive,Q3,5,Year 4+
Sam Rutigliano,CLE,1983,-0.0371107459068298,0.5625,True,-0.1991220116615295,Offensive,Q2,6,Year 4+
Sam Rutigliano,CLE,1984,-0.1991220116615295,0.3125,False,,Offensive,Q1 (Worst),7,Year 4+
Chuck Pagano,CLT,2012,0.2143034934997558,0.6875,True,0.1397282481193542,Defensive,Q5 (Best),1,Year 1
Chuck Pagano,CLT,2013,0.1397282481193542,0.6875,True,0.2114036679267883,Defensive,Q5 (Best),2,Year 2
Chuck Pagano,CLT,2014,0.2114036679267883,0.6875,True,0.0686695575714111,Defensive,Q5 (Best),3,Year 3
Chuck Pagano,CLT,2015,0.0686695575714111,0.5,True,0.1394398808479309,Defensive,Q4,4,Year 4+
Chuck Pagano,CLT,2016,0.1394398808479309,0.5,True,-0.1399561166763305,Defensive,Q5 (Best),5,Year 4+
Chuck Pagano,CLT,2017,-0.1399561166763305,0.25,False,,Defensive,Q1 (Worst),6,Year 4+
Don McCafferty,CLT,1970,0.1584073437690735,0.8214,True,0.0372835629463196,Offensive,Q5 (Best),1,Year 1
Don McCafferty,CLT,1971,0.0372835629463196,0.7143,True,-0.2465854386329651,Offensive,Q3,2,Year 2
Don McCafferty,CLT,1972,-0.2465854386329651,0.3571,False,,Offensive,Q1 (Worst),3,Year 3
Frank Kush,CLT,1982,-0.1190727973222732,0.0556,True,0.0066427886486053,Offensive,Q1 (Worst),1,Year 1
Frank Kush,CLT,1983,0.0066427886486053,0.4375,True,-0.080521672964096,Offensive,Q3,2,Year 2
Frank Kush,CLT,1984,-0.080521672964096,0.25,False,,Offensive,Q2,3,Year 3
Frank Kush,CLT,1984,-0.0850684344768524,0.25,False,,Offensive,Q1 (Worst),3,Year 3
Frank Reich,CLT,2018,0.0909519791603088,0.625,True,-0.1385720372200012,Offensive,Q4,1,Year 1
Frank Reich,CLT,2019,-0.1385720372200012,0.4375,True,0.0588294267654418,Offensive,Q1 (Worst),2,Year 2
Frank Reich,CLT,2020,0.0588294267654418,0.6875,True,-0.1069447904586792,Offensive,Q4,3,Year 3
Frank Reich,CLT,2021,-0.1069447904586792,0.5294,True,0.0110501989841461,Offensive,Q1 (Worst),4,Year 4+
Frank Reich,CLT,2022,0.0110501989841461,0.2647,False,,Offensive,Q3,5,Year 4+
Howard Schnellenberger,CLT,1973,0.0272779531002044,0.2857,True,-0.1109868486881256,Offensive,Q3,1,Year 1
Howard Schnellenberger,CLT,1974,-0.1109868486881256,0.1429,False,,Offensive,Q1 (Worst),2,Year 2
Jim Caldwell,CLT,2009,0.4235977232456207,0.875,True,0.2579626142978668,Offensive,Q5 (Best),1,Year 1
Jim Caldwell,CLT,2010,0.2579626142978668,0.625,True,-0.1784209311008453,Offensive,Q5 (Best),2,Year 2
Jim Caldwell,CLT,2011,-0.1784209311008453,0.125,False,,Offensive,Q1 (Worst),3,Year 3
Jim Mora Sr,CLT,1998,-0.1684530675411224,0.1875,True,0.3124259114265442,Defensive,Q1 (Worst),1,Year 1
Jim Mora Sr,CLT,1999,0.3124259114265442,0.8125,True,0.039928138256073,Defensive,Q5 (Best),2,Year 2
Jim Mora Sr,CLT,2000,0.039928138256073,0.625,True,-0.0921922326087951,Defensive,Q3,3,Year 3
Jim Mora Sr,CLT,2001,-0.0921922326087951,0.375,False,,Defensive,Q1 (Worst),4,Year 4+
Lindy Infante,CLT,1996,0.0774239599704742,0.5625,True,-0.0899717509746551,Offensive,Q4,1,Year 1
Lindy Infante,CLT,1997,-0.0899717509746551,0.1875,False,,Offensive,Q1 (Worst),2,Year 2
Mike McCormack,CLT,1980,-0.0177976787090301,0.4375,True,-0.2681464254856109,Offensive,Q2,1,Year 1
Mike McCormack,CLT,1981,-0.2681464254856109,0.125,False,,Offensive,Q1 (Worst),2,Year 2
Rod Dowhower,CLT,1985,-0.0828658640384674,0.3125,True,-0.0699183642864227,Offensive,Q1 (Worst),1,Year 1
Rod Dowhower,CLT,1986,-0.0699183642864227,0.1875,False,,Offensive,Q2,2,Year 2
Rod Dowhower,CLT,1986,-0.0760301053524017,0.1875,False,,Offensive,Q2,2,Year 2
Ron Meyer,CLT,1987,0.1737301707267761,0.6,True,0.1646271049976349,Other,Q5 (Best),1,Year 1
Ron Meyer,CLT,1988,0.1646271049976349,0.5625,True,0.0030698180198669,Other,Q5 (Best),2,Year 2
Ron Meyer,CLT,1989,0.0030698180198669,0.5,True,0.2074401676654815,Other,Q3,3,Year 3
Ron Meyer,CLT,1990,0.2074401676654815,0.4375,True,-0.3015071153640747,Other,Q5 (Best),4,Year 4+
Ron Meyer,CLT,1991,-0.3015071153640747,0.0625,False,,Other,Q1 (Worst),5,Year 4+
Shane Steichen,CLT,2023,-0.0167652874946594,0.5294,True,0.0446145742893219,Offensive,Q2,1,Year 1
Ted Marchibroda,CLT,1975,-0.0147039658546447,0.7143,True,0.1153929597854613,Offensive,Q3,1,Year 1
Ted Marchibroda,CLT,1976,0.1153929597854613,0.7857,True,-0.0108520156860351,Offensive,Q5 (Best),2,Year 2
Ted Marchibroda,CLT,1977,-0.0108520156860351,0.7143,True,-0.0824033915996551,Offensive,Q3,3,Year 3
Ted Marchibroda,CLT,1978,-0.0824033915996551,0.3125,True,-0.2069522738456726,Offensive,Q2,4,Year 4+
Ted Marchibroda,CLT,1979,-0.2069522738456726,0.3125,False,,Offensive,Q1 (Worst),5,Year 4+
Ted Marchibroda,CLT,1992,0.170919120311737,0.5625,True,-0.1788870096206665,Offensive,Q5 (Best),6,Year 4+
Ted Marchibroda,CLT,1993,-0.1788870096206665,0.25,True,-0.076316237449646,Offensive,Q1 (Worst),7,Year 4+
Ted Marchibroda,CLT,1994,-0.076316237449646,0.5,True,0.0785202383995056,Offensive,Q2,8,Year 4+
Ted Marchibroda,CLT,1995,0.0785202383995056,0.5625,False,,Offensive,Q4,9,Year 4+
Tony Dungy,CLT,2002,0.1418914794921875,0.625,True,0.1170722246170044,Defensive,Q5 (Best),1,Year 1
Tony Dungy,CLT,2003,0.1170722246170044,0.75,True,0.1053619980812072,Defensive,Q5 (Best),2,Year 2
Tony Dungy,CLT,2004,0.1053619980812072,0.75,True,0.1986486315727234,Defensive,Q5 (Best),3,Year 3
Tony Dungy,CLT,2005,0.1986486315727234,0.875,True,0.1374541521072387,Defensive,Q5 (Best),4,Year 4+
Tony Dungy,CLT,2006,0.1374541521072387,0.75,True,0.1859096884727478,Defensive,Q5 (Best),5,Year 4+
Tony Dungy,CLT,2007,0.1859096884727478,0.8125,True,0.2601978778839111,Defensive,Q5 (Best),6,Year 4+
Tony Dungy,CLT,2008,0.2601978778839111,0.75,False,,Defensive,Q5 (Best),7,Year 4+
Bob Hollway,CRD,1971,-0.0508888529300689,0.3214,True,0.0722220672607422,Defensive,Q2,1,Year 1
Bob Hollway,CRD,1972,0.0722220672607422,0.3214,False,,Defensive,Q4,2,Year 2
Bruce Arians,CRD,2013,0.1089076995849609,0.625,True,0.1939639151096344,Offensive,Q5 (Best),1,Year 1
Bruce Arians,CRD,2014,0.1939639151096344,0.6875,True,0.1688503623008728,Offensive,Q5 (Best),2,Year 2
Bruce Arians,CRD,2015,0.1688503623008728,0.8125,True,0.003646007823944,Offensive,Q5 (Best),3,Year 3
Bruce Arians,CRD,2016,0.003646007823944,0.4688,True,0.1322992444038391,Offensive,Q3,4,Year 4+
Bruce Arians,CRD,2017,0.1322992444038391,0.5,False,,Offensive,Q5 (Best),5,Year 4+
Bud Wilkinson,CRD,1978,-0.0880486369132995,0.375,True,-0.0915412604808807,Other,Q1 (Worst),1,Year 1
Bud Wilkinson,CRD,1978,-0.0880486369132995,0.375,True,-0.0915412604808807,Other,Q1 (Worst),1,Year 1
Bud Wilkinson,CRD,1979,-0.0915412604808807,0.3125,False,,Other,Q1 (Worst),3,Year 3
Bud Wilkinson,CRD,1979,-0.0915412604808807,0.3125,False,,Other,Q1 (Worst),3,Year 3
Buddy Ryan,CRD,1994,-0.0405284762382507,0.5,True,-0.0904097855091095,Defensive,Q2,1,Year 1
Buddy Ryan,CRD,1995,-0.0904097855091095,0.25,False,,Defensive,Q1 (Worst),2,Year 2
Charley Winner,CRD,1970,0.0115728279113769,0.6071,False,,Defensive,Q3,1,Year 1
Dave McGinnis,CRD,2001,-0.1286483407020568,0.4375,True,-0.0370118916034698,Defensive,Q1 (Worst),1,Year 1
Dave McGinnis,CRD,2002,-0.0370118916034698,0.3125,True,-0.0646274089813232,Defensive,Q2,2,Year 2
Dave McGinnis,CRD,2003,-0.0646274089813232,0.25,False,,Defensive,Q2,3,Year 3
Dennis Green,CRD,2004,0.0614791512489318,0.375,True,0.0188149809837341,Offensive,Q4,1,Year 1
Dennis Green,CRD,2005,0.0188149809837341,0.3125,True,-0.0337385535240173,Offensive,Q3,2,Year 2
Dennis Green,CRD,2006,-0.0337385535240173,0.3125,False,,Offensive,Q2,3,Year 3
Don Coryell,CRD,1973,-0.0557105110645294,0.3214,True,0.1216243141174316,Other,Q2,1,Year 1
Don Coryell,CRD,1974,0.1216243141174316,0.7143,True,0.1212248570442199,Other,Q5 (Best),2,Year 2
Don Coryell,CRD,1975,0.1212248570442199,0.7857,True,0.107144021320343,Other,Q5 (Best),3,Year 3
Don Coryell,CRD,1976,0.107144021320343,0.7143,True,0.0193610489368438,Other,Q5 (Best),4,Year 4+
Don Coryell,CRD,1977,0.0193610489368438,0.5,False,,Other,Q3,5,Year 4+
Gene Stallings,CRD,1986,-0.1174180126667022,0.2812,True,0.124688965511322,Defensive,Q1 (Worst),1,Year 1
Gene Stallings,CRD,1987,0.124688965511322,0.4667,True,-0.0525052547454834,Defensive,Q5 (Best),2,Year 2
Gene Stallings,CRD,1988,-0.0525052547454834,0.4375,True,-0.0650038421154022,Defensive,Q2,3,Year 3
Gene Stallings,CRD,1989,-0.0650038421154022,0.3125,False,,Defensive,Q2,4,Year 4+
Gene Stallings,CRD,1989,-0.0833373963832855,0.3125,False,,Defensive,Q1 (Worst),4,Year 4+
Jim Hanifan,CRD,1980,-0.0993522405624389,0.3125,True,0.1265003383159637,Offensive,Q1 (Worst),1,Year 1
Jim Hanifan,CRD,1981,0.1265003383159637,0.4375,True,0.194950026845932,Offensive,Q5 (Best),2,Year 2
Jim Hanifan,CRD,1982,0.194950026845932,0.5556,True,0.0201860153198242,Offensive,Q5 (Best),3,Year 3
Jim Hanifan,CRD,1983,0.0201860153198242,0.5312,True,-0.0376655459403991,Offensive,Q3,4,Year 4+
Jim Hanifan,CRD,1984,-0.0376655459403991,0.5625,True,-0.1682772040367126,Offensive,Q2,5,Year 4+
Jim Hanifan,CRD,1985,-0.1682772040367126,0.3125,False,,Offensive,Q1 (Worst),6,Year 4+
Joe Bugel,CRD,1990,-0.1701317727565765,0.3125,True,-0.0149844586849212,Offensive,Q1 (Worst),1,Year 1
Joe Bugel,CRD,1991,-0.0149844586849212,0.25,True,-0.0671834945678711,Offensive,Q3,2,Year 2
Joe Bugel,CRD,1992,-0.0671834945678711,0.25,True,-0.0596147179603576,Offensive,Q2,3,Year 3
Joe Bugel,CRD,1993,-0.0596147179603576,0.4375,False,,Offensive,Q2,4,Year 4+
Jonathan Gannon,CRD,2023,-0.0241749331474304,0.2353,True,0.0919653981685638,Defensive,Q2,1,Year 1
Ken Whisenhunt,CRD,2007,0.123250275850296,0.5,True,-0.0061612129211425,Offensive,Q5 (Best),1,Year 1
Ken Whisenhunt,CRD,2008,-0.0061612129211425,0.5625,True,-0.0315861701965332,Offensive,Q3,2,Year 2
Ken Whisenhunt,CRD,2009,-0.0315861701965332,0.625,True,-0.065575897693634,Offensive,Q2,3,Year 3
Ken Whisenhunt,CRD,2010,-0.065575897693634,0.3125,True,0.0518349111080169,Offensive,Q2,4,Year 4+
Ken Whisenhunt,CRD,2011,0.0518349111080169,0.5,True,-0.0653468072414398,Offensive,Q4,5,Year 4+
Ken Whisenhunt,CRD,2012,-0.0653468072414398,0.3125,False,,Offensive,Q2,6,Year 4+
Kliff Kingsbury,CRD,2019,-0.0038601839065551,0.3438,True,0.1257965564727783,Offensive,Q3,1,Year 1
Kliff Kingsbury,CRD,2020,0.1257965564727783,0.5,True,0.0516198559761047,Offensive,Q5 (Best),2,Year 2
Kliff Kingsbury,CRD,2021,0.0516198559761047,0.6471,True,-0.0962629065036773,Offensive,Q4,3,Year 3
Kliff Kingsbury,CRD,2022,-0.0962629065036773,0.2353,False,,Offensive,Q1 (Worst),4,Year 4+
Steve Wilks,CRD,2018,-0.0867259800434112,0.1875,False,,Defensive,Q1 (Worst),1,Year 1
Vince Tobin,CRD,1996,0.1046189665794372,0.4375,True,-0.039432942867279,Other,Q4,1,Year 1
Vince Tobin,CRD,1996,0.1046189665794372,0.4375,True,-0.039432942867279,Defensive,Q4,1,Year 1
Vince Tobin,CRD,1997,-0.039432942867279,0.25,True,-0.0073409080505371,Other,Q2,3,Year 3
Vince Tobin,CRD,1997,-0.039432942867279,0.25,True,-0.0073409080505371,Defensive,Q2,3,Year 3
Vince Tobin,CRD,1998,-0.0073409080505371,0.5625,True,0.111040860414505,Other,Q3,5,Year 4+
Vince Tobin,CRD,1998,-0.0073409080505371,0.5625,True,0.111040860414505,Defensive,Q3,5,Year 4+
Vince Tobin,CRD,1999,0.111040860414505,0.375,True,-0.1533108651638031,Other,Q5 (Best),7,Year 4+
Vince Tobin,CRD,1999,0.111040860414505,0.375,True,-0.1533108651638031,Defensive,Q5 (Best),7,Year 4+
Vince Tobin,CRD,2000,-0.1533108651638031,0.1875,False,,Other,Q1 (Worst),9,Year 4+
Vince Tobin,CRD,2000,-0.1533108651638031,0.1875,False,,Defensive,Q1 (Worst),9,Year 4+
Barry Switzer,DAL,1994,0.0657380819320678,0.75,True,0.1133139133453369,Offensive,Q4,1,Year 1
Barry Switzer,DAL,1994,0.0657380819320678,0.75,True,0.1133139133453369,Other,Q4,1,Year 1
Barry Switzer,DAL,1994,0.0657380819320678,0.75,True,0.1133139133453369,Other,Q4,1,Year 1
Barry Switzer,DAL,1995,0.1133139133453369,0.75,True,0.0394827127456665,Offensive,Q5 (Best),4,Year 4+
Barry Switzer,DAL,1995,0.1133139133453369,0.75,True,0.0394827127456665,Other,Q5 (Best),4,Year 4+
Barry Switzer,DAL,1995,0.1133139133453369,0.75,True,0.0394827127456665,Other,Q5 (Best),4,Year 4+
Barry Switzer,DAL,1996,0.0394827127456665,0.625,True,0.0104693472385406,Offensive,Q3,7,Year 4+
Barry Switzer,DAL,1996,0.0394827127456665,0.625,True,0.0104693472385406,Other,Q3,7,Year 4+
Barry Switzer,DAL,1996,0.0394827127456665,0.625,True,0.0104693472385406,Other,Q3,7,Year 4+
Barry Switzer,DAL,1997,0.0104693472385406,0.375,False,,Offensive,Q3,10,Year 4+
Barry Switzer,DAL,1997,0.0104693472385406,0.375,False,,Other,Q3,10,Year 4+
Barry Switzer,DAL,1997,0.0104693472385406,0.375,False,,Other,Q3,10,Year 4+
Bill Parcells,DAL,2003,0.1795099377632141,0.625,True,0.084935188293457,Defensive,Q5 (Best),1,Year 1
Bill Parcells,DAL,2004,0.084935188293457,0.375,True,0.0897007882595062,Defensive,Q4,2,Year 2
Bill Parcells,DAL,2005,0.0897007882595062,0.5625,True,0.0060490369796752,Defensive,Q4,3,Year 3
Bill Parcells,DAL,2006,0.0060490369796752,0.5625,False,,Defensive,Q3,4,Year 4+
Chan Gailey,DAL,1998,0.1941768527030944,0.625,True,-0.1436059474945068,Offensive,Q5 (Best),1,Year 1
Chan Gailey,DAL,1999,-0.1436059474945068,0.5,False,,Offensive,Q1 (Worst),2,Year 2
Dave Campo,DAL,2000,-0.1129288077354431,0.3125,True,0.0147340893745422,Defensive,Q1 (Worst),1,Year 1
Dave Campo,DAL,2001,0.0147340893745422,0.3125,True,-0.0630014240741729,Defensive,Q3,2,Year 2
Dave Campo,DAL,2002,-0.0630014240741729,0.3125,False,,Defensive,Q2,3,Year 3
Jason Garrett,DAL,2011,-0.1162878274917602,0.5,True,0.0678978562355041,Other,Q1 (Worst),1,Year 1
Jason Garrett,DAL,2011,-0.1162878274917602,0.5,True,0.0678978562355041,Offensive,Q1 (Worst),1,Year 1
Jason Garrett,DAL,2012,0.0678978562355041,0.5,True,0.0187443196773529,Other,Q4,3,Year 3
Jason Garrett,DAL,2012,0.0678978562355041,0.5,True,0.0187443196773529,Offensive,Q4,3,Year 3
Jason Garrett,DAL,2013,0.0187443196773529,0.5,True,0.0874674320220947,Other,Q3,5,Year 4+
Jason Garrett,DAL,2013,0.0187443196773529,0.5,True,0.0874674320220947,Offensive,Q3,5,Year 4+
Jason Garrett,DAL,2014,0.0874674320220947,0.75,True,0.0285462737083435,Other,Q4,7,Year 4+
Jason Garrett,DAL,2014,0.0874674320220947,0.75,True,0.0285462737083435,Offensive,Q4,7,Year 4+
Jason Garrett,DAL,2015,0.0285462737083435,0.25,True,0.2049099802970886,Other,Q3,9,Year 4+
Jason Garrett,DAL,2015,0.0285462737083435,0.25,True,0.2049099802970886,Offensive,Q3,9,Year 4+
Jason Garrett,DAL,2016,0.2049099802970886,0.8125,True,0.1010433435440063,Other,Q5 (Best),11,Year 4+
Jason Garrett,DAL,2016,0.2049099802970886,0.8125,True,0.1010433435440063,Offensive,Q5 (Best),11,Year 4+
Jason Garrett,DAL,2017,0.1010433435440063,0.5625,True,0.110389232635498,Other,Q4,13,Year 4+
Jason Garrett,DAL,2017,0.1010433435440063,0.5625,True,0.110389232635498,Offensive,Q4,13,Year 4+
Jason Garrett,DAL,2018,0.110389232635498,0.625,True,0.0364120602607727,Other,Q5 (Best),15,Year 4+
Jason Garrett,DAL,2018,0.110389232635498,0.625,True,0.0364120602607727,Offensive,Q5 (Best),15,Year 4+
Jason Garrett,DAL,2019,0.0364120602607727,0.5,False,,Other,Q3,17,Year 4+
Jason Garrett,DAL,2019,0.0364120602607727,0.5,False,,Offensive,Q3,17,Year 4+
Jimmy Johnson,DAL,1989,-0.1059170365333557,0.0625,True,0.08981654047966,Offensive,Q1 (Worst),1,Year 1
Jimmy Johnson,DAL,1989,-0.1059170365333557,0.0625,True,0.08981654047966,Defensive,Q1 (Worst),1,Year 1
Jimmy Johnson,DAL,1990,0.08981654047966,0.4375,True,0.2305487096309662,Offensive,Q4,3,Year 3
Jimmy Johnson,DAL,1990,0.08981654047966,0.4375,True,0.2305487096309662,Defensive,Q4,3,Year 3
Jimmy Johnson,DAL,1991,0.2305487096309662,0.6875,True,0.1984288692474365,Offensive,Q5 (Best),5,Year 4+
Jimmy Johnson,DAL,1991,0.2305487096309662,0.6875,True,0.1984288692474365,Defensive,Q5 (Best),5,Year 4+
Jimmy Johnson,DAL,1992,0.1984288692474365,0.8125,True,0.1084698438644409,Offensive,Q5 (Best),7,Year 4+
Jimmy Johnson,DAL,1992,0.1984288692474365,0.8125,True,0.1084698438644409,Defensive,Q5 (Best),7,Year 4+
Jimmy Johnson,DAL,1993,0.1084698438644409,0.75,False,,Offensive,Q5 (Best),9,Year 4+
Jimmy Johnson,DAL,1993,0.1084698438644409,0.75,False,,Defensive,Q5 (Best),9,Year 4+
Mike McCarthy,DAL,2020,0.1220980584621429,0.375,True,0.0466936692237853,Offensive,Q5 (Best),1,Year 1
Mike McCarthy,DAL,2021,0.0466936692237853,0.7059,True,0.2226025327682494,Offensive,Q4,2,Year 2
Mike McCarthy,DAL,2022,0.2226025327682494,0.7059,True,0.0445127352714538,Offensive,Q5 (Best),3,Year 3
Mike McCarthy,DAL,2023,0.0445127352714538,0.7059,True,0.1174345641613006,Offensive,Q4,4,Year 4+
Tom Landry,DAL,1970,0.1348669164657593,0.7143,True,0.1245134837150573,Defensive,Q5 (Best),1,Year 1
Tom Landry,DAL,1971,0.1245134837150573,0.7857,True,0.1941986315727234,Defensive,Q5 (Best),2,Year 2
Tom Landry,DAL,1972,0.1941986315727234,0.7143,True,0.0742268198013306,Defensive,Q5 (Best),3,Year 3
Tom Landry,DAL,1973,0.0742268198013306,0.7143,True,0.1130838526725769,Defensive,Q4,4,Year 4+
Tom Landry,DAL,1974,0.1130838526725769,0.5714,True,0.1037913196563721,Defensive,Q5 (Best),5,Year 4+
Tom Landry,DAL,1975,0.1037913196563721,0.7143,True,0.1385035283088683,Defensive,Q4,6,Year 4+
Tom Landry,DAL,1976,0.1385035283088683,0.7857,True,0.1412432690620422,Defensive,Q5 (Best),7,Year 4+
Tom Landry,DAL,1977,0.1412432690620422,0.8571,True,0.0918723940849304,Defensive,Q5 (Best),8,Year 4+
Tom Landry,DAL,1978,0.0918723940849304,0.75,True,0.1258757710456848,Defensive,Q4,9,Year 4+
Tom Landry,DAL,1979,0.1258757710456848,0.6875,True,0.1149934530258178,Defensive,Q5 (Best),10,Year 4+
Tom Landry,DAL,1980,0.1149934530258178,0.75,True,0.0262667536735534,Defensive,Q5 (Best),11,Year 4+
Tom Landry,DAL,1981,0.0262667536735534,0.75,True,0.1729648952007293,Defensive,Q3,12,Year 4+
Tom Landry,DAL,1982,0.1729648952007293,0.6667,True,0.1366828680038452,Defensive,Q5 (Best),13,Year 4+
Tom Landry,DAL,1983,0.1366828680038452,0.75,True,0.1523424088954925,Defensive,Q5 (Best),14,Year 4+
Tom Landry,DAL,1984,0.1523424088954925,0.5625,True,0.068055510520935,Defensive,Q5 (Best),15,Year 4+
Tom Landry,DAL,1985,0.068055510520935,0.625,True,0.0975944399833679,Defensive,Q4,16,Year 4+
Tom Landry,DAL,1986,0.0975944399833679,0.4375,True,0.0775502149581909,Defensive,Q4,17,Year 4+
Tom Landry,DAL,1987,0.0775502149581909,0.4667,True,-0.0593340545892715,Defensive,Q4,18,Year 4+
Tom Landry,DAL,1988,-0.0593340545892715,0.1875,False,,Defensive,Q2,19,Year 4+
Wade Phillips,DAL,2007,0.2080133557319641,0.8125,True,0.0985513627529144,Defensive,Q5 (Best),1,Year 1
Wade Phillips,DAL,2008,0.0985513627529144,0.5625,True,0.0417529940605163,Defensive,Q4,2,Year 2
Wade Phillips,DAL,2009,0.0417529940605163,0.6875,True,-0.0248996913433074,Defensive,Q4,3,Year 3
Wade Phillips,DAL,2010,-0.0248996913433074,0.375,False,,Defensive,Q2,4,Year 4+
Wade Phillips,DAL,2010,-0.0355119705200195,0.375,False,,Defensive,Q2,4,Year 4+
Dan Reeves,DEN,1981,-0.0327177643775939,0.625,True,-0.056304341840744,Offensive,Q2,1,Year 1
Dan Reeves,DEN,1982,-0.056304341840744,0.2222,True,0.0507702827453613,Offensive,Q2,2,Year 2
Dan Reeves,DEN,1983,0.0507702827453613,0.5625,True,0.1383978724479675,Offensive,Q4,3,Year 3
Dan Reeves,DEN,1984,0.1383978724479675,0.8125,True,0.0022028684616088,Offensive,Q5 (Best),4,Year 4+
Dan Reeves,DEN,1985,0.0022028684616088,0.6875,True,0.0134081840515136,Offensive,Q3,5,Year 4+
Dan Reeves,DEN,1986,0.0134081840515136,0.6875,True,0.1698496460914611,Offensive,Q3,6,Year 4+
Dan Reeves,DEN,1987,0.1698496460914611,0.7,True,-0.0183447003364563,Offensive,Q5 (Best),7,Year 4+
Dan Reeves,DEN,1988,-0.0183447003364563,0.5,True,0.0986599326133728,Offensive,Q2,8,Year 4+
Dan Reeves,DEN,1989,0.0986599326133728,0.6875,True,-0.1153725981712341,Offensive,Q4,9,Year 4+
Dan Reeves,DEN,1990,-0.1153725981712341,0.3125,True,0.0455195307731628,Offensive,Q1 (Worst),10,Year 4+
Dan Reeves,DEN,1991,0.0455195307731628,0.75,True,0.1239692568778991,Offensive,Q4,11,Year 4+
Dan Reeves,DEN,1992,0.1239692568778991,0.5,False,,Offensive,Q5 (Best),12,Year 4+
Gary Kubiak,DEN,2015,0.216434359550476,0.75,True,0.0569547414779663,Offensive,Q5 (Best),1,Year 1
Gary Kubiak,DEN,2016,0.0569547414779663,0.5625,False,,Offensive,Q4,2,Year 2
John Fox,DEN,2011,-0.0282119512557983,0.5,True,0.1685001850128173,Defensive,Q2,1,Year 1
John Fox,DEN,2012,0.1685001850128173,0.8125,True,0.2249226570129394,Defensive,Q5 (Best),2,Year 2
John Fox,DEN,2013,0.2249226570129394,0.8125,True,0.1598554253578186,Defensive,Q5 (Best),3,Year 3
John Fox,DEN,2014,0.1598554253578186,0.75,False,,Defensive,Q5 (Best),4,Year 4+
John Ralston,DEN,1972,0.1066475113391876,0.3571,True,0.0546702279090881,Offensive,Q5 (Best),1,Year 1
John Ralston,DEN,1973,0.0546702279090881,0.5714,True,-0.0174270503997803,Offensive,Q4,2,Year 2
John Ralston,DEN,1974,-0.0174270503997803,0.5357,True,0.1213757561206817,Offensive,Q2,3,Year 3
John Ralston,DEN,1975,0.1213757561206817,0.4286,True,0.1727508405685425,Offensive,Q5 (Best),4,Year 4+
John Ralston,DEN,1976,0.1727508405685425,0.6429,False,,Offensive,Q5 (Best),5,Year 4+
Josh McDaniels,DEN,2009,-0.1263979077339172,0.5,True,-0.1571444869041443,Offensive,Q1 (Worst),1,Year 1
Josh McDaniels,DEN,2010,-0.1571444869041443,0.25,False,,Offensive,Q1 (Worst),2,Year 2
Lou Saban,DEN,1970,0.0843772689342499,0.3929,True,-0.0402907000541686,Other,Q4,1,Year 1
Lou Saban,DEN,1971,-0.0402907000541686,0.3214,False,,Other,Q2,2,Year 2
Lou Saban,DEN,1971,-0.0517929659843444,0.3214,False,,Other,Q2,2,Year 2
Mike Shanahan,DEN,1995,-0.0469604134559631,0.5,True,0.0756165981292724,Offensive,Q2,1,Year 1
Mike Shanahan,DEN,1996,0.0756165981292724,0.8125,True,0.0390145182609558,Offensive,Q4,2,Year 2
Mike Shanahan,DEN,1997,0.0390145182609558,0.75,True,0.1731883287429809,Offensive,Q3,3,Year 3
Mike Shanahan,DEN,1998,0.1731883287429809,0.875,True,-0.029146134853363,Offensive,Q5 (Best),4,Year 4+
Mike Shanahan,DEN,1999,-0.029146134853363,0.375,True,0.0319669842720031,Offensive,Q2,5,Year 4+
Mike Shanahan,DEN,2000,0.0319669842720031,0.6875,True,-0.0735156536102294,Offensive,Q3,6,Year 4+
Mike Shanahan,DEN,2001,-0.0735156536102294,0.5,True,0.088447093963623,Offensive,Q2,7,Year 4+
Mike Shanahan,DEN,2002,0.088447093963623,0.5625,True,0.131049633026123,Offensive,Q4,8,Year 4+
Mike Shanahan,DEN,2003,0.131049633026123,0.625,True,0.0923178791999816,Offensive,Q5 (Best),9,Year 4+
Mike Shanahan,DEN,2004,0.0923178791999816,0.625,True,0.0866628289222717,Offensive,Q4,10,Year 4+
Mike Shanahan,DEN,2005,0.0866628289222717,0.8125,True,0.0169375538825988,Offensive,Q4,11,Year 4+
Mike Shanahan,DEN,2006,0.0169375538825988,0.5625,True,-0.100647747516632,Offensive,Q3,12,Year 4+
Mike Shanahan,DEN,2007,-0.100647747516632,0.4375,True,0.0332412421703338,Offensive,Q1 (Worst),13,Year 4+
Mike Shanahan,DEN,2008,0.0332412421703338,0.5,False,,Offensive,Q3,14,Year 4+
Nathaniel Hackett,DEN,2022,-0.0680813356876373,0.2941,False,,Offensive,Q2,1,Year 1
Red Miller,DEN,1977,0.1916845341682433,0.8571,True,-0.0488843321800231,Offensive,Q5 (Best),1,Year 1
Red Miller,DEN,1978,-0.0488843321800231,0.625,True,0.1342592537403106,Offensive,Q2,2,Year 2
Red Miller,DEN,1979,0.1342592537403106,0.625,True,0.0725427269935607,Offensive,Q5 (Best),3,Year 3
Red Miller,DEN,1980,0.0725427269935607,0.5,False,,Offensive,Q4,4,Year 4+
Sean Payton,DEN,2023,-0.1106062621116638,0.4706,True,-0.0258027642250061,Offensive,Q1 (Worst),1,Year 1
Vance Joseph,DEN,2017,0.0232104659080505,0.3125,True,-0.0504013299942016,Defensive,Q3,1,Year 1
Vance Joseph,DEN,2018,-0.0504013299942016,0.375,False,,Defensive,Q2,2,Year 2
Vic Fangio,DEN,2019,0.0910021662712097,0.4375,True,0.0396233201026916,Defensive,Q4,1,Year 1
Vic Fangio,DEN,2020,0.0396233201026916,0.3125,True,-0.0619338423728942,Defensive,Q3,2,Year 2
Vic Fangio,DEN,2021,-0.0619338423728942,0.4118,False,,Defensive,Q2,3,Year 3
Wade Phillips,DEN,1993,-0.1175081133842468,0.5625,True,-0.1082901358604431,Defensive,Q1 (Worst),1,Year 1
Wade Phillips,DEN,1994,-0.1082901358604431,0.4375,False,,Defensive,Q1 (Worst),2,Year 2
Bobby Ross,DET,1997,0.0019729137420654,0.5625,True,-0.0249386727809906,Offensive,Q3,1,Year 1
Bobby Ross,DET,1998,-0.0249386727809906,0.3125,True,0.0420968532562255,Offensive,Q2,2,Year 2
Bobby Ross,DET,1999,0.0420968532562255,0.5,True,0.065851479768753,Offensive,Q4,3,Year 3
Bobby Ross,DET,2000,0.065851479768753,0.5625,False,,Offensive,Q4,4,Year 4+
Bobby Ross,DET,2000,0.0403061509132385,0.5625,False,,Offensive,Q3,4,Year 4+
Dan Campbell,DET,2021,-0.109539760684967,0.2059,True,-0.0623626023292541,Other,Q1 (Worst),1,Year 1
Dan Campbell,DET,2021,-0.109539760684967,0.2059,True,-0.0623626023292541,Offensive,Q1 (Worst),1,Year 1
Dan Campbell,DET,2022,-0.0623626023292541,0.5294,True,0.1058292850494384,Other,Q2,3,Year 3
Dan Campbell,DET,2022,-0.0623626023292541,0.5294,True,0.1058292850494384,Offensive,Q2,3,Year 3
Dan Campbell,DET,2023,0.1058292850494384,0.7059,True,0.2949624895095825,Other,Q5 (Best),5,Year 4+
Dan Campbell,DET,2023,0.1058292850494384,0.7059,True,0.2949624895095825,Offensive,Q5 (Best),5,Year 4+
Darryl Rogers,DET,1985,0.0660932958126068,0.4375,True,-0.1104759275913238,Other,Q4,1,Year 1
Darryl Rogers,DET,1985,0.0660932958126068,0.4375,True,-0.1104759275913238,Defensive,Q4,1,Year 1
Darryl Rogers,DET,1986,-0.1104759275913238,0.3125,True,-0.028129785823822,Other,Q1 (Worst),3,Year 3
Darryl Rogers,DET,1986,-0.1104759275913238,0.3125,True,-0.028129785823822,Defensive,Q1 (Worst),3,Year 3
Darryl Rogers,DET,1987,-0.028129785823822,0.2667,True,-0.0545510351657867,Other,Q2,5,Year 4+
Darryl Rogers,DET,1987,-0.028129785823822,0.2667,True,-0.0545510351657867,Defensive,Q2,5,Year 4+
Darryl Rogers,DET,1988,-0.0545510351657867,0.25,False,,Other,Q2,7,Year 4+
Darryl Rogers,DET,1988,-0.0545510351657867,0.25,False,,Defensive,Q2,7,Year 4+
Don McCafferty,DET,1973,0.036252074766159,0.4643,False,,Offensive,Q3,1,Year 1
Jim Caldwell,DET,2014,0.0727991461753845,0.6875,True,0.0330283045768737,Offensive,Q4,1,Year 1
Jim Caldwell,DET,2015,0.0330283045768737,0.4375,True,-0.0091892480850219,Offensive,Q3,2,Year 2
Jim Caldwell,DET,2016,-0.0091892480850219,0.5625,True,0.0018449425697326,Offensive,Q3,3,Year 3
Jim Caldwell,DET,2017,0.0018449425697326,0.5625,False,,Offensive,Q3,4,Year 4+
Jim Schwartz,DET,2009,-0.1027437150478363,0.125,True,-0.0135884284973144,Defensive,Q1 (Worst),1,Year 1
Jim Schwartz,DET,2010,-0.0135884284973144,0.375,True,-0.0482129454612731,Defensive,Q3,2,Year 2
Jim Schwartz,DET,2011,-0.0482129454612731,0.625,True,-0.1860190629959106,Defensive,Q2,3,Year 3
Jim Schwartz,DET,2012,-0.1860190629959106,0.25,True,-0.1086503863334655,Defensive,Q1 (Worst),4,Year 4+
Jim Schwartz,DET,2013,-0.1086503863334655,0.4375,False,,Defensive,Q1 (Worst),5,Year 4+
Joe Schmidt,DET,1970,0.0675978296279907,0.7143,True,-0.0916942589759827,Defensive,Q4,1,Year 1
Joe Schmidt,DET,1971,-0.0916942589759827,0.5357,True,0.1248694261074065,Defensive,Q1 (Worst),2,Year 2
Joe Schmidt,DET,1972,0.1248694261074065,0.6071,False,,Defensive,Q5 (Best),3,Year 3
Marty Mornhinweg,DET,2001,-0.29019695520401,0.125,True,-0.1217983365058898,Offensive,Q1 (Worst),1,Year 1
Marty Mornhinweg,DET,2002,-0.1217983365058898,0.1875,False,,Offensive,Q1 (Worst),2,Year 2
Matt Patricia,DET,2018,0.0368552505970001,0.375,True,-0.0002711051225662,Defensive,Q3,1,Year 1
Matt Patricia,DET,2019,-0.0002711051225662,0.2188,True,-0.015820562839508,Defensive,Q3,2,Year 2
Matt Patricia,DET,2020,-0.015820562839508,0.3125,False,,Defensive,Q3,3,Year 3
Monte Clark,DET,1978,0.0018594861030578,0.4375,True,-0.1467171609401703,Other,Q3,1,Year 1
Monte Clark,DET,1978,0.0018594861030578,0.4375,True,-0.1467171609401703,Offensive,Q3,1,Year 1
Monte Clark,DET,1978,0.0018594861030578,0.4375,True,-0.1467171609401703,Offensive,Q3,1,Year 1
Monte Clark,DET,1978,0.0018594861030578,0.4375,True,-0.1467171609401703,Other,Q3,1,Year 1
Monte Clark,DET,1979,-0.1467171609401703,0.125,True,-0.07855886220932,Other,Q1 (Worst),5,Year 4+
Monte Clark,DET,1979,-0.1467171609401703,0.125,True,-0.07855886220932,Offensive,Q1 (Worst),5,Year 4+
Monte Clark,DET,1979,-0.1467171609401703,0.125,True,-0.07855886220932,Offensive,Q1 (Worst),5,Year 4+
Monte Clark,DET,1979,-0.1467171609401703,0.125,True,-0.07855886220932,Other,Q1 (Worst),5,Year 4+
Monte Clark,DET,1980,-0.07855886220932,0.5625,True,-0.005192220211029,Other,Q2,9,Year 4+
Monte Clark,DET,1980,-0.07855886220932,0.5625,True,-0.005192220211029,Offensive,Q2,9,Year 4+
Monte Clark,DET,1980,-0.07855886220932,0.5625,True,-0.005192220211029,Offensive,Q2,9,Year 4+
Monte Clark,DET,1980,-0.07855886220932,0.5625,True,-0.005192220211029,Other,Q2,9,Year 4+
Monte Clark,DET,1981,-0.005192220211029,0.5,True,0.0505628758907318,Other,Q3,13,Year 4+
Monte Clark,DET,1981,-0.005192220211029,0.5,True,0.0505628758907318,Offensive,Q3,13,Year 4+
Monte Clark,DET,1981,-0.005192220211029,0.5,True,0.0505628758907318,Offensive,Q3,13,Year 4+
Monte Clark,DET,1981,-0.005192220211029,0.5,True,0.0505628758907318,Other,Q3,13,Year 4+
Monte Clark,DET,1982,0.0505628758907318,0.4444,True,0.0126330852508544,Other,Q4,17,Year 4+
Monte Clark,DET,1982,0.0505628758907318,0.4444,True,0.0126330852508544,Offensive,Q4,17,Year 4+
Monte Clark,DET,1982,0.0505628758907318,0.4444,True,0.0126330852508544,Offensive,Q4,17,Year 4+
Monte Clark,DET,1982,0.0505628758907318,0.4444,True,0.0126330852508544,Other,Q4,17,Year 4+
Monte Clark,DET,1983,0.0126330852508544,0.5625,True,-0.0271592355251312,Other,Q3,21,Year 4+
Monte Clark,DET,1983,0.0126330852508544,0.5625,True,-0.0271592355251312,Offensive,Q3,21,Year 4+
Monte Clark,DET,1983,0.0126330852508544,0.5625,True,-0.0271592355251312,Offensive,Q3,21,Year 4+
Monte Clark,DET,1983,0.0126330852508544,0.5625,True,-0.0271592355251312,Other,Q3,21,Year 4+
Monte Clark,DET,1984,-0.0271592355251312,0.2812,False,,Other,Q2,25,Year 4+
Monte Clark,DET,1984,-0.0271592355251312,0.2812,False,,Offensive,Q2,25,Year 4+
Monte Clark,DET,1984,-0.0271592355251312,0.2812,False,,Offensive,Q2,25,Year 4+
Monte Clark,DET,1984,-0.0271592355251312,0.2812,False,,Other,Q2,25,Year 4+
Rick Forzano,DET,1974,0.0548647940158844,0.5,True,-0.0289923548698425,Offensive,Q4,1,Year 1
Rick Forzano,DET,1975,-0.0289923548698425,0.5,True,-0.194896949672699,Offensive,Q2,2,Year 2
Rick Forzano,DET,1976,-0.194896949672699,0.4286,False,,Offensive,Q1 (Worst),3,Year 3
Rick Forzano,DET,1976,-0.2001174224853515,0.4286,False,,Offensive,Q1 (Worst),3,Year 3
Rod Marinelli,DET,2006,-0.2611162960529327,0.1875,True,0.0759594440460205,Defensive,Q1 (Worst),1,Year 1
Rod Marinelli,DET,2007,0.0759594440460205,0.4375,True,-0.1813236474990844,Defensive,Q4,2,Year 2
Rod Marinelli,DET,2008,-0.1813236474990844,0.0,False,,Defensive,Q1 (Worst),3,Year 3
Steve Mariucci,DET,2003,-0.0167991518974304,0.3125,True,-0.1145120859146118,Offensive,Q2,1,Year 1
Steve Mariucci,DET,2004,-0.1145120859146118,0.375,True,-0.0422914028167724,Offensive,Q1 (Worst),2,Year 2
Steve Mariucci,DET,2005,-0.0422914028167724,0.3125,False,,Offensive,Q2,3,Year 3
Tommy Hudspeth,DET,1977,-0.0387004150390625,0.4286,False,,Offensive,Q2,1,Year 1
Wayne Fontes,DET,1989,0.0405289530754089,0.4375,True,-0.1089867055416107,Defensive,Q3,1,Year 1
Wayne Fontes,DET,1990,-0.1089867055416107,0.375,True,0.1708613634109497,Defensive,Q1 (Worst),2,Year 2
Wayne Fontes,DET,1991,0.1708613634109497,0.75,True,-0.1689020991325378,Defensive,Q5 (Best),3,Year 3
Wayne Fontes,DET,1992,-0.1689020991325378,0.3125,True,0.0710171461105346,Defensive,Q1 (Worst),4,Year 4+
Wayne Fontes,DET,1993,0.0710171461105346,0.625,True,0.0377603769302368,Defensive,Q4,5,Year 4+
Wayne Fontes,DET,1994,0.0377603769302368,0.5625,True,-0.0688406825065612,Defensive,Q3,6,Year 4+
Wayne Fontes,DET,1995,-0.0688406825065612,0.625,True,-0.1303335428237915,Defensive,Q2,7,Year 4+
Wayne Fontes,DET,1996,-0.1303335428237915,0.3125,False,,Defensive,Q1 (Worst),8,Year 4+
Bart Starr,GNB,1975,-0.0345830851078033,0.2857,True,0.0630741616249084,Offensive,Q2,1,Year 1
Bart Starr,GNB,1976,0.0630741616249084,0.3571,True,-0.0871231787681579,Offensive,Q4,2,Year 2
Bart Starr,GNB,1977,-0.0871231787681579,0.2857,True,-0.0808399832725524,Offensive,Q1 (Worst),3,Year 3
Bart Starr,GNB,1978,-0.0808399832725524,0.5312,True,-0.0408093035221099,Offensive,Q2,4,Year 4+
Bart Starr,GNB,1979,-0.0408093035221099,0.3125,True,-0.0482592963695526,Offensive,Q2,5,Year 4+
Bart Starr,GNB,1980,-0.0482592963695526,0.3438,True,-0.0786392092704773,Offensive,Q2,6,Year 4+
Bart Starr,GNB,1981,-0.0786392092704773,0.5,True,0.1606522320270538,Offensive,Q2,7,Year 4+
Bart Starr,GNB,1982,0.1606522320270538,0.6111,True,0.0411007702350616,Offensive,Q5 (Best),8,Year 4+
Bart Starr,GNB,1983,0.0411007702350616,0.5,False,,Offensive,Q3,9,Year 4+
Dan Devine,GNB,1971,-0.0640119413375854,0.3571,True,0.0714775555610657,Other,Q2,1,Year 1
Dan Devine,GNB,1972,0.0714775555610657,0.7143,True,0.0922613011360168,Other,Q4,2,Year 2
Dan Devine,GNB,1973,0.0922613011360168,0.4286,True,0.004576401567459,Other,Q4,3,Year 3
Dan Devine,GNB,1974,0.004576401567459,0.4286,False,,Other,Q3,4,Year 4+
Forrest Gregg,GNB,1984,-0.0658900141716003,0.5,True,0.1883432269096374,Offensive,Q2,1,Year 1
Forrest Gregg,GNB,1985,0.1883432269096374,0.5,True,-0.0647008419036865,Offensive,Q5 (Best),2,Year 2
Forrest Gregg,GNB,1986,-0.0647008419036865,0.25,True,0.0326776866436004,Offensive,Q2,3,Year 3
Forrest Gregg,GNB,1987,0.0326776866436004,0.3667,False,,Offensive,Q3,4,Year 4+
Lindy Infante,GNB,1988,-0.0338563621044158,0.25,True,-0.0589022040367126,Offensive,Q2,1,Year 1
Lindy Infante,GNB,1989,-0.0589022040367126,0.625,True,-0.0756641030311584,Offensive,Q2,2,Year 2
Lindy Infante,GNB,1990,-0.0756641030311584,0.375,True,-0.1095494925975799,Offensive,Q2,3,Year 3
Lindy Infante,GNB,1991,-0.1095494925975799,0.25,False,,Offensive,Q1 (Worst),4,Year 4+
Matt LaFleur,GNB,2019,0.1076443195343017,0.8125,True,0.1494752168655395,Offensive,Q5 (Best),1,Year 1
Matt LaFleur,GNB,2020,0.1494752168655395,0.8125,True,0.03759217710495,Offensive,Q5 (Best),2,Year 2
Matt LaFleur,GNB,2021,0.03759217710495,0.7647,True,-0.1369047254562377,Offensive,Q3,3,Year 3
Matt LaFleur,GNB,2022,-0.1369047254562377,0.4706,True,0.1160132080554962,Offensive,Q1 (Worst),4,Year 4+
Matt LaFleur,GNB,2023,0.1160132080554962,0.5294,True,0.1270619317054748,Offensive,Q5 (Best),5,Year 4+
Mike Holmgren,GNB,1992,0.1343647837638855,0.5625,True,0.0772297978401184,Offensive,Q5 (Best),1,Year 1
Mike Holmgren,GNB,1993,0.0772297978401184,0.5625,True,-0.0868176817893982,Offensive,Q4,2,Year 2
Mike Holmgren,GNB,1994,-0.0868176817893982,0.5625,True,0.2525897622108459,Offensive,Q1 (Worst),3,Year 3
Mike Holmgren,GNB,1995,0.2525897622108459,0.6875,True,0.1328459978103637,Offensive,Q5 (Best),4,Year 4+
Mike Holmgren,GNB,1996,0.1328459978103637,0.8125,True,0.1760599017143249,Offensive,Q5 (Best),5,Year 4+
Mike Holmgren,GNB,1997,0.1760599017143249,0.8125,True,0.212456077337265,Offensive,Q5 (Best),6,Year 4+
Mike Holmgren,GNB,1998,0.212456077337265,0.6875,False,,Offensive,Q5 (Best),7,Year 4+
Mike McCarthy,GNB,2006,0.0662349164485931,0.5,True,0.153591513633728,Offensive,Q4,1,Year 1
Mike McCarthy,GNB,2007,0.153591513633728,0.8125,True,-0.2615795731544494,Offensive,Q5 (Best),2,Year 2
Mike McCarthy,GNB,2008,-0.2615795731544494,0.375,True,-0.0612978339195251,Offensive,Q1 (Worst),3,Year 3
Mike McCarthy,GNB,2009,-0.0612978339195251,0.6875,True,0.0024433135986328,Offensive,Q2,4,Year 4+
Mike McCarthy,GNB,2010,0.0024433135986328,0.625,True,0.2004786133766174,Offensive,Q3,5,Year 4+
Mike McCarthy,GNB,2011,0.2004786133766174,0.9375,True,0.0074267387390136,Offensive,Q5 (Best),6,Year 4+
Mike McCarthy,GNB,2012,0.0074267387390136,0.6875,True,0.1464073740959167,Offensive,Q3,7,Year 4+
Mike McCarthy,GNB,2013,0.1464073740959167,0.5312,True,0.0306079387664794,Offensive,Q5 (Best),8,Year 4+
Mike McCarthy,GNB,2014,0.0306079387664794,0.75,True,-0.0279616117477417,Offensive,Q3,9,Year 4+
Mike McCarthy,GNB,2015,-0.0279616117477417,0.625,True,-0.0018889307975769,Offensive,Q2,10,Year 4+
Mike McCarthy,GNB,2016,-0.0018889307975769,0.625,True,0.1769407391548156,Offensive,Q3,11,Year 4+
Mike McCarthy,GNB,2017,0.1769407391548156,0.4375,True,-0.027616909790039,Offensive,Q5 (Best),12,Year 4+
Mike McCarthy,GNB,2018,-0.027616909790039,0.4062,False,,Offensive,Q2,13,Year 4+
Mike Sherman,GNB,2000,0.0015409588813781,0.5625,True,0.1295978426933288,Offensive,Q3,1,Year 1
Mike Sherman,GNB,2000,0.0015409588813781,0.5625,True,0.1295978426933288,Offensive,Q3,1,Year 1
Mike Sherman,GNB,2001,0.1295978426933288,0.75,True,0.1632043123245239,Offensive,Q5 (Best),3,Year 3
Mike Sherman,GNB,2001,0.1295978426933288,0.75,True,0.1632043123245239,Offensive,Q5 (Best),3,Year 3
Mike Sherman,GNB,2002,0.1632043123245239,0.75,True,0.0047484040260314,Offensive,Q5 (Best),5,Year 4+
Mike Sherman,GNB,2002,0.1632043123245239,0.75,True,0.0047484040260314,Offensive,Q5 (Best),5,Year 4+
Mike Sherman,GNB,2003,0.0047484040260314,0.625,True,0.2547722160816192,Offensive,Q3,7,Year 4+
Mike Sherman,GNB,2003,0.0047484040260314,0.625,True,0.2547722160816192,Offensive,Q3,7,Year 4+
Mike Sherman,GNB,2004,0.2547722160816192,0.625,True,-0.0579138696193695,Offensive,Q5 (Best),9,Year 4+
Mike Sherman,GNB,2004,0.2547722160816192,0.625,True,-0.0579138696193695,Offensive,Q5 (Best),9,Year 4+
Mike Sherman,GNB,2005,-0.0579138696193695,0.25,False,,Offensive,Q2,11,Year 4+
Mike Sherman,GNB,2005,-0.0579138696193695,0.25,False,,Offensive,Q2,11,Year 4+
Phil Bengtson,GNB,1970,0.0070156918525695,0.4286,False,,Defensive,Q3,1,Year 1
Ray Rhodes,GNB,1999,-0.0073441267013549,0.5,False,,Defensive,Q3,1,Year 1
Bill O'Brien,HTX,2014,0.0142108798027038,0.5625,True,0.1612250804901123,Offensive,Q3,1,Year 1
Bill O'Brien,HTX,2015,0.1612250804901123,0.5625,True,0.2037162482738495,Offensive,Q5 (Best),2,Year 2
Bill O'Brien,HTX,2016,0.2037162482738495,0.5625,True,-0.005694568157196,Offensive,Q5 (Best),3,Year 3
Bill O'Brien,HTX,2017,-0.005694568157196,0.25,True,0.0846332311630249,Offensive,Q3,4,Year 4+
Bill O'Brien,HTX,2018,0.0846332311630249,0.6875,True,0.2341343462467193,Offensive,Q4,5,Year 4+
Bill O'Brien,HTX,2019,0.2341343462467193,0.625,True,-0.106326550245285,Offensive,Q5 (Best),6,Year 4+
Bill O'Brien,HTX,2020,-0.106326550245285,0.25,False,,Offensive,Q1 (Worst),7,Year 4+
David Culley,HTX,2021,-0.1608126804351806,0.2353,False,,Offensive,Q1 (Worst),1,Year 1
DeMeco Ryans,HTX,2023,0.0187025339126586,0.5882,True,-0.001794490146637,Defensive,Q3,1,Year 1
Dom Capers,HTX,2002,-0.1776935458183288,0.25,True,0.0108096599578857,Defensive,Q1 (Worst),1,Year 1
Dom Capers,HTX,2003,0.0108096599578857,0.3125,True,-0.196723461151123,Defensive,Q3,2,Year 2
Dom Capers,HTX,2004,-0.196723461151123,0.4375,True,-0.2529902458190918,Defensive,Q1 (Worst),3,Year 3
Dom Capers,HTX,2005,-0.2529902458190918,0.125,False,,Defensive,Q1 (Worst),4,Year 4+
Gary Kubiak,HTX,2006,-0.0816206336021423,0.375,True,0.211000770330429,Offensive,Q2,1,Year 1
Gary Kubiak,HTX,2007,0.211000770330429,0.5,True,0.0925385355949401,Offensive,Q5 (Best),2,Year 2
Gary Kubiak,HTX,2008,0.0925385355949401,0.5,True,-0.0016368627548217,Offensive,Q4,3,Year 3
Gary Kubiak,HTX,2009,-0.0016368627548217,0.5625,True,-0.1269054412841797,Offensive,Q3,4,Year 4+
Gary Kubiak,HTX,2010,-0.1269054412841797,0.375,True,-0.0292525291442871,Offensive,Q1 (Worst),5,Year 4+
Gary Kubiak,HTX,2011,-0.0292525291442871,0.625,True,0.1483245491981506,Offensive,Q2,6,Year 4+
Gary Kubiak,HTX,2012,0.1483245491981506,0.75,True,-0.0282242596149444,Offensive,Q5 (Best),7,Year 4+
Gary Kubiak,HTX,2013,-0.0282242596149444,0.125,False,,Offensive,Q2,8,Year 4+
Lovie Smith,HTX,2022,-0.2504049077987671,0.2059,False,,Other,Q1 (Worst),1,Year 1
Lovie Smith,HTX,2022,-0.2504049077987671,0.2059,False,,Defensive,Q1 (Worst),1,Year 1
Lovie Smith,HTX,2022,-0.2504049077987671,0.2059,False,,Defensive,Q1 (Worst),1,Year 1
Lovie Smith,HTX,2022,-0.2504049077987671,0.2059,False,,Defensive,Q1 (Worst),1,Year 1
Doug Marrone,JAX,2017,0.0219966769218444,0.625,True,-0.0206863582134246,Offensive,Q3,1,Year 1
Doug Marrone,JAX,2018,-0.0206863582134246,0.3125,True,-0.0052898824214935,Offensive,Q2,2,Year 2
Doug Marrone,JAX,2019,-0.0052898824214935,0.375,True,-0.137452557682991,Offensive,Q3,3,Year 3
Doug Marrone,JAX,2020,-0.137452557682991,0.0625,False,,Offensive,Q1 (Worst),4,Year 4+
Doug Pederson,JAX,2022,-0.1088167935371399,0.5294,True,-0.0695582538604736,Offensive,Q1 (Worst),1,Year 1
Doug Pederson,JAX,2023,-0.0695582538604736,0.5294,True,-0.0183720037460327,Offensive,Q2,2,Year 2
Gus Bradley,JAX,2013,-0.0499331653118133,0.25,True,-0.079876959323883,Defensive,Q2,1,Year 1
Gus Bradley,JAX,2014,-0.079876959323883,0.1875,True,-0.054890364408493,Defensive,Q2,2,Year 2
Gus Bradley,JAX,2015,-0.054890364408493,0.3125,True,-0.0722585618495941,Defensive,Q2,3,Year 3
Gus Bradley,JAX,2016,-0.0722585618495941,0.1875,False,,Defensive,Q2,4,Year 4+
Jack Del Rio,JAX,2003,-0.1206624507904052,0.3125,True,-0.012501060962677,Defensive,Q1 (Worst),1,Year 1
Jack Del Rio,JAX,2004,-0.012501060962677,0.5625,True,0.0690478682518005,Defensive,Q3,2,Year 2
Jack Del Rio,JAX,2005,0.0690478682518005,0.75,True,-0.0768477916717529,Defensive,Q4,3,Year 3
Jack Del Rio,JAX,2006,-0.0768477916717529,0.5,True,0.0714247822761535,Defensive,Q2,4,Year 4+
Jack Del Rio,JAX,2007,0.0714247822761535,0.6875,True,-0.0505295991897583,Defensive,Q4,5,Year 4+
Jack Del Rio,JAX,2008,-0.0505295991897583,0.3125,True,-0.1177777051925659,Defensive,Q2,6,Year 4+
Jack Del Rio,JAX,2009,-0.1177777051925659,0.4375,True,0.1625389456748962,Defensive,Q1 (Worst),7,Year 4+
Jack Del Rio,JAX,2010,0.1625389456748962,0.5,True,-0.1684973537921905,Defensive,Q5 (Best),8,Year 4+
Jack Del Rio,JAX,2011,-0.1684973537921905,0.3125,False,,Defensive,Q1 (Worst),9,Year 4+
Mike Mularkey,JAX,2012,-0.1019148975610733,0.125,False,,Offensive,Q1 (Worst),1,Year 1
Tom Coughlin,JAX,1995,-0.1333253979682922,0.25,True,0.1010565161705017,Other,Q1 (Worst),1,Year 1
Tom Coughlin,JAX,1995,-0.1333253979682922,0.25,True,0.1010565161705017,Offensive,Q1 (Worst),1,Year 1
Tom Coughlin,JAX,1996,0.1010565161705017,0.5625,True,0.0762402415275573,Other,Q4,3,Year 3
Tom Coughlin,JAX,1996,0.1010565161705017,0.5625,True,0.0762402415275573,Offensive,Q4,3,Year 3
Tom Coughlin,JAX,1997,0.0762402415275573,0.6875,True,0.2190446555614471,Other,Q4,5,Year 4+
Tom Coughlin,JAX,1997,0.0762402415275573,0.6875,True,0.2190446555614471,Offensive,Q4,5,Year 4+
Tom Coughlin,JAX,1998,0.2190446555614471,0.6875,True,0.2099475264549255,Other,Q5 (Best),7,Year 4+
Tom Coughlin,JAX,1998,0.2190446555614471,0.6875,True,0.2099475264549255,Offensive,Q5 (Best),7,Year 4+
Tom Coughlin,JAX,1999,0.2099475264549255,0.875,True,-0.0587474107742309,Other,Q5 (Best),9,Year 4+
Tom Coughlin,JAX,1999,0.2099475264549255,0.875,True,-0.0587474107742309,Offensive,Q5 (Best),9,Year 4+
Tom Coughlin,JAX,2000,-0.0587474107742309,0.4375,True,-0.1130068004131317,Other,Q2,11,Year 4+
Tom Coughlin,JAX,2000,-0.0587474107742309,0.4375,True,-0.1130068004131317,Offensive,Q2,11,Year 4+
Tom Coughlin,JAX,2001,-0.1130068004131317,0.375,True,-0.1942041516304016,Other,Q1 (Worst),13,Year 4+
Tom Coughlin,JAX,2001,-0.1130068004131317,0.375,True,-0.1942041516304016,Offensive,Q1 (Worst),13,Year 4+
Tom Coughlin,JAX,2002,-0.1942041516304016,0.375,False,,Other,Q1 (Worst),15,Year 4+
Tom Coughlin,JAX,2002,-0.1942041516304016,0.375,False,,Offensive,Q1 (Worst),15,Year 4+
Urban Meyer,JAX,2021,-0.1513179168701172,0.1765,False,,Offensive,Q1 (Worst),1,Year 1
Andy Reid,KAN,2013,0.0460328459739685,0.6875,True,0.185929924249649,Offensive,Q4,1,Year 1
Andy Reid,KAN,2014,0.185929924249649,0.5625,True,0.1064928174018859,Offensive,Q5 (Best),2,Year 2
Andy Reid,KAN,2015,0.1064928174018859,0.6875,True,0.1688436865806579,Offensive,Q5 (Best),3,Year 3
Andy Reid,KAN,2016,0.1688436865806579,0.75,True,-0.0153173804283142,Offensive,Q5 (Best),4,Year 4+
Andy Reid,KAN,2017,-0.0153173804283142,0.625,True,0.1474276185035705,Offensive,Q3,5,Year 4+
Andy Reid,KAN,2018,0.1474276185035705,0.75,True,0.112948477268219,Offensive,Q5 (Best),6,Year 4+
Andy Reid,KAN,2019,0.112948477268219,0.75,True,0.1928472518920898,Offensive,Q5 (Best),7,Year 4+
Andy Reid,KAN,2020,0.1928472518920898,0.875,True,0.0937151178359985,Offensive,Q5 (Best),8,Year 4+
Andy Reid,KAN,2021,0.0937151178359985,0.7059,True,0.2165234909057617,Offensive,Q4,9,Year 4+
Andy Reid,KAN,2022,0.2165234909057617,0.8235,True,0.1257135554313659,Offensive,Q5 (Best),10,Year 4+
Andy Reid,KAN,2023,0.1257135554313659,0.6471,True,0.2518284558296203,Offensive,Q5 (Best),11,Year 4+
Dick Vermeil,KAN,2001,-0.0664205849170684,0.375,True,-0.0664928555488586,Offensive,Q2,1,Year 1
Dick Vermeil,KAN,2002,-0.0664928555488586,0.5,True,0.0944037437438964,Offensive,Q2,2,Year 2
Dick Vermeil,KAN,2003,0.0944037437438964,0.8125,True,0.0125430822372436,Offensive,Q4,3,Year 3
Dick Vermeil,KAN,2004,0.0125430822372436,0.4375,True,0.0105407834053039,Offensive,Q3,4,Year 4+
Dick Vermeil,KAN,2005,0.0105407834053039,0.625,False,,Offensive,Q3,5,Year 4+
Frank Gansz,KAN,1987,0.0192812238454818,0.2667,True,-0.022644928741455,Offensive,Q3,1,Year 1
Frank Gansz,KAN,1988,-0.022644928741455,0.2812,False,,Offensive,Q2,2,Year 2
Gunther Cunningham,KAN,1999,-0.0553556084632873,0.5625,True,-0.1145486235618591,Defensive,Q2,1,Year 1
Gunther Cunningham,KAN,2000,-0.1145486235618591,0.4375,False,,Defensive,Q1 (Worst),2,Year 2
Hank Stram,KAN,1970,-0.0474328266143798,0.5714,True,0.0268337726593017,Other,Q2,1,Year 1
Hank Stram,KAN,1971,0.0268337726593017,0.75,True,-0.0259044633865356,Other,Q3,2,Year 2
Hank Stram,KAN,1972,-0.0259044633865356,0.5714,True,-0.0289207564353942,Other,Q2,3,Year 3
Hank Stram,KAN,1973,-0.0289207564353942,0.5714,True,-0.0548572341442108,Other,Q2,4,Year 4+
Hank Stram,KAN,1974,-0.0548572341442108,0.3571,False,,Other,Q2,5,Year 4+
Herm Edwards,KAN,2006,0.0478010773658752,0.5625,True,-0.1084356009960174,Offensive,Q4,1,Year 1
Herm Edwards,KAN,2006,0.0478010773658752,0.5625,True,-0.1084356009960174,Other,Q4,1,Year 1
Herm Edwards,KAN,2006,0.0478010773658752,0.5625,True,-0.1084356009960174,Defensive,Q4,1,Year 1
Herm Edwards,KAN,2006,0.0478010773658752,0.5625,True,-0.1084356009960174,Offensive,Q4,1,Year 1
Herm Edwards,KAN,2007,-0.1084356009960174,0.25,True,-0.1299646496772766,Offensive,Q1 (Worst),5,Year 4+
Herm Edwards,KAN,2007,-0.1084356009960174,0.25,True,-0.1299646496772766,Other,Q1 (Worst),5,Year 4+
Herm Edwards,KAN,2007,-0.1084356009960174,0.25,True,-0.1299646496772766,Defensive,Q1 (Worst),5,Year 4+
Herm Edwards,KAN,2007,-0.1084356009960174,0.25,True,-0.1299646496772766,Offensive,Q1 (Worst),5,Year 4+
Herm Edwards,KAN,2008,-0.1299646496772766,0.125,False,,Offensive,Q1 (Worst),9,Year 4+
Herm Edwards,KAN,2008,-0.1299646496772766,0.125,False,,Other,Q1 (Worst),9,Year 4+
Herm Edwards,KAN,2008,-0.1299646496772766,0.125,False,,Defensive,Q1 (Worst),9,Year 4+
Herm Edwards,KAN,2008,-0.1299646496772766,0.125,False,,Offensive,Q1 (Worst),9,Year 4+
John Mackovic,KAN,1983,-0.1760135293006897,0.375,True,-0.0065153241157531,Offensive,Q1 (Worst),1,Year 1
John Mackovic,KAN,1984,-0.0065153241157531,0.5,True,-0.0073928236961364,Offensive,Q3,2,Year 2
John Mackovic,KAN,1985,-0.0073928236961364,0.375,True,-0.0044627785682678,Offensive,Q3,3,Year 3
John Mackovic,KAN,1986,-0.0044627785682678,0.625,False,,Offensive,Q3,4,Year 4+
Marty Schottenheimer,KAN,1989,0.0932640814304351,0.5312,True,-0.0155529379844665,Offensive,Q4,1,Year 1
Marty Schottenheimer,KAN,1989,0.0932640814304351,0.5312,True,-0.0155529379844665,Defensive,Q4,1,Year 1
Marty Schottenheimer,KAN,1990,-0.0155529379844665,0.6875,True,0.0832006931304931,Offensive,Q3,3,Year 3
Marty Schottenheimer,KAN,1990,-0.0155529379844665,0.6875,True,0.0832006931304931,Defensive,Q3,3,Year 3
Marty Schottenheimer,KAN,1991,0.0832006931304931,0.625,True,-0.0015763640403747,Offensive,Q4,5,Year 4+
Marty Schottenheimer,KAN,1991,0.0832006931304931,0.625,True,-0.0015763640403747,Defensive,Q4,5,Year 4+
Marty Schottenheimer,KAN,1992,-0.0015763640403747,0.625,True,0.0585152506828308,Offensive,Q3,7,Year 4+
Marty Schottenheimer,KAN,1992,-0.0015763640403747,0.625,True,0.0585152506828308,Defensive,Q3,7,Year 4+
Marty Schottenheimer,KAN,1993,0.0585152506828308,0.6875,True,0.095472514629364,Offensive,Q4,9,Year 4+
Marty Schottenheimer,KAN,1993,0.0585152506828308,0.6875,True,0.095472514629364,Defensive,Q4,9,Year 4+
Marty Schottenheimer,KAN,1994,0.095472514629364,0.5625,True,0.1277154684066772,Offensive,Q4,11,Year 4+
Marty Schottenheimer,KAN,1994,0.095472514629364,0.5625,True,0.1277154684066772,Defensive,Q4,11,Year 4+
Marty Schottenheimer,KAN,1995,0.1277154684066772,0.8125,True,0.0091106295585632,Offensive,Q5 (Best),13,Year 4+
Marty Schottenheimer,KAN,1995,0.1277154684066772,0.8125,True,0.0091106295585632,Defensive,Q5 (Best),13,Year 4+
Marty Schottenheimer,KAN,1996,0.0091106295585632,0.5625,True,0.1313314437866211,Offensive,Q3,15,Year 4+
Marty Schottenheimer,KAN,1996,0.0091106295585632,0.5625,True,0.1313314437866211,Defensive,Q3,15,Year 4+
Marty Schottenheimer,KAN,1997,0.1313314437866211,0.8125,True,0.0247989892959594,Offensive,Q5 (Best),17,Year 4+
Marty Schottenheimer,KAN,1997,0.1313314437866211,0.8125,True,0.0247989892959594,Defensive,Q5 (Best),17,Year 4+
Marty Schottenheimer,KAN,1998,0.0247989892959594,0.4375,False,,Offensive,Q3,19,Year 4+
Marty Schottenheimer,KAN,1998,0.0247989892959594,0.4375,False,,Defensive,Q3,19,Year 4+
Marv Levy,KAN,1978,-0.265699565410614,0.25,True,0.0042721033096313,Other,Q1 (Worst),1,Year 1
Marv Levy,KAN,1979,0.0042721033096313,0.4375,True,-0.0347678661346435,Other,Q3,2,Year 2
Marv Levy,KAN,1980,-0.0347678661346435,0.5,True,0.0086981058120727,Other,Q2,3,Year 3
Marv Levy,KAN,1981,0.0086981058120727,0.5625,True,-0.0777378324985504,Other,Q3,4,Year 4+
Marv Levy,KAN,1982,-0.0777378324985504,0.3333,False,,Other,Q2,5,Year 4+
Paul Wiggin,KAN,1975,-0.1177435020446777,0.3571,True,-0.1617717246055603,Defensive,Q1 (Worst),1,Year 1
Paul Wiggin,KAN,1976,-0.1617717246055603,0.3571,True,-0.1069143315315246,Defensive,Q1 (Worst),2,Year 2
Paul Wiggin,KAN,1977,-0.1069143315315246,0.1429,False,,Defensive,Q1 (Worst),3,Year 3
Romeo Crennel,KAN,2012,-0.0929707586765289,0.125,False,,Defensive,Q1 (Worst),1,Year 1
Todd Haley,KAN,2009,-0.1391665339469909,0.25,True,0.0149505734443664,Offensive,Q1 (Worst),1,Year 1
Todd Haley,KAN,2009,-0.1391665339469909,0.25,True,0.0149505734443664,Offensive,Q1 (Worst),1,Year 1
Todd Haley,KAN,2010,0.0149505734443664,0.625,True,-0.1052415966987609,Offensive,Q3,3,Year 3
Todd Haley,KAN,2010,0.0149505734443664,0.625,True,-0.1052415966987609,Offensive,Q3,3,Year 3
Todd Haley,KAN,2011,-0.1052415966987609,0.4375,False,,Offensive,Q1 (Worst),5,Year 4+
Todd Haley,KAN,2011,-0.1052415966987609,0.4375,False,,Offensive,Q1 (Worst),5,Year 4+
Adam Gase,MIA,2016,0.1837621331214904,0.625,True,0.0689048171043396,Offensive,Q5 (Best),1,Year 1
Adam Gase,MIA,2017,0.0689048171043396,0.375,True,-0.0749264359474182,Offensive,Q4,2,Year 2
Adam Gase,MIA,2018,-0.0749264359474182,0.4375,False,,Offensive,Q2,3,Year 3
Brian Flores,MIA,2019,-0.0126131772994995,0.3125,True,0.0347917675971984,Defensive,Q3,1,Year 1
Brian Flores,MIA,2020,0.0347917675971984,0.625,True,0.0288075298309326,Defensive,Q3,2,Year 2
Brian Flores,MIA,2021,0.0288075298309326,0.5294,False,,Defensive,Q3,3,Year 3
Cam Cameron,MIA,2007,-0.1871809065341949,0.0625,False,,Offensive,Q1 (Worst),1,Year 1
Dave Wannstedt,MIA,2000,0.0440582633018493,0.6875,True,0.1674001216888427,Defensive,Q4,1,Year 1
Dave Wannstedt,MIA,2001,0.1674001216888427,0.6875,True,-0.0700977444648742,Defensive,Q5 (Best),2,Year 2
Dave Wannstedt,MIA,2002,-0.0700977444648742,0.5625,True,0.0064443349838256,Defensive,Q2,3,Year 3
Dave Wannstedt,MIA,2003,0.0064443349838256,0.625,True,-0.0180442929267883,Defensive,Q3,4,Year 4+
Dave Wannstedt,MIA,2004,-0.0180442929267883,0.25,False,,Defensive,Q2,5,Year 4+
Don Shula,MIA,1970,0.135572873878479,0.7143,True,0.1709240674972534,Defensive,Q5 (Best),1,Year 1
Don Shula,MIA,1971,0.1709240674972534,0.75,True,0.2932520508766174,Defensive,Q5 (Best),2,Year 2
Don Shula,MIA,1972,0.2932520508766174,1.0,True,0.1746384998321533,Defensive,Q5 (Best),3,Year 3
Don Shula,MIA,1973,0.1746384998321533,0.8571,True,0.2937021023750304,Defensive,Q5 (Best),4,Year 4+
Don Shula,MIA,1974,0.2937021023750304,0.7857,True,0.1534398429870606,Defensive,Q5 (Best),5,Year 4+
Don Shula,MIA,1975,0.1534398429870606,0.7143,True,-0.0500134362220764,Defensive,Q5 (Best),6,Year 4+
Don Shula,MIA,1976,-0.0500134362220764,0.4286,True,0.1178966396331787,Defensive,Q2,7,Year 4+
Don Shula,MIA,1976,-0.0593841804504394,0.4286,True,0.1178966396331787,Defensive,Q2,7,Year 4+
Don Shula,MIA,1977,0.1178966396331787,0.7143,True,0.0711780190467834,Defensive,Q5 (Best),9,Year 4+
Don Shula,MIA,1978,0.0711780190467834,0.6875,True,0.2300320565700531,Defensive,Q4,10,Year 4+
Don Shula,MIA,1979,0.2300320565700531,0.625,True,0.0807980597019195,Defensive,Q5 (Best),11,Year 4+
Don Shula,MIA,1980,0.0807980597019195,0.5,True,0.1570734298706054,Defensive,Q4,12,Year 4+
Don Shula,MIA,1981,0.1570734298706054,0.7188,True,0.2767489316940308,Defensive,Q5 (Best),13,Year 4+
Don Shula,MIA,1982,0.2767489316940308,0.7778,True,0.0603031516075134,Defensive,Q5 (Best),14,Year 4+
Don Shula,MIA,1983,0.0603031516075134,0.75,True,0.1892844438552856,Defensive,Q4,15,Year 4+
Don Shula,MIA,1984,0.1892844438552856,0.875,True,0.1798482537269592,Defensive,Q5 (Best),16,Year 4+
Don Shula,MIA,1985,0.1798482537269592,0.75,True,-0.0275784134864807,Defensive,Q5 (Best),17,Year 4+
Don Shula,MIA,1986,-0.0275784134864807,0.5,True,0.2394486542224884,Defensive,Q2,18,Year 4+
Don Shula,MIA,1987,0.2394486542224884,0.5333,True,0.0279176235198974,Defensive,Q5 (Best),19,Year 4+
Don Shula,MIA,1988,0.0279176235198974,0.375,True,-0.0220014452934265,Defensive,Q3,20,Year 4+
Don Shula,MIA,1989,-0.0220014452934265,0.5,True,0.0778620839118957,Defensive,Q2,21,Year 4+
Don Shula,MIA,1990,0.0778620839118957,0.75,True,-0.0492638945579528,Defensive,Q4,22,Year 4+
Don Shula,MIA,1991,-0.0492638945579528,0.5,True,0.0710963010787963,Defensive,Q2,23,Year 4+
Don Shula,MIA,1992,0.0710963010787963,0.6875,True,0.2825201153755188,Defensive,Q4,24,Year 4+
Don Shula,MIA,1993,0.2825201153755188,0.5625,True,-0.0066868662834167,Defensive,Q5 (Best),25,Year 4+
Don Shula,MIA,1994,-0.0066868662834167,0.625,True,0.1964971125125885,Defensive,Q3,26,Year 4+
Don Shula,MIA,1995,0.1964971125125885,0.5625,False,,Defensive,Q5 (Best),27,Year 4+
Jimmy Johnson,MIA,1996,-0.084596574306488,0.5,True,0.1150746643543243,Offensive,Q1 (Worst),1,Year 1
Jimmy Johnson,MIA,1996,-0.084596574306488,0.5,True,0.1150746643543243,Defensive,Q1 (Worst),1,Year 1
Jimmy Johnson,MIA,1997,0.1150746643543243,0.5625,True,0.0093487501144409,Offensive,Q5 (Best),3,Year 3
Jimmy Johnson,MIA,1997,0.1150746643543243,0.5625,True,0.0093487501144409,Defensive,Q5 (Best),3,Year 3
Jimmy Johnson,MIA,1998,0.0093487501144409,0.625,True,0.144603431224823,Offensive,Q3,5,Year 4+
Jimmy Johnson,MIA,1998,0.0093487501144409,0.625,True,0.144603431224823,Defensive,Q3,5,Year 4+
Jimmy Johnson,MIA,1999,0.144603431224823,0.5625,False,,Offensive,Q5 (Best),7,Year 4+
Jimmy Johnson,MIA,1999,0.144603431224823,0.5625,False,,Defensive,Q5 (Best),7,Year 4+
Joe Philbin,MIA,2012,0.0346055924892425,0.4375,True,0.0024924278259277,Offensive,Q3,1,Year 1
Joe Philbin,MIA,2013,0.0024924278259277,0.5,True,0.0443100035190582,Offensive,Q3,2,Year 2
Joe Philbin,MIA,2014,0.0443100035190582,0.5,True,-0.1033034324645996,Offensive,Q4,3,Year 3
Joe Philbin,MIA,2015,-0.1033034324645996,0.375,False,,Offensive,Q1 (Worst),4,Year 4+
Mike McDaniel,MIA,2022,0.231428751373291,0.5294,True,0.1180098935127258,Offensive,Q5 (Best),1,Year 1
Mike McDaniel,MIA,2023,0.1180098935127258,0.6471,True,0.0294003695011139,Offensive,Q5 (Best),2,Year 2
Nick Saban,MIA,2005,0.0189859271049499,0.5625,True,0.0188560187816619,Defensive,Q3,1,Year 1
Nick Saban,MIA,2006,0.0188560187816619,0.375,False,,Defensive,Q3,2,Year 2
Tony Sparano,MIA,2008,-0.0067726373672485,0.6875,True,0.195006638765335,Offensive,Q3,1,Year 1
Tony Sparano,MIA,2009,0.195006638765335,0.4375,True,0.1049865186214447,Offensive,Q5 (Best),2,Year 2
Tony Sparano,MIA,2010,0.1049865186214447,0.4375,True,-0.2091035842895507,Offensive,Q4,3,Year 3
Tony Sparano,MIA,2011,-0.2091035842895507,0.375,False,,Offensive,Q1 (Worst),4,Year 4+
Brad Childress,MIN,2006,-0.147984504699707,0.375,True,-0.0728533267974853,Offensive,Q1 (Worst),1,Year 1
Brad Childress,MIN,2007,-0.0728533267974853,0.5,True,0.1217831373214721,Offensive,Q2,2,Year 2
Brad Childress,MIN,2008,0.1217831373214721,0.625,True,0.0934768319129943,Offensive,Q5 (Best),3,Year 3
Brad Childress,MIN,2009,0.0934768319129943,0.75,True,-0.0520532131195068,Offensive,Q4,4,Year 4+
Brad Childress,MIN,2010,-0.0520532131195068,0.375,False,,Offensive,Q2,5,Year 4+
Brad Childress,MIN,2010,-0.0635959804058075,0.375,False,,Offensive,Q2,5,Year 4+
Bud Grant,MIN,1970,0.1336734791755676,0.8571,True,0.1435882217407226,Other,Q5 (Best),1,Year 1
Bud Grant,MIN,1971,0.1435882217407226,0.7857,True,-0.1201900839805603,Other,Q5 (Best),2,Year 2
Bud Grant,MIN,1972,-0.1201900839805603,0.5,True,0.1625844141006469,Other,Q1 (Worst),3,Year 3
Bud Grant,MIN,1973,0.1625844141006469,0.8571,True,0.0650729768753052,Other,Q5 (Best),4,Year 4+
Bud Grant,MIN,1974,0.0650729768753052,0.7143,True,0.0775174399375915,Other,Q4,5,Year 4+
Bud Grant,MIN,1975,0.0775174399375915,0.8571,True,0.0815925730705261,Other,Q4,6,Year 4+
Bud Grant,MIN,1976,0.0815925730705261,0.8214,True,0.2405445078849792,Other,Q4,7,Year 4+
Bud Grant,MIN,1977,0.2405445078849792,0.6429,True,0.0346031271934509,Other,Q5 (Best),8,Year 4+
Bud Grant,MIN,1978,0.0346031271934509,0.5312,True,-0.1139807701110839,Other,Q3,9,Year 4+
Bud Grant,MIN,1979,-0.1139807701110839,0.4375,True,-0.0772953629493713,Other,Q1 (Worst),10,Year 4+
Bud Grant,MIN,1980,-0.0772953629493713,0.5625,True,-0.0061556100845336,Other,Q2,11,Year 4+
Bud Grant,MIN,1981,-0.0061556100845336,0.4375,True,0.1366225009918212,Other,Q3,12,Year 4+
Bud Grant,MIN,1982,0.1366225009918212,0.5556,True,-0.0016565322875976,Other,Q5 (Best),13,Year 4+
Bud Grant,MIN,1983,-0.0016565322875976,0.5,False,,Other,Q3,14,Year 4+
Bud Grant,MIN,1985,-0.0863441228866577,0.4375,False,,Other,Q1 (Worst),15,Year 4+
Dennis Green,MIN,1992,-0.0053849816322326,0.6875,True,-0.0865226984024047,Offensive,Q3,1,Year 1
Dennis Green,MIN,1993,-0.0865226984024047,0.5625,True,0.0836424827575683,Offensive,Q1 (Worst),2,Year 2
Dennis Green,MIN,1994,0.0836424827575683,0.625,True,-0.0856198072433471,Offensive,Q4,3,Year 3
Dennis Green,MIN,1995,-0.0856198072433471,0.5,True,0.0677316784858703,Offensive,Q1 (Worst),4,Year 4+
Dennis Green,MIN,1996,0.0677316784858703,0.5625,True,0.1602707207202911,Offensive,Q4,5,Year 4+
Dennis Green,MIN,1997,0.1602707207202911,0.5625,True,0.2673327922821045,Offensive,Q5 (Best),6,Year 4+
Dennis Green,MIN,1998,0.2673327922821045,0.9375,True,0.1673060655593872,Offensive,Q5 (Best),7,Year 4+
Dennis Green,MIN,1999,0.1673060655593872,0.625,True,0.2129282057285308,Offensive,Q5 (Best),8,Year 4+
Dennis Green,MIN,2000,0.2129282057285308,0.6875,True,0.0324837863445282,Offensive,Q5 (Best),9,Year 4+
Dennis Green,MIN,2001,0.0324837863445282,0.3125,False,,Offensive,Q3,10,Year 4+
Jerry Burns,MIN,1986,-0.0477787256240844,0.5625,True,0.0972557838439941,Offensive,Q2,1,Year 1
Jerry Burns,MIN,1987,0.0972557838439941,0.5333,True,0.0461395978927612,Offensive,Q4,2,Year 2
Jerry Burns,MIN,1988,0.0461395978927612,0.6875,True,0.0663970708847045,Offensive,Q4,3,Year 3
Jerry Burns,MIN,1989,0.0663970708847045,0.625,True,-0.1238927543163299,Offensive,Q4,4,Year 4+
Jerry Burns,MIN,1990,-0.1238927543163299,0.375,True,-0.0519055128097534,Offensive,Q1 (Worst),5,Year 4+
Jerry Burns,MIN,1991,-0.0519055128097534,0.5,False,,Offensive,Q2,6,Year 4+
Kevin O'Connell,MIN,2022,0.1725843593597412,0.7647,True,0.1197344689846038,Offensive,Q5 (Best),1,Year 1
Kevin O'Connell,MIN,2023,0.1197344689846038,0.4118,True,0.1507369503974914,Offensive,Q5 (Best),2,Year 2
Les Steckel,MIN,1984,-0.0096137225627899,0.1875,False,,Offensive,Q3,1,Year 1
Leslie Frazier,MIN,2011,-0.1744060814380645,0.1875,True,0.0895213484764099,Defensive,Q1 (Worst),1,Year 1
Leslie Frazier,MIN,2012,0.0895213484764099,0.625,True,-0.0767347895622253,Defensive,Q4,2,Year 2
Leslie Frazier,MIN,2013,-0.0767347895622253,0.3438,False,,Defensive,Q2,3,Year 3
Mike Tice,MIN,2002,-0.1100669801235199,0.375,True,-0.0808272957801818,Offensive,Q1 (Worst),1,Year 1
Mike Tice,MIN,2003,-0.0808272957801818,0.5625,True,-0.0820708274841308,Offensive,Q2,2,Year 2
Mike Tice,MIN,2004,-0.0820708274841308,0.5,True,0.06559818983078,Offensive,Q2,3,Year 3
Mike Tice,MIN,2005,0.06559818983078,0.5625,False,,Offensive,Q4,4,Year 4+
Mike Zimmer,MIN,2014,0.1153611242771148,0.4375,True,0.10679292678833,Defensive,Q5 (Best),1,Year 1
Mike Zimmer,MIN,2015,0.10679292678833,0.6875,True,-0.0421806573867797,Defensive,Q5 (Best),2,Year 2
Mike Zimmer,MIN,2016,-0.0421806573867797,0.5,True,0.2446217536926269,Defensive,Q2,3,Year 3
Mike Zimmer,MIN,2017,0.2446217536926269,0.8125,True,-0.0468568718910217,Defensive,Q5 (Best),4,Year 4+
Mike Zimmer,MIN,2018,-0.0468568718910217,0.5312,True,-0.0485433936119079,Defensive,Q2,5,Year 4+
Mike Zimmer,MIN,2019,-0.0485433936119079,0.625,True,-0.0036543309688568,Defensive,Q2,6,Year 4+
Mike Zimmer,MIN,2020,-0.0036543309688568,0.4375,True,-0.0348129362106323,Defensive,Q3,7,Year 4+
Mike Zimmer,MIN,2021,-0.0348129362106323,0.4706,False,,Defensive,Q2,8,Year 4+
Bum Phillips,NOR,1981,-0.0594803392887115,0.25,True,0.1630514437198639,Defensive,Q2,1,Year 1
Bum Phillips,NOR,1982,0.1630514437198639,0.4444,True,-0.0028685331344604,Defensive,Q5 (Best),2,Year 2
Bum Phillips,NOR,1983,-0.0028685331344604,0.5,True,0.0512506961822509,Defensive,Q3,3,Year 3
Bum Phillips,NOR,1984,0.0512506961822509,0.4375,True,-0.0087727606296539,Defensive,Q4,4,Year 4+
Bum Phillips,NOR,1985,-0.0087727606296539,0.3125,False,,Defensive,Q3,5,Year 4+
Dennis Allen,NOR,2022,0.0590198069095611,0.4118,True,-0.0148656278610229,Defensive,Q4,1,Year 1
Dennis Allen,NOR,2023,-0.0148656278610229,0.5294,True,-0.0795782073974609,Defensive,Q3,2,Year 2
Dick Nolan,NOR,1978,-0.1184195876121521,0.4375,True,-0.0577796101570129,Defensive,Q1 (Worst),1,Year 1
Dick Nolan,NOR,1979,-0.0577796101570129,0.5,True,-0.1952955722808838,Defensive,Q2,2,Year 2
Dick Nolan,NOR,1980,-0.1952955722808838,0.0625,False,,Defensive,Q1 (Worst),3,Year 3
Hank Stram,NOR,1976,-0.0605138473987579,0.2857,True,-0.100784308385849,Other,Q2,1,Year 1
Hank Stram,NOR,1977,-0.100784308385849,0.2143,False,,Other,Q1 (Worst),2,Year 2
J.D. Roberts,NOR,1970,-0.2031571699619293,0.1786,True,-0.1080832282543182,Defensive,Q1 (Worst),1,Year 1
J.D. Roberts,NOR,1970,-0.2031571699619293,0.1786,True,-0.1080832282543182,Defensive,Q1 (Worst),1,Year 1
J.D. Roberts,NOR,1971,-0.1080832282543182,0.3571,True,-0.1375210417747497,Defensive,Q1 (Worst),3,Year 3
J.D. Roberts,NOR,1972,-0.1375210417747497,0.1786,False,,Defensive,Q1 (Worst),4,Year 4+
Jim Haslett,NOR,2000,-0.0034833550453186,0.625,True,-0.0590770244598388,Defensive,Q3,1,Year 1
Jim Haslett,NOR,2001,-0.0590770244598388,0.4375,True,-0.0435758829116821,Defensive,Q2,2,Year 2
Jim Haslett,NOR,2002,-0.0435758829116821,0.5625,True,-0.0996102094650268,Defensive,Q2,3,Year 3
Jim Haslett,NOR,2003,-0.0996102094650268,0.5,True,-0.0507495403289794,Defensive,Q1 (Worst),4,Year 4+
Jim Haslett,NOR,2004,-0.0507495403289794,0.5,True,-0.141180545091629,Defensive,Q2,5,Year 4+
Jim Haslett,NOR,2005,-0.141180545091629,0.1875,False,,Defensive,Q1 (Worst),6,Year 4+
Jim Mora Sr,NOR,1986,-0.0999694466590881,0.4375,True,0.2203901290893555,Defensive,Q1 (Worst),1,Year 1
Jim Mora Sr,NOR,1987,0.2203901290893555,0.8,True,0.118155300617218,Defensive,Q5 (Best),2,Year 2
Jim Mora Sr,NOR,1988,0.118155300617218,0.625,True,0.0256018638610839,Defensive,Q5 (Best),3,Year 3
Jim Mora Sr,NOR,1989,0.0256018638610839,0.5625,True,0.1261515319347381,Defensive,Q3,4,Year 4+
Jim Mora Sr,NOR,1990,0.1261515319347381,0.5,True,0.0812047123908996,Defensive,Q5 (Best),5,Year 4+
Jim Mora Sr,NOR,1991,0.0812047123908996,0.6875,True,0.1526158452033996,Defensive,Q4,6,Year 4+
Jim Mora Sr,NOR,1992,0.1526158452033996,0.75,True,0.0889287590980529,Defensive,Q5 (Best),7,Year 4+
Jim Mora Sr,NOR,1993,0.0889287590980529,0.5,True,-0.1184484362602233,Defensive,Q4,8,Year 4+
Jim Mora Sr,NOR,1994,-0.1184484362602233,0.4375,True,-0.1503846049308776,Defensive,Q1 (Worst),9,Year 4+
Jim Mora Sr,NOR,1995,-0.1503846049308776,0.4375,True,-0.3137986660003662,Defensive,Q1 (Worst),10,Year 4+
Jim Mora Sr,NOR,1996,-0.3137986660003662,0.1875,False,,Defensive,Q1 (Worst),11,Year 4+
Joe Vitt,NOR,2012,0.0184697806835174,0.4375,False,,Defensive,Q3,1,Year 1
John North,NOR,1973,0.0389145811557769,0.3571,True,0.0948044558525085,Offensive,Q3,1,Year 1
John North,NOR,1974,0.0948044558525085,0.3571,True,-0.1972523232460022,Offensive,Q4,2,Year 2
John North,NOR,1975,-0.1972523232460022,0.1429,False,,Offensive,Q1 (Worst),3,Year 3
John North,NOR,1975,-0.2067041893959045,0.1429,False,,Offensive,Q1 (Worst),3,Year 3
Mike Ditka,NOR,1997,0.0915285944938659,0.375,True,0.0471880435943603,Offensive,Q4,1,Year 1
Mike Ditka,NOR,1998,0.0471880435943603,0.375,True,-0.1034558415412902,Offensive,Q4,2,Year 2
Mike Ditka,NOR,1999,-0.1034558415412902,0.1875,False,,Offensive,Q1 (Worst),3,Year 3
Sean Payton,NOR,2006,0.0571320056915283,0.625,True,0.025928258895874,Offensive,Q4,1,Year 1
Sean Payton,NOR,2007,0.025928258895874,0.4375,True,0.0241083800792694,Offensive,Q3,2,Year 2
Sean Payton,NOR,2008,0.0241083800792694,0.5,True,0.1327009797096252,Offensive,Q3,3,Year 3
Sean Payton,NOR,2009,0.1327009797096252,0.8125,True,0.1850913166999817,Offensive,Q5 (Best),4,Year 4+
Sean Payton,NOR,2010,0.1850913166999817,0.6875,True,0.2982296347618103,Offensive,Q5 (Best),5,Year 4+
Sean Payton,NOR,2011,0.2982296347618103,0.8125,False,,Offensive,Q5 (Best),6,Year 4+
Sean Payton,NOR,2013,0.1905082166194915,0.6875,True,-0.0651036500930786,Offensive,Q5 (Best),7,Year 4+
Sean Payton,NOR,2014,-0.0651036500930786,0.4375,True,-0.0295770168304443,Offensive,Q2,8,Year 4+
Sean Payton,NOR,2015,-0.0295770168304443,0.4375,True,0.035695344209671,Offensive,Q2,9,Year 4+
Sean Payton,NOR,2016,0.035695344209671,0.4375,True,0.144080638885498,Offensive,Q3,10,Year 4+
Sean Payton,NOR,2017,0.144080638885498,0.6875,True,0.1851485967636108,Offensive,Q5 (Best),11,Year 4+
Sean Payton,NOR,2018,0.1851485967636108,0.8125,True,0.1598312258720398,Offensive,Q5 (Best),12,Year 4+
Sean Payton,NOR,2019,0.1598312258720398,0.8125,True,0.0950605869293212,Offensive,Q5 (Best),13,Year 4+
Sean Payton,NOR,2020,0.0950605869293212,0.75,True,0.0542902738094329,Offensive,Q4,14,Year 4+
Sean Payton,NOR,2021,0.0542902738094329,0.5294,False,,Offensive,Q4,15,Year 4+
Bill Belichick,NWE,2000,-0.0454975366592407,0.3125,True,-0.0005698204040527,Defensive,Q2,1,Year 1
Bill Belichick,NWE,2001,-0.0005698204040527,0.6875,True,0.0084684491157531,Defensive,Q3,2,Year 2
Bill Belichick,NWE,2002,0.0084684491157531,0.5625,True,0.1642156839370727,Defensive,Q3,3,Year 3
Bill Belichick,NWE,2003,0.1642156839370727,0.875,True,0.2758229374885559,Defensive,Q5 (Best),4,Year 4+
Bill Belichick,NWE,2004,0.2758229374885559,0.875,True,0.141708105802536,Defensive,Q5 (Best),5,Year 4+
Bill Belichick,NWE,2005,0.141708105802536,0.625,True,0.1008124351501464,Defensive,Q5 (Best),6,Year 4+
Bill Belichick,NWE,2006,0.1008124351501464,0.75,True,0.3391543626785278,Defensive,Q4,7,Year 4+
Bill Belichick,NWE,2007,0.3391543626785278,1.0,True,0.0900567770004272,Defensive,Q5 (Best),8,Year 4+
Bill Belichick,NWE,2008,0.0900567770004272,0.6875,True,0.0586604475975036,Defensive,Q4,9,Year 4+
Bill Belichick,NWE,2009,0.0586604475975036,0.625,True,0.2343922853469848,Defensive,Q4,10,Year 4+
Bill Belichick,NWE,2010,0.2343922853469848,0.875,True,0.131676971912384,Defensive,Q5 (Best),11,Year 4+
Bill Belichick,NWE,2011,0.131676971912384,0.8125,True,0.0683372616767883,Defensive,Q5 (Best),12,Year 4+
Bill Belichick,NWE,2012,0.0683372616767883,0.75,True,0.2391536235809326,Defensive,Q4,13,Year 4+
Bill Belichick,NWE,2013,0.2391536235809326,0.75,True,0.0774849653244018,Defensive,Q5 (Best),14,Year 4+
Bill Belichick,NWE,2014,0.0774849653244018,0.75,True,0.1777485013008117,Defensive,Q4,15,Year 4+
Bill Belichick,NWE,2015,0.1777485013008117,0.75,True,0.2134175896644592,Defensive,Q5 (Best),16,Year 4+
Bill Belichick,NWE,2016,0.2134175896644592,0.875,True,0.2409262061119079,Defensive,Q5 (Best),17,Year 4+
Bill Belichick,NWE,2017,0.2409262061119079,0.8125,True,-0.0017618536949157,Defensive,Q5 (Best),18,Year 4+
Bill Belichick,NWE,2018,-0.0017618536949157,0.6875,True,0.077516496181488,Defensive,Q3,19,Year 4+
Bill Belichick,NWE,2019,0.077516496181488,0.75,True,-0.0353943705558776,Defensive,Q4,20,Year 4+
Bill Belichick,NWE,2020,-0.0353943705558776,0.4375,True,-0.0469052522659302,Defensive,Q2,21,Year 4+
Bill Belichick,NWE,2021,-0.0469052522659302,0.5882,True,-0.0304815262794494,Defensive,Q2,22,Year 4+
Bill Belichick,NWE,2022,-0.0304815262794494,0.4706,True,-0.0412829861164092,Defensive,Q2,23,Year 4+
Bill Belichick,NWE,2023,-0.0412829861164092,0.2353,False,,Defensive,Q2,24,Year 4+
Bill Parcells,NWE,1993,0.0181779265403747,0.3125,True,0.1906072497367859,Defensive,Q3,1,Year 1
Bill Parcells,NWE,1994,0.1906072497367859,0.625,True,-0.0472720861434936,Defensive,Q5 (Best),2,Year 2
Bill Parcells,NWE,1995,-0.0472720861434936,0.375,True,0.0699173212051391,Defensive,Q2,3,Year 3
Bill Parcells,NWE,1996,0.0699173212051391,0.6875,False,,Defensive,Q4,4,Year 4+
Chuck Fairbanks,NWE,1973,-0.1174040237903595,0.3571,True,-0.0450139045715332,Other,Q1 (Worst),1,Year 1
Chuck Fairbanks,NWE,1974,-0.0450139045715332,0.5,True,0.0103312813520431,Other,Q2,2,Year 2
Chuck Fairbanks,NWE,1975,0.0103312813520431,0.2143,True,0.1941541201591491,Other,Q3,3,Year 3
Chuck Fairbanks,NWE,1976,0.1941541201591491,0.7857,True,0.0595874885559082,Other,Q5 (Best),4,Year 4+
Chuck Fairbanks,NWE,1977,0.0595874885559082,0.6429,True,0.0841656923294067,Other,Q4,5,Year 4+
Chuck Fairbanks,NWE,1978,0.0841656923294067,0.6875,False,,Other,Q4,6,Year 4+
Clive Rush,NWE,1970,-0.104245876288414,0.1429,False,,Offensive,Q1 (Worst),1,Year 1
Dick MacPherson,NWE,1991,0.011086106300354,0.375,True,-0.1458955109119415,Defensive,Q3,1,Year 1
Dick MacPherson,NWE,1992,-0.1458955109119415,0.125,False,,Defensive,Q1 (Worst),2,Year 2
John Mazur,NWE,1971,-0.0103534890651703,0.4286,True,-0.0085390127420425,Offensive,Q3,1,Year 1
John Mazur,NWE,1972,-0.0085390127420425,0.2143,False,,Offensive,Q3,2,Year 2
John Mazur,NWE,1972,-0.0177651710033416,0.2143,False,,Offensive,Q2,2,Year 2
Pete Carroll,NWE,1997,0.0473638176918029,0.625,True,0.0871711373329162,Defensive,Q4,1,Year 1
Pete Carroll,NWE,1998,0.0871711373329162,0.5625,True,0.0188119113445281,Defensive,Q4,2,Year 2
Pete Carroll,NWE,1999,0.0188119113445281,0.5,False,,Defensive,Q3,3,Year 3
Raymond Berry,NWE,1985,0.1569182276725769,0.6875,True,0.0423568487167358,Offensive,Q5 (Best),1,Year 1
Raymond Berry,NWE,1986,0.0423568487167358,0.6875,True,0.1476702268600463,Offensive,Q4,2,Year 2
Raymond Berry,NWE,1987,0.1476702268600463,0.5333,True,0.1393032073974609,Offensive,Q5 (Best),3,Year 3
Raymond Berry,NWE,1988,0.1393032073974609,0.5625,True,0.0247727334499359,Offensive,Q5 (Best),4,Year 4+
Raymond Berry,NWE,1989,0.0247727334499359,0.3125,False,,Offensive,Q3,5,Year 4+
Rod Rust,NWE,1990,-0.1473405361175537,0.0625,False,,Defensive,Q1 (Worst),1,Year 1
Ron Erhardt,NWE,1979,0.0828061401844024,0.5625,True,0.0365645289421081,Offensive,Q4,1,Year 1
Ron Erhardt,NWE,1980,0.0365645289421081,0.625,True,-0.1277995705604553,Offensive,Q3,2,Year 2
Ron Erhardt,NWE,1981,-0.1277995705604553,0.125,False,,Offensive,Q1 (Worst),3,Year 3
Ron Meyer,NWE,1982,0.077547294473648,0.5556,True,0.0466537177562713,Other,Q4,1,Year 1
Ron Meyer,NWE,1983,0.0466537177562713,0.5,True,-0.0026339888572692,Other,Q4,2,Year 2
Ron Meyer,NWE,1984,-0.0026339888572692,0.5625,False,,Other,Q3,3,Year 3
Ron Meyer,NWE,1984,-0.0474278330802917,0.5625,False,,Other,Q2,3,Year 3
Alex Webster,NYG,1970,0.0556442836761474,0.6429,True,-0.0243055158138275,Offensive,Q4,1,Year 1
Alex Webster,NYG,1971,-0.0243055158138275,0.2857,True,-0.0367637740135192,Offensive,Q2,2,Year 2
Alex Webster,NYG,1972,-0.0367637740135192,0.5714,True,-0.0995514525413513,Offensive,Q2,3,Year 3
Alex Webster,NYG,1973,-0.0995514525413513,0.1786,False,,Offensive,Q1 (Worst),4,Year 4+
Ben McAdoo,NYG,2016,0.0820463895797729,0.6875,True,-0.1042069792747497,Offensive,Q4,1,Year 1
Ben McAdoo,NYG,2017,-0.1042069792747497,0.1875,False,,Offensive,Q1 (Worst),2,Year 2
Bill Arnsparger,NYG,1974,-0.0778889854907989,0.1429,True,-0.0862871209621429,Defensive,Q2,1,Year 1
Bill Arnsparger,NYG,1975,-0.0862871209621429,0.3571,False,,Defensive,Q1 (Worst),2,Year 2
Bill Parcells,NYG,1983,-0.0587861620903015,0.2188,True,0.0180130004882812,Defensive,Q2,1,Year 1
Bill Parcells,NYG,1984,0.0180130004882812,0.5625,True,0.0202343463897705,Defensive,Q3,2,Year 2
Bill Parcells,NYG,1985,0.0202343463897705,0.625,True,0.2414925098419189,Defensive,Q3,3,Year 3
Bill Parcells,NYG,1986,0.2414925098419189,0.875,True,0.1150321304798126,Defensive,Q5 (Best),4,Year 4+
Bill Parcells,NYG,1987,0.1150321304798126,0.4,True,0.1084775924682617,Defensive,Q5 (Best),5,Year 4+
Bill Parcells,NYG,1988,0.1084775924682617,0.625,True,0.1303440332412719,Defensive,Q5 (Best),6,Year 4+
Bill Parcells,NYG,1989,0.1303440332412719,0.75,True,0.0979689359664917,Defensive,Q5 (Best),7,Year 4+
Bill Parcells,NYG,1990,0.0979689359664917,0.8125,False,,Defensive,Q4,8,Year 4+
Brian Daboll,NYG,2022,0.055305856513977,0.5588,True,-0.1122455581188202,Offensive,Q4,1,Year 1
Brian Daboll,NYG,2023,-0.1122455581188202,0.3529,True,-0.0627139434814453,Offensive,Q1 (Worst),2,Year 2
Dan Reeves,NYG,1993,0.0241749882698059,0.6875,True,0.0371468067169189,Offensive,Q3,1,Year 1
Dan Reeves,NYG,1994,0.0371468067169189,0.5625,True,-0.2681156396865845,Offensive,Q3,2,Year 2
Dan Reeves,NYG,1995,-0.2681156396865845,0.3125,True,-0.1858510971069336,Offensive,Q1 (Worst),3,Year 3
Dan Reeves,NYG,1996,-0.1858510971069336,0.375,False,,Offensive,Q1 (Worst),4,Year 4+
Jim Fassel,NYG,1997,0.0406656348228454,0.6562,True,-0.1337353587150573,Offensive,Q3,1,Year 1
Jim Fassel,NYG,1997,0.0406656348228454,0.6562,True,-0.1337353587150573,Offensive,Q3,1,Year 1
Jim Fassel,NYG,1998,-0.1337353587150573,0.5,True,0.0189677774906158,Offensive,Q1 (Worst),3,Year 3
Jim Fassel,NYG,1998,-0.1337353587150573,0.5,True,0.0189677774906158,Offensive,Q1 (Worst),3,Year 3
Jim Fassel,NYG,1999,0.0189677774906158,0.4375,True,0.0436558127403259,Offensive,Q3,5,Year 4+
Jim Fassel,NYG,1999,0.0189677774906158,0.4375,True,0.0436558127403259,Offensive,Q3,5,Year 4+
Jim Fassel,NYG,2000,0.0436558127403259,0.75,True,-0.117333710193634,Offensive,Q4,7,Year 4+
Jim Fassel,NYG,2000,0.0436558127403259,0.75,True,-0.117333710193634,Offensive,Q4,7,Year 4+
Jim Fassel,NYG,2001,-0.117333710193634,0.4375,True,0.0734886527061462,Offensive,Q1 (Worst),9,Year 4+
Jim Fassel,NYG,2001,-0.117333710193634,0.4375,True,0.0734886527061462,Offensive,Q1 (Worst),9,Year 4+
Jim Fassel,NYG,2002,0.0734886527061462,0.625,True,-0.0159810781478881,Offensive,Q4,11,Year 4+
Jim Fassel,NYG,2002,0.0734886527061462,0.625,True,-0.0159810781478881,Offensive,Q4,11,Year 4+
Jim Fassel,NYG,2003,-0.0159810781478881,0.25,False,,Offensive,Q3,13,Year 4+
Jim Fassel,NYG,2003,-0.0159810781478881,0.25,False,,Offensive,Q3,13,Year 4+
Joe Judge,NYG,2020,-0.1026636958122253,0.375,True,-0.0241632804393768,Offensive,Q1 (Worst),1,Year 1
Joe Judge,NYG,2021,-0.0241632804393768,0.2353,False,,Offensive,Q2,2,Year 2
John McVay,NYG,1976,-0.0150935120105743,0.2143,True,0.0822962721347808,Other,Q3,1,Year 1
John McVay,NYG,1977,0.0822962721347808,0.3571,True,-0.0276357531547546,Other,Q4,2,Year 2
John McVay,NYG,1978,-0.0276357531547546,0.375,False,,Other,Q2,3,Year 3
Pat Shurmur,NYG,2018,-0.2661507129669189,0.3125,True,-0.1405422687530517,Offensive,Q1 (Worst),1,Year 1
Pat Shurmur,NYG,2019,-0.1405422687530517,0.25,False,,Offensive,Q1 (Worst),2,Year 2
Ray Handley,NYG,1991,0.0911292731761932,0.5,True,-0.0415048897266387,Offensive,Q4,1,Year 1
Ray Handley,NYG,1992,-0.0415048897266387,0.375,False,,Offensive,Q2,2,Year 2
Ray Perkins,NYG,1979,0.0092280209064483,0.375,True,0.0062823891639709,Offensive,Q3,1,Year 1
Ray Perkins,NYG,1980,0.0062823891639709,0.25,True,0.1370032727718353,Offensive,Q3,2,Year 2
Ray Perkins,NYG,1981,0.1370032727718353,0.5625,True,-0.0309292798995971,Offensive,Q5 (Best),3,Year 3
Ray Perkins,NYG,1982,-0.0309292798995971,0.4444,False,,Offensive,Q2,4,Year 4+
Tom Coughlin,NYG,2004,0.0298094153404235,0.375,True,0.0993016958236694,Other,Q3,1,Year 1
Tom Coughlin,NYG,2004,0.0298094153404235,0.375,True,0.0993016958236694,Offensive,Q3,1,Year 1
Tom Coughlin,NYG,2005,0.0993016958236694,0.6875,True,-0.0403532981872558,Other,Q4,3,Year 3
Tom Coughlin,NYG,2005,0.0993016958236694,0.6875,True,-0.0403532981872558,Offensive,Q4,3,Year 3
Tom Coughlin,NYG,2006,-0.0403532981872558,0.5,True,0.1291653513908386,Other,Q2,5,Year 4+
Tom Coughlin,NYG,2006,-0.0403532981872558,0.5,True,0.1291653513908386,Offensive,Q2,5,Year 4+
Tom Coughlin,NYG,2007,0.1291653513908386,0.625,True,0.0668830275535583,Other,Q5 (Best),7,Year 4+
Tom Coughlin,NYG,2007,0.1291653513908386,0.625,True,0.0668830275535583,Offensive,Q5 (Best),7,Year 4+
Tom Coughlin,NYG,2008,0.0668830275535583,0.75,True,0.0919608175754547,Other,Q4,9,Year 4+
Tom Coughlin,NYG,2008,0.0668830275535583,0.75,True,0.0919608175754547,Offensive,Q4,9,Year 4+
Tom Coughlin,NYG,2009,0.0919608175754547,0.5,True,0.1174155473709106,Other,Q4,11,Year 4+
Tom Coughlin,NYG,2009,0.0919608175754547,0.5,True,0.1174155473709106,Offensive,Q4,11,Year 4+
Tom Coughlin,NYG,2010,0.1174155473709106,0.625,True,-0.0275850892066955,Other,Q5 (Best),13,Year 4+
Tom Coughlin,NYG,2010,0.1174155473709106,0.625,True,-0.0275850892066955,Offensive,Q5 (Best),13,Year 4+
Tom Coughlin,NYG,2011,-0.0275850892066955,0.5625,True,-0.0274798274040222,Other,Q2,15,Year 4+
Tom Coughlin,NYG,2011,-0.0275850892066955,0.5625,True,-0.0274798274040222,Offensive,Q2,15,Year 4+
Tom Coughlin,NYG,2012,-0.0274798274040222,0.5625,True,0.1075565814971923,Other,Q2,17,Year 4+
Tom Coughlin,NYG,2012,-0.0274798274040222,0.5625,True,0.1075565814971923,Offensive,Q2,17,Year 4+
Tom Coughlin,NYG,2013,0.1075565814971923,0.4375,True,-0.0570738315582275,Other,Q5 (Best),19,Year 4+
Tom Coughlin,NYG,2013,0.1075565814971923,0.4375,True,-0.0570738315582275,Offensive,Q5 (Best),19,Year 4+
Tom Coughlin,NYG,2014,-0.0570738315582275,0.375,True,-0.0652183294296264,Other,Q2,21,Year 4+
Tom Coughlin,NYG,2014,-0.0570738315582275,0.375,True,-0.0652183294296264,Offensive,Q2,21,Year 4+
Tom Coughlin,NYG,2015,-0.0652183294296264,0.375,False,,Other,Q2,23,Year 4+
Tom Coughlin,NYG,2015,-0.0652183294296264,0.375,False,,Offensive,Q2,23,Year 4+
Adam Gase,NYJ,2019,0.1284429132938385,0.4375,True,-0.0925837904214859,Offensive,Q5 (Best),1,Year 1
Adam Gase,NYJ,2020,-0.0925837904214859,0.125,False,,Offensive,Q1 (Worst),2,Year 2
Al Groh,NYJ,2000,0.0877609848976135,0.5625,False,,Defensive,Q4,1,Year 1
Bill Parcells,NYJ,1997,-0.052857220172882,0.5625,True,0.1385045051574707,Defensive,Q2,1,Year 1
Bill Parcells,NYJ,1998,0.1385045051574707,0.75,True,0.0540104210376739,Defensive,Q5 (Best),2,Year 2
Bill Parcells,NYJ,1999,0.0540104210376739,0.5,False,,Defensive,Q4,3,Year 3
Bruce Coslet,NYJ,1990,-0.1994678378105163,0.375,True,-0.166218101978302,Offensive,Q1 (Worst),1,Year 1
Bruce Coslet,NYJ,1991,-0.166218101978302,0.5,True,-0.2325395345687866,Offensive,Q1 (Worst),2,Year 2
Bruce Coslet,NYJ,1992,-0.2325395345687866,0.25,True,-0.1414525508880615,Offensive,Q1 (Worst),3,Year 3
Bruce Coslet,NYJ,1993,-0.1414525508880615,0.5,False,,Offensive,Q1 (Worst),4,Year 4+
Charley Winner,NYJ,1974,0.0752809643745422,0.5,True,-0.0514343745231628,Defensive,Q4,1,Year 1
Charley Winner,NYJ,1975,-0.0514343745231628,0.2143,False,,Defensive,Q2,2,Year 2
Eric Mangini,NYJ,2006,0.0652983784675598,0.625,True,-0.0880290269851684,Defensive,Q4,1,Year 1
Eric Mangini,NYJ,2007,-0.0880290269851684,0.25,True,0.0277628898620605,Defensive,Q1 (Worst),2,Year 2
Eric Mangini,NYJ,2008,0.0277628898620605,0.5625,False,,Defensive,Q3,3,Year 3
Herm Edwards,NYJ,2001,0.0125618577003479,0.625,True,-0.0055719017982482,Offensive,Q3,1,Year 1
Herm Edwards,NYJ,2001,0.0125618577003479,0.625,True,-0.0055719017982482,Other,Q3,1,Year 1
Herm Edwards,NYJ,2001,0.0125618577003479,0.625,True,-0.0055719017982482,Defensive,Q3,1,Year 1
Herm Edwards,NYJ,2001,0.0125618577003479,0.625,True,-0.0055719017982482,Offensive,Q3,1,Year 1
Herm Edwards,NYJ,2002,-0.0055719017982482,0.5625,True,-0.028797835111618,Offensive,Q3,5,Year 4+
Herm Edwards,NYJ,2002,-0.0055719017982482,0.5625,True,-0.028797835111618,Other,Q3,5,Year 4+
Herm Edwards,NYJ,2002,-0.0055719017982482,0.5625,True,-0.028797835111618,Defensive,Q3,5,Year 4+
Herm Edwards,NYJ,2002,-0.0055719017982482,0.5625,True,-0.028797835111618,Offensive,Q3,5,Year 4+
Herm Edwards,NYJ,2003,-0.028797835111618,0.375,True,0.0061304569244384,Offensive,Q2,9,Year 4+
Herm Edwards,NYJ,2003,-0.028797835111618,0.375,True,0.0061304569244384,Other,Q2,9,Year 4+
Herm Edwards,NYJ,2003,-0.028797835111618,0.375,True,0.0061304569244384,Defensive,Q2,9,Year 4+
Herm Edwards,NYJ,2003,-0.028797835111618,0.375,True,0.0061304569244384,Offensive,Q2,9,Year 4+
Herm Edwards,NYJ,2004,0.0061304569244384,0.625,True,-0.1322383284568786,Offensive,Q3,13,Year 4+
Herm Edwards,NYJ,2004,0.0061304569244384,0.625,True,-0.1322383284568786,Other,Q3,13,Year 4+
Herm Edwards,NYJ,2004,0.0061304569244384,0.625,True,-0.1322383284568786,Defensive,Q3,13,Year 4+
Herm Edwards,NYJ,2004,0.0061304569244384,0.625,True,-0.1322383284568786,Offensive,Q3,13,Year 4+
Herm Edwards,NYJ,2005,-0.1322383284568786,0.25,False,,Offensive,Q1 (Worst),17,Year 4+
Herm Edwards,NYJ,2005,-0.1322383284568786,0.25,False,,Other,Q1 (Worst),17,Year 4+
Herm Edwards,NYJ,2005,-0.1322383284568786,0.25,False,,Defensive,Q1 (Worst),17,Year 4+
Herm Edwards,NYJ,2005,-0.1322383284568786,0.25,False,,Offensive,Q1 (Worst),17,Year 4+
Joe Walton,NYJ,1983,-0.1000837087631225,0.4375,True,0.0853123366832733,Offensive,Q1 (Worst),1,Year 1
Joe Walton,NYJ,1984,0.0853123366832733,0.4375,True,0.0494069457054138,Offensive,Q4,2,Year 2
Joe Walton,NYJ,1985,0.0494069457054138,0.6875,True,0.1471472084522247,Offensive,Q4,3,Year 3
Joe Walton,NYJ,1986,0.1471472084522247,0.625,True,0.0258174180984497,Offensive,Q5 (Best),4,Year 4+
Joe Walton,NYJ,1987,0.0258174180984497,0.4,True,-0.0466607726097106,Offensive,Q3,5,Year 4+
Joe Walton,NYJ,1988,-0.0466607726097106,0.5312,True,-0.0562710165977478,Offensive,Q2,6,Year 4+
Joe Walton,NYJ,1989,-0.0562710165977478,0.25,False,,Offensive,Q2,7,Year 4+
Lou Holtz,NYJ,1976,0.0475641869783401,0.2143,False,,Defensive,Q4,1,Year 1
Lou Holtz,NYJ,1976,0.0475641869783401,0.2143,False,,Defensive,Q4,1,Year 1
Pete Carroll,NYJ,1994,-0.0415445268154144,0.375,False,,Defensive,Q2,1,Year 1
Rex Ryan,NYJ,2009,0.0140596032142639,0.5625,True,0.1689998507499694,Defensive,Q3,1,Year 1
Rex Ryan,NYJ,2010,0.1689998507499694,0.6875,True,-0.1401905417442321,Defensive,Q5 (Best),2,Year 2
Rex Ryan,NYJ,2011,-0.1401905417442321,0.5,True,-0.0186376571655273,Defensive,Q1 (Worst),3,Year 3
Rex Ryan,NYJ,2012,-0.0186376571655273,0.375,True,0.0835389792919159,Defensive,Q2,4,Year 4+
Rex Ryan,NYJ,2013,0.0835389792919159,0.5,True,-0.1240991353988647,Defensive,Q4,5,Year 4+
Rex Ryan,NYJ,2014,-0.1240991353988647,0.25,False,,Defensive,Q1 (Worst),6,Year 4+
Rich Kotite,NYJ,1995,-0.1033311188220977,0.1875,True,-0.2064315378665924,Offensive,Q1 (Worst),1,Year 1
Rich Kotite,NYJ,1996,-0.2064315378665924,0.0625,False,,Offensive,Q1 (Worst),2,Year 2
Robert Saleh,NYJ,2021,0.0339217439174652,0.2353,True,0.0459128945350647,Defensive,Q3,1,Year 1
Robert Saleh,NYJ,2022,0.0459128945350647,0.4118,True,0.0024250476837158,Defensive,Q4,2,Year 2
Robert Saleh,NYJ,2023,0.0024250476837158,0.4118,True,-0.1485521062850952,Defensive,Q3,3,Year 3
Todd Bowles,NYJ,2015,-0.0519337058067321,0.625,True,0.1022849678993225,Offensive,Q2,1,Year 1
Todd Bowles,NYJ,2015,-0.0519337058067321,0.625,True,0.1022849678993225,Defensive,Q2,1,Year 1
Todd Bowles,NYJ,2016,0.1022849678993225,0.3125,True,-0.0929575264453888,Offensive,Q4,3,Year 3
Todd Bowles,NYJ,2016,0.1022849678993225,0.3125,True,-0.0929575264453888,Defensive,Q4,3,Year 3
Todd Bowles,NYJ,2017,-0.0929575264453888,0.3125,True,-0.0511579513549804,Offensive,Q1 (Worst),5,Year 4+
Todd Bowles,NYJ,2017,-0.0929575264453888,0.3125,True,-0.0511579513549804,Defensive,Q1 (Worst),5,Year 4+
Todd Bowles,NYJ,2018,-0.0511579513549804,0.25,False,,Offensive,Q2,7,Year 4+
Todd Bowles,NYJ,2018,-0.0511579513549804,0.25,False,,Defensive,Q2,7,Year 4+
Walt Michaels,NYJ,1977,0.0405137621641158,0.2143,True,0.0484528839588165,Defensive,Q3,1,Year 1
Walt Michaels,NYJ,1978,0.0484528839588165,0.5,True,-0.0320014953613281,Defensive,Q4,2,Year 2
Walt Michaels,NYJ,1979,-0.0320014953613281,0.5,True,-0.2252725660800933,Defensive,Q2,3,Year 3
Walt Michaels,NYJ,1980,-0.2252725660800933,0.25,True,0.0291757666587829,Defensive,Q1 (Worst),4,Year 4+
Walt Michaels,NYJ,1981,0.0291757666587829,0.6562,True,0.0630929414749145,Defensive,Q3,5,Year 4+
Walt Michaels,NYJ,1982,0.0630929414749145,0.6667,False,,Defensive,Q4,6,Year 4+
Weeb Ewbank,NYJ,1970,-0.2270872228622436,0.2857,True,0.1449791060447692,Offensive,Q1 (Worst),1,Year 1
Weeb Ewbank,NYJ,1971,0.1449791060447692,0.4286,True,0.0388803482055664,Offensive,Q5 (Best),2,Year 2
Weeb Ewbank,NYJ,1972,0.0388803482055664,0.5,True,0.0255630976676941,Offensive,Q3,3,Year 3
Weeb Ewbank,NYJ,1973,0.0255630976676941,0.2857,False,,Offensive,Q3,4,Year 4+
Bill Peterson,OTI,1972,-0.0990951226711273,0.0714,True,-0.1691505776405334,Offensive,Q1 (Worst),1,Year 1
Bill Peterson,OTI,1973,-0.1691505776405334,0.0714,False,,Offensive,Q1 (Worst),2,Year 2
Bum Phillips,OTI,1975,0.0748057001113892,0.7143,True,-0.0172533492088318,Defensive,Q4,1,Year 1
Bum Phillips,OTI,1976,-0.0172533492088318,0.3571,True,0.0520767702102661,Defensive,Q2,2,Year 2
Bum Phillips,OTI,1977,0.0520767702102661,0.5714,True,0.1027442216873169,Defensive,Q4,3,Year 3
Bum Phillips,OTI,1978,0.1027442216873169,0.625,True,0.0408635139465332,Defensive,Q4,4,Year 4+
Bum Phillips,OTI,1979,0.0408635139465332,0.6875,True,0.062703788280487,Defensive,Q3,5,Year 4+
Bum Phillips,OTI,1980,0.062703788280487,0.6875,False,,Defensive,Q4,6,Year 4+
Ed Biles,OTI,1981,0.0322491228580474,0.4375,True,-0.0409557850599288,Defensive,Q3,1,Year 1
Ed Biles,OTI,1982,-0.0409557850599288,0.1111,True,-0.0749112963676452,Defensive,Q2,2,Year 2
Ed Biles,OTI,1983,-0.0749112963676452,0.125,False,,Defensive,Q2,3,Year 3
Ed Hughes,OTI,1971,-0.024051146364212,0.3214,False,,Offensive,Q2,1,Year 1
Hugh Campbell,OTI,1984,-0.1996875703334808,0.1875,True,-0.1286540329456329,Other,Q1 (Worst),1,Year 1
Hugh Campbell,OTI,1984,-0.1996875703334808,0.1875,True,-0.1286540329456329,Other,Q1 (Worst),1,Year 1
Hugh Campbell,OTI,1985,-0.1286540329456329,0.3125,False,,Other,Q1 (Worst),3,Year 3
Hugh Campbell,OTI,1985,-0.1286540329456329,0.3125,False,,Other,Q1 (Worst),3,Year 3
Jack Pardee,OTI,1990,-0.0996243953704834,0.5625,True,0.0615280866622924,Defensive,Q1 (Worst),1,Year 1
Jack Pardee,OTI,1991,0.0615280866622924,0.6875,True,0.0413945317268371,Defensive,Q4,2,Year 2
Jack Pardee,OTI,1992,0.0413945317268371,0.625,True,0.1085538268089294,Defensive,Q4,3,Year 3
Jack Pardee,OTI,1993,0.1085538268089294,0.75,True,-0.2413723766803741,Defensive,Q5 (Best),4,Year 4+
Jack Pardee,OTI,1994,-0.2413723766803741,0.125,False,,Defensive,Q1 (Worst),5,Year 4+
Jeff Fisher,OTI,1995,-0.0867066979408264,0.4375,True,-0.0599184036254882,Other,Q1 (Worst),1,Year 1
Jeff Fisher,OTI,1995,-0.0867066979408264,0.4375,True,-0.0599184036254882,Defensive,Q1 (Worst),1,Year 1
Jeff Fisher,OTI,1996,-0.0599184036254882,0.5,True,-0.0024108290672302,Other,Q2,3,Year 3
Jeff Fisher,OTI,1996,-0.0599184036254882,0.5,True,-0.0024108290672302,Defensive,Q2,3,Year 3
Jeff Fisher,OTI,1997,-0.0024108290672302,0.5,True,-0.082800805568695,Other,Q3,5,Year 4+
Jeff Fisher,OTI,1997,-0.0024108290672302,0.5,True,-0.082800805568695,Defensive,Q3,5,Year 4+
Jeff Fisher,OTI,1998,-0.082800805568695,0.5,True,0.1602702736854553,Other,Q1 (Worst),7,Year 4+
Jeff Fisher,OTI,1998,-0.082800805568695,0.5,True,0.1602702736854553,Defensive,Q1 (Worst),7,Year 4+
Jeff Fisher,OTI,1999,0.1602702736854553,0.8125,True,0.1445175409317016,Other,Q5 (Best),9,Year 4+
Jeff Fisher,OTI,1999,0.1602702736854553,0.8125,True,0.1445175409317016,Defensive,Q5 (Best),9,Year 4+
Jeff Fisher,OTI,2000,0.1445175409317016,0.8125,True,0.0425888001918792,Other,Q5 (Best),11,Year 4+
Jeff Fisher,OTI,2000,0.1445175409317016,0.8125,True,0.0425888001918792,Defensive,Q5 (Best),11,Year 4+
Jeff Fisher,OTI,2001,0.0425888001918792,0.4375,True,0.0621323585510253,Other,Q4,13,Year 4+
Jeff Fisher,OTI,2001,0.0425888001918792,0.4375,True,0.0621323585510253,Defensive,Q4,13,Year 4+
Jeff Fisher,OTI,2002,0.0621323585510253,0.6875,True,0.0698381066322326,Other,Q4,15,Year 4+
Jeff Fisher,OTI,2002,0.0621323585510253,0.6875,True,0.0698381066322326,Defensive,Q4,15,Year 4+
Jeff Fisher,OTI,2003,0.0698381066322326,0.75,True,0.0047149658203125,Other,Q4,17,Year 4+
Jeff Fisher,OTI,2003,0.0698381066322326,0.75,True,0.0047149658203125,Defensive,Q4,17,Year 4+
Jeff Fisher,OTI,2004,0.0047149658203125,0.3125,True,-0.1081801950931549,Other,Q3,19,Year 4+
Jeff Fisher,OTI,2004,0.0047149658203125,0.3125,True,-0.1081801950931549,Defensive,Q3,19,Year 4+
Jeff Fisher,OTI,2005,-0.1081801950931549,0.25,True,0.1642214953899383,Other,Q1 (Worst),21,Year 4+
Jeff Fisher,OTI,2005,-0.1081801950931549,0.25,True,0.1642214953899383,Defensive,Q1 (Worst),21,Year 4+
Jeff Fisher,OTI,2006,0.1642214953899383,0.5,True,0.009374976158142,Other,Q5 (Best),23,Year 4+
Jeff Fisher,OTI,2006,0.1642214953899383,0.5,True,0.009374976158142,Defensive,Q5 (Best),23,Year 4+
Jeff Fisher,OTI,2007,0.009374976158142,0.625,True,0.1002990007400512,Other,Q3,25,Year 4+
Jeff Fisher,OTI,2007,0.009374976158142,0.625,True,0.1002990007400512,Defensive,Q3,25,Year 4+
Jeff Fisher,OTI,2008,0.1002990007400512,0.8125,True,-0.048738420009613,Other,Q4,27,Year 4+
Jeff Fisher,OTI,2008,0.1002990007400512,0.8125,True,-0.048738420009613,Defensive,Q4,27,Year 4+
Jeff Fisher,OTI,2009,-0.048738420009613,0.5,True,-0.0002135038375854,Other,Q2,29,Year 4+
Jeff Fisher,OTI,2009,-0.048738420009613,0.5,True,-0.0002135038375854,Defensive,Q2,29,Year 4+
Jeff Fisher,OTI,2010,-0.0002135038375854,0.375,False,,Other,Q3,31,Year 4+
Jeff Fisher,OTI,2010,-0.0002135038375854,0.375,False,,Defensive,Q3,31,Year 4+
Jerry Glanville,OTI,1986,-0.0557269752025604,0.3125,True,0.1756927728652954,Defensive,Q2,1,Year 1
Jerry Glanville,OTI,1987,0.1756927728652954,0.6,True,0.0877077579498291,Defensive,Q5 (Best),2,Year 2
Jerry Glanville,OTI,1988,0.0877077579498291,0.625,True,-0.076541006565094,Defensive,Q4,3,Year 3
Jerry Glanville,OTI,1989,-0.076541006565094,0.5625,False,,Defensive,Q2,4,Year 4+
Ken Whisenhunt,OTI,2014,-0.1083601266145706,0.125,True,-0.0970318019390106,Offensive,Q1 (Worst),1,Year 1
Ken Whisenhunt,OTI,2015,-0.0970318019390106,0.1875,False,,Offensive,Q1 (Worst),2,Year 2
Mike Mularkey,OTI,2016,0.0129764080047607,0.5625,True,-0.0184478163719177,Offensive,Q3,1,Year 1
Mike Mularkey,OTI,2017,-0.0184478163719177,0.5625,False,,Offensive,Q2,2,Year 2
Mike Munchak,OTI,2011,-0.0052020549774169,0.5625,True,-0.0133837163448333,Offensive,Q3,1,Year 1
Mike Munchak,OTI,2012,-0.0133837163448333,0.375,True,-0.0184733569622039,Offensive,Q3,2,Year 2
Mike Munchak,OTI,2013,-0.0184733569622039,0.4375,False,,Offensive,Q2,3,Year 3
Mike Vrabel,OTI,2018,0.1493598520755767,0.5625,True,0.0162470340728759,Defensive,Q5 (Best),1,Year 1
Mike Vrabel,OTI,2019,0.0162470340728759,0.5625,True,0.1457099318504333,Defensive,Q3,2,Year 2
Mike Vrabel,OTI,2020,0.1457099318504333,0.6875,True,0.110960052871704,Defensive,Q5 (Best),3,Year 3
Mike Vrabel,OTI,2021,0.110960052871704,0.7059,True,-0.009256717634201,Defensive,Q5 (Best),4,Year 4+
Mike Vrabel,OTI,2022,-0.009256717634201,0.4118,True,0.071440996313095,Defensive,Q3,5,Year 4+
Mike Vrabel,OTI,2023,0.071440996313095,0.3529,False,,Defensive,Q4,6,Year 4+
Sid Gillman,OTI,1974,0.1373714804649353,0.5,False,,Offensive,Q5 (Best),1,Year 1
Wally Lemm,OTI,1970,-0.116496056318283,0.25,False,,Defensive,Q1 (Worst),1,Year 1
Andy Reid,PHI,1999,-0.111120730638504,0.3125,True,-0.0120290517807006,Offensive,Q1 (Worst),1,Year 1
Andy Reid,PHI,2000,-0.0120290517807006,0.6875,True,0.0736968517303466,Offensive,Q3,2,Year 2
Andy Reid,PHI,2001,0.0736968517303466,0.6875,True,0.0752068161964416,Offensive,Q4,3,Year 3
Andy Reid,PHI,2002,0.0752068161964416,0.75,True,0.1531270146369934,Offensive,Q4,4,Year 4+
Andy Reid,PHI,2003,0.1531270146369934,0.75,True,0.1376733779907226,Offensive,Q5 (Best),5,Year 4+
Andy Reid,PHI,2004,0.1376733779907226,0.8125,True,0.0916328132152557,Offensive,Q5 (Best),6,Year 4+
Andy Reid,PHI,2005,0.0916328132152557,0.375,True,-0.0212975740432739,Offensive,Q4,7,Year 4+
Andy Reid,PHI,2006,-0.0212975740432739,0.625,True,0.0599039494991302,Offensive,Q2,8,Year 4+
Andy Reid,PHI,2007,0.0599039494991302,0.5,True,-0.001031109046936,Offensive,Q4,9,Year 4+
Andy Reid,PHI,2008,-0.001031109046936,0.5938,True,0.0827701687812805,Offensive,Q3,10,Year 4+
Andy Reid,PHI,2009,0.0827701687812805,0.6875,True,0.0424322485923767,Offensive,Q4,11,Year 4+
Andy Reid,PHI,2010,0.0424322485923767,0.625,True,-0.0257619619369506,Offensive,Q4,12,Year 4+
Andy Reid,PHI,2011,-0.0257619619369506,0.5,True,-0.0375019013881683,Offensive,Q2,13,Year 4+
Andy Reid,PHI,2012,-0.0375019013881683,0.25,False,,Offensive,Q2,14,Year 4+
Buddy Ryan,PHI,1986,-0.1297099673271179,0.3438,True,0.0535133902549743,Defensive,Q1 (Worst),1,Year 1
Buddy Ryan,PHI,1987,0.0535133902549743,0.4667,True,-0.0399266481399536,Defensive,Q4,2,Year 2
Buddy Ryan,PHI,1988,-0.0399266481399536,0.625,True,-0.0046683549880981,Defensive,Q2,3,Year 3
Buddy Ryan,PHI,1989,-0.0046683549880981,0.6875,True,0.0043227672576904,Defensive,Q3,4,Year 4+
Buddy Ryan,PHI,1990,0.0043227672576904,0.625,False,,Defensive,Q3,5,Year 4+
Chip Kelly,PHI,2013,-0.0331718921661376,0.625,True,0.1844472587108612,Offensive,Q2,1,Year 1
Chip Kelly,PHI,2014,0.1844472587108612,0.625,True,-0.1051886677742004,Offensive,Q5 (Best),2,Year 2
Chip Kelly,PHI,2015,-0.1051886677742004,0.4375,False,,Offensive,Q1 (Worst),3,Year 3
Dick Vermeil,PHI,1976,-0.080463432598114,0.2857,True,-0.1949161986351013,Offensive,Q2,1,Year 1
Dick Vermeil,PHI,1977,-0.1949161986351013,0.3571,True,-0.1031838655471801,Offensive,Q1 (Worst),2,Year 2
Dick Vermeil,PHI,1978,-0.1031838655471801,0.5625,True,-0.0167761445045471,Offensive,Q1 (Worst),3,Year 3
Dick Vermeil,PHI,1979,-0.0167761445045471,0.6875,True,0.0369438529014587,Offensive,Q2,4,Year 4+
Dick Vermeil,PHI,1980,0.0369438529014587,0.75,True,-0.0166746377944946,Offensive,Q3,5,Year 4+
Dick Vermeil,PHI,1981,-0.0166746377944946,0.625,True,-0.0788997654438019,Offensive,Q3,6,Year 4+
Dick Vermeil,PHI,1982,-0.0788997654438019,0.3333,False,,Offensive,Q2,7,Year 4+
Doug Pederson,PHI,2016,-0.051257699728012,0.4375,True,0.2021051049232483,Offensive,Q2,1,Year 1
Doug Pederson,PHI,2017,0.2021051049232483,0.8125,True,0.0972174704074859,Offensive,Q5 (Best),2,Year 2
Doug Pederson,PHI,2018,0.0972174704074859,0.5625,True,0.046747863292694,Offensive,Q4,3,Year 3
Doug Pederson,PHI,2019,0.046747863292694,0.5625,True,0.0240040504455566,Offensive,Q4,4,Year 4+
Doug Pederson,PHI,2020,0.0240040504455566,0.2812,False,,Offensive,Q3,5,Year 4+
Ed Khayat,PHI,1972,-0.1429238153934478,0.1786,False,,Defensive,Q1 (Worst),1,Year 1
Jerry Williams,PHI,1970,-0.1325374543666839,0.25,True,0.0325640671730041,Offensive,Q1 (Worst),1,Year 1
Jerry Williams,PHI,1971,0.0325640671730041,0.4643,False,,Offensive,Q3,2,Year 2
Jerry Williams,PHI,1971,0.0283854239463806,0.4643,False,,Offensive,Q3,2,Year 2
Marion Campbell,PHI,1983,-0.0881056487560272,0.3125,True,-0.0624956107616424,Other,Q1 (Worst),1,Year 1
Marion Campbell,PHI,1983,-0.0881056487560272,0.3125,True,-0.0624956107616424,Defensive,Q1 (Worst),1,Year 1
Marion Campbell,PHI,1984,-0.0624956107616424,0.4062,True,-0.0282104015350341,Other,Q2,3,Year 3
Marion Campbell,PHI,1984,-0.0624956107616424,0.4062,True,-0.0282104015350341,Defensive,Q2,3,Year 3
Marion Campbell,PHI,1985,-0.0282104015350341,0.4375,False,,Other,Q2,5,Year 4+
Marion Campbell,PHI,1985,-0.048251450061798,0.4375,False,,Other,Q2,5,Year 4+
Marion Campbell,PHI,1985,-0.0282104015350341,0.4375,False,,Defensive,Q2,5,Year 4+
Marion Campbell,PHI,1985,-0.048251450061798,0.4375,False,,Defensive,Q2,5,Year 4+
Mike McCormack,PHI,1973,-0.0579963227272033,0.3929,True,0.0098856985569,Offensive,Q2,1,Year 1
Mike McCormack,PHI,1974,0.0098856985569,0.5,True,-0.2379902236938476,Offensive,Q3,2,Year 2
Mike McCormack,PHI,1975,-0.2379902236938476,0.2857,False,,Offensive,Q1 (Worst),3,Year 3
Nick Sirianni,PHI,2021,-0.0162764698028564,0.5294,True,0.0878187642097473,Offensive,Q3,1,Year 1
Nick Sirianni,PHI,2022,0.0878187642097473,0.8235,True,0.0993057175636291,Offensive,Q4,2,Year 2
Nick Sirianni,PHI,2023,0.0993057175636291,0.6471,True,0.1445020065307617,Offensive,Q4,3,Year 3
Ray Rhodes,PHI,1995,0.0969193577766418,0.625,True,0.1220346093177795,Defensive,Q4,1,Year 1
Ray Rhodes,PHI,1996,0.1220346093177795,0.625,True,0.0462682926177978,Defensive,Q5 (Best),2,Year 2
Ray Rhodes,PHI,1997,0.0462682926177978,0.4062,True,-0.0280144214630126,Defensive,Q4,3,Year 3
Ray Rhodes,PHI,1998,-0.0280144214630126,0.1875,False,,Defensive,Q2,4,Year 4+
Rich Kotite,PHI,1991,0.1277133822441101,0.625,True,0.034675657749176,Offensive,Q5 (Best),1,Year 1
Rich Kotite,PHI,1992,0.034675657749176,0.6875,True,0.0531786382198333,Offensive,Q3,2,Year 2
Rich Kotite,PHI,1993,0.0531786382198333,0.5,True,-0.1725538372993469,Offensive,Q4,3,Year 3
Rich Kotite,PHI,1994,-0.1725538372993469,0.4375,False,,Offensive,Q1 (Worst),4,Year 4+
Bill Cowher,PIT,1992,0.0575842857360839,0.6875,True,-0.0871264934539794,Defensive,Q4,1,Year 1
Bill Cowher,PIT,1993,-0.0871264934539794,0.5625,True,0.0808163285255432,Defensive,Q1 (Worst),2,Year 2
Bill Cowher,PIT,1994,0.0808163285255432,0.75,True,0.2136977314949035,Defensive,Q4,3,Year 3
Bill Cowher,PIT,1995,0.2136977314949035,0.6875,True,-0.0196378827095031,Defensive,Q5 (Best),4,Year 4+
Bill Cowher,PIT,1996,-0.0196378827095031,0.625,True,0.0624855756759643,Defensive,Q2,5,Year 4+
Bill Cowher,PIT,1997,0.0624855756759643,0.6875,True,-0.0847400426864624,Defensive,Q4,6,Year 4+
Bill Cowher,PIT,1998,-0.0847400426864624,0.4375,True,-0.0202395915985107,Defensive,Q1 (Worst),7,Year 4+
Bill Cowher,PIT,1999,-0.0202395915985107,0.375,True,-0.0245293378829956,Defensive,Q2,8,Year 4+
Bill Cowher,PIT,2000,-0.0245293378829956,0.5625,True,0.1854937672615051,Defensive,Q2,9,Year 4+
Bill Cowher,PIT,2001,0.1854937672615051,0.8125,True,0.1136091434478759,Defensive,Q5 (Best),10,Year 4+
Bill Cowher,PIT,2002,0.1136091434478759,0.6562,True,-0.1292704939842224,Defensive,Q5 (Best),11,Year 4+
Bill Cowher,PIT,2003,-0.1292704939842224,0.375,True,0.2796980738639831,Defensive,Q1 (Worst),12,Year 4+
Bill Cowher,PIT,2004,0.2796980738639831,0.9375,True,0.111625850200653,Defensive,Q5 (Best),13,Year 4+
Bill Cowher,PIT,2005,0.111625850200653,0.6875,True,-0.0215824842453002,Defensive,Q5 (Best),14,Year 4+
Bill Cowher,PIT,2006,-0.0215824842453002,0.5,False,,Defensive,Q2,15,Year 4+
Chuck Noll,PIT,1970,0.0156660576820373,0.3571,True,-0.0351080430984497,Defensive,Q3,1,Year 1
Chuck Noll,PIT,1971,-0.0351080430984497,0.4286,True,0.0727420217514037,Defensive,Q2,2,Year 2
Chuck Noll,PIT,1972,0.0727420217514037,0.7857,True,0.0747056835174561,Defensive,Q4,3,Year 3
Chuck Noll,PIT,1973,0.0747056835174561,0.7143,True,0.1354183554649353,Defensive,Q4,4,Year 4+
Chuck Noll,PIT,1974,0.1354183554649353,0.75,True,0.086753239250183,Defensive,Q5 (Best),5,Year 4+
Chuck Noll,PIT,1975,0.086753239250183,0.8571,True,0.027631663608551,Defensive,Q4,6,Year 4+
Chuck Noll,PIT,1976,0.027631663608551,0.7143,True,0.1071115831375122,Defensive,Q3,7,Year 4+
Chuck Noll,PIT,1977,0.1071115831375122,0.6429,True,0.1943057775497436,Defensive,Q5 (Best),8,Year 4+
Chuck Noll,PIT,1978,0.1943057775497436,0.875,True,0.0836681723594665,Defensive,Q5 (Best),9,Year 4+
Chuck Noll,PIT,1979,0.0836681723594665,0.75,True,0.0853511095046997,Defensive,Q4,10,Year 4+
Chuck Noll,PIT,1980,0.0853511095046997,0.5625,True,-0.1567068099975586,Defensive,Q4,11,Year 4+
Chuck Noll,PIT,1981,-0.1567068099975586,0.5,True,0.1286038105010986,Defensive,Q1 (Worst),12,Year 4+
Chuck Noll,PIT,1982,0.1286038105010986,0.6667,True,0.009809136390686,Defensive,Q5 (Best),13,Year 4+
Chuck Noll,PIT,1983,0.009809136390686,0.625,True,0.0533526539802551,Defensive,Q3,14,Year 4+
Chuck Noll,PIT,1984,0.0533526539802551,0.5625,True,0.0895307064056396,Defensive,Q4,15,Year 4+
Chuck Noll,PIT,1985,0.0895307064056396,0.4375,True,-0.1077699065208435,Defensive,Q4,16,Year 4+
Chuck Noll,PIT,1986,-0.1077699065208435,0.375,True,0.1471893663883209,Defensive,Q1 (Worst),17,Year 4+
Chuck Noll,PIT,1987,0.1471893663883209,0.5333,True,-0.037111759185791,Defensive,Q5 (Best),18,Year 4+
Chuck Noll,PIT,1988,-0.037111759185791,0.3125,True,-0.0050796866416931,Defensive,Q2,19,Year 4+
Chuck Noll,PIT,1989,-0.0050796866416931,0.5625,True,-0.0705050826072692,Defensive,Q3,20,Year 4+
Chuck Noll,PIT,1990,-0.0705050826072692,0.5625,True,0.0393303632736206,Defensive,Q2,21,Year 4+
Chuck Noll,PIT,1991,0.0393303632736206,0.4375,False,,Defensive,Q3,22,Year 4+
Mike Tomlin,PIT,2007,0.102012038230896,0.625,True,0.2046875357627868,Defensive,Q4,1,Year 1
Mike Tomlin,PIT,2008,0.2046875357627868,0.75,True,-0.0072672367095947,Defensive,Q5 (Best),2,Year 2
Mike Tomlin,PIT,2009,-0.0072672367095947,0.5625,True,0.0813319683074951,Defensive,Q3,3,Year 3
Mike Tomlin,PIT,2010,0.0813319683074951,0.75,True,0.151716411113739,Defensive,Q4,4,Year 4+
Mike Tomlin,PIT,2011,0.151716411113739,0.75,True,0.0693389177322387,Defensive,Q5 (Best),5,Year 4+
Mike Tomlin,PIT,2012,0.0693389177322387,0.5,True,0.0122178792953491,Defensive,Q4,6,Year 4+
Mike Tomlin,PIT,2013,0.0122178792953491,0.5,True,0.0228846669197082,Defensive,Q3,7,Year 4+
Mike Tomlin,PIT,2014,0.0228846669197082,0.6875,True,0.1964010298252105,Defensive,Q3,8,Year 4+
Mike Tomlin,PIT,2015,0.1964010298252105,0.625,True,0.1933532953262329,Defensive,Q5 (Best),9,Year 4+
Mike Tomlin,PIT,2016,0.1933532953262329,0.6875,True,0.2220772504806518,Defensive,Q5 (Best),10,Year 4+
Mike Tomlin,PIT,2017,0.2220772504806518,0.8125,True,0.1340878522872924,Defensive,Q5 (Best),11,Year 4+
Mike Tomlin,PIT,2018,0.1340878522872924,0.5938,True,0.0790355205535888,Defensive,Q5 (Best),12,Year 4+
Mike Tomlin,PIT,2019,0.0790355205535888,0.5,True,0.1086020469665527,Defensive,Q4,13,Year 4+
Mike Tomlin,PIT,2020,0.1086020469665527,0.75,True,-0.0194917737960815,Defensive,Q5 (Best),14,Year 4+
Mike Tomlin,PIT,2021,-0.0194917737960815,0.5588,True,0.0054661125183105,Defensive,Q2,15,Year 4+
Mike Tomlin,PIT,2022,0.0054661125183105,0.5294,True,-0.0483935802459717,Defensive,Q3,16,Year 4+
Mike Tomlin,PIT,2023,-0.0483935802459717,0.5882,True,-0.0261438220024109,Defensive,Q2,17,Year 4+
Art Shell,RAI,1990,0.1381733417510986,0.75,True,0.0947418808937072,Offensive,Q5 (Best),1,Year 1
Art Shell,RAI,1991,0.0947418808937072,0.5625,True,0.0454250574111938,Offensive,Q4,2,Year 2
Art Shell,RAI,1992,0.0454250574111938,0.4375,True,0.0247775316238403,Offensive,Q4,3,Year 3
Art Shell,RAI,1993,0.0247775316238403,0.625,True,0.015593409538269,Offensive,Q3,4,Year 4+
Art Shell,RAI,1994,0.015593409538269,0.5625,False,,Offensive,Q3,5,Year 4+
Art Shell,RAI,2006,-0.1083932220935821,0.125,False,,Offensive,Q1 (Worst),6,Year 4+
Bill Callahan,RAI,2002,0.0350890755653381,0.6875,True,-0.0598123371601104,Offensive,Q3,1,Year 1
Bill Callahan,RAI,2003,-0.0598123371601104,0.25,False,,Offensive,Q2,2,Year 2
Dennis Allen,RAI,2012,-0.1389122605323791,0.25,True,-0.0355584621429443,Defensive,Q1 (Worst),1,Year 1
Dennis Allen,RAI,2013,-0.0355584621429443,0.25,True,-0.0903038084506988,Defensive,Q2,2,Year 2
Dennis Allen,RAI,2014,-0.0903038084506988,0.1875,False,,Defensive,Q1 (Worst),3,Year 3
Hue Jackson,RAI,2011,0.0782632529735565,0.5,False,,Offensive,Q4,1,Year 1
Jack Del Rio,RAI,2015,0.0066141188144683,0.4375,True,0.0972744226455688,Defensive,Q3,1,Year 1
Jack Del Rio,RAI,2016,0.0972744226455688,0.75,True,-0.0942406058311462,Defensive,Q4,2,Year 2
Jack Del Rio,RAI,2017,-0.0942406058311462,0.375,False,,Defensive,Q1 (Worst),3,Year 3
Joe Bugel,RAI,1997,-0.2771438360214233,0.25,False,,Offensive,Q1 (Worst),1,Year 1
John Madden,RAI,1970,0.0980610946655273,0.6429,True,0.0648551682472229,Defensive,Q4,1,Year 1
John Madden,RAI,1971,0.0648551682472229,0.6429,True,0.0586117506027221,Defensive,Q4,2,Year 2
John Madden,RAI,1972,0.0586117506027221,0.75,True,0.0658051239013671,Defensive,Q4,3,Year 3
John Madden,RAI,1973,0.0658051239013671,0.6786,True,0.1929553647994994,Defensive,Q4,4,Year 4+
John Madden,RAI,1974,0.1929553647994994,0.8571,True,0.083699083995819,Defensive,Q5 (Best),5,Year 4+
John Madden,RAI,1975,0.083699083995819,0.7857,True,0.2632205949783325,Defensive,Q4,6,Year 4+
John Madden,RAI,1976,0.2632205949783325,0.9286,True,0.1506958968162536,Defensive,Q5 (Best),7,Year 4+
John Madden,RAI,1977,0.1506958968162536,0.7857,True,-0.0221006870269775,Defensive,Q5 (Best),8,Year 4+
John Madden,RAI,1978,-0.0221006870269775,0.5625,False,,Defensive,Q2,9,Year 4+
Jon Gruden,RAI,1998,-0.0240848064422607,0.5,True,-0.0890385508537292,Offensive,Q2,1,Year 1
Jon Gruden,RAI,1999,-0.0890385508537292,0.5,True,0.0339551568031311,Offensive,Q1 (Worst),2,Year 2
Jon Gruden,RAI,2000,0.0339551568031311,0.75,True,-0.0262385010719299,Offensive,Q3,3,Year 3
Jon Gruden,RAI,2001,-0.0262385010719299,0.625,False,,Offensive,Q2,4,Year 4+
Jon Gruden,RAI,2018,-0.1517524421215057,0.25,True,-0.0006174445152282,Offensive,Q1 (Worst),5,Year 4+
Jon Gruden,RAI,2019,-0.0006174445152282,0.4375,True,0.0438441932201385,Offensive,Q3,6,Year 4+
Jon Gruden,RAI,2020,0.0438441932201385,0.5,True,0.1265503437042235,Offensive,Q4,7,Year 4+
Jon Gruden,RAI,2021,0.1265503437042235,0.5882,False,,Offensive,Q5 (Best),8,Year 4+
Josh McDaniels,RAI,2022,-0.014107315158844,0.3529,True,0.0298920184135437,Offensive,Q3,1,Year 1
Josh McDaniels,RAI,2023,0.0298920184135437,0.4706,False,,Offensive,Q3,2,Year 2
Lane Kiffin,RAI,2007,-0.0404192805290222,0.25,True,-0.1481283605098724,Offensive,Q2,1,Year 1
Lane Kiffin,RAI,2008,-0.1481283605098724,0.3125,False,,Offensive,Q1 (Worst),2,Year 2
Mike Shanahan,RAI,1988,0.0312237739562988,0.4375,True,0.0791904032230377,Offensive,Q3,1,Year 1
Mike Shanahan,RAI,1989,0.0791904032230377,0.5,False,,Offensive,Q4,2,Year 2
Mike Shanahan,RAI,1989,0.0703921914100647,0.5,False,,Offensive,Q4,2,Year 2
Mike White,RAI,1995,0.1814094483852386,0.5,True,0.012366384267807,Offensive,Q5 (Best),1,Year 1
Mike White,RAI,1996,0.012366384267807,0.4375,False,,Offensive,Q3,2,Year 2
Norv Turner,RAI,2004,-0.0063810348510742,0.3125,True,-0.07167249917984,Offensive,Q3,1,Year 1
Norv Turner,RAI,2004,-0.0063810348510742,0.3125,True,-0.07167249917984,Offensive,Q3,1,Year 1
Norv Turner,RAI,2005,-0.07167249917984,0.25,False,,Offensive,Q2,3,Year 3
Norv Turner,RAI,2005,-0.07167249917984,0.25,False,,Offensive,Q2,3,Year 3
Tom Cable,RAI,2009,0.0858747661113739,0.3125,True,0.0649139285087585,Offensive,Q4,1,Year 1
Tom Cable,RAI,2010,0.0649139285087585,0.5,False,,Offensive,Q4,2,Year 2
Tom Flores,RAI,1979,-0.0417413711547851,0.5625,True,-0.0150848627090454,Offensive,Q2,1,Year 1
Tom Flores,RAI,1980,-0.0150848627090454,0.6875,True,-0.0104638636112213,Offensive,Q3,2,Year 2
Tom Flores,RAI,1981,-0.0104638636112213,0.4375,True,0.2946844281196594,Offensive,Q3,3,Year 3
Tom Flores,RAI,1982,0.2946844281196594,0.8889,True,0.1368043422698974,Offensive,Q5 (Best),4,Year 4+
Tom Flores,RAI,1983,0.1368043422698974,0.75,True,0.1421509981155395,Offensive,Q5 (Best),5,Year 4+
Tom Flores,RAI,1984,0.1421509981155395,0.6875,True,0.1764169335365295,Offensive,Q5 (Best),6,Year 4+
Tom Flores,RAI,1985,0.1764169335365295,0.75,True,-0.0214002132415771,Offensive,Q5 (Best),7,Year 4+
Tom Flores,RAI,1986,-0.0214002132415771,0.5,True,0.0466982479572296,Offensive,Q2,8,Year 4+
Tom Flores,RAI,1987,0.0466982479572296,0.3333,False,,Offensive,Q4,9,Year 4+
Chuck Knox,RAM,1973,0.1225977440834045,0.8571,True,0.0650443070411682,Offensive,Q5 (Best),1,Year 1
Chuck Knox,RAM,1973,0.1193061967849731,0.8571,True,0.0650443070411682,Offensive,Q5 (Best),1,Year 1
Chuck Knox,RAM,1974,0.0650443070411682,0.7143,True,0.1674771209716796,Offensive,Q4,3,Year 3
Chuck Knox,RAM,1974,0.0610060327529907,0.7143,True,0.1674771209716796,Offensive,Q4,3,Year 3
Chuck Knox,RAM,1975,0.1674771209716796,0.8571,True,0.0675752162933349,Offensive,Q5 (Best),5,Year 4+
Chuck Knox,RAM,1975,0.1663753291130065,0.8571,True,0.0675752162933349,Offensive,Q5 (Best),5,Year 4+
Chuck Knox,RAM,1976,0.0675752162933349,0.75,True,0.056271755027771,Offensive,Q4,7,Year 4+
Chuck Knox,RAM,1976,0.0586548447608947,0.75,True,0.056271755027771,Offensive,Q4,7,Year 4+
Chuck Knox,RAM,1977,0.056271755027771,0.7143,False,,Offensive,Q4,9,Year 4+
Chuck Knox,RAM,1977,0.056271755027771,0.7143,False,,Offensive,Q4,9,Year 4+
Chuck Knox,RAM,1992,0.0019034147262573,0.375,True,0.0041394829750061,Offensive,Q3,11,Year 4+
Chuck Knox,RAM,1993,0.0041394829750061,0.3125,True,-0.0672870874404907,Offensive,Q3,12,Year 4+
Chuck Knox,RAM,1994,-0.0672870874404907,0.25,False,,Offensive,Q2,13,Year 4+
Dick Vermeil,RAM,1997,-0.1714715659618377,0.3125,True,-0.1013228297233581,Offensive,Q1 (Worst),1,Year 1
Dick Vermeil,RAM,1998,-0.1013228297233581,0.25,True,0.0982386469841003,Offensive,Q1 (Worst),2,Year 2
Dick Vermeil,RAM,1999,0.0982386469841003,0.8125,False,,Offensive,Q4,3,Year 3
George Allen,RAM,1970,0.040974722957611,0.6786,False,,Defensive,Q3,1,Year 1
George Allen,RAM,1970,0.040974722957611,0.6786,False,,Defensive,Q3,1,Year 1
Jeff Fisher,RAM,2012,-0.0378118836402893,0.4688,True,0.0639269351959228,Other,Q2,1,Year 1
Jeff Fisher,RAM,2012,-0.0378118836402893,0.4688,True,0.0639269351959228,Defensive,Q2,1,Year 1
Jeff Fisher,RAM,2013,0.0639269351959228,0.4375,True,0.1375434547662735,Other,Q4,3,Year 3
Jeff Fisher,RAM,2013,0.0639269351959228,0.4375,True,0.1375434547662735,Defensive,Q4,3,Year 3
Jeff Fisher,RAM,2014,0.1375434547662735,0.375,True,0.0616032481193542,Other,Q5 (Best),5,Year 4+
Jeff Fisher,RAM,2014,0.1375434547662735,0.375,True,0.0616032481193542,Defensive,Q5 (Best),5,Year 4+
Jeff Fisher,RAM,2015,0.0616032481193542,0.4375,True,-0.0724098682403564,Other,Q4,7,Year 4+
Jeff Fisher,RAM,2015,0.0616032481193542,0.4375,True,-0.0724098682403564,Defensive,Q4,7,Year 4+
Jeff Fisher,RAM,2016,-0.0724098682403564,0.25,False,,Other,Q2,9,Year 4+
Jeff Fisher,RAM,2016,-0.0724098682403564,0.25,False,,Defensive,Q2,9,Year 4+
John Robinson,RAM,1983,0.0913705825805664,0.5625,True,0.1053557395935058,Other,Q4,1,Year 1
John Robinson,RAM,1983,0.0744010806083679,0.5625,True,0.1053557395935058,Other,Q4,1,Year 1
John Robinson,RAM,1983,0.0913705825805664,0.5625,True,0.1053557395935058,Offensive,Q4,1,Year 1
John Robinson,RAM,1983,0.0744010806083679,0.5625,True,0.1053557395935058,Offensive,Q4,1,Year 1
John Robinson,RAM,1984,0.1053557395935058,0.625,True,-0.0426115989685058,Other,Q5 (Best),5,Year 4+
John Robinson,RAM,1984,0.0905634760856628,0.625,True,-0.0426115989685058,Other,Q4,5,Year 4+
John Robinson,RAM,1984,0.1053557395935058,0.625,True,-0.0426115989685058,Offensive,Q5 (Best),5,Year 4+
John Robinson,RAM,1984,0.0905634760856628,0.625,True,-0.0426115989685058,Offensive,Q4,5,Year 4+
John Robinson,RAM,1985,-0.0426115989685058,0.6875,True,-0.0105529427528381,Other,Q2,9,Year 4+
John Robinson,RAM,1985,-0.0451971292495727,0.6875,True,-0.0105529427528381,Other,Q2,9,Year 4+
John Robinson,RAM,1985,-0.0426115989685058,0.6875,True,-0.0105529427528381,Offensive,Q2,9,Year 4+
John Robinson,RAM,1985,-0.0451971292495727,0.6875,True,-0.0105529427528381,Offensive,Q2,9,Year 4+
John Robinson,RAM,1986,-0.0105529427528381,0.625,True,0.0703443825244903,Other,Q3,13,Year 4+
John Robinson,RAM,1986,-0.0432981848716735,0.625,True,0.0703443825244903,Other,Q2,13,Year 4+
John Robinson,RAM,1986,-0.0105529427528381,0.625,True,0.0703443825244903,Offensive,Q3,13,Year 4+
John Robinson,RAM,1986,-0.0432981848716735,0.625,True,0.0703443825244903,Offensive,Q2,13,Year 4+
John Robinson,RAM,1987,0.0703443825244903,0.4,True,0.036742091178894,Other,Q4,17,Year 4+
John Robinson,RAM,1987,0.0703443825244903,0.4,True,0.036742091178894,Other,Q4,17,Year 4+
John Robinson,RAM,1987,0.0703443825244903,0.4,True,0.036742091178894,Offensive,Q4,17,Year 4+
John Robinson,RAM,1987,0.0703443825244903,0.4,True,0.036742091178894,Offensive,Q4,17,Year 4+
John Robinson,RAM,1988,0.036742091178894,0.625,True,0.1084082722663879,Other,Q3,21,Year 4+
John Robinson,RAM,1988,0.036742091178894,0.625,True,0.1084082722663879,Offensive,Q3,21,Year 4+
John Robinson,RAM,1989,0.1084082722663879,0.6875,True,-0.1088052988052368,Other,Q5 (Best),23,Year 4+
John Robinson,RAM,1989,0.1084082722663879,0.6875,True,-0.1088052988052368,Offensive,Q5 (Best),23,Year 4+
John Robinson,RAM,1990,-0.1088052988052368,0.3125,True,-0.0989235639572143,Other,Q1 (Worst),25,Year 4+
John Robinson,RAM,1990,-0.1088052988052368,0.3125,True,-0.0989235639572143,Offensive,Q1 (Worst),25,Year 4+
John Robinson,RAM,1991,-0.0989235639572143,0.1875,False,,Other,Q1 (Worst),27,Year 4+
John Robinson,RAM,1991,-0.0989235639572143,0.1875,False,,Offensive,Q1 (Worst),27,Year 4+
Mike Martz,RAM,2000,0.0761780142784118,0.625,True,0.2250474691390991,Offensive,Q4,1,Year 1
Mike Martz,RAM,2001,0.2250474691390991,0.875,True,0.1453277170658111,Offensive,Q5 (Best),2,Year 2
Mike Martz,RAM,2002,0.1453277170658111,0.4375,True,0.1530056595802307,Offensive,Q5 (Best),3,Year 3
Mike Martz,RAM,2003,0.1530056595802307,0.75,True,0.1239800751209259,Offensive,Q5 (Best),4,Year 4+
Mike Martz,RAM,2004,0.1239800751209259,0.5,True,0.0880644917488098,Offensive,Q5 (Best),5,Year 4+
Mike Martz,RAM,2005,0.0880644917488098,0.375,False,,Offensive,Q4,6,Year 4+
Ray Malavasi,RAM,1978,0.0726248025894165,0.75,True,0.1002410054206848,Defensive,Q4,1,Year 1
Ray Malavasi,RAM,1978,0.0726248025894165,0.75,True,0.1002410054206848,Defensive,Q4,1,Year 1
Ray Malavasi,RAM,1979,0.1002410054206848,0.5625,True,0.0823619961738586,Defensive,Q4,3,Year 3
Ray Malavasi,RAM,1979,0.1002410054206848,0.5625,True,0.0823619961738586,Defensive,Q4,3,Year 3
Ray Malavasi,RAM,1979,0.1002410054206848,0.5625,True,0.0823619961738586,Defensive,Q4,3,Year 3
Ray Malavasi,RAM,1980,0.0823619961738586,0.6875,True,0.0617320835590362,Defensive,Q4,6,Year 4+
Ray Malavasi,RAM,1980,0.0730268955230712,0.6875,True,0.0617320835590362,Defensive,Q4,6,Year 4+
Ray Malavasi,RAM,1981,0.0617320835590362,0.375,True,-0.0499633613109588,Defensive,Q4,8,Year 4+
Ray Malavasi,RAM,1981,0.0617320835590362,0.375,True,-0.0499633613109588,Defensive,Q4,8,Year 4+
Ray Malavasi,RAM,1982,-0.0499633613109588,0.2222,False,,Defensive,Q2,10,Year 4+
Ray Malavasi,RAM,1982,-0.0499633613109588,0.2222,False,,Defensive,Q2,10,Year 4+
Rich Brooks,RAM,1995,0.0005328655242919,0.4375,True,-0.0459038913249969,Defensive,Q3,1,Year 1
Rich Brooks,RAM,1996,-0.0459038913249969,0.375,False,,Defensive,Q2,2,Year 2
Scott Linehan,RAM,2006,-0.0805084109306335,0.5,True,-0.1603696346282959,Other,Q2,1,Year 1
Scott Linehan,RAM,2006,-0.0805084109306335,0.5,True,-0.1603696346282959,Offensive,Q2,1,Year 1
Scott Linehan,RAM,2006,-0.0805084109306335,0.5,True,-0.1603696346282959,Other,Q2,1,Year 1
Scott Linehan,RAM,2007,-0.1603696346282959,0.1875,True,-0.2194076478481292,Other,Q1 (Worst),4,Year 4+
Scott Linehan,RAM,2007,-0.1603696346282959,0.1875,True,-0.2194076478481292,Offensive,Q1 (Worst),4,Year 4+
Scott Linehan,RAM,2007,-0.1603696346282959,0.1875,True,-0.2194076478481292,Other,Q1 (Worst),4,Year 4+
Scott Linehan,RAM,2008,-0.2194076478481292,0.125,False,,Other,Q1 (Worst),7,Year 4+
Scott Linehan,RAM,2008,-0.2194076478481292,0.125,False,,Offensive,Q1 (Worst),7,Year 4+
Scott Linehan,RAM,2008,-0.2194076478481292,0.125,False,,Other,Q1 (Worst),7,Year 4+
Sean McVay,RAM,2017,0.0220277905464172,0.6875,True,0.1191326975822448,Offensive,Q3,1,Year 1
Sean McVay,RAM,2018,0.1191326975822448,0.8125,True,0.0409071445465087,Offensive,Q5 (Best),2,Year 2
Sean McVay,RAM,2019,0.0409071445465087,0.5625,True,0.0495465993881225,Offensive,Q3,3,Year 3
Sean McVay,RAM,2020,0.0495465993881225,0.625,True,0.1407518848419189,Offensive,Q4,4,Year 4+
Sean McVay,RAM,2021,0.1407518848419189,0.7059,True,-0.0938601955413818,Offensive,Q5 (Best),5,Year 4+
Sean McVay,RAM,2022,-0.0938601955413818,0.2941,True,0.1069224149703979,Offensive,Q1 (Worst),6,Year 4+
Sean McVay,RAM,2023,0.1069224149703979,0.5882,True,-0.0129314392089844,Offensive,Q5 (Best),7,Year 4+
Steve Spagnuolo,RAM,2009,-0.1108022630214691,0.0625,True,-0.0447339415550231,Defensive,Q1 (Worst),1,Year 1
Steve Spagnuolo,RAM,2010,-0.0447339415550231,0.4375,True,-0.2401375472545623,Defensive,Q2,2,Year 2
Steve Spagnuolo,RAM,2011,-0.2401375472545623,0.125,False,,Defensive,Q1 (Worst),3,Year 3
Tommy Prothro,RAM,1971,-0.0137189725875854,0.6071,True,0.0416529708385467,Other,Q3,1,Year 1
Tommy Prothro,RAM,1971,-0.0444399813652038,0.6071,True,0.0416529708385467,Other,Q2,1,Year 1
Tommy Prothro,RAM,1972,0.0416529708385467,0.4643,False,,Other,Q4,3,Year 3
Tommy Prothro,RAM,1972,0.0376146369457244,0.4643,False,,Other,Q3,3,Year 3
Brian Billick,RAV,1999,-0.0067852139472961,0.5,True,0.0909035801887512,Offensive,Q3,1,Year 1
Brian Billick,RAV,2000,0.0909035801887512,0.75,True,0.2326322793960571,Offensive,Q4,2,Year 2
Brian Billick,RAV,2001,0.2326322793960571,0.625,True,-0.0688005089759826,Offensive,Q5 (Best),3,Year 3
Brian Billick,RAV,2002,-0.0688005089759826,0.4375,True,0.0444321036338806,Offensive,Q2,4,Year 4+
Brian Billick,RAV,2003,0.0444321036338806,0.625,True,-0.0605697631835937,Offensive,Q4,5,Year 4+
Brian Billick,RAV,2004,-0.0605697631835937,0.5625,True,-0.0324870645999908,Offensive,Q2,6,Year 4+
Brian Billick,RAV,2005,-0.0324870645999908,0.375,True,0.122791588306427,Offensive,Q2,7,Year 4+
Brian Billick,RAV,2006,0.122791588306427,0.8125,True,-0.1146944761276245,Offensive,Q5 (Best),8,Year 4+
Brian Billick,RAV,2007,-0.1146944761276245,0.3125,False,,Offensive,Q1 (Worst),9,Year 4+
John Harbaugh,RAV,2008,0.0603861808776855,0.6875,True,-0.0670795440673828,Defensive,Q4,1,Year 1
John Harbaugh,RAV,2008,0.0603861808776855,0.6875,True,-0.0670795440673828,Offensive,Q4,1,Year 1
John Harbaugh,RAV,2009,-0.0670795440673828,0.5625,True,0.065644085407257,Defensive,Q2,3,Year 3
John Harbaugh,RAV,2009,-0.0670795440673828,0.5625,True,0.065644085407257,Offensive,Q2,3,Year 3
John Harbaugh,RAV,2010,0.065644085407257,0.75,True,0.1324813961982727,Defensive,Q4,5,Year 4+
John Harbaugh,RAV,2010,0.065644085407257,0.75,True,0.1324813961982727,Offensive,Q4,5,Year 4+
John Harbaugh,RAV,2011,0.1324813961982727,0.75,True,0.0785080790519714,Defensive,Q5 (Best),7,Year 4+
John Harbaugh,RAV,2011,0.1324813961982727,0.75,True,0.0785080790519714,Offensive,Q5 (Best),7,Year 4+
John Harbaugh,RAV,2012,0.0785080790519714,0.625,True,-0.071601927280426,Defensive,Q4,9,Year 4+
John Harbaugh,RAV,2012,0.0785080790519714,0.625,True,-0.071601927280426,Offensive,Q4,9,Year 4+
John Harbaugh,RAV,2013,-0.071601927280426,0.5,True,0.0892189741134643,Defensive,Q2,11,Year 4+
John Harbaugh,RAV,2013,-0.071601927280426,0.5,True,0.0892189741134643,Offensive,Q2,11,Year 4+
John Harbaugh,RAV,2014,0.0892189741134643,0.625,True,0.1290327608585357,Defensive,Q4,13,Year 4+
John Harbaugh,RAV,2014,0.0892189741134643,0.625,True,0.1290327608585357,Offensive,Q4,13,Year 4+
John Harbaugh,RAV,2015,0.1290327608585357,0.3125,True,-0.0146718025207519,Defensive,Q5 (Best),15,Year 4+
John Harbaugh,RAV,2015,0.1290327608585357,0.3125,True,-0.0146718025207519,Offensive,Q5 (Best),15,Year 4+
John Harbaugh,RAV,2016,-0.0146718025207519,0.5,True,0.0081261992454528,Defensive,Q3,17,Year 4+
John Harbaugh,RAV,2016,-0.0146718025207519,0.5,True,0.0081261992454528,Offensive,Q3,17,Year 4+
John Harbaugh,RAV,2017,0.0081261992454528,0.5625,True,0.0642595291137695,Defensive,Q3,19,Year 4+
John Harbaugh,RAV,2017,0.0081261992454528,0.5625,True,0.0642595291137695,Offensive,Q3,19,Year 4+
John Harbaugh,RAV,2018,0.0642595291137695,0.625,True,0.2510948777198791,Defensive,Q4,21,Year 4+
John Harbaugh,RAV,2018,0.0642595291137695,0.625,True,0.2510948777198791,Offensive,Q4,21,Year 4+
John Harbaugh,RAV,2019,0.2510948777198791,0.875,True,0.1775333881378173,Defensive,Q5 (Best),23,Year 4+
John Harbaugh,RAV,2019,0.2510948777198791,0.875,True,0.1775333881378173,Offensive,Q5 (Best),23,Year 4+
John Harbaugh,RAV,2020,0.1775333881378173,0.6875,True,0.114095500087738,Defensive,Q5 (Best),25,Year 4+
John Harbaugh,RAV,2020,0.1775333881378173,0.6875,True,0.114095500087738,Offensive,Q5 (Best),25,Year 4+
John Harbaugh,RAV,2021,0.114095500087738,0.4706,True,0.0706246168136596,Defensive,Q5 (Best),27,Year 4+
John Harbaugh,RAV,2021,0.114095500087738,0.4706,True,0.0706246168136596,Offensive,Q5 (Best),27,Year 4+
John Harbaugh,RAV,2022,0.0706246168136596,0.5882,True,0.0973722979545593,Defensive,Q4,29,Year 4+
John Harbaugh,RAV,2022,0.0706246168136596,0.5882,True,0.0973722979545593,Offensive,Q4,29,Year 4+
John Harbaugh,RAV,2023,0.0973722979545593,0.7647,True,0.0420955881118774,Defensive,Q4,31,Year 4+
John Harbaugh,RAV,2023,0.0973722979545593,0.7647,True,0.0420955881118774,Offensive,Q4,31,Year 4+
Ted Marchibroda,RAV,1996,-0.1598885357379913,0.25,True,-0.1304412997245788,Offensive,Q1 (Worst),1,Year 1
Ted Marchibroda,RAV,1997,-0.1304412997245788,0.4062,True,-0.1624324917793274,Offensive,Q1 (Worst),2,Year 2
Ted Marchibroda,RAV,1998,-0.1624324917793274,0.375,False,,Offensive,Q1 (Worst),3,Year 3
Al Saunders,SDG,1987,0.2473316665172577,0.5333,True,0.0589169561862945,Offensive,Q5 (Best),1,Year 1
Al Saunders,SDG,1988,0.0589169561862945,0.375,False,,Offensive,Q4,2,Year 2
Anthony Lynn,SDG,2017,-0.0876912474632263,0.5625,True,0.1471469402313232,Offensive,Q1 (Worst),1,Year 1
Anthony Lynn,SDG,2018,0.1471469402313232,0.75,True,-0.1787177622318267,Offensive,Q5 (Best),2,Year 2
Anthony Lynn,SDG,2019,-0.1787177622318267,0.3125,True,0.016895592212677,Offensive,Q1 (Worst),3,Year 3
Anthony Lynn,SDG,2020,0.016895592212677,0.4375,False,,Offensive,Q3,4,Year 4+
Bobby Ross,SDG,1992,0.0279362797737121,0.6875,True,0.0132742524147033,Offensive,Q3,1,Year 1
Bobby Ross,SDG,1993,0.0132742524147033,0.5,True,0.0667913556098938,Offensive,Q3,2,Year 2
Bobby Ross,SDG,1994,0.0667913556098938,0.6875,True,0.2013804614543914,Offensive,Q4,3,Year 3
Bobby Ross,SDG,1995,0.2013804614543914,0.5625,True,0.1257798075675964,Offensive,Q5 (Best),4,Year 4+
Bobby Ross,SDG,1996,0.1257798075675964,0.5,False,,Offensive,Q5 (Best),5,Year 4+
Brandon Staley,SDG,2021,0.0183987707138061,0.5294,True,-0.0325108497619629,Defensive,Q3,1,Year 1
Brandon Staley,SDG,2022,-0.0325108497619629,0.5882,True,-0.0628456338882446,Defensive,Q2,2,Year 2
Brandon Staley,SDG,2023,-0.0628456338882446,0.2941,False,,Defensive,Q2,3,Year 3
Charlie Waller,SDG,1970,0.0457842879772186,0.4643,False,,Offensive,Q4,1,Year 1
Charlie Waller,SDG,1970,0.0457842879772186,0.4643,False,,Offensive,Q4,1,Year 1
Dan Henning,SDG,1989,-0.1250641345977783,0.375,True,-0.0985873341560363,Offensive,Q1 (Worst),1,Year 1
Dan Henning,SDG,1990,-0.0985873341560363,0.375,True,-0.2708532810211181,Offensive,Q1 (Worst),2,Year 2
Dan Henning,SDG,1991,-0.2708532810211181,0.25,False,,Offensive,Q1 (Worst),3,Year 3
Don Coryell,SDG,1979,0.1360858678817749,0.75,True,0.1480672955513,Other,Q5 (Best),1,Year 1
Don Coryell,SDG,1980,0.1480672955513,0.6875,True,-0.014946699142456,Other,Q5 (Best),2,Year 2
Don Coryell,SDG,1981,-0.014946699142456,0.625,True,0.1621331517219543,Other,Q3,3,Year 3
Don Coryell,SDG,1982,0.1621331517219543,0.6667,True,0.0526632368564605,Other,Q5 (Best),4,Year 4+
Don Coryell,SDG,1983,0.0526632368564605,0.375,True,-0.0169731080532073,Other,Q4,5,Year 4+
Don Coryell,SDG,1984,-0.0169731080532073,0.4375,True,0.042887806892395,Other,Q2,6,Year 4+
Don Coryell,SDG,1985,0.042887806892395,0.5,True,0.0262614488601684,Other,Q4,7,Year 4+
Don Coryell,SDG,1986,0.0262614488601684,0.25,False,,Other,Q3,8,Year 4+
Don Coryell,SDG,1986,0.0134850889444351,0.25,False,,Other,Q3,8,Year 4+
Harland Svare,SDG,1972,-0.1616946028232574,0.3214,True,-0.0563657416343688,Defensive,Q1 (Worst),1,Year 1
Harland Svare,SDG,1973,-0.0563657416343688,0.1786,False,,Defensive,Q2,2,Year 2
Harland Svare,SDG,1973,-0.0580158962249755,0.1786,False,,Defensive,Q2,2,Year 2
Kevin Gilbride,SDG,1997,0.0112420916557312,0.25,True,-0.1148318648338317,Offensive,Q3,1,Year 1
Kevin Gilbride,SDG,1998,-0.1148318648338317,0.3125,False,,Offensive,Q1 (Worst),2,Year 2
Marty Schottenheimer,SDG,2002,-0.0745674967765808,0.5,True,0.006594568490982,Offensive,Q2,1,Year 1
Marty Schottenheimer,SDG,2002,-0.0745674967765808,0.5,True,0.006594568490982,Defensive,Q2,1,Year 1
Marty Schottenheimer,SDG,2003,0.006594568490982,0.25,True,0.0939691662788391,Offensive,Q3,3,Year 3
Marty Schottenheimer,SDG,2003,0.006594568490982,0.25,True,0.0939691662788391,Defensive,Q3,3,Year 3
Marty Schottenheimer,SDG,2004,0.0939691662788391,0.75,True,0.0676512122154235,Offensive,Q4,5,Year 4+
Marty Schottenheimer,SDG,2004,0.0939691662788391,0.75,True,0.0676512122154235,Defensive,Q4,5,Year 4+
Marty Schottenheimer,SDG,2005,0.0676512122154235,0.5625,True,0.2058294415473938,Offensive,Q4,7,Year 4+
Marty Schottenheimer,SDG,2005,0.0676512122154235,0.5625,True,0.2058294415473938,Defensive,Q4,7,Year 4+
Marty Schottenheimer,SDG,2006,0.2058294415473938,0.875,False,,Offensive,Q5 (Best),9,Year 4+
Marty Schottenheimer,SDG,2006,0.2058294415473938,0.875,False,,Defensive,Q5 (Best),9,Year 4+
Mike McCoy,SDG,2013,0.1021033823490142,0.5625,True,0.2584995627403259,Offensive,Q4,1,Year 1
Mike McCoy,SDG,2014,0.2584995627403259,0.5625,True,-0.1008516550064086,Offensive,Q5 (Best),2,Year 2
Mike McCoy,SDG,2015,-0.1008516550064086,0.25,True,-0.0950345396995544,Offensive,Q1 (Worst),3,Year 3
Mike McCoy,SDG,2016,-0.0950345396995544,0.3125,False,,Offensive,Q1 (Worst),4,Year 4+
Mike Riley,SDG,1999,0.1126810908317565,0.5,True,-0.2195827662944793,Defensive,Q5 (Best),1,Year 1
Mike Riley,SDG,2000,-0.2195827662944793,0.0625,True,-0.2375108003616333,Defensive,Q1 (Worst),2,Year 2
Mike Riley,SDG,2001,-0.2375108003616333,0.3125,False,,Defensive,Q1 (Worst),3,Year 3
Norv Turner,SDG,2007,0.0859226584434509,0.6875,True,-0.1543156504631042,Offensive,Q4,1,Year 1
Norv Turner,SDG,2007,0.0859226584434509,0.6875,True,-0.1543156504631042,Offensive,Q4,1,Year 1
Norv Turner,SDG,2008,-0.1543156504631042,0.5,True,0.1913338899612426,Offensive,Q1 (Worst),3,Year 3
Norv Turner,SDG,2008,-0.1543156504631042,0.5,True,0.1913338899612426,Offensive,Q1 (Worst),3,Year 3
Norv Turner,SDG,2009,0.1913338899612426,0.8125,True,-0.0337269902229309,Offensive,Q5 (Best),5,Year 4+
Norv Turner,SDG,2009,0.1913338899612426,0.8125,True,-0.0337269902229309,Offensive,Q5 (Best),5,Year 4+
Norv Turner,SDG,2010,-0.0337269902229309,0.5625,True,-0.0911751985549926,Offensive,Q2,7,Year 4+
Norv Turner,SDG,2010,-0.0337269902229309,0.5625,True,-0.0911751985549926,Offensive,Q2,7,Year 4+
Norv Turner,SDG,2011,-0.0911751985549926,0.5,True,-0.0122744739055633,Offensive,Q1 (Worst),9,Year 4+
Norv Turner,SDG,2011,-0.0911751985549926,0.5,True,-0.0122744739055633,Offensive,Q1 (Worst),9,Year 4+
Norv Turner,SDG,2012,-0.0122744739055633,0.4375,False,,Offensive,Q3,11,Year 4+
Norv Turner,SDG,2012,-0.0122744739055633,0.4375,False,,Offensive,Q3,11,Year 4+
Sid Gillman,SDG,1971,-0.1110648049354553,0.4286,False,,Offensive,Q1 (Worst),1,Year 1
Sid Gillman,SDG,1971,-0.122876240158081,0.4286,False,,Offensive,Q1 (Worst),1,Year 1
Tommy Prothro,SDG,1974,0.0212009449958801,0.3571,True,-0.1885917385578155,Other,Q3,1,Year 1
Tommy Prothro,SDG,1975,-0.1885917385578155,0.1429,True,0.002611206626892,Other,Q1 (Worst),2,Year 2
Tommy Prothro,SDG,1976,0.002611206626892,0.4286,True,0.1253329515457153,Other,Q3,3,Year 3
Tommy Prothro,SDG,1977,0.1253329515457153,0.5,True,0.0313896536827087,Other,Q5 (Best),4,Year 4+
Tommy Prothro,SDG,1978,0.0313896536827087,0.5625,False,,Other,Q3,5,Year 4+
Tommy Prothro,SDG,1978,0.0299999117851257,0.5625,False,,Other,Q3,5,Year 4+
Chuck Knox,SEA,1983,0.0668292343616485,0.5625,True,0.1012309193611145,Offensive,Q4,1,Year 1
Chuck Knox,SEA,1984,0.1012309193611145,0.75,True,-0.0865468382835388,Offensive,Q4,2,Year 2
Chuck Knox,SEA,1985,-0.0865468382835388,0.5,True,-0.0058744549751281,Offensive,Q1 (Worst),3,Year 3
Chuck Knox,SEA,1986,-0.0058744549751281,0.625,True,0.2377118229866027,Offensive,Q3,4,Year 4+
Chuck Knox,SEA,1987,0.2377118229866027,0.6,True,0.042464792728424,Offensive,Q5 (Best),5,Year 4+
Chuck Knox,SEA,1988,0.042464792728424,0.5625,True,0.0880438089370727,Offensive,Q4,6,Year 4+
Chuck Knox,SEA,1989,0.0880438089370727,0.4375,True,0.1078478991985321,Offensive,Q4,7,Year 4+
Chuck Knox,SEA,1990,0.1078478991985321,0.5625,True,0.0772912800312042,Offensive,Q5 (Best),8,Year 4+
Chuck Knox,SEA,1991,0.0772912800312042,0.4375,False,,Offensive,Q4,9,Year 4+
Dennis Erickson,SEA,1995,0.0714676082134246,0.5,True,0.0955283045768737,Offensive,Q4,1,Year 1
Dennis Erickson,SEA,1995,0.0714676082134246,0.5,True,0.0955283045768737,Other,Q4,1,Year 1
Dennis Erickson,SEA,1996,0.0955283045768737,0.4375,True,0.1250036060810089,Offensive,Q4,3,Year 3
Dennis Erickson,SEA,1996,0.0955283045768737,0.4375,True,0.1250036060810089,Other,Q4,3,Year 3
Dennis Erickson,SEA,1997,0.1250036060810089,0.5,True,0.0007789731025695,Offensive,Q5 (Best),5,Year 4+
Dennis Erickson,SEA,1997,0.1250036060810089,0.5,True,0.0007789731025695,Other,Q5 (Best),5,Year 4+
Dennis Erickson,SEA,1998,0.0007789731025695,0.5,False,,Offensive,Q3,7,Year 4+
Dennis Erickson,SEA,1998,0.0007789731025695,0.5,False,,Other,Q3,7,Year 4+
Jack Patera,SEA,1976,-0.3269694348335266,0.1429,True,-0.0228260258674621,Defensive,Q1 (Worst),1,Year 1
Jack Patera,SEA,1977,-0.0228260258674621,0.3571,True,-0.0481852889060974,Defensive,Q2,2,Year 2
Jack Patera,SEA,1978,-0.0481852889060974,0.5625,True,0.1374097466468811,Defensive,Q2,3,Year 3
Jack Patera,SEA,1979,0.1374097466468811,0.5625,True,-0.2547653317451477,Defensive,Q5 (Best),4,Year 4+
Jack Patera,SEA,1980,-0.2547653317451477,0.25,True,-0.1574547290802002,Defensive,Q1 (Worst),5,Year 4+
Jack Patera,SEA,1981,-0.1574547290802002,0.375,True,0.0577354604244232,Defensive,Q1 (Worst),6,Year 4+
Jack Patera,SEA,1982,0.0577354604244232,0.4444,False,,Defensive,Q4,7,Year 4+
Jack Patera,SEA,1982,0.0577354604244232,0.4444,False,,Defensive,Q4,7,Year 4+
Jim Mora Jr,SEA,2009,-0.1335119307041168,0.3125,False,,Defensive,Q1 (Worst),1,Year 1
Mike Holmgren,SEA,1999,-0.0473984479904174,0.5625,True,0.0523676574230194,Offensive,Q2,1,Year 1
Mike Holmgren,SEA,2000,0.0523676574230194,0.375,True,0.1223204433917999,Offensive,Q4,2,Year 2
Mike Holmgren,SEA,2001,0.1223204433917999,0.5625,True,-0.0423977077007293,Offensive,Q5 (Best),3,Year 3
Mike Holmgren,SEA,2002,-0.0423977077007293,0.4375,True,0.089823305606842,Offensive,Q2,4,Year 4+
Mike Holmgren,SEA,2003,0.089823305606842,0.625,True,-0.0028917789459228,Offensive,Q4,5,Year 4+
Mike Holmgren,SEA,2004,-0.0028917789459228,0.5625,True,0.1808812618255615,Offensive,Q3,6,Year 4+
Mike Holmgren,SEA,2005,0.1808812618255615,0.8125,True,0.1756330132484436,Offensive,Q5 (Best),7,Year 4+
Mike Holmgren,SEA,2006,0.1756330132484436,0.5625,True,-0.0525366067886352,Offensive,Q5 (Best),8,Year 4+
Mike Holmgren,SEA,2007,-0.0525366067886352,0.625,True,-0.0747087895870208,Offensive,Q2,9,Year 4+
Mike Holmgren,SEA,2008,-0.0747087895870208,0.25,False,,Offensive,Q2,10,Year 4+
Pete Carroll,SEA,2010,-8.64863395690918e-05,0.4375,True,-0.1193843483924865,Defensive,Q3,1,Year 1
Pete Carroll,SEA,2011,-0.1193843483924865,0.4375,True,0.0683403015136718,Defensive,Q1 (Worst),2,Year 2
Pete Carroll,SEA,2012,0.0683403015136718,0.6875,True,0.2627688646316528,Defensive,Q4,3,Year 3
Pete Carroll,SEA,2013,0.2627688646316528,0.8125,True,0.1663883328437805,Defensive,Q5 (Best),4,Year 4+
Pete Carroll,SEA,2014,0.1663883328437805,0.75,True,0.0285922884941101,Defensive,Q5 (Best),5,Year 4+
Pete Carroll,SEA,2015,0.0285922884941101,0.625,True,0.1142571055412292,Defensive,Q3,6,Year 4+
Pete Carroll,SEA,2016,0.1142571055412292,0.6562,True,0.078679472208023,Defensive,Q5 (Best),7,Year 4+
Pete Carroll,SEA,2017,0.078679472208023,0.5625,True,0.0383563041687011,Defensive,Q4,8,Year 4+
Pete Carroll,SEA,2018,0.0383563041687011,0.625,True,0.0750914812088012,Defensive,Q3,9,Year 4+
Pete Carroll,SEA,2019,0.0750914812088012,0.6875,True,0.1498217582702636,Defensive,Q4,10,Year 4+
Pete Carroll,SEA,2020,0.1498217582702636,0.75,True,-0.0883627802848815,Defensive,Q5 (Best),11,Year 4+
Pete Carroll,SEA,2021,-0.0883627802848815,0.4118,True,0.0847118288516998,Defensive,Q1 (Worst),12,Year 4+
Pete Carroll,SEA,2022,0.0847118288516998,0.5294,True,0.0733693927764892,Defensive,Q4,13,Year 4+
Pete Carroll,SEA,2023,0.0733693927764892,0.5294,False,,Defensive,Q4,14,Year 4+
Tom Flores,SEA,1992,-0.3111679553985595,0.125,True,-0.1976598501205444,Offensive,Q1 (Worst),1,Year 1
Tom Flores,SEA,1993,-0.1976598501205444,0.375,True,-0.2032581567764282,Offensive,Q1 (Worst),2,Year 2
Tom Flores,SEA,1994,-0.2032581567764282,0.375,False,,Offensive,Q1 (Worst),3,Year 3
Bill Walsh,SFO,1979,-0.2364960312843322,0.125,True,0.0785320401191711,Offensive,Q1 (Worst),1,Year 1
Bill Walsh,SFO,1979,-0.2364960312843322,0.125,True,0.0785320401191711,Offensive,Q1 (Worst),1,Year 1
Bill Walsh,SFO,1979,-0.2364960312843322,0.125,True,0.0785320401191711,Other,Q1 (Worst),1,Year 1
Bill Walsh,SFO,1980,0.0785320401191711,0.375,True,0.1478388905525207,Offensive,Q4,4,Year 4+
Bill Walsh,SFO,1980,0.0785320401191711,0.375,True,0.1478388905525207,Offensive,Q4,4,Year 4+
Bill Walsh,SFO,1980,0.0785320401191711,0.375,True,0.1478388905525207,Other,Q4,4,Year 4+
Bill Walsh,SFO,1981,0.1478388905525207,0.8125,True,-0.1103728358268738,Offensive,Q5 (Best),7,Year 4+
Bill Walsh,SFO,1981,0.1478388905525207,0.8125,True,-0.1103728358268738,Offensive,Q5 (Best),7,Year 4+
Bill Walsh,SFO,1981,0.1478388905525207,0.8125,True,-0.1103728358268738,Other,Q5 (Best),7,Year 4+
Bill Walsh,SFO,1982,-0.1103728358268738,0.3333,True,-0.0444162487983703,Offensive,Q1 (Worst),10,Year 4+
Bill Walsh,SFO,1982,-0.1103728358268738,0.3333,True,-0.0444162487983703,Offensive,Q1 (Worst),10,Year 4+
Bill Walsh,SFO,1982,-0.1103728358268738,0.3333,True,-0.0444162487983703,Other,Q1 (Worst),10,Year 4+
Bill Walsh,SFO,1983,-0.0444162487983703,0.625,True,0.2078668475151062,Offensive,Q2,13,Year 4+
Bill Walsh,SFO,1983,-0.0444162487983703,0.625,True,0.2078668475151062,Offensive,Q2,13,Year 4+
Bill Walsh,SFO,1983,-0.0444162487983703,0.625,True,0.2078668475151062,Other,Q2,13,Year 4+
Bill Walsh,SFO,1984,0.2078668475151062,0.9375,True,-0.0079097151756286,Offensive,Q5 (Best),16,Year 4+
Bill Walsh,SFO,1984,0.2078668475151062,0.9375,True,-0.0079097151756286,Offensive,Q5 (Best),16,Year 4+
Bill Walsh,SFO,1984,0.2078668475151062,0.9375,True,-0.0079097151756286,Other,Q5 (Best),16,Year 4+
Bill Walsh,SFO,1985,-0.0079097151756286,0.625,True,0.0881784641265869,Offensive,Q3,19,Year 4+
Bill Walsh,SFO,1985,-0.0079097151756286,0.625,True,0.0881784641265869,Offensive,Q3,19,Year 4+
Bill Walsh,SFO,1985,-0.0079097151756286,0.625,True,0.0881784641265869,Other,Q3,19,Year 4+
Bill Walsh,SFO,1986,0.0881784641265869,0.6562,True,0.2936980192184448,Offensive,Q4,22,Year 4+
Bill Walsh,SFO,1986,0.0881784641265869,0.6562,True,0.2936980192184448,Offensive,Q4,22,Year 4+
Bill Walsh,SFO,1986,0.0881784641265869,0.6562,True,0.2936980192184448,Other,Q4,22,Year 4+
Bill Walsh,SFO,1987,0.2936980192184448,0.8667,True,-0.0021203160285949,Offensive,Q5 (Best),25,Year 4+
Bill Walsh,SFO,1987,0.2936980192184448,0.8667,True,-0.0021203160285949,Offensive,Q5 (Best),25,Year 4+
Bill Walsh,SFO,1987,0.2936980192184448,0.8667,True,-0.0021203160285949,Other,Q5 (Best),25,Year 4+
Bill Walsh,SFO,1988,-0.0021203160285949,0.625,False,,Offensive,Q3,28,Year 4+
Bill Walsh,SFO,1988,-0.0021203160285949,0.625,False,,Offensive,Q3,28,Year 4+
Bill Walsh,SFO,1988,-0.0021203160285949,0.625,False,,Other,Q3,28,Year 4+
Chip Kelly,SFO,2016,-0.2548157870769501,0.125,False,,Offensive,Q1 (Worst),1,Year 1
Dennis Erickson,SFO,2003,-0.0226835012435913,0.4375,True,-0.0499437600374221,Offensive,Q2,1,Year 1
Dennis Erickson,SFO,2003,-0.0226835012435913,0.4375,True,-0.0499437600374221,Other,Q2,1,Year 1
Dennis Erickson,SFO,2004,-0.0499437600374221,0.125,False,,Offensive,Q2,3,Year 3
Dennis Erickson,SFO,2004,-0.0499437600374221,0.125,False,,Other,Q2,3,Year 3
Dick Nolan,SFO,1970,0.0827727317810058,0.75,True,0.0839621523857117,Defensive,Q4,1,Year 1
Dick Nolan,SFO,1971,0.0839621523857117,0.6429,True,0.1068910261154174,Defensive,Q4,2,Year 2
Dick Nolan,SFO,1972,0.1068910261154174,0.6071,True,0.0352405210494994,Defensive,Q5 (Best),3,Year 3
Dick Nolan,SFO,1973,0.0352405210494994,0.3571,True,0.0561503039360046,Defensive,Q3,4,Year 4+
Dick Nolan,SFO,1974,0.0561503039360046,0.4286,True,0.025203277683258,Defensive,Q4,5,Year 4+
Dick Nolan,SFO,1975,0.025203277683258,0.3571,False,,Defensive,Q3,6,Year 4+
George Seifert,SFO,1989,0.1861029863357544,0.875,True,0.2286592721939087,Defensive,Q5 (Best),1,Year 1
George Seifert,SFO,1990,0.2286592721939087,0.875,True,0.1340532600879669,Defensive,Q5 (Best),2,Year 2
George Seifert,SFO,1991,0.1340532600879669,0.625,True,0.1717790961265564,Defensive,Q5 (Best),3,Year 3
George Seifert,SFO,1992,0.1717790961265564,0.875,True,-0.0003270506858825,Defensive,Q5 (Best),4,Year 4+
George Seifert,SFO,1993,-0.0003270506858825,0.625,True,0.0854139328002929,Defensive,Q3,5,Year 4+
George Seifert,SFO,1994,0.0854139328002929,0.8125,True,0.016215443611145,Defensive,Q4,6,Year 4+
George Seifert,SFO,1995,0.016215443611145,0.6875,True,0.1116864085197448,Defensive,Q3,7,Year 4+
George Seifert,SFO,1996,0.1116864085197448,0.75,False,,Defensive,Q5 (Best),8,Year 4+
Jim Harbaugh,SFO,2011,0.1242758631706237,0.8125,True,0.0650395668029785,Offensive,Q5 (Best),1,Year 1
Jim Harbaugh,SFO,2011,0.1242758631706237,0.8125,True,0.0650395668029785,Offensive,Q5 (Best),1,Year 1
Jim Harbaugh,SFO,2012,0.0650395668029785,0.7188,True,0.120275855064392,Offensive,Q4,3,Year 3
Jim Harbaugh,SFO,2012,0.0650395668029785,0.7188,True,0.120275855064392,Offensive,Q4,3,Year 3
Jim Harbaugh,SFO,2013,0.120275855064392,0.75,True,-0.0468955636024475,Offensive,Q5 (Best),5,Year 4+
Jim Harbaugh,SFO,2013,0.120275855064392,0.75,True,-0.0468955636024475,Offensive,Q5 (Best),5,Year 4+
Jim Harbaugh,SFO,2014,-0.0468955636024475,0.5,False,,Offensive,Q2,7,Year 4+
Jim Harbaugh,SFO,2014,-0.0468955636024475,0.5,False,,Offensive,Q2,7,Year 4+
Jim Tomsula,SFO,2015,0.0118720233440399,0.3125,False,,Defensive,Q3,1,Year 1
Ken Meyer,SFO,1977,-0.1051289538383484,0.3571,False,,Offensive,Q1 (Worst),1,Year 1
Kyle Shanahan,SFO,2017,0.1108040511608123,0.375,True,0.0367238670587539,Offensive,Q5 (Best),1,Year 1
Kyle Shanahan,SFO,2018,0.0367238670587539,0.25,True,0.2464338541030883,Offensive,Q3,2,Year 2
Kyle Shanahan,SFO,2019,0.2464338541030883,0.8125,True,0.1089309453964233,Offensive,Q5 (Best),3,Year 3
Kyle Shanahan,SFO,2020,0.1089309453964233,0.375,True,0.1532986433029174,Offensive,Q5 (Best),4,Year 4+
Kyle Shanahan,SFO,2021,0.1532986433029174,0.5882,True,0.0581467792510986,Offensive,Q5 (Best),5,Year 4+
Kyle Shanahan,SFO,2022,0.0581467792510986,0.7647,True,0.0187682374954223,Offensive,Q4,6,Year 4+
Kyle Shanahan,SFO,2023,0.0187682374954223,0.7059,True,0.0159362272262573,Offensive,Q3,7,Year 4+
Mike Nolan,SFO,2005,-0.0093220472335815,0.25,True,-0.0889949202537536,Defensive,Q3,1,Year 1
Mike Nolan,SFO,2006,-0.0889949202537536,0.4375,True,-0.068077802658081,Defensive,Q1 (Worst),2,Year 2
Mike Nolan,SFO,2007,-0.068077802658081,0.3125,True,-0.0716511011123657,Defensive,Q2,3,Year 3
Mike Nolan,SFO,2008,-0.0716511011123657,0.4375,False,,Defensive,Q2,4,Year 4+
Mike Singletary,SFO,2009,-0.1173297762870788,0.5,True,-0.0394377708435058,Defensive,Q1 (Worst),1,Year 1
Mike Singletary,SFO,2010,-0.0394377708435058,0.375,False,,Defensive,Q2,2,Year 2
Monte Clark,SFO,1976,0.1431640221118927,0.5714,False,,Other,Q5 (Best),1,Year 1
Monte Clark,SFO,1976,0.1431640221118927,0.5714,False,,Offensive,Q5 (Best),1,Year 1
Monte Clark,SFO,1976,0.1431640221118927,0.5714,False,,Offensive,Q5 (Best),1,Year 1
Monte Clark,SFO,1976,0.1431640221118927,0.5714,False,,Other,Q5 (Best),1,Year 1
Pete McCulley,SFO,1978,-0.1271968781948089,0.125,False,,Offensive,Q1 (Worst),1,Year 1
Steve Mariucci,SFO,1997,0.099818468093872,0.8125,True,0.1607421636581421,Offensive,Q4,1,Year 1
Steve Mariucci,SFO,1998,0.1607421636581421,0.75,True,-0.0571808516979217,Offensive,Q5 (Best),2,Year 2
Steve Mariucci,SFO,1999,-0.0571808516979217,0.25,True,-0.1542026996612548,Offensive,Q2,3,Year 3
Steve Mariucci,SFO,2000,-0.1542026996612548,0.375,True,0.0791977047920227,Offensive,Q1 (Worst),4,Year 4+
Steve Mariucci,SFO,2001,0.0791977047920227,0.75,True,0.0407172441482543,Offensive,Q4,5,Year 4+
Steve Mariucci,SFO,2002,0.0407172441482543,0.625,False,,Offensive,Q3,6,Year 4+
Bruce Arians,TAM,2019,0.0441473722457885,0.4375,True,0.0220595002174377,Offensive,Q4,1,Year 1
Bruce Arians,TAM,2020,0.0220595002174377,0.6875,True,0.1544395730018616,Offensive,Q3,2,Year 2
Bruce Arians,TAM,2021,0.1544395730018616,0.7647,False,,Offensive,Q5 (Best),3,Year 3
Dirk Koetter,TAM,2016,0.0821190774440765,0.5625,True,-0.0619073510169982,Offensive,Q4,1,Year 1
Dirk Koetter,TAM,2017,-0.0619073510169982,0.3125,True,-0.0227854251861572,Offensive,Q2,2,Year 2
Dirk Koetter,TAM,2018,-0.0227854251861572,0.3125,False,,Offensive,Q2,3,Year 3
Greg Schiano,TAM,2012,0.0240034759044647,0.4375,True,-0.2581673860549927,Defensive,Q3,1,Year 1
Greg Schiano,TAM,2013,-0.2581673860549927,0.25,False,,Defensive,Q1 (Worst),2,Year 2
John McKay,TAM,1976,-0.2457793653011322,0.0,True,-0.2139987250328064,Other,Q1 (Worst),1,Year 1
John McKay,TAM,1977,-0.2139987250328064,0.1429,True,-0.1726046800613403,Other,Q1 (Worst),2,Year 2
John McKay,TAM,1978,-0.1726046800613403,0.3125,True,0.115627646446228,Other,Q1 (Worst),3,Year 3
John McKay,TAM,1979,0.115627646446228,0.625,True,-0.1641522132873535,Other,Q5 (Best),4,Year 4+
John McKay,TAM,1980,-0.1641522132873535,0.3438,True,-0.1114646792411804,Other,Q1 (Worst),5,Year 4+
John McKay,TAM,1981,-0.1114646792411804,0.5625,True,0.1565151339530944,Other,Q1 (Worst),6,Year 4+
John McKay,TAM,1982,0.1565151339530944,0.5556,True,-0.2103057205677032,Other,Q5 (Best),7,Year 4+
John McKay,TAM,1983,-0.2103057205677032,0.125,True,-0.0288086235523223,Other,Q1 (Worst),8,Year 4+
John McKay,TAM,1984,-0.0288086235523223,0.375,False,,Other,Q2,9,Year 4+
Jon Gruden,TAM,2002,0.0455942153930664,0.75,True,-0.1460981965065002,Offensive,Q4,1,Year 1
Jon Gruden,TAM,2003,-0.1460981965065002,0.4375,True,-0.1744147837162017,Offensive,Q1 (Worst),2,Year 2
Jon Gruden,TAM,2004,-0.1744147837162017,0.3125,True,0.0858478546142578,Offensive,Q1 (Worst),3,Year 3
Jon Gruden,TAM,2005,0.0858478546142578,0.6875,True,-0.0099435448646545,Offensive,Q4,4,Year 4+
Jon Gruden,TAM,2006,-0.0099435448646545,0.25,True,-0.0916956663131713,Offensive,Q3,5,Year 4+
Jon Gruden,TAM,2007,-0.0916956663131713,0.5625,True,-0.0226259231567382,Offensive,Q1 (Worst),6,Year 4+
Jon Gruden,TAM,2008,-0.0226259231567382,0.5625,False,,Offensive,Q2,7,Year 4+
Leeman Bennett,TAM,1985,-0.2023285627365112,0.125,True,-0.162365436553955,Offensive,Q1 (Worst),1,Year 1
Leeman Bennett,TAM,1986,-0.162365436553955,0.125,False,,Offensive,Q1 (Worst),2,Year 2
Lovie Smith,TAM,2014,-0.1495803594589233,0.125,True,-0.0104350447654724,Other,Q1 (Worst),1,Year 1
Lovie Smith,TAM,2014,-0.1495803594589233,0.125,True,-0.0104350447654724,Defensive,Q1 (Worst),1,Year 1
Lovie Smith,TAM,2014,-0.1495803594589233,0.125,True,-0.0104350447654724,Defensive,Q1 (Worst),1,Year 1
Lovie Smith,TAM,2014,-0.1495803594589233,0.125,True,-0.0104350447654724,Defensive,Q1 (Worst),1,Year 1
Lovie Smith,TAM,2015,-0.0104350447654724,0.375,False,,Other,Q3,5,Year 4+
Lovie Smith,TAM,2015,-0.0104350447654724,0.375,False,,Defensive,Q3,5,Year 4+
Lovie Smith,TAM,2015,-0.0104350447654724,0.375,False,,Defensive,Q3,5,Year 4+
Lovie Smith,TAM,2015,-0.0104350447654724,0.375,False,,Defensive,Q3,5,Year 4+
Raheem Morris,TAM,2009,-0.0935703217983245,0.1875,True,0.044786512851715,Defensive,Q1 (Worst),1,Year 1
Raheem Morris,TAM,2010,0.044786512851715,0.625,True,-0.1356542110443115,Defensive,Q4,2,Year 2
Raheem Morris,TAM,2011,-0.1356542110443115,0.25,False,,Defensive,Q1 (Worst),3,Year 3
Ray Perkins,TAM,1987,-0.0083930488109588,0.2667,True,-0.0415602028369903,Offensive,Q3,1,Year 1
Ray Perkins,TAM,1988,-0.0415602028369903,0.3125,True,-0.0730546712875366,Offensive,Q2,2,Year 2
Ray Perkins,TAM,1989,-0.0730546712875366,0.3125,True,-0.0536074638366699,Offensive,Q2,3,Year 3
Ray Perkins,TAM,1990,-0.0536074638366699,0.375,False,,Offensive,Q2,4,Year 4+
Ray Perkins,TAM,1990,-0.057579219341278,0.375,False,,Offensive,Q2,4,Year 4+
Richard Williamson,TAM,1991,-0.1130712926387786,0.1875,False,,Offensive,Q1 (Worst),1,Year 1
Sam Wyche,TAM,1992,-0.029290348291397,0.3125,True,0.0312201678752899,Offensive,Q2,1,Year 1
Sam Wyche,TAM,1993,0.0312201678752899,0.3125,True,-0.0763557851314544,Offensive,Q3,2,Year 2
Sam Wyche,TAM,1994,-0.0763557851314544,0.375,True,0.0058353245258331,Offensive,Q2,3,Year 3
Sam Wyche,TAM,1995,0.0058353245258331,0.4375,False,,Offensive,Q3,4,Year 4+
Todd Bowles,TAM,2022,-0.0762760728836059,0.4706,True,-0.0437745958328247,Offensive,Q2,1,Year 1
Todd Bowles,TAM,2022,-0.0762760728836059,0.4706,True,-0.0437745958328247,Defensive,Q2,1,Year 1
Todd Bowles,TAM,2023,-0.0437745958328247,0.5294,True,0.1900120646476745,Offensive,Q2,3,Year 3
Todd Bowles,TAM,2023,-0.0437745958328247,0.5294,True,0.1900120646476745,Defensive,Q2,3,Year 3
Tony Dungy,TAM,1996,-0.0818915367126464,0.375,True,0.0319071412086486,Defensive,Q2,1,Year 1
Tony Dungy,TAM,1997,0.0319071412086486,0.625,True,0.0164012908935546,Defensive,Q3,2,Year 2
Tony Dungy,TAM,1998,0.0164012908935546,0.5,True,0.0841182470321655,Defensive,Q3,3,Year 3
Tony Dungy,TAM,1999,0.0841182470321655,0.6875,True,-0.0471720695495605,Defensive,Q4,4,Year 4+
Tony Dungy,TAM,2000,-0.0471720695495605,0.625,True,-0.094609797000885,Defensive,Q2,5,Year 4+
Tony Dungy,TAM,2001,-0.094609797000885,0.5625,False,,Defensive,Q1 (Worst),6,Year 4+
Bill Austin,WAS,1970,-0.1021639837265014,0.4286,False,,Offensive,Q1 (Worst),1,Year 1
George Allen,WAS,1971,-0.0309255851745605,0.6786,True,0.0887097484588622,Defensive,Q2,1,Year 1
George Allen,WAS,1972,0.0887097484588622,0.7857,True,0.0176809065818787,Defensive,Q4,2,Year 2
George Allen,WAS,1973,0.0176809065818787,0.7143,True,0.0554892056465149,Defensive,Q3,3,Year 3
George Allen,WAS,1974,0.0554892056465149,0.7143,True,-0.0070188508987426,Defensive,Q4,4,Year 4+
George Allen,WAS,1975,-0.0070188508987426,0.5714,True,0.0503460996627808,Defensive,Q3,5,Year 4+
George Allen,WAS,1976,0.0503460996627808,0.7143,True,0.048896561050415,Defensive,Q4,6,Year 4+
George Allen,WAS,1977,0.048896561050415,0.6429,False,,Defensive,Q4,7,Year 4+
Jack Pardee,WAS,1978,-0.0127873420715332,0.5,True,-0.0732486844062805,Defensive,Q3,1,Year 1
Jack Pardee,WAS,1979,-0.0732486844062805,0.625,True,-0.2431056499481201,Defensive,Q2,2,Year 2
Jack Pardee,WAS,1980,-0.2431056499481201,0.375,False,,Defensive,Q1 (Worst),3,Year 3
Jay Gruden,WAS,2014,-0.0098353624343872,0.25,True,0.0629093647003173,Offensive,Q3,1,Year 1
Jay Gruden,WAS,2015,0.0629093647003173,0.5625,True,-0.0366856968879699,Offensive,Q4,2,Year 2
Jay Gruden,WAS,2016,-0.0366856968879699,0.5312,True,-0.0045691132545471,Offensive,Q2,3,Year 3
Jay Gruden,WAS,2017,-0.0045691132545471,0.4375,True,0.0901196897029876,Offensive,Q3,4,Year 4+
Jay Gruden,WAS,2018,0.0901196897029876,0.4375,True,-0.1461754739284515,Offensive,Q4,5,Year 4+
Jay Gruden,WAS,2019,-0.1461754739284515,0.1875,False,,Offensive,Q1 (Worst),6,Year 4+
Jim Zorn,WAS,2008,-0.1196461915969848,0.5,True,-0.1503776013851165,Offensive,Q1 (Worst),1,Year 1
Jim Zorn,WAS,2009,-0.1503776013851165,0.25,False,,Offensive,Q1 (Worst),2,Year 2
Joe Gibbs,WAS,1981,-0.0174021124839782,0.5,True,0.3729940833091736,Offensive,Q2,1,Year 1
Joe Gibbs,WAS,1982,0.3729940833091736,0.8889,True,0.1821175217628479,Offensive,Q5 (Best),2,Year 2
Joe Gibbs,WAS,1983,0.1821175217628479,0.875,True,0.0587701201438903,Offensive,Q5 (Best),3,Year 3
Joe Gibbs,WAS,1984,0.0587701201438903,0.6875,True,0.1682158410549163,Offensive,Q4,4,Year 4+
Joe Gibbs,WAS,1985,0.1682158410549163,0.625,True,0.2366724610328674,Offensive,Q5 (Best),5,Year 4+
Joe Gibbs,WAS,1986,0.2366724610328674,0.75,True,0.2092380221366881,Offensive,Q5 (Best),6,Year 4+
Joe Gibbs,WAS,1987,0.2092380221366881,0.7333,True,0.1072456240653991,Offensive,Q5 (Best),7,Year 4+
Joe Gibbs,WAS,1988,0.1072456240653991,0.4375,True,0.0415233969688415,Offensive,Q5 (Best),8,Year 4+
Joe Gibbs,WAS,1989,0.0415233969688415,0.625,True,0.0426155924797058,Offensive,Q4,9,Year 4+
Joe Gibbs,WAS,1990,0.0426155924797058,0.625,True,0.1492524743080139,Offensive,Q4,10,Year 4+
Joe Gibbs,WAS,1991,0.1492524743080139,0.875,True,-0.0354593396186828,Offensive,Q5 (Best),11,Year 4+
Joe Gibbs,WAS,1992,-0.0354593396186828,0.5625,False,,Offensive,Q2,12,Year 4+
Joe Gibbs,WAS,2004,-0.0555777847766876,0.375,True,-0.0066253542900085,Offensive,Q2,13,Year 4+
Joe Gibbs,WAS,2005,-0.0066253542900085,0.625,True,-0.101423293352127,Offensive,Q3,14,Year 4+
Joe Gibbs,WAS,2006,-0.101423293352127,0.3125,True,0.0413009524345397,Offensive,Q1 (Worst),15,Year 4+
Joe Gibbs,WAS,2007,0.0413009524345397,0.5625,False,,Offensive,Q3,16,Year 4+
Marty Schottenheimer,WAS,2001,-0.0767412185668945,0.5,False,,Offensive,Q2,1,Year 1
Marty Schottenheimer,WAS,2001,-0.0767412185668945,0.5,False,,Defensive,Q2,1,Year 1
Mike Shanahan,WAS,2010,-0.015699565410614,0.375,True,-0.134270429611206,Offensive,Q3,1,Year 1
Mike Shanahan,WAS,2011,-0.134270429611206,0.3125,True,-0.0227150917053222,Offensive,Q1 (Worst),2,Year 2
Mike Shanahan,WAS,2012,-0.0227150917053222,0.625,True,-0.2504034042358398,Offensive,Q2,3,Year 3
Mike Shanahan,WAS,2013,-0.2504034042358398,0.1875,False,,Offensive,Q1 (Worst),4,Year 4+
Norv Turner,WAS,1994,-0.2728570401668548,0.1875,True,-0.0085586905479431,Offensive,Q1 (Worst),1,Year 1
Norv Turner,WAS,1994,-0.2728570401668548,0.1875,True,-0.0085586905479431,Offensive,Q1 (Worst),1,Year 1
Norv Turner,WAS,1995,-0.0085586905479431,0.375,True,-0.0622074604034423,Offensive,Q3,3,Year 3
Norv Turner,WAS,1995,-0.0085586905479431,0.375,True,-0.0622074604034423,Offensive,Q3,3,Year 3
Norv Turner,WAS,1996,-0.0622074604034423,0.5625,True,0.0192686998367309,Offensive,Q2,5,Year 4+
Norv Turner,WAS,1996,-0.0622074604034423,0.5625,True,0.0192686998367309,Offensive,Q2,5,Year 4+
Norv Turner,WAS,1997,0.0192686998367309,0.5312,True,-0.1423189043998718,Offensive,Q3,7,Year 4+
Norv Turner,WAS,1997,0.0192686998367309,0.5312,True,-0.1423189043998718,Offensive,Q3,7,Year 4+
Norv Turner,WAS,1998,-0.1423189043998718,0.375,True,-0.0488590002059936,Offensive,Q1 (Worst),9,Year 4+
Norv Turner,WAS,1998,-0.1423189043998718,0.375,True,-0.0488590002059936,Offensive,Q1 (Worst),9,Year 4+
Norv Turner,WAS,1999,-0.0488590002059936,0.625,True,-0.0235123634338378,Offensive,Q2,11,Year 4+
Norv Turner,WAS,1999,-0.0488590002059936,0.625,True,-0.0235123634338378,Offensive,Q2,11,Year 4+
Norv Turner,WAS,2000,-0.0235123634338378,0.5,False,,Offensive,Q2,13,Year 4+
Norv Turner,WAS,2000,-0.0235123634338378,0.5,False,,Offensive,Q2,13,Year 4+
Richie Petitbon,WAS,1993,-0.1467964947223663,0.25,False,,Defensive,Q1 (Worst),1,Year 1
Ron Rivera,WAS,2020,0.0278918445110321,0.4375,True,0.0698791175365448,Defensive,Q3,1,Year 1
Ron Rivera,WAS,2021,0.0698791175365448,0.4118,True,0.1273235380649566,Defensive,Q4,2,Year 2
Ron Rivera,WAS,2022,0.1273235380649566,0.5,True,-0.1053741619110107,Defensive,Q5 (Best),3,Year 3
Ron Rivera,WAS,2023,-0.1053741619110107,0.2353,False,,Defensive,Q1 (Worst),4,Year 4+
Steve Spurrier,WAS,2002,0.0993386805057525,0.4375,True,-0.0168389976024627,Offensive,Q4,1,Year 1
Steve Spurrier,WAS,2003,-0.0168389976024627,0.3125,False,,Offensive,Q2,2,Year 2
