Team,Year,Actual_Win_Pct,Predicted_With_Coach,Predicted_Replacement,Coaching_WAR,Predicted_Impact,Prediction_Error_Coach,Prediction_Error_Replacement,Primary_Coach,Combined_Coach,WAR_Percentile,Background,Offensive_Years,Defensive_Years
CHI,1987,0.7333,0.4996559,0.33979964,0.3935003574371337,0.15985626,0.2336440976142882,0.3935003574371337,Mike Ditka,Mike Ditka,100.0,Offensive,9,0
CLT,2009,0.875,0.60394937,0.503801,0.3711990118026733,0.10014838,0.2710506319999695,0.3711990118026733,Jim Caldwell,Jim Caldwell,99.93891264508248,Offensive,19,0
WAS,1982,0.8889,0.64357287,0.5446536,0.344246405506134,0.09891927,0.2453271330833435,0.344246405506134,Joe Gibbs,Joe Gibbs,99.87782529016494,Offensive,17,0
NOR,2011,0.8125,0.5948234,0.50753367,0.3049663305282593,0.08728975,0.21767657995224,0.3049663305282593,Sean Payton,Sean Payton,99.8167379352474,Offensive,16,0
NWE,2007,1.0,0.76810056,0.7084812,0.2915188074111938,0.059619367,0.2318994402885437,0.2915188074111938,Bill Belichick,Bill Belichick,99.75565058032988,Defensive,1,13
NYG,1986,0.875,0.68411046,0.58562374,0.2893762588500976,0.09848672,0.1908895373344421,0.2893762588500976,Bill Parcells,Bill Parcells,99.69456322541234,Defensive,0,17
DET,2024,0.8824,0.7052917,0.59429246,0.2881075381278991,0.11099923,0.1771083115577697,0.2881075381278991,Dan Campbell,Dan Campbell,99.6334758704948,Offensive,10,0
RAI,1976,0.9286,0.7866388,0.64803696,0.2805630432128906,0.13860184,0.1419612036705017,0.2805630432128906,John Madden,John Madden,99.57238851557727,Defensive,0,5
MIA,1993,0.5625,0.35435897,0.28408134,0.2784186601638794,0.07027763,0.208141028881073,0.2784186601638794,Don Shula,Don Shula,99.51130116065976,Defensive,0,5
SFO,1987,0.8667,0.6280129,0.5899624,0.2767375771522522,0.038050473,0.2386871044158935,0.2767375771522522,Bill Walsh,Bill Walsh,99.4502138057422,Offensive,10,0
CLT,1999,0.8125,0.6380505,0.5448927,0.2676072716712951,0.09315777,0.1744495034217834,0.2676072716712951,Jim Mora Sr,Jim Mora Sr,99.38912645082468,Defensive,0,17
NWE,2004,0.875,0.6096445,0.60840094,0.2665990591049194,0.0012435317,0.2653555274009704,0.2665990591049194,Bill Belichick,Bill Belichick,99.32803909590714,Defensive,1,13
MIN,1998,0.9375,0.72291493,0.67147934,0.266020655632019,0.05143559,0.2145850658416748,0.266020655632019,Dennis Green,Dennis Green,99.2669517409896,Offensive,10,0
NWE,2016,0.875,0.7107696,0.6092922,0.265707790851593,0.101477385,0.1642304062843322,0.265707790851593,Bill Belichick,Bill Belichick,99.20586438607208,Defensive,1,13
PIT,2004,0.9375,0.7553932,0.674559,0.2629410028457641,0.08083421,0.1821067929267883,0.2629410028457641,Bill Cowher,Bill Cowher,99.14477703115456,Defensive,0,5
RAI,1982,0.8889,0.70223784,0.6323275,0.2565725029945374,0.06991035,0.1866621555328369,0.2565725029945374,Tom Flores,Tom Flores,99.083689676237,Offensive,8,0
GNB,1998,0.6875,0.46524405,0.43639848,0.2511015236377716,0.028845578,0.2222559452056884,0.2511015236377716,Mike Holmgren,Mike Holmgren,99.02260232131948,Offensive,15,0
GNB,1995,0.6875,0.4606138,0.43713474,0.2503652572631836,0.023479044,0.2268862128257751,0.2503652572631836,Mike Holmgren,Mike Holmgren,98.96151496640196,Offensive,15,0
MIA,1972,1.0,0.8550396,0.75038874,0.2496112585067749,0.104650855,0.1449604034423828,0.2496112585067749,Don Shula,Don Shula,98.90042761148442,Defensive,0,5
SFO,1990,0.875,0.7624346,0.6277153,0.247284710407257,0.13471931,0.1125653982162475,0.247284710407257,George Seifert,George Seifert,98.83934025656689,Defensive,0,20
CHI,1986,0.875,0.7435892,0.62788105,0.2471189498901367,0.11570817,0.1314107775688171,0.2471189498901367,Mike Ditka,Mike Ditka,98.77825290164937,Offensive,9,0
MIN,1977,0.6429,0.5153323,0.39819136,0.2447086373806,0.11714092,0.1275677184104919,0.2447086373806,Bud Grant,Bud Grant,98.71716554673182,Other,0,0
CLT,2012,0.6875,0.54997337,0.4449059,0.2425940930843353,0.10506746,0.1375266313552856,0.2425940930843353,Chuck Pagano,Chuck Pagano,98.65607819181427,Defensive,0,28
SFO,2019,0.8125,0.62241197,0.5721547,0.240345299243927,0.050257266,0.1900880336761474,0.240345299243927,Kyle Shanahan,Kyle Shanahan,98.59499083689676,Offensive,13,0
DAL,2022,0.7059,0.43550918,0.46614262,0.239757375383377,-0.03063345,0.2703908249378204,0.239757375383377,Mike McCarthy,Mike McCarthy,98.53390348197924,Offensive,14,0
PIT,2017,0.8125,0.67761904,0.57659197,0.235908031463623,0.10102707,0.1348809599876403,0.235908031463623,Mike Tomlin,Mike Tomlin,98.41172877214416,Defensive,2,9
SDG,2006,0.875,0.73903227,0.63971555,0.2352844476699829,0.099316716,0.13596773147583,0.2352844476699829,Marty Schottenheimer,Marty Schottenheimer,98.35064141722664,Defensive,0,11
NWE,2005,0.625,0.4092976,0.3899579,0.2350420951843261,0.01933968,0.2157024145126342,0.2350420951843261,Bill Belichick,Bill Belichick,98.28955406230912,Defensive,1,13
ATL,1998,0.875,0.7283411,0.64851266,0.2264873385429382,0.07982844,0.1466588973999023,0.2264873385429382,Dan Reeves,Dan Reeves,98.22846670739158,Offensive,6,0
CLT,2010,0.625,0.52367145,0.39865673,0.2263432741165161,0.12501472,0.1013285517692565,0.2263432741165161,Jim Caldwell,Jim Caldwell,98.16737935247404,Offensive,19,0
DEN,2013,0.8125,0.5685682,0.5865615,0.2259384989738464,-0.017993271,0.243931770324707,0.2259384989738464,John Fox,John Fox,98.10629199755653,Defensive,0,22
WAS,1986,0.75,0.5652978,0.53096354,0.2190364599227905,0.034334242,0.1847022175788879,0.2190364599227905,Joe Gibbs,Joe Gibbs,98.04520464263898,Offensive,17,0
MIA,1974,0.7857,0.624749,0.5667711,0.2189289099693298,0.057977915,0.1609509951591491,0.2189289099693298,Don Shula,Don Shula,97.98411728772145,Defensive,0,5
NWE,2017,0.8125,0.62397784,0.5938755,0.218624472618103,0.030102313,0.1885221600532531,0.218624472618103,Bill Belichick,Bill Belichick,97.9230299328039,Defensive,1,13
ATL,2012,0.8125,0.6867298,0.5972995,0.2152004837989807,0.08943027,0.1257702112197876,0.2152004837989807,Mike Smith,Mike Smith,97.86194257788635,Defensive,0,19
CAR,2015,0.9375,0.7680622,0.72300714,0.2144928574562072,0.04505503,0.169437825679779,0.2144928574562072,Ron Rivera,Ron Rivera,97.80085522296883,Defensive,0,14
HTX,2007,0.5,0.2927951,0.28597596,0.2140240371227264,0.006819129,0.2072049081325531,0.2140240371227264,Gary Kubiak,Gary Kubiak,97.7397678680513,Offensive,16,0
KAN,2024,0.8824,0.76702327,0.66880745,0.2135925530433654,0.09821582,0.115376734638214,0.2135925530433654,Andy Reid,Andy Reid,97.67868051313378,Offensive,16,0
CHI,1985,0.9375,0.8243724,0.724892,0.2126079797744751,0.09948039,0.113127589225769,0.2126079797744751,Mike Ditka,Mike Ditka,97.61759315821624,Offensive,9,0
HTX,2015,0.5625,0.41393024,0.3520759,0.2104240953922271,0.061854333,0.1485697627067566,0.2104240953922271,Bill O'Brien,Bill O'Brien,97.55650580329872,Offensive,18,1
OTI,1999,0.8125,0.6858092,0.6043917,0.2081083059310913,0.0814175,0.1266908049583435,0.2081083059310913,Jeff Fisher,Jeff Fisher,97.4954184483812,Defensive,0,9
CRD,1989,0.4545,0.23026302,0.24723567,0.2072643293142319,-0.016972646,0.2242369754314422,0.2072643293142319,Gene Stallings,Gene Stallings / Hank Kuhlmann,97.43433109346364,Defensive,0,21
SEA,1987,0.6,0.50580746,0.39350328,0.2064967215061187,0.11230418,0.0941925406455993,0.2064967215061187,Chuck Knox,Chuck Knox,97.37324373854612,Offensive,10,0
GNB,2011,0.9375,0.7565191,0.7310099,0.2064900994300842,0.025509179,0.1809809207916259,0.2064900994300842,Mike McCarthy,Mike McCarthy,97.3121563836286,Offensive,14,0
MIA,1979,0.625,0.50256544,0.42111257,0.2038874328136444,0.08145288,0.1224345564842224,0.2038874328136444,Don Shula,Don Shula,97.25106902871106,Defensive,0,5
CAR,2017,0.6875,0.49958223,0.48538056,0.2021194398403167,0.014201671,0.1879177689552307,0.2021194398403167,Ron Rivera,Ron Rivera,97.18998167379353,Defensive,0,14
CLT,1990,0.4375,0.35038292,0.23598425,0.2015157490968704,0.11439867,0.0871170759201049,0.2015157490968704,Ron Meyer,Ron Meyer,97.128894318876,Other,0,0
MIA,1982,0.7778,0.6321366,0.57644033,0.2013596656799317,0.05569625,0.1456634166717529,0.2013596656799317,Don Shula,Don Shula,97.06780696395846,Defensive,0,5
CRD,1982,0.5556,0.28348613,0.35529065,0.2003093486785888,-0.07180452,0.2721138721466064,0.2003093486785888,Jim Hanifan,Jim Hanifan,97.00671960904091,Offensive,27,0
CLE,2023,0.6471,0.5239795,0.44701463,0.2000853701591491,0.076964855,0.1231205149650573,0.2000853701591491,Kevin Stefanski,Kevin Stefanski,96.9456322541234,Offensive,11,0
KAN,2022,0.8235,0.70031595,0.6243286,0.19917138671875,0.07598734,0.1231840476989746,0.19917138671875,Andy Reid,Andy Reid,96.88454489920586,Offensive,16,0
SDG,1987,0.5333,0.3936418,0.3351716,0.1981283898830413,0.05847019,0.1396582003116607,0.1981283898830413,Al Saunders,Al Saunders,96.82345754428832,Offensive,29,0
MIA,1984,0.875,0.76743335,0.6796327,0.1953672766685485,0.08780062,0.1075666546821594,0.1953672766685485,Don Shula,Don Shula,96.7623701893708,Defensive,0,5
SDG,2014,0.5625,0.37316686,0.36893892,0.1935610771179199,0.0042279363,0.1893331408500671,0.1935610771179199,Mike McCoy,Mike McCoy,96.64019547953572,Offensive,17,0
MIA,1995,0.5625,0.40656006,0.36931857,0.193181425333023,0.03724149,0.1559399366378784,0.193181425333023,Don Shula,Don Shula,96.5791081246182,Defensive,0,5
PHI,2017,0.8125,0.61225927,0.61935866,0.1931413412094116,-0.00709939,0.2002407312393188,0.1931413412094116,Doug Pederson,Doug Pederson,96.51802076970068,Offensive,7,0
DAL,1991,0.6875,0.5109023,0.4956984,0.1918016076087951,0.015203893,0.1765977144241333,0.1918016076087951,Jimmy Johnson,Jimmy Johnson,96.3958460598656,Defensive,0,9
SFO,1989,0.875,0.811297,0.68605053,0.1889494657516479,0.12524647,0.0637030005455017,0.1889494657516479,George Seifert,George Seifert,96.33475870494809,Defensive,0,20
CLT,1970,0.8214,0.7589442,0.6336148,0.1877852214813232,0.12532943,0.0624557866096496,0.1877852214813232,Don McCafferty,Don McCafferty,96.27367135003054,Offensive,11,0
MIN,2022,0.7647,0.67556643,0.57864267,0.1860573336601257,0.09692377,0.0891335651397705,0.1860573336601257,Kevin O'Connell,Kevin O'Connell,96.212583995113,Offensive,7,0
CHI,2001,0.8125,0.62203425,0.6265367,0.1859632730484008,-0.0045024753,0.1904657483100891,0.1859632730484008,Dick Jauron,Dick Jauron,96.15149664019548,Defensive,0,17
SDG,2009,0.8125,0.6013676,0.6265635,0.1859365105628967,-0.025195897,0.2111324071884155,0.1859365105628967,Norv Turner,Norv Turner,96.09040928527794,Offensive,27,1
OTI,2021,0.7059,0.651564,0.52028924,0.1856107577323913,0.13127476,0.0543359979629516,0.1856107577323913,Mike Vrabel,Mike Vrabel,96.0293219303604,Defensive,0,7
NWE,2010,0.875,0.73223674,0.6893903,0.1856096982955932,0.04284644,0.1427632570266723,0.1856096982955932,Bill Belichick,Bill Belichick,95.96823457544288,Defensive,1,13
MIA,1985,0.75,0.5706592,0.56465036,0.1853496432304382,0.0060088634,0.1793407797813415,0.1853496432304382,Don Shula,Don Shula,95.90714722052536,Defensive,0,5
NWE,2003,0.875,0.71899563,0.69104344,0.1839565634727478,0.027952194,0.1560043692588806,0.1839565634727478,Bill Belichick,Bill Belichick,95.84605986560784,Defensive,1,13
MIA,1975,0.7143,0.6689804,0.5304965,0.1838035219192505,0.13848394,0.0453195803642273,0.1838035219192505,Don Shula,Don Shula,95.7849725106903,Defensive,0,5
RAM,2001,0.875,0.77217424,0.6915888,0.1834111809730529,0.08058542,0.1028257608413696,0.1834111809730529,Mike Martz,Mike Martz,95.72388515577276,Offensive,21,0
MIA,2001,0.6875,0.5526152,0.50437367,0.1831263303756714,0.048241556,0.134884774684906,0.1831263303756714,Dave Wannstedt,Dave Wannstedt,95.66279780085524,Defensive,0,19
RAI,1974,0.8571,0.7168207,0.6740339,0.1830661197662353,0.042786837,0.1402792831420898,0.1830661197662353,John Madden,John Madden,95.6017104459377,Defensive,0,5
GNB,1985,0.5,0.36910042,0.31728417,0.1827158331871032,0.051816255,0.130899578332901,0.1827158331871032,Forrest Gregg,Forrest Gregg,95.54062309102017,Offensive,2,0
NWE,2013,0.75,0.5781886,0.5673133,0.1826866865158081,0.010875285,0.1718114018440246,0.1826866865158081,Bill Belichick,Bill Belichick,95.47953573610263,Defensive,1,13
SEA,2013,0.8125,0.6842222,0.6306471,0.1818528771400451,0.0535751,0.1282777786254882,0.1818528771400451,Pete Carroll,Pete Carroll,95.4184483811851,Defensive,1,17
NOR,2018,0.8125,0.6861646,0.6339921,0.178507924079895,0.05217254,0.1263353824615478,0.178507924079895,Sean Payton,Sean Payton,95.29627367135004,Offensive,16,0
CLE,1993,0.4375,0.2510972,0.25957265,0.1779273450374603,-0.008475453,0.1864027976989746,0.1779273450374603,Bill Belichick,Bill Belichick,95.23518631643248,Defensive,1,13
SEA,2005,0.8125,0.68968076,0.63545215,0.177047848701477,0.054228604,0.1228192448616027,0.177047848701477,Mike Holmgren,Mike Holmgren,95.17409896151496,Offensive,15,0
CLT,2005,0.875,0.7782033,0.6991174,0.1758825778961181,0.07908589,0.096796691417694,0.1758825778961181,Tony Dungy,Tony Dungy,95.11301160659742,Defensive,0,16
KAN,2020,0.875,0.7773474,0.69917125,0.175828754901886,0.07817614,0.0976526141166687,0.175828754901886,Andy Reid,Andy Reid,95.05192425167988,Offensive,16,0
BUF,2022,0.8125,0.6717068,0.63669926,0.1758007407188415,0.035007536,0.1407932043075561,0.1758007407188415,Sean McDermott,Sean McDermott,94.99083689676236,Defensive,0,15
PHI,2002,0.75,0.6837029,0.5742874,0.1757125854492187,0.10941547,0.0662971138954162,0.1757125854492187,Andy Reid,Andy Reid,94.92974954184484,Offensive,16,0
GNB,2004,0.625,0.5396286,0.44933358,0.1756664216518402,0.09029505,0.0853713750839233,0.1756664216518402,Mike Sherman,Mike Sherman,94.86866218692732,Offensive,20,0
MIA,1981,0.7188,0.544551,0.5451571,0.1736429250717163,-0.00060606,0.1742489850997924,0.1736429250717163,Don Shula,Don Shula,94.80757483200978,Defensive,0,5
SEA,2006,0.5625,0.44887522,0.38911688,0.1733831167221069,0.059758335,0.1136247813701629,0.1733831167221069,Mike Holmgren,Mike Holmgren,94.74648747709224,Offensive,15,0
CLT,2008,0.75,0.6233815,0.57758254,0.1724174618721008,0.045798957,0.1266185045242309,0.1724174618721008,Tony Dungy,Tony Dungy,94.68540012217473,Defensive,0,16
DAL,2007,0.8125,0.6888084,0.6404602,0.1720398068428039,0.04834819,0.1236916184425354,0.1720398068428039,Wade Phillips,Wade Phillips,94.62431276725718,Defensive,0,39
SDG,1980,0.6875,0.5947732,0.51583904,0.1716609597206115,0.07893413,0.0927268266677856,0.1716609597206115,Don Coryell,Don Coryell,94.56322541233963,Other,0,0
PIT,2001,0.8125,0.66406167,0.64105356,0.1714464426040649,0.023008108,0.1484383344650268,0.1714464426040649,Bill Cowher,Bill Cowher,94.50213805742212,Defensive,0,5
GNB,1997,0.8125,0.6954943,0.64146006,0.1710399389266967,0.054034233,0.117005705833435,0.1710399389266967,Mike Holmgren,Mike Holmgren,94.44105070250458,Offensive,15,0
SFO,1984,0.9375,0.8114817,0.76671684,0.1707831621170044,0.044764876,0.1260182857513427,0.1707831621170044,Bill Walsh,Bill Walsh,94.37996334758704,Offensive,10,0
NOR,2013,0.6875,0.57218724,0.5181464,0.1693536043167114,0.05404085,0.1153127551078796,0.1693536043167114,Sean Payton,Sean Payton,94.31887599266952,Offensive,16,0
MIN,2024,0.8235,0.740306,0.6548061,0.1686939225196838,0.08549994,0.0831939802169799,0.1686939225196838,Kevin O'Connell,Kevin O'Connell,94.257788637752,Offensive,7,0
RAV,2001,0.625,0.5154696,0.4569635,0.1680364906787872,0.0585061,0.1095303893089294,0.1680364906787872,Brian Billick,Brian Billick,94.19670128283444,Offensive,15,0
WAS,1987,0.7333,0.67601043,0.5652695,0.1680305297851562,0.11074096,0.0572895701408385,0.1680305297851562,Joe Gibbs,Joe Gibbs,94.13561392791692,Offensive,17,0
NWE,1985,0.6875,0.61040723,0.5194782,0.1680217981338501,0.09092903,0.0770927667617797,0.1680217981338501,Raymond Berry,Raymond Berry,94.0745265729994,Offensive,16,0
CLT,1992,0.5625,0.44352502,0.39456928,0.1679307222366333,0.04895574,0.1189749836921691,0.1679307222366333,Ted Marchibroda,Ted Marchibroda,94.01343921808186,Offensive,24,0
HTX,2019,0.625,0.47158086,0.45717084,0.167829155921936,0.014410019,0.1534191370010376,0.167829155921936,Bill O'Brien,Bill O'Brien,93.95235186316432,Offensive,18,1
SDG,2018,0.75,0.57479906,0.5828836,0.1671164035797119,-0.008084536,0.1752009391784668,0.1671164035797119,Anthony Lynn,Anthony Lynn,93.8912645082468,Offensive,14,0
CLE,1994,0.6875,0.51842344,0.52102894,0.1664710640907287,-0.0026054978,0.1690765619277954,0.1664710640907287,Bill Belichick,Bill Belichick,93.83017715332926,Defensive,1,13
DEN,1979,0.625,0.48834586,0.458777,0.1662229895591735,0.029568851,0.1366541385650634,0.1662229895591735,Red Miller,Red Miller,93.76908979841173,Offensive,15,0
DET,1991,0.75,0.621994,0.5842945,0.1657055020332336,0.03769952,0.1280059814453125,0.1657055020332336,Wayne Fontes,Wayne Fontes,93.7080024434942,Defensive,0,13
CIN,1975,0.7857,0.6790963,0.62008137,0.1656186348915099,0.059014916,0.106603718471527,0.1656186348915099,Paul Brown,Paul Brown,93.64691508857666,Other,0,0
MIA,2022,0.5294,0.47834197,0.364828,0.1645720094680786,0.11351398,0.051058033132553,0.1645720094680786,Mike McDaniel,Mike McDaniel,93.58582773365912,Offensive,16,0
HTX,2016,0.5625,0.4149187,0.39803344,0.1644665598869323,0.01688525,0.1475813090801239,0.1644665598869323,Bill O'Brien,Bill O'Brien,93.5247403787416,Offensive,18,1
DEN,2015,0.75,0.6076785,0.5856139,0.1643860936164856,0.022064567,0.1423215270042419,0.1643860936164856,Gary Kubiak,Gary Kubiak,93.46365302382408,Offensive,16,0
DEN,2012,0.8125,0.6954149,0.64818263,0.1643173694610595,0.04723227,0.1170850992202758,0.1643173694610595,John Fox,John Fox,93.40256566890652,Defensive,0,22
CAR,2013,0.75,0.62392277,0.5862669,0.1637331247329712,0.03765589,0.1260772347450256,0.1637331247329712,Ron Rivera,Ron Rivera,93.341478313989,Defensive,0,14
CRD,2017,0.5,0.4176265,0.33648,0.1635200083255767,0.08114651,0.0823734998703002,0.1635200083255767,Bruce Arians,Bruce Arians,93.28039095907148,Offensive,25,0
PIT,2015,0.625,0.5360602,0.46158096,0.1634190380573272,0.07447925,0.0889397859573364,0.1634190380573272,Mike Tomlin,Mike Tomlin,93.21930360415394,Defensive,2,9
CHI,1994,0.5625,0.437785,0.39944935,0.1630506515502929,0.03833565,0.1247150003910064,0.1630506515502929,Dave Wannstedt,Dave Wannstedt,93.1582162492364,Defensive,0,19
RAI,1984,0.6875,0.60762185,0.52496934,0.1625306606292724,0.08265251,0.0798781514167785,0.1625306606292724,Tom Flores,Tom Flores,93.09712889431889,Offensive,8,0
PIT,2008,0.75,0.66295844,0.5883374,0.1616625785827636,0.07462102,0.0870415568351745,0.1616625785827636,Mike Tomlin,Mike Tomlin,93.03604153940135,Defensive,2,9
SEA,2020,0.75,0.6307603,0.58843815,0.1615618467330932,0.04232216,0.1192396879196167,0.1615618467330932,Pete Carroll,Pete Carroll,92.97495418448382,Defensive,1,17
CAR,2008,0.75,0.6034412,0.5886252,0.161374807357788,0.014815986,0.1465588212013244,0.161374807357788,John Fox,John Fox,92.91386682956627,Defensive,0,22
CLT,2014,0.6875,0.5868828,0.5262445,0.1612554788589477,0.06063831,0.1006171703338623,0.1612554788589477,Chuck Pagano,Chuck Pagano,92.85277947464876,Defensive,0,28
DAL,1992,0.8125,0.6779505,0.6516661,0.1608338952064514,0.026284397,0.1345494985580444,0.1608338952064514,Jimmy Johnson,Jimmy Johnson,92.79169211973122,Defensive,0,9
DAL,2003,0.625,0.5444062,0.4647907,0.1602092981338501,0.079615474,0.0805938243865966,0.1602092981338501,Bill Parcells,Bill Parcells,92.73060476481368,Defensive,0,17
NYG,1989,0.75,0.6583239,0.5900602,0.1599398255348205,0.06826371,0.091676115989685,0.1599398255348205,Bill Parcells,Bill Parcells,92.66951740989614,Defensive,0,17
RAI,1983,0.75,0.63097906,0.5901551,0.1598448753356933,0.040823936,0.119020938873291,0.1598448753356933,Tom Flores,Tom Flores,92.6084300549786,Offensive,8,0
PIT,2005,0.6875,0.63237506,0.5282886,0.1592113971710205,0.10408646,0.0551249384880065,0.1592113971710205,Bill Cowher,Bill Cowher,92.48625534514356,Defensive,0,5
RAI,1985,0.75,0.6204603,0.5910816,0.1589183807373047,0.029378653,0.1295397281646728,0.1589183807373047,Tom Flores,Tom Flores,92.42516799022602,Offensive,8,0
DEN,1998,0.875,0.83033746,0.71636283,0.1586371660232544,0.11397463,0.0446625351905822,0.1586371660232544,Mike Shanahan,Mike Shanahan,92.36408063530848,Offensive,17,0
DAL,2016,0.8125,0.65487534,0.6542532,0.1582468152046203,0.0006221533,0.1576246619224548,0.1582468152046203,Jason Garrett,Jason Garrett,92.30299328039096,Offensive,5,0
NWE,1994,0.625,0.5404693,0.4671493,0.1578507125377655,0.07332,0.0845307111740112,0.1578507125377655,Bill Parcells,Bill Parcells,92.24190592547342,Defensive,0,17
PIT,1995,0.6875,0.60556096,0.53026664,0.1572333574295044,0.075294316,0.0819390416145324,0.1572333574295044,Bill Cowher,Bill Cowher,92.1808185705559,Defensive,0,5
CRD,2020,0.5,0.34595636,0.34374943,0.1562505662441253,0.0022069216,0.1540436446666717,0.1562505662441253,Kliff Kingsbury,Kliff Kingsbury,92.11973121563835,Offensive,7,0
WAS,1972,0.7857,0.7268651,0.6301786,0.1555214292526244,0.09668654,0.0588348872184752,0.1555214292526244,George Allen,George Allen,92.05864386072084,Defensive,0,7
CRD,1981,0.4375,0.25413027,0.2820031,0.1554968953132629,-0.02787283,0.1833697259426117,0.1554968953132629,Jim Hanifan,Jim Hanifan,91.9975565058033,Offensive,27,0
RAM,1975,0.8571,0.8423328,0.7020506,0.1550493737220764,0.14028215,0.0147672196388244,0.1550493737220764,Chuck Knox,Chuck Knox,91.93646915088576,Offensive,10,0
MIA,1987,0.5333,0.42772564,0.3782718,0.1550282116413116,0.049453855,0.1055743570804595,0.1550282116413116,Don Shula,Don Shula,91.87538179596824,Defensive,0,5
DEN,1977,0.8571,0.72121215,0.7023318,0.1547682186126708,0.018880367,0.1358878513336181,0.1547682186126708,Red Miller,Red Miller,91.8142944410507,Offensive,15,0
MIA,2009,0.4375,0.3680896,0.28275287,0.1547471284866333,0.085336715,0.0694104135036468,0.1547471284866333,Tony Sparano,Tony Sparano,91.75320708613316,Offensive,22,0
JAX,1998,0.6875,0.5513349,0.5336492,0.1538507938385009,0.017685711,0.1361650824546814,0.1538507938385009,Tom Coughlin,Tom Coughlin,91.69211973121564,Offensive,17,0
NOR,1992,0.75,0.68488973,0.5962085,0.1537914872169494,0.08868122,0.0651102662086486,0.1537914872169494,Jim Mora Sr,Jim Mora Sr,91.63103237629812,Defensive,0,17
DEN,1984,0.8125,0.66083443,0.65873945,0.153760552406311,0.002094984,0.1516655683517456,0.153760552406311,Dan Reeves,Dan Reeves,91.56994502138058,Offensive,6,0
NWE,2015,0.75,0.64518094,0.5969963,0.1530036926269531,0.048184633,0.1048190593719482,0.1530036926269531,Bill Belichick,Bill Belichick,91.50885766646304,Defensive,1,13
PIT,2016,0.6875,0.6058601,0.53474385,0.1527561545372009,0.07111627,0.0816398859024047,0.1527561545372009,Mike Tomlin,Mike Tomlin,91.44777031154553,Defensive,2,9
CIN,2013,0.6875,0.555868,0.53562933,0.1518706679344177,0.020238698,0.1316319704055786,0.1518706679344177,Marvin Lewis,Marvin Lewis,91.38668295662798,Defensive,0,23
JAX,2010,0.5,0.43229446,0.34889734,0.1511026620864868,0.08339712,0.0677055418491363,0.1511026620864868,Jack Del Rio,Jack Del Rio,91.26450824679291,Defensive,0,11
GNB,2007,0.8125,0.62880176,0.6623383,0.1501616835594177,-0.033536553,0.1836982369422912,0.1501616835594177,Mike McCarthy,Mike McCarthy,91.20342089187538,Offensive,14,0
NYJ,1971,0.4286,0.29763004,0.27871394,0.1498860584259033,0.0189161,0.1309699581623077,0.1498860584259033,Weeb Ewbank,Weeb Ewbank,91.14233353695784,Offensive,6,0
OTI,2018,0.5625,0.50373185,0.4130187,0.1494812965393066,0.09071314,0.0587681531906127,0.1494812965393066,Mike Vrabel,Mike Vrabel,91.08124618204032,Defensive,0,7
GNB,1992,0.5625,0.42922255,0.41355297,0.1489470303058624,0.015669584,0.1332774460315704,0.1489470303058624,Mike Holmgren,Mike Holmgren,91.02015882712278,Offensive,15,0
DAL,1977,0.8571,0.80427384,0.7082605,0.1488395234107971,0.09601337,0.0528261562347411,0.1488395234107971,Tom Landry,Tom Landry,90.95907147220524,Defensive,0,6
CRD,2014,0.6875,0.5885876,0.5388973,0.1486027240753173,0.049690306,0.0989124178886413,0.1486027240753173,Bruce Arians,Bruce Arians,90.89798411728772,Offensive,25,0
MIN,1973,0.8571,0.7718123,0.7084974,0.1486025949478149,0.063314915,0.0852876802444457,0.1486025949478149,Bud Grant,Bud Grant,90.8368967623702,Other,0,0
OTI,2020,0.6875,0.60334295,0.53926814,0.1482318639755249,0.064074814,0.0841570496559143,0.1482318639755249,Mike Vrabel,Mike Vrabel,90.77580940745266,Defensive,0,7
BUF,1988,0.75,0.64239156,0.60266083,0.1473391652107238,0.039730728,0.1076084375381469,0.1473391652107238,Marv Levy,Marv Levy,90.71472205253512,Other,0,0
KAN,1997,0.8125,0.7720468,0.6654316,0.1470683813095092,0.106615186,0.0404531955718994,0.1470683813095092,Marty Schottenheimer,Marty Schottenheimer,90.6536346976176,Defensive,0,11
MIN,2000,0.6875,0.50922483,0.54117894,0.1463210582733154,-0.03195411,0.1782751679420471,0.1463210582733154,Dennis Green,Dennis Green,90.59254734270006,Offensive,10,0
NWE,1978,0.7333,0.6281402,0.5870704,0.1462295945167541,0.041069806,0.1051597888946532,0.1462295945167541,Chuck Fairbanks,Chuck Fairbanks / Hank Bullough / Ron Erhardt,90.470372632865,Other,0,0
SFO,1996,0.75,0.70940363,0.60433817,0.1456618309020996,0.105065465,0.0405963659286499,0.1456618309020996,George Seifert,George Seifert,90.40928527794746,Defensive,0,20
SFO,2011,0.8125,0.72922486,0.6669592,0.1455407738685608,0.062265635,0.0832751393318176,0.1455407738685608,Jim Harbaugh,Jim Harbaugh,90.34819792302994,Offensive,2,0
CIN,1982,0.7778,0.715147,0.6330223,0.1447776916503906,0.08212471,0.0626529815673828,0.1447776916503906,Forrest Gregg,Forrest Gregg,90.2871105681124,Offensive,2,0
CLE,2007,0.625,0.51982486,0.48042387,0.1445761322975158,0.039400995,0.1051751375198364,0.1445761322975158,Romeo Crennel,Romeo Crennel,90.22602321319488,Defensive,0,32
MIA,1973,0.8571,0.7726738,0.7127174,0.1443825860977172,0.05995637,0.084426214313507,0.1443825860977172,Don Shula,Don Shula,90.16493585827736,Defensive,0,5
RAM,1979,0.5625,0.45890042,0.4190275,0.1434724926948547,0.039872915,0.1035995781421661,0.1434724926948547,Ray Malavasi,Ray Malavasi,90.1038485033598,Defensive,2,15
KAN,2016,0.75,0.64881116,0.6072694,0.1427305936813354,0.041541755,0.101188838481903,0.1427305936813354,Andy Reid,Andy Reid,89.98167379352473,Offensive,16,0
WAS,1985,0.625,0.5743817,0.4823554,0.1426446139812469,0.09202632,0.050618290901184,0.1426446139812469,Joe Gibbs,Joe Gibbs,89.9205864386072,Offensive,17,0
NOR,2019,0.8125,0.72107947,0.6701204,0.1423795819282531,0.05095905,0.0914205312728881,0.1423795819282531,Sean Payton,Sean Payton,89.85949908368967,Offensive,16,0
WAS,1983,0.875,0.804266,0.73362035,0.1413796544075012,0.07064563,0.0707340240478515,0.1413796544075012,Joe Gibbs,Joe Gibbs,89.79841172877214,Offensive,17,0
WAS,2024,0.7059,0.6281973,0.56521237,0.140687631034851,0.06298494,0.0777026876449584,0.140687631034851,Dan Quinn,Dan Quinn,89.7373243738546,Defensive,0,24
NYJ,1998,0.75,0.67231655,0.6104883,0.1395117044448852,0.061828256,0.0776834487915039,0.1395117044448852,Bill Parcells,Bill Parcells,89.67623701893707,Defensive,0,17
CRD,2015,0.8125,0.7442571,0.673196,0.139303982257843,0.071061075,0.0682429075241088,0.139303982257843,Bruce Arians,Bruce Arians,89.61514966401954,Offensive,25,0
RAM,2018,0.8125,0.71628207,0.6750848,0.1374151706695556,0.04119724,0.096217930316925,0.1374151706695556,Sean McVay,Sean McVay,89.55406230910201,Offensive,9,0
RAM,2021,0.7059,0.64252406,0.5686181,0.13728188123703,0.073905945,0.0633759364128112,0.13728188123703,Sean McVay,Sean McVay,89.49297495418448,Offensive,9,0
SFO,1992,0.875,0.82208717,0.738043,0.1369569897651672,0.08404416,0.0529128313064575,0.1369569897651672,George Seifert,George Seifert,89.43188759926696,Defensive,0,20
NOR,1987,0.8,0.6872652,0.6634163,0.13658367395401,0.023848891,0.1127347826957703,0.13658367395401,Jim Mora Sr,Jim Mora Sr,89.37080024434943,Defensive,0,17
DEN,1987,0.7,0.61554426,0.56345654,0.1365434646606445,0.052087724,0.0844557404518127,0.1365434646606445,Dan Reeves,Dan Reeves,89.30971288943189,Offensive,6,0
BUF,1993,0.75,0.6732384,0.6136424,0.1363576054573059,0.059596002,0.0767616033554077,0.1363576054573059,Marv Levy,Marv Levy,89.24862553451436,Other,0,0
NYJ,1986,0.625,0.535704,0.48882833,0.136171668767929,0.046875685,0.0892959833145141,0.136171668767929,Joe Walton,Joe Walton,89.18753817959683,Offensive,16,0
NWE,1976,0.7857,0.72203016,0.64955914,0.1361408597946166,0.07247102,0.0636698371887206,0.1361408597946166,Chuck Fairbanks,Chuck Fairbanks,89.1264508246793,Other,0,0
MIN,1997,0.5625,0.4773221,0.4263682,0.1361317932605743,0.050953895,0.0851778984069824,0.1361317932605743,Dennis Green,Dennis Green,89.06536346976176,Offensive,10,0
MIN,1970,0.8571,0.8089573,0.72109425,0.1360057493209838,0.08786303,0.0481427212715148,0.1360057493209838,Bud Grant,Bud Grant,89.00427611484423,Other,0,0
RAM,1973,0.8571,0.8215527,0.7211709,0.1359290977478027,0.10038179,0.0355473061561584,0.1359290977478027,Chuck Knox,Chuck Knox,88.9431887599267,Offensive,10,0
RAV,2006,0.8125,0.70399857,0.6766725,0.1358274817466735,0.027326047,0.1085014343261718,0.1358274817466735,Brian Billick,Brian Billick,88.88210140500917,Offensive,15,0
TAM,2024,0.5882,0.39526457,0.4528108,0.1353892058849334,-0.05754623,0.1929354340553283,0.1353892058849334,Todd Bowles,Todd Bowles,88.82101405009163,Defensive,0,17
DEN,1976,0.6429,0.56968045,0.50831544,0.1345845560073852,0.06136501,0.0732195476531982,0.1345845560073852,John Ralston,John Ralston,88.7599266951741,Offensive,1,0
JAX,1999,0.875,0.81261414,0.7406105,0.1343895196914672,0.07200366,0.0623858571052551,0.1343895196914672,Tom Coughlin,Tom Coughlin,88.69883934025657,Offensive,17,0
BUF,1973,0.6429,0.52947325,0.50859165,0.1343083480834961,0.020881593,0.1134267548561096,0.1343083480834961,Lou Saban,Lou Saban,88.63775198533904,Other,0,0
RAM,2002,0.4375,0.37410268,0.30336288,0.1341371238231659,0.070739806,0.0633973181247711,0.1341371238231659,Mike Martz,Mike Martz,88.5766646304215,Offensive,21,0
NWE,2006,0.75,0.65662885,0.61658955,0.1334104537963867,0.0400393,0.0933711528778076,0.1334104537963867,Bill Belichick,Bill Belichick,88.51557727550397,Defensive,1,13
RAI,1990,0.75,0.64697164,0.6166783,0.1333217024803161,0.030293345,0.1030283570289611,0.1333217024803161,Art Shell,Art Shell,88.45448992058644,Offensive,12,0
OTI,2006,0.5,0.3953143,0.3671848,0.1328152120113372,0.028129518,0.1046856939792633,0.1328152120113372,Jeff Fisher,Jeff Fisher,88.39340256566891,Defensive,0,9
RAM,2003,0.75,0.71098745,0.61720294,0.1327970623970031,0.09378451,0.0390125513076782,0.1327970623970031,Mike Martz,Mike Martz,88.33231521075137,Offensive,21,0
NYJ,2010,0.6875,0.5999271,0.55526066,0.1322393417358398,0.04466647,0.0875728726387023,0.1322393417358398,Rex Ryan,Rex Ryan,88.27122785583384,Defensive,0,20
CLT,1987,0.6,0.5212651,0.46811953,0.1318804681301116,0.053145558,0.0787349104881286,0.1318804681301116,Ron Meyer,Ron Meyer,88.21014050091631,Other,0,0
SFO,1976,0.5714,0.5275371,0.44027415,0.1311258508205414,0.08726296,0.0438628925323486,0.1311258508205414,Monte Clark,Monte Clark,88.14905314599878,Offensive,9,0
DEN,2014,0.75,0.6170301,0.6189202,0.1310797929763794,-0.0018901229,0.1329699158668518,0.1310797929763794,John Fox,John Fox,88.08796579108125,Defensive,0,22
CLT,1988,0.5625,0.4750596,0.4317257,0.1307742893695831,0.043333888,0.087440401315689,0.1307742893695831,Ron Meyer,Ron Meyer,88.02687843616371,Other,0,0
NWE,1988,0.5625,0.47834104,0.4319295,0.130570501089096,0.046411544,0.0841589570045471,0.130570501089096,Raymond Berry,Raymond Berry,87.96579108124618,Offensive,16,0
KAN,1989,0.5312,0.4809467,0.4013611,0.1298388921737671,0.07958558,0.0502533101558685,0.1298388921737671,Marty Schottenheimer,Marty Schottenheimer,87.84361637141112,Defensive,0,11
SDG,1999,0.5,0.4266248,0.3705656,0.1294344067573547,0.05605921,0.0733751952648162,0.1294344067573547,Mike Riley,Mike Riley,87.78252901649358,Defensive,1,10
DEN,1975,0.4286,0.35878018,0.29935434,0.1292456553936004,0.05942583,0.0698198245525359,0.1292456553936004,John Ralston,John Ralston,87.66035430665852,Offensive,1,0
CRD,1996,0.4375,0.34413484,0.30948523,0.1280147731304168,0.03464961,0.0933651626110076,0.1280147731304168,Vince Tobin,Vince Tobin,87.53817959682347,Defensive,0,25
BUF,1990,0.8125,0.7607169,0.6860332,0.1264668107032776,0.074683726,0.0517830848693847,0.1264668107032776,Marv Levy,Marv Levy,87.47709224190594,Other,0,0
TAM,1982,0.5556,0.47693592,0.43021357,0.1253864294052123,0.046722353,0.0786640769004821,0.1253864294052123,John McKay,John McKay,87.41600488698839,Other,0,0
SFO,1991,0.625,0.57416564,0.49973246,0.1252675354480743,0.07443318,0.0508343577384948,0.1252675354480743,George Seifert,George Seifert,87.35491753207086,Defensive,0,20
NYG,2007,0.625,0.54527116,0.49979568,0.12520432472229,0.045475483,0.0797288417816162,0.12520432472229,Tom Coughlin,Tom Coughlin,87.29383017715332,Offensive,17,0
BUF,1999,0.6875,0.5693227,0.56281245,0.1246875524520874,0.0065102577,0.1181772947311401,0.1246875524520874,Wade Phillips,Wade Phillips,87.23274282223579,Defensive,0,39
CLT,2007,0.8125,0.75166076,0.68801105,0.1244889497756958,0.063649714,0.0608392357826232,0.1244889497756958,Tony Dungy,Tony Dungy,87.17165546731826,Defensive,0,16
OTI,1974,0.5,0.33252656,0.37612984,0.12387016415596,-0.04360327,0.1674734354019165,0.12387016415596,Sid Gillman,Sid Gillman,87.11056811240073,Offensive,3,0
OTI,2000,0.8125,0.7338526,0.6888284,0.1236715912818908,0.045024216,0.0786473751068115,0.1236715912818908,Jeff Fisher,Jeff Fisher,87.0494807574832,Defensive,0,9
SEA,1984,0.75,0.63322186,0.62648624,0.1235137581825256,0.006735623,0.1167781352996826,0.1235137581825256,Chuck Knox,Chuck Knox,86.98839340256566,Offensive,10,0
CLE,1992,0.4375,0.29634356,0.31403702,0.123462975025177,-0.01769346,0.1411564350128173,0.123462975025177,Bill Belichick,Bill Belichick,86.92730604764813,Defensive,1,13
KAN,2018,0.75,0.7159556,0.6266586,0.1233413815498352,0.089297,0.0340443849563598,0.1233413815498352,Andy Reid,Andy Reid,86.8662186927306,Offensive,16,0
TAM,2021,0.7647,0.7051405,0.6416321,0.123067919921875,0.06350839,0.0595595285415649,0.123067919921875,Bruce Arians,Bruce Arians,86.80513133781307,Offensive,25,0
NOR,2017,0.6875,0.6238403,0.56580424,0.1216957569122314,0.05803603,0.0636597275733947,0.1216957569122314,Sean Payton,Sean Payton,86.74404398289553,Offensive,16,0
CRD,1975,0.7857,0.7227173,0.66415304,0.1215469605445861,0.058564246,0.0629827148437499,0.1215469605445861,Don Coryell,Don Coryell,86.68295662797802,Other,0,0
PIT,2011,0.75,0.6699606,0.6286812,0.1213188171386718,0.041279435,0.080039381980896,0.1213188171386718,Mike Tomlin,Mike Tomlin,86.62186927306048,Defensive,2,9
MIA,1978,0.6875,0.6246537,0.5668569,0.1206430792808532,0.057796776,0.062846302986145,0.1206430792808532,Don Shula,Don Shula,86.56078191814295,Defensive,0,5
RAM,2004,0.5,0.4860612,0.379371,0.1206290125846862,0.1066902,0.0139388144016265,0.1206290125846862,Mike Martz,Mike Martz,86.49969456322542,Offensive,21,0
NWE,2008,0.6875,0.62148494,0.56694007,0.1205599308013916,0.054544866,0.0660150647163391,0.1205599308013916,Bill Belichick,Bill Belichick,86.43860720830789,Defensive,1,13
DAL,2020,0.375,0.27249187,0.25468987,0.1203101277351379,0.017802,0.1025081276893615,0.1203101277351379,Mike McCarthy,Mike McCarthy,86.37751985339035,Offensive,14,0
BUF,1996,0.625,0.55565304,0.50477386,0.1202261447906494,0.05087918,0.0693469643592834,0.1202261447906494,Marv Levy,Marv Levy,86.31643249847282,Other,0,0
NYG,2005,0.6875,0.6335622,0.56744915,0.1200508475303649,0.066113055,0.0539377927780151,0.1200508475303649,Tom Coughlin,Tom Coughlin,86.25534514355529,Offensive,17,0
CAR,2007,0.4375,0.31396016,0.31835407,0.119145929813385,-0.0043939054,0.1235398352146148,0.119145929813385,John Fox,John Fox,86.19425778863776,Defensive,0,22
CRD,1974,0.7143,0.60174954,0.59558934,0.1187106602668762,0.0061601996,0.1125504606246948,0.1187106602668762,Don Coryell,Don Coryell,86.13317043372022,Other,0,0
HTX,2012,0.75,0.6466694,0.6316994,0.1183006167411804,0.014970005,0.1033306121826171,0.1183006167411804,Gary Kubiak,Gary Kubiak,86.07208307880269,Offensive,16,0
RAI,1970,0.6429,0.5645888,0.5246016,0.1182984212875366,0.039987206,0.0783112148284912,0.1182984212875366,John Madden,John Madden,86.01099572388516,Defensive,0,5
RAI,1977,0.7857,0.7812297,0.66767794,0.118022061061859,0.113551736,0.0044703251838683,0.118022061061859,John Madden,John Madden,85.94990836896763,Defensive,0,5
GNB,2002,0.75,0.6905789,0.63236415,0.1176358461380004,0.058214724,0.0594211220741272,0.1176358461380004,Mike Sherman,Mike Sherman,85.88882101405008,Offensive,20,0
SDG,2007,0.6875,0.61330914,0.5700532,0.1174467802047729,0.043255925,0.0741908550262451,0.1174467802047729,Norv Turner,Norv Turner,85.82773365913255,Offensive,27,1
NYG,2010,0.625,0.5574306,0.5075948,0.1174051761627197,0.0498358,0.0675693750381469,0.1174051761627197,Tom Coughlin,Tom Coughlin,85.76664630421503,Offensive,17,0
PHI,2003,0.75,0.6761506,0.63281345,0.1171865463256836,0.043337166,0.0738493800163269,0.1171865463256836,Andy Reid,Andy Reid,85.7055589492975,Offensive,16,0
DAL,1983,0.75,0.7052192,0.6332439,0.1167560815811157,0.07197529,0.0447807908058166,0.1167560815811157,Tom Landry,Tom Landry,85.58338423946243,Defensive,0,6
NOR,2010,0.6875,0.63221914,0.571047,0.1164529919624328,0.061172128,0.055280864238739,0.1164529919624328,Sean Payton,Sean Payton,85.5222968845449,Offensive,16,0
KAN,2014,0.5625,0.53844607,0.4461852,0.1163147985935211,0.09226087,0.024053931236267,0.1163147985935211,Andy Reid,Andy Reid,85.46120952962737,Offensive,16,0
NOR,1990,0.5,0.44288102,0.38449842,0.115501582622528,0.0583826,0.0571189820766449,0.115501582622528,Jim Mora Sr,Jim Mora Sr,85.40012217470984,Defensive,0,17
MIA,1971,0.75,0.66402525,0.63458455,0.1154154539108276,0.029440701,0.0859747529029846,0.1154154539108276,Don Shula,Don Shula,85.3390348197923,Defensive,0,5
MIN,1999,0.625,0.51508087,0.50961584,0.1153841614723205,0.0054650307,0.1099191308021545,0.1153841614723205,Dennis Green,Dennis Green,85.27794746487477,Offensive,10,0
GNB,2013,0.5312,0.44246307,0.4159798,0.11522019739151,0.026483268,0.0887369298458099,0.11522019739151,Mike McCarthy,Mike McCarthy,85.21686010995724,Offensive,14,0
CIN,2012,0.625,0.5259642,0.50986046,0.1151395440101623,0.016103745,0.0990357995033264,0.1151395440101623,Marvin Lewis,Marvin Lewis,85.1557727550397,Defensive,0,23
DAL,1972,0.7143,0.64174205,0.5991831,0.1151169174194336,0.042558968,0.0725579493522644,0.1151169174194336,Tom Landry,Tom Landry,85.09468540012217,Defensive,0,6
SFO,2020,0.375,0.30403697,0.25996488,0.1150351166725158,0.04407209,0.0709630250930786,0.1150351166725158,Kyle Shanahan,Kyle Shanahan,85.03359804520464,Offensive,13,0
GNB,1996,0.8125,0.7776324,0.69807976,0.1144202351570129,0.07955265,0.0348675847053527,0.1144202351570129,Mike Holmgren,Mike Holmgren,84.97251069028711,Offensive,15,0
NYJ,2019,0.4375,0.33458245,0.3234345,0.1140654981136322,0.011147946,0.1029175519943237,0.1140654981136322,Adam Gase,Adam Gase,84.91142333536958,Offensive,11,0
DAL,1980,0.75,0.7049068,0.63611656,0.1138834357261657,0.06879026,0.0450931787490844,0.1138834357261657,Tom Landry,Tom Landry,84.85033598045206,Defensive,0,6
DAL,1984,0.5625,0.52078766,0.44882756,0.1136724352836608,0.07196009,0.0417123436927795,0.1136724352836608,Tom Landry,Tom Landry,84.78924862553453,Defensive,0,6
SDG,1979,0.75,0.62662745,0.636659,0.1133409738540649,-0.010031581,0.1233725547790527,0.1133409738540649,Don Coryell,Don Coryell,84.72816127061698,Other,0,0
CHI,2006,0.8125,0.74630255,0.69990313,0.1125968694686889,0.046399415,0.0661974549293518,0.1125968694686889,Lovie Smith,Lovie Smith,84.66707391569945,Defensive,0,22
GNB,1982,0.6111,0.5661457,0.49873847,0.1123615323066711,0.06740725,0.0449542819023132,0.1123615323066711,Bart Starr,Bart Starr,84.60598656078191,Offensive,1,0
CIN,1981,0.75,0.6439179,0.6378284,0.1121715903282165,0.0060895085,0.1060820817947387,0.1121715903282165,Forrest Gregg,Forrest Gregg,84.54489920586438,Offensive,2,0
SFO,1998,0.75,0.6690547,0.63812715,0.1118728518486023,0.030927539,0.0809453129768371,0.1118728518486023,Steve Mariucci,Steve Mariucci,84.48381185094685,Offensive,17,0
MIN,1971,0.7857,0.7469596,0.6738387,0.1118613249778747,0.07312095,0.0387403733253478,0.1118613249778747,Bud Grant,Bud Grant,84.42272449602932,Other,0,0
ATL,2008,0.6875,0.55150574,0.57578707,0.1117129325866699,-0.024281323,0.1359942555427551,0.1117129325866699,Mike Smith,Mike Smith,84.30054978619425,Defensive,0,19
CIN,2022,0.75,0.6594069,0.63836086,0.1116391420364379,0.021046042,0.0905930995941162,0.1116391420364379,Zac Taylor,Zac Taylor,84.23946243127672,Offensive,7,0
KAN,1995,0.8125,0.7317,0.70113266,0.1113673448562622,0.030567348,0.0807999968528747,0.1113673448562622,Marty Schottenheimer,Marty Schottenheimer,84.17837507635919,Defensive,0,11
GNB,1993,0.5625,0.47949356,0.45129853,0.1112014651298523,0.028195024,0.0830064415931701,0.1112014651298523,Mike Holmgren,Mike Holmgren,84.05620036652412,Offensive,15,0
PIT,2002,0.6562,0.59396935,0.545138,0.1110619985580444,0.048831344,0.0622306549072265,0.1110619985580444,Bill Cowher,Bill Cowher,83.99511301160659,Defensive,0,5
NWE,2011,0.8125,0.7467192,0.7016795,0.110820472240448,0.045039654,0.0657808184623718,0.110820472240448,Bill Belichick,Bill Belichick,83.93402565668907,Defensive,1,13
NWE,1987,0.5333,0.5121387,0.42257836,0.110721635389328,0.08956036,0.0211612756729125,0.110721635389328,Raymond Berry,Raymond Berry,83.87293830177154,Offensive,16,0
PHI,1991,0.625,0.5214575,0.5152571,0.1097428798675537,0.006200373,0.1035425066947937,0.1097428798675537,Rich Kotite,Rich Kotite,83.81185094685401,Offensive,14,0
PIT,2020,0.75,0.6657109,0.6405629,0.1094371080398559,0.025148034,0.0842890739440918,0.1094371080398559,Mike Tomlin,Mike Tomlin,83.75076359193648,Defensive,2,9
HTX,2018,0.6875,0.5745647,0.5784049,0.1090950965881347,-0.003840208,0.1129353046417236,0.1090950965881347,Bill O'Brien,Bill O'Brien,83.62858888210141,Offensive,18,1
DAL,1971,0.7857,0.75868636,0.6766842,0.1090157992362975,0.08200216,0.0270136363029479,0.1090157992362975,Tom Landry,Tom Landry,83.56750152718388,Defensive,0,6
DET,2023,0.7059,0.6049473,0.59703505,0.108864949607849,0.007912278,0.100952671432495,0.108864949607849,Dan Campbell,Dan Campbell,83.50641417226635,Offensive,10,0
NYG,1990,0.8125,0.7783073,0.7038872,0.1086127758026123,0.074420094,0.034192681312561,0.1086127758026123,Bill Parcells,Bill Parcells,83.44532681734881,Defensive,0,17
CLT,1976,0.7857,0.73676515,0.67774194,0.1079580552101134,0.0590232,0.0489348537445067,0.1079580552101134,Ted Marchibroda,Ted Marchibroda,83.38423946243128,Offensive,24,0
DEN,1992,0.5,0.39734414,0.39275396,0.1072460412979126,0.0045901835,0.1026558578014373,0.1072460412979126,Dan Reeves,Dan Reeves,83.32315210751375,Offensive,6,0
MIA,1980,0.5,0.44521642,0.392931,0.1070689857006073,0.052285403,0.0547835826873779,0.1070689857006073,Don Shula,Don Shula,83.26206475259622,Defensive,0,5
SEA,2016,0.6562,0.5867505,0.5494171,0.1067829215049743,0.03733343,0.0694494926452636,0.1067829215049743,Pete Carroll,Pete Carroll,83.20097739767867,Defensive,1,17
MIA,1977,0.7143,0.6494145,0.607525,0.1067750089645386,0.04188949,0.0648855202674866,0.1067750089645386,Don Shula,Don Shula,83.13989004276114,Defensive,0,5
DAL,2008,0.5625,0.4545618,0.4558426,0.1066573858261108,-0.0012808144,0.1079382002353668,0.1066573858261108,Wade Phillips,Wade Phillips,83.0788026878436,Defensive,0,39
DAL,1976,0.7857,0.7492212,0.679175,0.1065249807357787,0.07004619,0.0364787942886352,0.1065249807357787,Tom Landry,Tom Landry,83.01771533292609,Defensive,0,6
KAN,1993,0.6875,0.62069166,0.58106714,0.1064328551292419,0.039624512,0.0668083429336547,0.1064328551292419,Marty Schottenheimer,Marty Schottenheimer,82.95662797800856,Defensive,0,11
PHI,1995,0.625,0.5779445,0.5189573,0.1060426831245422,0.0589872,0.0470554828643798,0.1060426831245422,Ray Rhodes,Ray Rhodes,82.89554062309102,Defensive,0,23
RAM,1978,0.75,0.7041198,0.64407367,0.1059263348579406,0.060046136,0.0458801984786987,0.1059263348579406,Ray Malavasi,Ray Malavasi,82.83445326817349,Defensive,2,15
SFO,2021,0.5882,0.4999162,0.48245102,0.1057489783287047,0.017465174,0.0882838041305541,0.1057489783287047,Kyle Shanahan,Kyle Shanahan,82.77336591325596,Offensive,13,0
GNB,2020,0.8125,0.7415338,0.7073935,0.1051064729690551,0.03414029,0.0709661841392517,0.1051064729690551,Matt LaFleur,Matt LaFleur,82.71227855833843,Offensive,16,0
WAS,2002,0.4375,0.2694759,0.3326112,0.1048887968063354,-0.063135296,0.1680240929126739,0.1048887968063354,Steve Spurrier,Steve Spurrier,82.6511912034209,Offensive,5,0
DEN,2019,0.4375,0.3148099,0.33346182,0.1040381789207458,-0.018651932,0.1226901113986969,0.1040381789207458,Vic Fangio,Vic Fangio,82.59010384850336,Defensive,0,40
PHI,2024,0.8235,0.7525258,0.71958715,0.1039128527641296,0.03293866,0.070974193572998,0.1039128527641296,Nick Sirianni,Nick Sirianni,82.52901649358583,Offensive,15,2
SDG,1977,0.5,0.37648818,0.39657304,0.1034269630908966,-0.020084858,0.1235118210315704,0.1034269630908966,Tommy Prothro,Tommy Prothro,82.4679291386683,Other,0,0
SEA,1989,0.4375,0.40412623,0.33427638,0.1032236218452453,0.06984985,0.0333737730979919,0.1032236218452453,Chuck Knox,Chuck Knox,82.40684178375076,Offensive,10,0
GNB,2017,0.4375,0.34132022,0.33458823,0.1029117703437805,0.006731987,0.0961797833442688,0.1029117703437805,Mike McCarthy,Mike McCarthy,82.34575442883323,Offensive,14,0
SEA,2003,0.625,0.52521956,0.52223617,0.102763831615448,0.0029833913,0.0997804403305053,0.102763831615448,Mike Holmgren,Mike Holmgren,82.2846670739157,Offensive,15,0
NYG,1981,0.5625,0.44223967,0.45985082,0.1026491820812225,-0.017611146,0.1202603280544281,0.1026491820812225,Ray Perkins,Ray Perkins,82.22357971899817,Offensive,12,0
NOR,1991,0.6875,0.6701806,0.58498996,0.1025100350379943,0.085190654,0.01731938123703,0.1025100350379943,Jim Mora Sr,Jim Mora Sr,82.16249236408063,Defensive,0,17
MIN,2008,0.625,0.5605095,0.5225906,0.1024094223976135,0.037918925,0.0644904971122741,0.1024094223976135,Brad Childress,Brad Childress,82.1014050091631,Offensive,30,0
CIN,1986,0.625,0.5090864,0.52274466,0.1022553443908691,-0.013658285,0.1159136295318603,0.1022553443908691,Sam Wyche,Sam Wyche,82.04031765424557,Offensive,19,0
NYG,2016,0.6875,0.52903366,0.5857556,0.1017444133758544,-0.056721926,0.1584663391113281,0.1017444133758544,Ben McAdoo,Ben McAdoo,81.97923029932804,Offensive,14,0
MIA,1970,0.7143,0.5939831,0.6129395,0.1013605230331421,-0.018956363,0.1203168862342835,0.1013605230331421,Don Shula,Don Shula,81.9181429444105,Defensive,0,5
SFO,1980,0.375,0.24012117,0.27390414,0.1010958552360534,-0.033782974,0.1348788291215896,0.1010958552360534,Bill Walsh,Bill Walsh,81.85705558949297,Offensive,10,0
PHI,2019,0.5625,0.50762844,0.46149775,0.1010022461414337,0.046130687,0.0548715591430664,0.1010022461414337,Doug Pederson,Doug Pederson,81.79596823457544,Offensive,7,0
WAS,1991,0.875,0.84442896,0.7743735,0.100626528263092,0.070055485,0.0305710434913635,0.100626528263092,Joe Gibbs,Joe Gibbs,81.73488087965791,Offensive,17,0
CLT,2013,0.6875,0.598207,0.5870548,0.1004452109336853,0.011152208,0.0892930030822753,0.1004452109336853,Chuck Pagano,Chuck Pagano,81.67379352474038,Defensive,0,28
OTI,1987,0.6,0.5138153,0.49965867,0.1003413259983062,0.01415661,0.0861847162246703,0.1003413259983062,Jerry Glanville,Jerry Glanville,81.61270616982284,Defensive,0,14
MIA,2023,0.6471,0.63519174,0.54678124,0.1003187581062317,0.0884105,0.0119082613945007,0.1003187581062317,Mike McDaniel,Mike McDaniel,81.55161881490531,Offensive,16,0
GNB,2001,0.75,0.6995588,0.64969045,0.1003095507621765,0.049868345,0.0504412055015563,0.1003095507621765,Mike Sherman,Mike Sherman,81.49053145998778,Offensive,20,0
SEA,1991,0.4375,0.43419796,0.3375354,0.0999645888805389,0.09666255,0.0033020377159118,0.0999645888805389,Chuck Knox,Chuck Knox,81.42944410507025,Offensive,10,0
NOR,1982,0.4444,0.40297312,0.3446051,0.0997949117660522,0.058368027,0.0414268845558166,0.0997949117660522,Bum Phillips,Bum Phillips,81.36835675015271,Defensive,0,8
WAS,1977,0.6429,0.6479548,0.5433706,0.0995293954849243,0.10458422,-0.0050548215866088,0.0995293954849243,George Allen,George Allen,81.30726939523518,Defensive,0,7
DAL,1982,0.6667,0.64378506,0.56777215,0.0989278499603271,0.07601291,0.022914940547943,0.0989278499603271,Tom Landry,Tom Landry,81.24618204031765,Defensive,0,6
BUF,2020,0.8125,0.70505035,0.713582,0.0989180207252502,-0.00853163,0.1074496507644653,0.0989180207252502,Sean McDermott,Sean McDermott,81.18509468540013,Defensive,0,15
DEN,1996,0.8125,0.7446755,0.71361,0.0988900065422058,0.031065524,0.0678244829177856,0.0988900065422058,Mike Shanahan,Mike Shanahan,81.1240073304826,Offensive,17,0
CLT,2016,0.5,0.41938776,0.40122053,0.0987794697284698,0.018167228,0.0806122422218322,0.0987794697284698,Chuck Pagano,Chuck Pagano,81.06291997556507,Defensive,0,28
CRD,2013,0.625,0.60708064,0.5263589,0.0986410975456237,0.080721736,0.0179193615913391,0.0986410975456237,Bruce Arians,Bruce Arians,81.00183262064753,Offensive,25,0
NYJ,1984,0.4375,0.34473,0.33886606,0.0986339449882507,0.0058639348,0.0927700102329254,0.0986339449882507,Joe Walton,Joe Walton,80.94074526573,Offensive,16,0
SFO,2013,0.75,0.71962196,0.65148085,0.0985191464424133,0.0681411,0.0303780436515808,0.0985191464424133,Jim Harbaugh,Jim Harbaugh,80.87965791081247,Offensive,2,0
GNB,2024,0.6471,0.60548383,0.5486614,0.0984385891914367,0.05682242,0.0416161700248718,0.0984385891914367,Matt LaFleur,Matt LaFleur,80.81857055589494,Offensive,16,0
NWE,1982,0.5556,0.46230906,0.45754415,0.0980558520317077,0.0047649145,0.0932909375190734,0.0980558520317077,Ron Meyer,Ron Meyer,80.7574832009774,Other,0,0
MIA,2016,0.625,0.5471983,0.527123,0.097877025604248,0.020075321,0.0778017044067382,0.097877025604248,Adam Gase,Adam Gase,80.69639584605987,Offensive,11,0
MIN,2012,0.625,0.510053,0.52739495,0.0976050496101379,-0.017341971,0.1149470210075378,0.0976050496101379,Leslie Frazier,Leslie Frazier,80.63530849114233,Defensive,0,17
PHI,2004,0.8125,0.7758579,0.71508336,0.0974166393280029,0.060774565,0.0366420745849609,0.0974166393280029,Andy Reid,Andy Reid,80.57422113622479,Offensive,16,0
MIA,2010,0.4375,0.3861573,0.34043512,0.0970648825168609,0.045722187,0.0513426959514617,0.0970648825168609,Tony Sparano,Tony Sparano,80.51313378130726,Offensive,22,0
CAR,2019,0.4167,0.35227257,0.31990755,0.096792453956604,0.032365024,0.0644274298667907,0.096792453956604,Ron Rivera,Perry Fewell / Ron Rivera,80.45204642638973,Defensive,0,14
NYG,2013,0.4375,0.39213404,0.34075323,0.0967467725276947,0.051380813,0.045365959405899,0.0967467725276947,Tom Coughlin,Tom Coughlin,80.3909590714722,Offensive,17,0
NYJ,1974,0.5,0.46111003,0.40338936,0.0966106355190277,0.05772066,0.0388899743556976,0.0966106355190277,Charley Winner,Charley Winner,80.32987171655466,Defensive,0,19
SEA,1997,0.5,0.4198638,0.4038013,0.0961987078189849,0.016062498,0.0801362097263336,0.0961987078189849,Dennis Erickson,Dennis Erickson,80.26878436163715,Offensive,13,0
HTX,2008,0.5,0.4031127,0.404079,0.0959210097789764,-0.0009662807,0.0968872904777526,0.0959210097789764,Gary Kubiak,Gary Kubiak,80.20769700671961,Offensive,16,0
TAM,2005,0.6875,0.6512138,0.59173423,0.0957657694816589,0.059479594,0.036286175251007,0.0957657694816589,Jon Gruden,Jon Gruden,80.14660965180208,Offensive,10,0
CAR,2003,0.6875,0.63533086,0.592277,0.0952230095863342,0.043053865,0.0521691441535949,0.0952230095863342,John Fox,John Fox,80.08552229688455,Defensive,0,22
CHI,2003,0.4375,0.27133265,0.34253854,0.0949614644050598,-0.071205884,0.1661673486232757,0.0949614644050598,Dick Jauron,Dick Jauron,80.02443494196702,Defensive,0,17
NYG,1997,0.6562,0.48534027,0.56134075,0.0948592507362365,-0.07600048,0.1708597325801849,0.0948592507362365,Jim Fassel,Jim Fassel,79.96334758704948,Offensive,13,0
MIA,1990,0.75,0.71338177,0.65514636,0.0948536396026611,0.058235407,0.0366182327270507,0.0948536396026611,Don Shula,Don Shula,79.90226023213195,Defensive,0,5
OTI,1993,0.75,0.6941074,0.65541023,0.0945897698402404,0.038697183,0.0558925867080688,0.0945897698402404,Jack Pardee,Jack Pardee,79.84117287721442,Defensive,0,1
MIN,2005,0.5625,0.4241873,0.46794468,0.0945553183555603,-0.04375738,0.1383126974105835,0.0945553183555603,Mike Tice,Mike Tice,79.78008552229689,Offensive,12,0
CLT,2003,0.75,0.68467516,0.6556282,0.0943717956542968,0.029046953,0.06532484292984,0.0943717956542968,Tony Dungy,Tony Dungy,79.71899816737935,Defensive,0,16
CLT,2018,0.625,0.52745134,0.5310107,0.0939893126487732,-0.003559351,0.0975486636161804,0.0939893126487732,Frank Reich,Frank Reich,79.65791081246182,Offensive,6,0
DAL,1974,0.5714,0.52918357,0.47782025,0.0935797525882721,0.05136332,0.042216433429718,0.0935797525882721,Tom Landry,Tom Landry,79.59682345754429,Defensive,0,6
WAS,2022,0.5,0.4321332,0.4065709,0.0934290885925293,0.025562286,0.0678668022155761,0.0934290885925293,Ron Rivera,Ron Rivera,79.53573610262676,Defensive,0,14
MIN,1982,0.5556,0.54015297,0.4623582,0.0932417934894561,0.07779476,0.0154470330238342,0.0932417934894561,Bud Grant,Bud Grant,79.47464874770922,Other,0,0
NYJ,2013,0.5,0.41716143,0.40701982,0.0929801762104034,0.010141611,0.0828385651111602,0.0929801762104034,Rex Ryan,Rex Ryan,79.41356139279169,Defensive,0,20
RAV,2000,0.75,0.68656397,0.65718794,0.0928120613098144,0.02937603,0.0634360313415527,0.0928120613098144,Brian Billick,Brian Billick,79.35247403787416,Offensive,15,0
CLE,2020,0.6875,0.6442992,0.5950114,0.0924885869026184,0.049287796,0.0432007908821105,0.0924885869026184,Kevin Stefanski,Kevin Stefanski,79.29138668295663,Offensive,11,0
MIA,1999,0.5625,0.50411457,0.4700472,0.0924527943134307,0.034067363,0.05838543176651,0.0924527943134307,Jimmy Johnson,Jimmy Johnson,79.2302993280391,Defensive,0,9
NYJ,1978,0.5,0.32822442,0.40755683,0.0924431681632995,-0.07933241,0.1717755794525146,0.0924431681632995,Walt Michaels,Walt Michaels,79.16921197312156,Defensive,0,15
WAS,1976,0.7143,0.6835244,0.62208194,0.0922180645942688,0.061442494,0.0307755702018738,0.0922180645942688,George Allen,George Allen,79.10812461820403,Defensive,0,7
KAN,2015,0.6875,0.6556587,0.59562767,0.0918723344802856,0.060031056,0.0318412780761718,0.0918723344802856,Andy Reid,Andy Reid,79.0470372632865,Offensive,16,0
NWE,1977,0.6429,0.5574272,0.5515705,0.091329524898529,0.0058567524,0.0854727725028992,0.091329524898529,Chuck Fairbanks,Chuck Fairbanks,78.98594990836897,Other,0,0
SDG,1995,0.5625,0.4976974,0.47117102,0.0913289785385131,0.026526392,0.0648025870323181,0.0913289785385131,Bobby Ross,Bobby Ross,78.92486255345143,Offensive,2,0
CLE,1986,0.75,0.69242895,0.6590987,0.0909013152122497,0.03333026,0.0575710535049438,0.0909013152122497,Marty Schottenheimer,Marty Schottenheimer,78.80268784361637,Defensive,0,11
NOR,2009,0.8125,0.7642639,0.7216931,0.0908069014549255,0.04257083,0.048236072063446,0.0908069014549255,Sean Payton,Sean Payton,78.74160048869884,Offensive,16,0
SFO,1986,0.6562,0.6265666,0.5654734,0.0907266222953796,0.06109321,0.0296334111213684,0.0907266222953796,Bill Walsh,Bill Walsh,78.6805131337813,Offensive,10,0
RAI,1988,0.4375,0.38442653,0.3469429,0.0905570983886718,0.037483633,0.0530734658241272,0.0905570983886718,Mike Shanahan,Mike Shanahan,78.61942577886377,Offensive,17,0
MIN,2023,0.4118,0.33505234,0.32127878,0.0905212193012237,0.0137735605,0.0767476587772369,0.0905212193012237,Kevin O'Connell,Kevin O'Connell,78.55833842394624,Offensive,7,0
GNB,1973,0.4286,0.3867674,0.33849034,0.0901096628665923,0.04827705,0.0418326126098632,0.0901096628665923,Dan Devine,Dan Devine,78.4972510690287,Other,0,0
NYG,2002,0.625,0.5596097,0.5349733,0.0900266766548156,0.024636388,0.0653902888298034,0.0900266766548156,Jim Fassel,Jim Fassel,78.43616371411119,Offensive,13,0
CLT,1996,0.5625,0.48117864,0.47267464,0.0898253619670867,0.008504003,0.0813213586807251,0.0898253619670867,Lindy Infante,Lindy Infante,78.37507635919366,Offensive,13,0
DAL,1993,0.75,0.68773127,0.66021967,0.0897803306579589,0.027511597,0.0622687339782714,0.0897803306579589,Jimmy Johnson,Jimmy Johnson,78.31398900427612,Defensive,0,9
ATL,2009,0.5625,0.51308095,0.4727603,0.0897397100925445,0.040320665,0.0494190454483032,0.0897397100925445,Mike Smith,Mike Smith,78.25290164935859,Defensive,0,19
RAI,2021,0.6,0.47229868,0.5103566,0.0896433949470519,-0.038057923,0.1277013182640075,0.0896433949470519,Jon Gruden,Jon Gruden / Rich Bisaccia,78.19181429444106,Offensive,10,0
DEN,2003,0.625,0.5125137,0.53574777,0.089252233505249,-0.02323407,0.1124863028526306,0.089252233505249,Mike Shanahan,Mike Shanahan,78.13072693952353,Offensive,17,0
PIT,2018,0.5938,0.5291996,0.5046078,0.0891922033309936,0.024591804,0.0646003997802734,0.0891922033309936,Mike Tomlin,Mike Tomlin,78.069639584606,Defensive,2,9
DAL,2017,0.5625,0.4893167,0.47358972,0.0889102816581726,0.015726984,0.0731832981109619,0.0889102816581726,Jason Garrett,Jason Garrett,78.00855222968846,Offensive,5,0
PHI,2009,0.6875,0.6545729,0.59883046,0.0886695384979248,0.055742443,0.0329270958900451,0.0886695384979248,Andy Reid,Andy Reid,77.94746487477092,Offensive,16,0
CHI,1988,0.75,0.70359963,0.6615565,0.0884435176849365,0.04204315,0.0464003682136535,0.0884435176849365,Mike Ditka,Mike Ditka,77.88637751985338,Offensive,9,0
CRD,1999,0.375,0.2645792,0.28658876,0.0884112417697906,-0.022009552,0.1104207932949066,0.0884112417697906,Vince Tobin,Vince Tobin,77.82529016493585,Defensive,0,25
SFO,1981,0.8125,0.7235941,0.72419465,0.0883053541183471,-0.0006005168,0.0889058709144592,0.0883053541183471,Bill Walsh,Bill Walsh,77.76420281001832,Offensive,10,0
CHI,2018,0.75,0.69331247,0.66172296,0.0882770419120788,0.031589508,0.0566875338554382,0.0882770419120788,Matt Nagy,Matt Nagy,77.70311545510079,Offensive,11,0
MIN,1976,0.8214,0.7535976,0.7333178,0.0880822075843811,0.020279825,0.0678023828506469,0.0880822075843811,Bud Grant,Bud Grant,77.64202810018325,Other,0,0
SFO,2017,0.375,0.28891155,0.2872427,0.0877572894096374,0.0016688406,0.0860884487628936,0.0877572894096374,Kyle Shanahan,Kyle Shanahan,77.58094074526572,Offensive,13,0
DAL,2024,0.4118,0.33482823,0.32417086,0.087629142332077,0.01065737,0.0769717722415924,0.087629142332077,Mike McCarthy,Mike McCarthy,77.5198533903482,Offensive,14,0
DAL,1979,0.6875,0.6569262,0.60005563,0.0874443650245666,0.05687058,0.0305737853050231,0.0874443650245666,Tom Landry,Tom Landry,77.45876603543067,Defensive,0,6
RAM,2014,0.375,0.29665524,0.28859776,0.0864022374153137,0.008057475,0.0783447623252868,0.0864022374153137,Jeff Fisher,Jeff Fisher,77.39767868051314,Defensive,0,9
JAX,2005,0.75,0.6927759,0.66369814,0.0863018631935119,0.029077768,0.0572240948677063,0.0863018631935119,Jack Del Rio,Jack Del Rio,77.3365913255956,Defensive,0,11
SDG,1982,0.6667,0.675069,0.58085966,0.085840338897705,0.09420931,-0.0083689744949341,0.085840338897705,Don Coryell,Don Coryell,77.27550397067807,Other,0,0
CRD,2007,0.5,0.39382046,0.41442403,0.0855759680271148,-0.020603567,0.1061795353889465,0.0855759680271148,Ken Whisenhunt,Ken Whisenhunt,77.21441661576054,Offensive,16,0
DAL,2004,0.375,0.33249003,0.2895504,0.085449606180191,0.042939633,0.0425099730491638,0.085449606180191,Bill Parcells,Bill Parcells,77.15332926084301,Defensive,0,17
JAX,1996,0.5625,0.43849108,0.47764918,0.0848508179187774,-0.039158106,0.1240089237689971,0.0848508179187774,Tom Coughlin,Tom Coughlin,77.09224190592548,Offensive,17,0
RAI,1975,0.7857,0.7584348,0.7011304,0.0845696098327636,0.057304382,0.0272652275085448,0.0845696098327636,John Madden,John Madden,77.03115455100794,Defensive,0,5
CLE,2021,0.4706,0.3962557,0.38607717,0.0845228343963623,0.010178536,0.0743442982196808,0.0845228343963623,Kevin Stefanski,Kevin Stefanski,76.97006719609041,Offensive,11,0
NWE,1984,0.625,0.599217,0.5405004,0.0844995975494384,0.058716595,0.0257830023765563,0.0844995975494384,Ron Meyer,Raymond Berry / Ron Meyer,76.90897984117288,Other,0,0
SEA,1990,0.5625,0.50654536,0.47811317,0.0843868255615234,0.02843219,0.05595463514328,0.0843868255615234,Chuck Knox,Chuck Knox,76.84789248625535,Offensive,10,0
NWE,2019,0.75,0.709855,0.6657503,0.0842496752738952,0.044104695,0.0401449799537658,0.0842496752738952,Bill Belichick,Bill Belichick,76.78680513133781,Defensive,1,13
SFO,2012,0.7188,0.69600075,0.63483864,0.0839613593101501,0.061162114,0.0227992451667785,0.0839613593101501,Jim Harbaugh,Jim Harbaugh,76.66463042150275,Offensive,2,0
NOR,1997,0.375,0.3154264,0.2910711,0.0839289128780365,0.024355322,0.0595735907554626,0.0839289128780365,Mike Ditka,Mike Ditka,76.60354306658522,Offensive,9,0
NYG,2008,0.75,0.70217705,0.6663451,0.0836548805236816,0.03583193,0.0478229522705078,0.0836548805236816,Tom Coughlin,Tom Coughlin,76.54245571166769,Offensive,17,0
DEN,1972,0.3571,0.3120939,0.27402994,0.0830700596332549,0.038063973,0.0450060864448547,0.0830700596332549,John Ralston,John Ralston,76.42028100183262,Offensive,1,0
BUF,1974,0.6429,0.5515546,0.55985856,0.0830414394378662,-0.00830394,0.0913453797340393,0.0830414394378662,Lou Saban,Lou Saban,76.35919364691509,Other,0,0
RAM,1989,0.6875,0.6811453,0.6046,0.0828999876976013,0.0765453,0.0063546895980834,0.0828999876976013,John Robinson,John Robinson,76.29810629199756,Offensive,4,1
DEN,1973,0.5714,0.52187645,0.4885315,0.0828684998989105,0.033344954,0.0495235456466675,0.0828684998989105,John Ralston,John Ralston,76.23701893708002,Offensive,1,0
BUF,1991,0.8125,0.7991454,0.72976846,0.082731544971466,0.069376945,0.0133545994758605,0.082731544971466,Marv Levy,Marv Levy,76.17593158216249,Other,0,0
SEA,2014,0.75,0.66941595,0.66737276,0.0826272368431091,0.0020431876,0.0805840492248535,0.0826272368431091,Pete Carroll,Pete Carroll,76.11484422724496,Defensive,1,17
PHI,2001,0.6875,0.60930645,0.6049508,0.0825492143630981,0.004355669,0.0781935453414917,0.0825492143630981,Andy Reid,Andy Reid,76.05375687232743,Offensive,16,0
SEA,2001,0.5625,0.48750165,0.48004827,0.082451730966568,0.007453382,0.0749983489513397,0.082451730966568,Mike Holmgren,Mike Holmgren,75.9926695174099,Offensive,15,0
DAL,1978,0.75,0.66643786,0.6685755,0.0814244747161865,-0.002137661,0.0835621356964111,0.0814244747161865,Tom Landry,Tom Landry,75.8094074526573,Defensive,0,6
DAL,1986,0.4375,0.41181394,0.3562653,0.0812346935272216,0.055548638,0.0256860554218292,0.0812346935272216,Tom Landry,Tom Landry,75.74832009773976,Defensive,0,6
KAN,2003,0.8125,0.7873776,0.7314226,0.0810773968696594,0.055954993,0.0251224040985107,0.0810773968696594,Dick Vermeil,Dick Vermeil,75.68723274282225,Offensive,4,0
BUF,1980,0.6875,0.64356405,0.606803,0.0806970000267028,0.036761045,0.0439359545707702,0.0806970000267028,Chuck Knox,Chuck Knox,75.62614538790471,Offensive,10,0
MIA,1992,0.6875,0.65069675,0.60699517,0.080504834651947,0.04370159,0.0368032455444335,0.080504834651947,Don Shula,Don Shula,75.56505803298718,Defensive,0,5
RAI,1973,0.6786,0.6455235,0.59843874,0.0801612602233886,0.04708475,0.033076511478424,0.0801612602233886,John Madden,John Madden,75.50397067806965,Defensive,0,5
DEN,1980,0.5,0.4475859,0.41994867,0.0800513327121734,0.027637243,0.0524140894412994,0.0800513327121734,Red Miller,Red Miller,75.44288332315212,Offensive,15,0
CRD,1976,0.7143,0.65020216,0.6345932,0.0797068112373352,0.015608966,0.0640978448867798,0.0797068112373352,Don Coryell,Don Coryell,75.38179596823457,Other,0,0
RAM,1987,0.4,0.3923264,0.320492,0.0795080006122589,0.071834415,0.0076735854148864,0.0795080006122589,John Robinson,John Robinson,75.32070861331704,Offensive,4,1
DAL,1995,0.75,0.7343716,0.6712518,0.0787482261657714,0.06311983,0.0156283974647521,0.0787482261657714,Barry Switzer,Barry Switzer,75.2596212583995,Offensive,12,0
RAI,2016,0.75,0.6576036,0.6714712,0.0785288214683532,-0.013867557,0.0923963785171508,0.0785288214683532,Jack Del Rio,Jack Del Rio,75.19853390348197,Defensive,0,11
SDG,1992,0.6875,0.61564106,0.60911745,0.0783825516700744,0.006523609,0.0718589425086975,0.0783825516700744,Bobby Ross,Bobby Ross,75.13744654856444,Offensive,2,0
SEA,1979,0.5625,0.41178036,0.48415247,0.0783475339412689,-0.07237211,0.1507196426391601,0.0783475339412689,Jack Patera,Jack Patera,75.07635919364691,Defensive,0,13
KAN,1991,0.625,0.56951314,0.5469602,0.0780398249626159,0.022552967,0.0554868578910827,0.0780398249626159,Marty Schottenheimer,Marty Schottenheimer,75.01527183872938,Defensive,0,11
RAM,1980,0.6875,0.6498411,0.6095358,0.077964186668396,0.040305316,0.0376588702201843,0.077964186668396,Ray Malavasi,Ray Malavasi,74.95418448381184,Defensive,2,15
SDG,2005,0.5625,0.51702404,0.48538092,0.0771190822124481,0.031643122,0.045475959777832,0.0771190822124481,Marty Schottenheimer,Marty Schottenheimer,74.89309712889431,Defensive,0,11
WAS,1988,0.4375,0.4088843,0.360437,0.0770629942417144,0.04844728,0.0286157131195068,0.0770629942417144,Joe Gibbs,Joe Gibbs,74.83200977397678,Offensive,17,0
PHI,1996,0.625,0.5436934,0.5481842,0.0768157839775085,-0.0044907928,0.0813065767288208,0.0768157839775085,Ray Rhodes,Ray Rhodes,74.77092241905925,Defensive,0,23
CLT,2004,0.75,0.7221119,0.67319036,0.0768096446990966,0.048921525,0.0278881192207336,0.0768096446990966,Tony Dungy,Tony Dungy,74.70983506414173,Defensive,0,16
DEN,1989,0.6875,0.62137985,0.6108217,0.0766782760620117,0.010558128,0.0661201477050781,0.0766782760620117,Dan Reeves,Dan Reeves,74.58766035430666,Offensive,6,0
MIA,1983,0.75,0.7374892,0.6736395,0.0763605237007141,0.06384975,0.0125107765197753,0.0763605237007141,Don Shula,Don Shula,74.52657299938913,Defensive,0,5
SFO,2001,0.75,0.7053291,0.6736446,0.0763553977012634,0.031684518,0.0446708798408508,0.0763553977012634,Steve Mariucci,Steve Mariucci,74.4654856444716,Offensive,17,0
RAI,1991,0.5625,0.54628116,0.48663315,0.0758668482303619,0.059648007,0.0162188410758972,0.0758668482303619,Art Shell,Art Shell,74.40439828955407,Offensive,12,0
OTI,1980,0.6875,0.6486465,0.6118042,0.0756958127021789,0.036842287,0.0388535261154174,0.0756958127021789,Bum Phillips,Bum Phillips,74.34331093463653,Defensive,0,8
NYG,2022,0.5588,0.5101841,0.48332652,0.0754734755039214,0.026857585,0.0486158907890319,0.0754734755039214,Brian Daboll,Brian Daboll,74.282223579719,Offensive,19,2
SEA,2024,0.5882,0.52590716,0.51282126,0.0753787428855895,0.013085902,0.0622928411483764,0.0753787428855895,Mike Macdonald,Mike Macdonald,74.22113622480147,Defensive,2,11
PIT,1994,0.75,0.688597,0.674938,0.0750619769096374,0.013659,0.0614029765129089,0.0750619769096374,Bill Cowher,Bill Cowher,74.0989615149664,Defensive,0,5
PHI,1997,0.4062,0.35185793,0.33136714,0.0748328649520874,0.020490795,0.0543420695781707,0.0748328649520874,Ray Rhodes,Ray Rhodes,74.03787416004887,Defensive,0,23
ATL,1982,0.5556,0.52085626,0.48136756,0.0742324417591094,0.039488703,0.034743738746643,0.0742324417591094,Leeman Bennett,Leeman Bennett,73.97678680513134,Offensive,9,0
GNB,2023,0.5294,0.4857266,0.45538345,0.074016550207138,0.030343145,0.0436734050750732,0.074016550207138,Matt LaFleur,Matt LaFleur,73.91569945021381,Offensive,16,0
MIN,1996,0.5625,0.5322812,0.48855442,0.0739455819129943,0.043726802,0.0302187800407409,0.0739455819129943,Dennis Green,Dennis Green,73.85461209529626,Offensive,10,0
PIT,2019,0.5,0.45364672,0.42614833,0.0738516747951507,0.027498394,0.046353280544281,0.0738516747951507,Mike Tomlin,Mike Tomlin,73.79352474037874,Defensive,2,9
SEA,2022,0.5294,0.4728265,0.45559096,0.0738090366363525,0.017235547,0.056573489332199,0.0738090366363525,Pete Carroll,Pete Carroll,73.67135003054368,Defensive,1,17
SFO,2022,0.7647,0.71726793,0.6910092,0.0736907765388489,0.026258707,0.0474320694923401,0.0736907765388489,Kyle Shanahan,Kyle Shanahan,73.61026267562615,Offensive,13,0
CLT,2002,0.625,0.54166675,0.55150914,0.0734908580780029,-0.009842396,0.0833332538604736,0.0734908580780029,Tony Dungy,Tony Dungy,73.54917532070861,Defensive,0,16
SEA,1988,0.5625,0.53067255,0.48916188,0.0733381211757659,0.04151067,0.0318274497985839,0.0733381211757659,Chuck Knox,Chuck Knox,73.48808796579108,Offensive,10,0
PHI,2005,0.375,0.35137442,0.30262542,0.0723745822906494,0.048749,0.0236255824565887,0.0723745822906494,Andy Reid,Andy Reid,73.42700061087355,Offensive,16,0
CAR,2006,0.5,0.41414022,0.4278227,0.0721772909164428,-0.013682485,0.0858597755432128,0.0721772909164428,John Fox,John Fox,73.36591325595602,Defensive,0,22
SDG,2004,0.75,0.7245935,0.67791545,0.0720845460891723,0.046678066,0.0254064798355102,0.0720845460891723,Marty Schottenheimer,Marty Schottenheimer,73.30482590103848,Defensive,0,11
PIT,1997,0.6875,0.6149699,0.6155183,0.0719817280769348,-0.00054836273,0.0725300908088684,0.0719817280769348,Bill Cowher,Bill Cowher,73.24373854612095,Defensive,0,5
ATL,2004,0.6875,0.5811769,0.61573184,0.0717681646347045,-0.03455496,0.1063231229782104,0.0717681646347045,Jim Mora Jr,Jim Mora Jr,73.18265119120342,Defensive,1,19
MIA,1997,0.5625,0.525956,0.49104366,0.0714563429355621,0.034912318,0.0365440249443054,0.0714563429355621,Jimmy Johnson,Jimmy Johnson,73.12156383628589,Defensive,0,9
TAM,1999,0.6875,0.6428202,0.6163265,0.0711734890937805,0.026493669,0.0446798205375671,0.0711734890937805,Tony Dungy,Tony Dungy,73.06047648136835,Defensive,0,16
ATL,2016,0.6875,0.6232999,0.61656266,0.0709373354911804,0.006737232,0.0642001032829284,0.0709373354911804,Dan Quinn,Dan Quinn,72.99938912645082,Defensive,0,24
DAL,1994,0.75,0.73552054,0.67915356,0.0708464384078979,0.05636698,0.0144794583320617,0.0708464384078979,Barry Switzer,Barry Switzer,72.93830177153329,Offensive,12,0
CLE,1987,0.6667,0.64345485,0.5962745,0.070425504875183,0.047180355,0.0232451502799987,0.070425504875183,Marty Schottenheimer,Marty Schottenheimer,72.87721441661577,Defensive,0,11
DEN,1970,0.3929,0.35775676,0.32292283,0.0699771741867065,0.034833938,0.0351432363033294,0.0699771741867065,Lou Saban,Lou Saban,72.81612706169824,Other,0,0
GNB,2019,0.8125,0.7719933,0.74307436,0.0694256424903869,0.028918922,0.0405067205429077,0.0694256424903869,Matt LaFleur,Matt LaFleur,72.7550397067807,Offensive,16,0
BUF,1982,0.4444,0.473231,0.37510127,0.0692987317085266,0.09812972,-0.0288309877872466,0.0692987317085266,Chuck Knox,Chuck Knox,72.69395235186316,Offensive,10,0
BUF,1987,0.4667,0.40922204,0.39747548,0.0692245189666748,0.011746556,0.057477963399887,0.0692245189666748,Marv Levy,Marv Levy,72.63286499694563,Other,0,0
CIN,1973,0.7143,0.7022452,0.6451148,0.0691852205276489,0.057130396,0.0120548241615295,0.0691852205276489,Paul Brown,Paul Brown,72.5717776420281,Other,0,0
KAN,2023,0.6471,0.6050356,0.5781772,0.0689227863311767,0.02685839,0.0420643969535827,0.0689227863311767,Andy Reid,Andy Reid,72.51069028711056,Offensive,16,0
NYG,2004,0.375,0.34586203,0.30613628,0.0688637197017669,0.03972575,0.0291379690170288,0.0688637197017669,Tom Coughlin,Tom Coughlin,72.44960293219303,Offensive,17,0
KAN,1994,0.5625,0.4980595,0.49387473,0.068625271320343,0.0041847825,0.0644404888153076,0.068625271320343,Marty Schottenheimer,Marty Schottenheimer,72.3885155772755,Defensive,0,11
DET,1993,0.625,0.5869061,0.5565063,0.0684937238693237,0.0303998,0.0380939245223999,0.0684937238693237,Wayne Fontes,Wayne Fontes,72.32742822235797,Defensive,0,13
GNB,1983,0.5,0.4502145,0.43168765,0.0683123469352722,0.018526852,0.0497854948043823,0.0683123469352722,Bart Starr,Bart Starr,72.26634086744043,Offensive,1,0
CIN,2023,0.5294,0.45836243,0.46122068,0.0681793183326721,-0.0028582513,0.0710375696659088,0.0681793183326721,Zac Taylor,Zac Taylor,72.2052535125229,Offensive,7,0
SFO,1997,0.8125,0.76700556,0.7444479,0.0680521130561828,0.022557676,0.0454944372177124,0.0680521130561828,Steve Mariucci,Steve Mariucci,72.14416615760537,Offensive,17,0
OTI,1975,0.7143,0.64681077,0.6472478,0.0670522087097168,-0.00043702126,0.06748922996521,0.0670522087097168,Bum Phillips,Bum Phillips,71.89981673793525,Defensive,0,8
WAS,1984,0.6875,0.6809353,0.6209383,0.0665616989135742,0.059997022,0.0065646767616271,0.0665616989135742,Joe Gibbs,Joe Gibbs,71.83872938301772,Offensive,17,0
OTI,2023,0.3529,0.31878892,0.28657067,0.0663293317794799,0.032218248,0.0341110841274261,0.0663293317794799,Mike Vrabel,Mike Vrabel,71.77764202810019,Defensive,0,7
CHI,1999,0.375,0.28299513,0.30868557,0.0663144290447235,-0.025690436,0.0920048654079437,0.0663144290447235,Dick Jauron,Dick Jauron,71.71655467318266,Defensive,0,17
MIN,2009,0.75,0.7274786,0.6838828,0.0661172270774841,0.04359585,0.0225213766098022,0.0661172270774841,Brad Childress,Brad Childress,71.65546731826512,Offensive,30,0
NOR,1974,0.3571,0.22456865,0.29098997,0.0661100347995757,-0.066421315,0.1325313498735427,0.0661100347995757,John North,John North,71.59437996334759,Offensive,15,0
CRD,2004,0.375,0.3197586,0.3096754,0.0653246045112609,0.010083199,0.0552414059638977,0.0653246045112609,Dennis Green,Dennis Green,71.53329260843006,Offensive,10,0
CLT,2022,0.3889,0.31463626,0.32369572,0.065204280757904,-0.009059459,0.0742637397289276,0.065204280757904,Frank Reich,Frank Reich / Jeff Saturday,71.47220525351253,Offensive,6,0
NOR,2021,0.5294,0.50683385,0.4644506,0.0649494022369384,0.042383254,0.0225661486625671,0.0649494022369384,Sean Payton,Sean Payton,71.411117898595,Offensive,16,0
NOR,2020,0.75,0.7089247,0.6852431,0.0647568702697753,0.023681581,0.0410752892494201,0.0647568702697753,Sean Payton,Sean Payton,71.35003054367746,Offensive,16,0
ATL,1980,0.75,0.6731569,0.6853673,0.0646327137947082,-0.012210369,0.0768430829048156,0.0646327137947082,Leeman Bennett,Leeman Bennett,71.28894318875993,Offensive,9,0
SDG,1994,0.6875,0.65797555,0.62291014,0.0645898580551147,0.035065413,0.0295244455337524,0.0645898580551147,Bobby Ross,Bobby Ross,71.2278558338424,Offensive,2,0
SEA,2012,0.6875,0.6737011,0.62308085,0.064419150352478,0.050620258,0.0137988924980163,0.064419150352478,Pete Carroll,Pete Carroll,71.16676847892485,Defensive,1,17
NWE,1979,0.5625,0.5137475,0.4984417,0.0640583038330078,0.015305817,0.04875248670578,0.0640583038330078,Ron Erhardt,Ron Erhardt,71.10568112400732,Offensive,21,0
GNB,2006,0.5,0.36526304,0.43600312,0.0639968812465667,-0.070740074,0.134736955165863,0.0639968812465667,Mike McCarthy,Mike McCarthy,71.0445937690898,Offensive,14,0
WAS,2018,0.4375,0.36256608,0.37352833,0.0639716684818267,-0.010962248,0.0749339163303375,0.0639716684818267,Jay Gruden,Jay Gruden,70.98350641417227,Offensive,13,0
WAS,1974,0.7143,0.72699815,0.6506093,0.0636906855583191,0.076388836,-0.0126981503486632,0.0636906855583191,George Allen,George Allen,70.8613317043372,Defensive,0,7
DET,1972,0.6071,0.56928873,0.5436474,0.0634525915145873,0.025641322,0.037811269378662,0.0634525915145873,Joe Schmidt,Joe Schmidt,70.80024434941967,Defensive,0,1
CHI,1984,0.625,0.59406734,0.56206715,0.0629328489303588,0.032000184,0.0309326648712158,0.0629328489303588,Mike Ditka,Mike Ditka,70.73915699450214,Offensive,9,0
CHI,2020,0.5,0.46783015,0.43730205,0.062697947025299,0.030528098,0.0321698486804962,0.062697947025299,Matt Nagy,Matt Nagy,70.6780696395846,Offensive,11,0
DAL,2021,0.7059,0.6002955,0.6433053,0.0625946983337402,-0.043009818,0.1056045159339904,0.0625946983337402,Mike McCarthy,Mike McCarthy,70.61698228466707,Offensive,14,0
KAN,1986,0.625,0.5751867,0.5627122,0.0622878074645996,0.012474537,0.0498132705688476,0.0622878074645996,John Mackovic,John Mackovic,70.55589492974954,Offensive,11,0
BUF,1998,0.625,0.58749455,0.5627486,0.0622513890266418,0.024745941,0.0375054478645324,0.0622513890266418,Wade Phillips,Wade Phillips,70.49480757483201,Defensive,0,39
CIN,1977,0.5714,0.5113399,0.5091706,0.0622294081687927,0.002169311,0.0600600971221924,0.0622294081687927,Bill Johnson,Bill Johnson,70.43372021991448,Offensive,31,0
RAM,1984,0.625,0.57919264,0.5627734,0.0622265934944152,0.016419232,0.0458073616027832,0.0622265934944152,John Robinson,John Robinson,70.37263286499694,Offensive,4,1
CIN,2009,0.625,0.56409186,0.56308943,0.0619105696678161,0.0010024309,0.0609081387519836,0.0619105696678161,Marvin Lewis,Marvin Lewis,70.31154551007941,Defensive,0,23
RAM,2005,0.4,0.3887417,0.33827743,0.0617225706577301,0.050464272,0.0112582981586456,0.0617225706577301,Mike Martz,Joe Vitt / Mike Martz,70.25045815516188,Offensive,21,0
DET,2014,0.6875,0.6241448,0.6259533,0.0615466833114624,-0.0018085241,0.0633552074432373,0.0615466833114624,Jim Caldwell,Jim Caldwell,70.18937080024435,Offensive,19,0
SEA,2000,0.375,0.35563767,0.31350473,0.0614952743053436,0.042132944,0.0193623304367065,0.0614952743053436,Mike Holmgren,Mike Holmgren,70.12828344532682,Offensive,15,0
WAS,2021,0.4118,0.3567293,0.35032037,0.0614796309947967,0.00640893,0.0550707011699676,0.0614796309947967,Ron Rivera,Ron Rivera,70.06719609040928,Defensive,0,14
DEN,2016,0.5625,0.489582,0.50127417,0.0612258315086364,-0.011692166,0.0729179978370666,0.0612258315086364,Gary Kubiak,Gary Kubiak,70.00610873549175,Offensive,16,0
PHI,2018,0.5625,0.53980255,0.50127435,0.0612256526947021,0.038528204,0.0226974487304687,0.0612256526947021,Doug Pederson,Doug Pederson,69.94502138057422,Offensive,7,0
SDG,1983,0.375,0.32921296,0.3140573,0.0609427094459533,0.015155673,0.0457870364189147,0.0609427094459533,Don Coryell,Don Coryell,69.88393402565669,Other,0,0
GNB,1976,0.3571,0.2920739,0.2962239,0.0608760913372039,-0.004150003,0.0650260945320129,0.0608760913372039,Bart Starr,Bart Starr,69.82284667073915,Offensive,1,0
HTX,2014,0.5625,0.5151372,0.50169075,0.0608092546463012,0.01344645,0.0473628044128418,0.0608092546463012,Bill O'Brien,Bill O'Brien,69.76175931582162,Offensive,18,1
SEA,1983,0.5625,0.54019725,0.501775,0.0607249736785888,0.038422227,0.0223027467727661,0.0607249736785888,Chuck Knox,Chuck Knox,69.70067196090409,Offensive,10,0
DAL,1975,0.7143,0.7004937,0.65363306,0.0606669419288635,0.046860635,0.0138063066482544,0.0606669419288635,Tom Landry,Tom Landry,69.63958460598656,Defensive,0,6
NYJ,2006,0.625,0.5610502,0.5644896,0.0605103969573974,-0.0034394264,0.0639498233795166,0.0605103969573974,Eric Mangini,Eric Mangini,69.57849725106902,Defensive,2,10
KAN,1998,0.4375,0.40458444,0.37703496,0.0604650378227233,0.027549475,0.0329155623912811,0.0604650378227233,Marty Schottenheimer,Marty Schottenheimer,69.51740989615149,Defensive,0,11
OTI,2003,0.75,0.697898,0.6899362,0.0600637793540954,0.00796175,0.0521020293235778,0.0600637793540954,Jeff Fisher,Jeff Fisher,69.39523518631643,Defensive,0,9
RAM,1976,0.75,0.7581379,0.69021374,0.0597862601280212,0.06792414,-0.0081378817558288,0.0597862601280212,Chuck Knox,Chuck Knox,69.3341478313989,Offensive,10,0
KAN,2021,0.7059,0.7264403,0.64621717,0.059682832622528,0.08022314,-0.0205403104782104,0.059682832622528,Andy Reid,Andy Reid,69.27306047648136,Offensive,16,0
RAI,2009,0.3125,0.1639053,0.25282437,0.0596756339073181,-0.08891907,0.1485947072505951,0.0596756339073181,Tom Cable,Tom Cable,69.21197312156384,Offensive,24,1
WAS,2007,0.5625,0.57398444,0.50310004,0.0593999624252319,0.07088441,-0.0114844441413879,0.0593999624252319,Joe Gibbs,Joe Gibbs,69.15088576664631,Offensive,17,0
ATL,2010,0.8125,0.8032433,0.7531987,0.0593013167381286,0.050044596,0.0092567205429077,0.0593013167381286,Mike Smith,Mike Smith,69.08979841172878,Defensive,0,19
SEA,1996,0.4375,0.38344833,0.37822446,0.0592755377292633,0.0052238703,0.0540516674518585,0.0592755377292633,Dennis Erickson,Dennis Erickson,69.02871105681125,Offensive,13,0
MIA,2020,0.625,0.5230983,0.5659312,0.0590687990188598,-0.04283291,0.1019017100334167,0.0590687990188598,Brian Flores,Brian Flores,68.96762370189371,Defensive,0,12
NOR,2012,0.5,0.44831046,0.44098815,0.0590118467807769,0.0073223114,0.0516895353794097,0.0590118467807769,Joe Vitt,Aaron Kromer / Joe Vitt,68.90653634697618,Defensive,0,16
RAM,1974,0.7143,0.74534446,0.655326,0.0589739912033081,0.09001845,-0.0310444600105285,0.0589739912033081,Chuck Knox,Chuck Knox,68.84544899205865,Offensive,10,0
NOR,2006,0.625,0.6185791,0.5661135,0.0588865280151367,0.052465618,0.0064209103584289,0.0588865280151367,Sean Payton,Sean Payton,68.78436163714112,Offensive,16,0
PHI,2023,0.6471,0.6140328,0.5884038,0.0586961790084838,0.025628984,0.0330671950340271,0.0586961790084838,Nick Sirianni,Nick Sirianni,68.72327428222358,Offensive,15,2
CHI,1991,0.6875,0.67773056,0.62892246,0.058577537536621,0.048808098,0.0097694396972656,0.058577537536621,Mike Ditka,Mike Ditka,68.66218692730605,Offensive,9,0
NWE,2014,0.75,0.76007134,0.69153005,0.0584699511528015,0.06854129,-0.0100713372230529,0.0584699511528015,Bill Belichick,Bill Belichick,68.6010995723885,Defensive,1,13
NYG,1999,0.4375,0.35525954,0.3790423,0.0584577023983001,-0.02378276,0.0822404623031616,0.0584577023983001,Jim Fassel,Jim Fassel,68.54001221747097,Offensive,13,0
DAL,2018,0.625,0.58607835,0.5667093,0.0582907199859619,0.019369066,0.0389216542243957,0.0582907199859619,Jason Garrett,Jason Garrett,68.47892486255344,Offensive,5,0
CRD,1972,0.3214,0.20765127,0.2637961,0.0576039089202881,-0.05614482,0.1137487275838852,0.0576039089202881,Bob Hollway,Bob Hollway,68.41783750763591,Defensive,0,16
CRD,2005,0.3125,0.23792714,0.25494966,0.0575503408908844,-0.01702252,0.0745728611946106,0.0575503408908844,Dennis Green,Dennis Green,68.35675015271838,Offensive,10,0
NYJ,2000,0.5625,0.5442426,0.5049581,0.0575419068336486,0.039284527,0.0182573795318603,0.0575419068336486,Al Groh,Al Groh,68.29566279780086,Defensive,2,26
DAL,2006,0.5625,0.5496619,0.50510615,0.0573938488960266,0.044555724,0.0128381252288818,0.0573938488960266,Bill Parcells,Bill Parcells,68.23457544288333,Defensive,0,17
ATL,1971,0.5357,0.42430025,0.47891685,0.0567831463336944,-0.0546166,0.111399746608734,0.0567831463336944,Norm Van Brocklin,Norm Van Brocklin,68.05131337813073,Offensive,1,0
NWE,1991,0.375,0.32641834,0.31823042,0.0567695796489715,0.00818792,0.0485816597938537,0.0567695796489715,Dick MacPherson,Dick MacPherson,67.9902260232132,Defensive,0,7
CRD,1987,0.4667,0.38147494,0.41007707,0.0566229347705841,-0.028602123,0.0852250580310821,0.0566229347705841,Gene Stallings,Gene Stallings,67.92913866829566,Defensive,0,21
RAM,2000,0.625,0.64376867,0.5685599,0.0564401149749755,0.07520878,-0.0187686681747436,0.0564401149749755,Mike Martz,Mike Martz,67.86805131337813,Offensive,21,0
SEA,1995,0.5,0.5082878,0.44357458,0.0564254224300384,0.06471321,-0.0082877874374389,0.0564254224300384,Dennis Erickson,Dennis Erickson,67.8069639584606,Offensive,13,0
CIN,1984,0.5,0.45161068,0.4437179,0.056282103061676,0.007892787,0.0483893156051635,0.056282103061676,Sam Wyche,Sam Wyche,67.74587660354307,Offensive,19,0
OTI,1978,0.625,0.5386355,0.5691724,0.0558276176452636,-0.03053689,0.0863645076751709,0.0558276176452636,Bum Phillips,Bum Phillips,67.68478924862553,Defensive,0,8
WAS,1975,0.5714,0.56052303,0.5156491,0.0557509197235107,0.044873953,0.0108769668579101,0.0557509197235107,George Allen,George Allen,67.623701893708,Defensive,0,7
KAN,2013,0.6875,0.7025865,0.63336134,0.0541386604309082,0.06922513,-0.0150864720344543,0.0541386604309082,Andy Reid,Andy Reid,67.56261453879047,Offensive,16,0
KAN,2019,0.75,0.74933946,0.6958796,0.0541204214096069,0.053459883,0.0006605386734008,0.0541204214096069,Andy Reid,Andy Reid,67.50152718387294,Offensive,16,0
NYG,1977,0.3571,0.31474563,0.30303338,0.0540666182994842,0.011712253,0.0423543652057647,0.0540666182994842,John McVay,John McVay,67.4404398289554,Other,0,0
DEN,1991,0.75,0.72749215,0.69602954,0.053970456123352,0.03146261,0.0225078463554382,0.053970456123352,Dan Reeves,Dan Reeves,67.37935247403787,Offensive,6,0
CIN,1990,0.5625,0.54233986,0.50863534,0.0538646578788757,0.03370452,0.0201601386070251,0.0538646578788757,Sam Wyche,Sam Wyche,67.19609040928528,Offensive,19,0
RAM,2023,0.5882,0.558684,0.534451,0.0537489921569823,0.024232984,0.02951600856781,0.0537489921569823,Sean McVay,Sean McVay,67.13500305436774,Offensive,9,0
SDG,2013,0.5625,0.42710245,0.50887245,0.0536275506019592,-0.08177,0.1353975534439087,0.0536275506019592,Mike McCoy,Mike McCoy,67.07391569945021,Offensive,17,0
JAX,1997,0.6875,0.65883464,0.63448584,0.0530141592025756,0.024348795,0.0286653637886047,0.0530141592025756,Tom Coughlin,Tom Coughlin,67.01282834453268,Offensive,17,0
DET,2005,0.3636,0.34113348,0.3106121,0.0529878877162933,0.030521363,0.02246652469635,0.0529878877162933,Steve Mariucci,Dick Jauron / Steve Mariucci,66.95174098961515,Offensive,17,0
MIA,2017,0.375,0.34264937,0.32213002,0.052869975566864,0.020519346,0.0323506295680999,0.052869975566864,Adam Gase,Adam Gase,66.89065363469761,Offensive,11,0
PIT,1992,0.6875,0.6418542,0.63471764,0.0527823567390441,0.0071365833,0.0456457734107971,0.0527823567390441,Bill Cowher,Bill Cowher,66.82956627978008,Defensive,0,5
MIA,2003,0.625,0.5795216,0.5723788,0.0526211857795715,0.007142782,0.0454784035682678,0.0526211857795715,Dave Wannstedt,Dave Wannstedt,66.76847892486255,Defensive,0,19
CLT,2006,0.75,0.7346639,0.6974968,0.052503228187561,0.037167132,0.0153360962867736,0.052503228187561,Tony Dungy,Tony Dungy,66.70739156994502,Defensive,0,16
PIT,2012,0.5,0.48601785,0.4475295,0.0524705052375793,0.03848836,0.0139821469783782,0.0524705052375793,Mike Tomlin,Mike Tomlin,66.64630421502748,Defensive,2,9
SFO,1994,0.8125,0.81924975,0.760084,0.0524160265922546,0.059165776,-0.0067497491836547,0.0524160265922546,George Seifert,George Seifert,66.58521686010995,Defensive,0,20
RAI,1993,0.625,0.5838474,0.5726481,0.0523518919944763,0.0111992955,0.0411525964736938,0.0523518919944763,Art Shell,Art Shell,66.52412950519242,Offensive,12,0
ATL,1991,0.625,0.539698,0.5729679,0.0520321130752563,-0.033269882,0.0853019952774047,0.0520321130752563,Jerry Glanville,Jerry Glanville,66.4630421502749,Defensive,0,14
DET,1970,0.7143,0.67811006,0.6623204,0.0519796245574951,0.015789688,0.0361899369239807,0.0519796245574951,Joe Schmidt,Joe Schmidt,66.40195479535737,Defensive,0,1
NYJ,2008,0.5625,0.5503042,0.5108697,0.0516303181648254,0.039434493,0.0121958255767822,0.0516303181648254,Eric Mangini,Eric Mangini,66.34086744043984,Defensive,2,10
PHI,1974,0.5,0.44245413,0.44840863,0.0515913665294647,-0.005954504,0.0575458705425262,0.0515913665294647,Mike McCormack,Mike McCormack,66.2797800855223,Offensive,9,2
PHI,2022,0.8235,0.787737,0.77258104,0.0509189591407776,0.015155971,0.0357629880905151,0.0509189591407776,Nick Sirianni,Nick Sirianni,66.21869273060477,Offensive,15,2
DAL,1970,0.7143,0.6953746,0.66367006,0.0506299369812012,0.031704545,0.018925391960144,0.0506299369812012,Tom Landry,Tom Landry,66.15760537568724,Defensive,0,6
RAM,2020,0.625,0.6010711,0.57454765,0.0504523515701293,0.02652347,0.0239288806915283,0.0504523515701293,Sean McVay,Sean McVay,66.09651802076971,Offensive,9,0
BUF,1981,0.625,0.59213424,0.5746909,0.0503091216087341,0.017443359,0.0328657627105712,0.0503091216087341,Chuck Knox,Chuck Knox,66.03543066585218,Offensive,10,0
RAI,2010,0.5,0.416654,0.44978344,0.0502165555953979,-0.033129454,0.0833460092544555,0.0502165555953979,Tom Cable,Tom Cable,65.97434331093464,Offensive,24,1
CIN,1988,0.75,0.7693403,0.6999577,0.0500422716140747,0.06938255,-0.0193402767181396,0.0500422716140747,Sam Wyche,Sam Wyche,65.9132559560171,Offensive,19,0
RAM,1999,0.8125,0.7886091,0.76256394,0.0499360561370849,0.026045144,0.0238909125328063,0.0499360561370849,Dick Vermeil,Dick Vermeil,65.85216860109956,Offensive,4,0
MIN,1978,0.5312,0.50779736,0.48161507,0.0495849334716796,0.026182294,0.0234026395797729,0.0495849334716796,Bud Grant,Bud Grant,65.7299938912645,Other,0,0
DET,1974,0.5,0.48547617,0.4504526,0.049547404050827,0.03502357,0.014523833990097,0.049547404050827,Rick Forzano,Rick Forzano,65.66890653634697,Offensive,4,0
SEA,2017,0.5625,0.5317126,0.5130412,0.0494588017463684,0.018671393,0.0307874083518981,0.0494588017463684,Pete Carroll,Pete Carroll,65.60781918142943,Defensive,1,17
DEN,1986,0.6875,0.6165288,0.6384556,0.0490443706512451,-0.02192682,0.0709711909294128,0.0490443706512451,Dan Reeves,Dan Reeves,65.42455711667685,Offensive,6,0
DET,1989,0.4375,0.37748042,0.3884903,0.0490097105503082,-0.011009872,0.0600195825099945,0.0490097105503082,Wayne Fontes,Wayne Fontes,65.36346976175932,Defensive,0,13
NWE,1983,0.5,0.49466908,0.45115328,0.0488467216491699,0.0435158,0.0053309202194213,0.0488467216491699,Ron Meyer,Ron Meyer,65.30238240684179,Other,0,0
DET,2000,0.5556,0.52969724,0.5075308,0.0480691915512084,0.022166431,0.0259027606010436,0.0480691915512084,Bobby Ross,Bobby Ross / Gary Moeller,65.18020769700672,Offensive,2,0
MIN,1975,0.8571,0.8670873,0.8100691,0.0470309158325195,0.05701822,-0.0099873045921325,0.0470309158325195,Bud Grant,Bud Grant,65.05803298717166,Other,0,0
SDG,1988,0.375,0.33058763,0.32797602,0.047023981809616,0.0026116073,0.0444123744964599,0.047023981809616,Al Saunders,Al Saunders,64.99694563225412,Offensive,29,0
OTI,1977,0.5714,0.5294838,0.5243892,0.0470107926368713,0.005094588,0.0419162048339843,0.0470107926368713,Bum Phillips,Bum Phillips,64.93585827733659,Defensive,0,8
NYG,1970,0.6429,0.5837332,0.59601444,0.0468855599403381,-0.012281239,0.0591667989730835,0.0468855599403381,Alex Webster,Alex Webster,64.87477092241906,Offensive,2,0
DAL,1973,0.7143,0.7379122,0.6676081,0.0466919177055359,0.070304096,-0.0236121780395507,0.0466919177055359,Tom Landry,Tom Landry,64.81368356750153,Defensive,0,6
WAS,1989,0.625,0.6139374,0.5785331,0.0464668869972229,0.035404265,0.0110626220703125,0.0464668869972229,Joe Gibbs,Joe Gibbs,64.752596212584,Offensive,17,0
OTI,2008,0.8125,0.78204733,0.76610595,0.0463940501213073,0.015941381,0.0304526686668396,0.0463940501213073,Jeff Fisher,Jeff Fisher,64.69150885766646,Defensive,0,9
NWE,2009,0.625,0.66620547,0.57885516,0.0461448431015014,0.08735031,-0.0412054657936096,0.0461448431015014,Bill Belichick,Bill Belichick,64.63042150274893,Defensive,1,13
SDG,1970,0.4643,0.46084565,0.41817594,0.0461240642547607,0.042669713,0.0034543507575988,0.0461240642547607,Charlie Waller,Charlie Waller,64.5693341478314,Offensive,29,0
RAV,2003,0.625,0.605498,0.57902056,0.0459794402122497,0.026477456,0.0195019841194152,0.0459794402122497,Brian Billick,Brian Billick,64.50824679291387,Offensive,15,0
RAI,1972,0.75,0.69676363,0.7043844,0.0456156134605407,-0.007620752,0.0532363653182983,0.0456156134605407,John Madden,John Madden,64.44715943799633,Defensive,0,5
SDG,1996,0.5,0.48979867,0.4544176,0.0455824136734008,0.03538108,0.0102013349533081,0.0455824136734008,Bobby Ross,Bobby Ross,64.3860720830788,Offensive,2,0
PIT,2007,0.625,0.63726926,0.579645,0.0453550219535827,0.05762428,-0.0122692584991455,0.0453550219535827,Mike Tomlin,Mike Tomlin,64.32498472816127,Defensive,2,9
CHI,2021,0.3529,0.35389343,0.30760893,0.0452910677433013,0.046284497,-0.0009934290409088,0.0452910677433013,Matt Nagy,Matt Nagy,64.26389737324374,Offensive,11,0
DAL,2005,0.5625,0.5419363,0.517679,0.04482102394104,0.024257302,0.0205637216567993,0.04482102394104,Bill Parcells,Bill Parcells,64.14172266340867,Defensive,0,17
DEN,2005,0.8125,0.80220115,0.76787776,0.0446222424507141,0.034323394,0.0102988481521606,0.0446222424507141,Mike Shanahan,Mike Shanahan,64.08063530849114,Offensive,17,0
CLT,1978,0.3125,0.2741272,0.2682747,0.0442253053188324,0.0058524907,0.0383728146553039,0.0442253053188324,Ted Marchibroda,Ted Marchibroda,64.0195479535736,Offensive,24,0
CLE,1976,0.6429,0.5631014,0.59932053,0.0435794691085815,-0.03621912,0.0797985891342163,0.0435794691085815,Forrest Gregg,Forrest Gregg,63.95846059865608,Offensive,2,0
DAL,2014,0.75,0.72071433,0.7067784,0.0432215929031372,0.013935924,0.0292856693267822,0.0432215929031372,Jason Garrett,Jason Garrett,63.89737324373854,Offensive,5,0
NWE,1996,0.6875,0.6585947,0.64434737,0.043152630329132,0.014247358,0.0289052724838256,0.043152630329132,Bill Parcells,Bill Parcells,63.83628588882101,Defensive,0,17
DAL,1990,0.4375,0.39198568,0.3944158,0.0430842041969299,-0.0024301112,0.0455143153667449,0.0430842041969299,Jimmy Johnson,Jimmy Johnson,63.77519853390348,Defensive,0,9
CLT,1989,0.5,0.48120236,0.45710835,0.042891651391983,0.024094015,0.0187976360321044,0.042891651391983,Ron Meyer,Ron Meyer,63.71411117898595,Other,0,0
WAS,1997,0.5312,0.47640327,0.48834315,0.0428568505764007,-0.011939883,0.0547967338085174,0.0428568505764007,Norv Turner,Norv Turner,63.65302382406842,Offensive,27,1
OTI,2002,0.6875,0.67218393,0.64507985,0.0424201488494873,0.02710408,0.0153160691261291,0.0424201488494873,Jeff Fisher,Jeff Fisher,63.53084911423336,Defensive,0,9
DEN,2020,0.3125,0.25899896,0.27017283,0.0423271656036376,-0.011173874,0.0535010397434234,0.0423271656036376,Vic Fangio,Vic Fangio,63.46976175931582,Defensive,0,40
ATL,1978,0.5625,0.508373,0.5202,0.0422999858856201,-0.011826992,0.0541269779205322,0.0422999858856201,Leeman Bennett,Leeman Bennett,63.40867440439829,Offensive,9,0
CLE,1988,0.625,0.63104826,0.5827779,0.0422220826148986,0.048270345,-0.0060482621192932,0.0422220826148986,Marty Schottenheimer,Marty Schottenheimer,63.34758704948076,Defensive,0,11
BUF,1995,0.625,0.63958955,0.5829841,0.0420159101486206,0.05660546,-0.0145895481109619,0.0420159101486206,Marv Levy,Marv Levy,63.22541233964569,Other,0,0
DEN,2000,0.6875,0.6807896,0.6459507,0.0415493249893188,0.034838915,0.006710410118103,0.0415493249893188,Mike Shanahan,Mike Shanahan,63.16432498472816,Offensive,17,0
SEA,2010,0.4375,0.42076346,0.39612266,0.0413773357868194,0.024640799,0.0167365372180938,0.0413773357868194,Pete Carroll,Pete Carroll,63.10323762981063,Defensive,1,17
OTI,1991,0.6875,0.66963303,0.6465272,0.0409728288650512,0.02310586,0.0178669691085815,0.0409728288650512,Jack Pardee,Jack Pardee,62.98106291997557,Defensive,0,1
GNB,1972,0.7143,0.6696041,0.67369294,0.0406070583343506,-0.004088819,0.0446958773612976,0.0406070583343506,Dan Devine,Dan Devine,62.91997556505803,Other,0,0
NYG,1988,0.625,0.61847484,0.5846037,0.0403962731361389,0.033871114,0.0065251588821411,0.0403962731361389,Bill Parcells,Bill Parcells,62.85888821014049,Defensive,0,17
TAM,1995,0.4375,0.34479725,0.39714888,0.0403511226177215,-0.052351624,0.0927027463912963,0.0403511226177215,Sam Wyche,Sam Wyche,62.797800855222974,Offensive,19,0
TAM,2012,0.4375,0.40968293,0.39722756,0.040272444486618,0.012455374,0.0278170704841613,0.040272444486618,Greg Schiano,Greg Schiano,62.73671350030544,Defensive,0,10
BUF,2023,0.6471,0.601824,0.6071316,0.0399683996200561,-0.005307615,0.0452760144233703,0.0399683996200561,Sean McDermott,Sean McDermott,62.67562614538791,Defensive,0,15
NOR,1984,0.4375,0.40891775,0.39755118,0.03994882106781,0.011366576,0.0285822451114654,0.03994882106781,Bum Phillips,Bum Phillips,62.61453879047038,Defensive,0,8
CHI,2012,0.625,0.55165267,0.5855108,0.039489209651947,-0.03385812,0.0733473300933837,0.039489209651947,Lovie Smith,Lovie Smith,62.55345143555285,Defensive,0,22
DEN,2002,0.5625,0.5395242,0.52304876,0.0394512414932251,0.01647544,0.0229758024215698,0.0394512414932251,Mike Shanahan,Mike Shanahan,62.49236408063531,Offensive,17,0
RAI,1987,0.3333,0.29891184,0.29400894,0.0392910595417022,0.0049028993,0.0343881602764129,0.0392910595417022,Tom Flores,Tom Flores,62.43127672571778,Offensive,8,0
WAS,1990,0.625,0.6316424,0.5860766,0.0389233827590942,0.045565784,-0.0066424012184143,0.0389233827590942,Joe Gibbs,Joe Gibbs,62.30910201588272,Offensive,17,0
DET,1994,0.5625,0.5367851,0.523777,0.0387229919433593,0.013008118,0.0257148742675781,0.0387229919433593,Wayne Fontes,Wayne Fontes,62.248014660965175,Defensive,0,13
CRD,2024,0.4706,0.4114415,0.43201432,0.0385856836795807,-0.020572811,0.0591584950447082,0.0385856836795807,Jonathan Gannon,Jonathan Gannon,62.18692730604764,Defensive,0,12
CLT,1984,0.2667,0.2225145,0.22822532,0.0384746794223785,-0.0057108253,0.044185504746437,0.0384746794223785,Frank Kush,Frank Kush / Hal Hunter,62.12583995113011,Offensive,3,0
CAR,1996,0.75,0.72407204,0.7118086,0.0381913781166076,0.012263417,0.0259279608726501,0.0381913781166076,Dom Capers,Dom Capers,62.003665241295046,Defensive,0,33
TAM,1979,0.625,0.53715354,0.5868741,0.0381258726119995,-0.049720585,0.0878464579582214,0.0381258726119995,John McKay,John McKay,61.94257788637752,Other,0,0
ATL,2023,0.4118,0.32751182,0.3737348,0.0380651979923248,-0.046222985,0.0842881827831268,0.0380651979923248,Arthur Smith,Arthur Smith,61.88149053146,Offensive,11,2
CLT,2000,0.625,0.581941,0.5871154,0.0378845930099487,-0.0051743984,0.0430589914321899,0.0378845930099487,Jim Mora Sr,Jim Mora Sr,61.82040317654246,Defensive,0,17
RAI,1994,0.5625,0.52711326,0.52472395,0.0377760529518127,0.0023893118,0.0353867411613464,0.0377760529518127,Art Shell,Art Shell,61.75931582162493,Offensive,12,0
JAX,2007,0.6875,0.6498693,0.6504252,0.0370748043060302,-0.0005558729,0.0376306772232055,0.0370748043060302,Jack Del Rio,Jack Del Rio,61.69822846670739,Defensive,0,11
NYG,2009,0.5,0.4886575,0.46294242,0.0370575785636901,0.025715083,0.0113424956798553,0.0370575785636901,Tom Coughlin,Tom Coughlin,61.63714111178986,Offensive,17,0
NYG,1987,0.4,0.41986096,0.36321884,0.0367811560630798,0.056642115,-0.0198609590530395,0.0367811560630798,Bill Parcells,Bill Parcells,61.57605375687233,Defensive,0,17
DEN,1974,0.5357,0.5311962,0.49907902,0.0366209811687469,0.03211716,0.0045038229942321,0.0366209811687469,John Ralston,John Ralston,61.45387904703726,Offensive,1,0
NWE,1993,0.3125,0.3334132,0.27624968,0.0362503230571746,0.057163537,-0.0209132134914398,0.0362503230571746,Bill Parcells,Bill Parcells,61.39279169211973,Defensive,0,17
CHI,2014,0.3125,0.2675388,0.2763442,0.0361557900905609,-0.008805424,0.0449612140655517,0.0361557900905609,Marc Trestman,Marc Trestman,61.3317043372022,Offensive,22,0
NOR,1988,0.625,0.600395,0.58909124,0.0359087586402893,0.011303782,0.0246049761772155,0.0359087586402893,Jim Mora Sr,Jim Mora Sr,61.270616982284665,Defensive,0,17
MIN,1992,0.6875,0.65473056,0.6516544,0.0358455777168273,0.003076136,0.0327694416046142,0.0358455777168273,Dennis Green,Dennis Green,61.20952962736713,Offensive,10,0
NOR,1985,0.3333,0.32335362,0.29795545,0.0353445466041564,0.025398165,0.0099463816165923,0.0353445466041564,Bum Phillips,Bum Phillips / Wade Phillips,61.1484422724496,Defensive,0,8
NYG,1994,0.5625,0.5195922,0.5272092,0.035290777683258,-0.0076169968,0.0429077744483947,0.035290777683258,Dan Reeves,Dan Reeves,61.08735491753207,Offensive,6,0
GNB,2021,0.7647,0.79027843,0.72948927,0.035210733127594,0.060789168,-0.0255784347534179,0.035210733127594,Matt LaFleur,Matt LaFleur,61.026267562614535,Offensive,16,0
RAI,1971,0.6429,0.60920924,0.60823935,0.0346606472969055,0.0009698868,0.0336907605171203,0.0346606472969055,John Madden,John Madden,60.90409285277948,Defensive,0,5
RAI,1992,0.4375,0.41783148,0.40368578,0.0338142216205596,0.014145702,0.0196685194969177,0.0338142216205596,Art Shell,Art Shell,60.78191814294441,Offensive,12,0
CAR,2005,0.6875,0.6731621,0.6540008,0.0334991812705993,0.019161284,0.0143378973007202,0.0334991812705993,John Fox,John Fox,60.72083078802688,Defensive,0,22
CLT,2015,0.5,0.5136024,0.46682298,0.0331770181655883,0.046779394,-0.0136023759841918,0.0331770181655883,Chuck Pagano,Chuck Pagano,60.598656078191816,Defensive,0,28
OTI,2016,0.5625,0.48953846,0.5294038,0.0330961942672729,-0.039865345,0.072961539030075,0.0330961942672729,Mike Mularkey,Mike Mularkey,60.53756872327428,Offensive,18,0
NYG,2000,0.75,0.7062999,0.71714866,0.0328513383865356,-0.010848761,0.043700098991394,0.0328513383865356,Jim Fassel,Jim Fassel,60.47648136835675,Offensive,13,0
SDG,1974,0.3571,0.3264288,0.32426125,0.0328387518882751,0.0021675527,0.0306711991786956,0.0328387518882751,Tommy Prothro,Tommy Prothro,60.41539401343922,Other,0,0
GNB,1987,0.3667,0.37545997,0.33387223,0.0328277711391449,0.04158774,-0.0087599690437316,0.0328277711391449,Forrest Gregg,Forrest Gregg,60.354306658521686,Offensive,2,0
RAM,1970,0.6786,0.6362928,0.6459911,0.0326089130401611,-0.009698272,0.0423071847915649,0.0326089130401611,George Allen,George Allen,60.29321930360416,Defensive,0,7
NWE,1986,0.6875,0.6954614,0.6550967,0.032403290271759,0.040364683,-0.0079613924026489,0.032403290271759,Raymond Berry,Raymond Berry,60.23213194868661,Offensive,16,0
OTI,1988,0.625,0.6015322,0.5929101,0.03208988904953,0.00862211,0.0234677791595459,0.03208988904953,Jerry Glanville,Jerry Glanville,60.17104459376908,Defensive,0,14
BUF,1997,0.375,0.38110593,0.3430324,0.0319676101207733,0.03807354,-0.0061059296131134,0.0319676101207733,Marv Levy,Marv Levy,60.10995723885155,Other,0,0
RAM,1981,0.375,0.40199402,0.34326473,0.0317352712154388,0.05872929,-0.0269940197467803,0.0317352712154388,Ray Malavasi,Ray Malavasi,60.04886988393403,Defensive,2,15
DAL,2012,0.5,0.4512538,0.46861193,0.0313880741596221,-0.017358124,0.0487461984157562,0.0313880741596221,Jason Garrett,Jason Garrett,59.92669517409897,Offensive,5,0
PHI,1987,0.4667,0.418566,0.43532163,0.0313783709526062,-0.01675564,0.0481340114593505,0.0313783709526062,Buddy Ryan,Buddy Ryan,59.86560781918144,Defensive,0,26
CHI,2002,0.25,0.21628213,0.21870999,0.0312900096178054,-0.002427861,0.0337178707122802,0.0312900096178054,Dick Jauron,Dick Jauron,59.8045204642639,Defensive,0,17
DAL,2023,0.7059,0.66718733,0.6747046,0.0311953886985778,-0.007517278,0.0387126668930053,0.0311953886985778,Mike McCarthy,Mike McCarthy,59.74343310934637,Offensive,14,0
CIN,1974,0.5,0.49758884,0.4692378,0.0307621955871582,0.028351039,0.0024111568927764,0.0307621955871582,Paul Brown,Paul Brown,59.68234575442884,Other,0,0
SDG,2021,0.5294,0.5304652,0.49894875,0.0304512471199035,0.031516433,-0.0010651856422424,0.0304512471199035,Brandon Staley,Brandon Staley,59.6212583995113,Defensive,0,10
CAR,2012,0.4375,0.379515,0.4074195,0.030080497264862,-0.02790451,0.0579850077629089,0.030080497264862,Ron Rivera,Ron Rivera,59.560171044593766,Defensive,0,14
MIN,1974,0.7143,0.7321488,0.68516403,0.0291359656333923,0.04698479,-0.0178488261222838,0.0291359656333923,Bud Grant,Bud Grant,59.49908368967623,Other,0,0
RAI,1980,0.6875,0.6318013,0.6587415,0.0287585258483886,-0.026940167,0.0556986927986145,0.0287585258483886,Tom Flores,Tom Flores,59.4379963347587,Offensive,8,0
NYJ,2016,0.3125,0.31476077,0.28406397,0.0284360349178314,0.03069681,-0.0022607743740081,0.0284360349178314,Todd Bowles,Todd Bowles,59.37690897984117,Defensive,0,17
MIN,1981,0.4375,0.45884594,0.40906778,0.0284322202205657,0.049778163,-0.0213459432125091,0.0284322202205657,Bud Grant,Bud Grant,59.31582162492364,Other,0,0
PIT,2010,0.75,0.7961221,0.72162783,0.0283721685409545,0.07449424,-0.0461220741271972,0.0283721685409545,Mike Tomlin,Mike Tomlin,59.2547342700061,Defensive,2,9
WAS,2015,0.5625,0.53130853,0.53433067,0.0281693339347839,-0.0030221343,0.0311914682388305,0.0281693339347839,Jay Gruden,Jay Gruden,59.19364691508857,Offensive,13,0
DAL,1987,0.4667,0.48528874,0.43873566,0.0279643361091613,0.046553075,-0.0185887392044067,0.0279643361091613,Tom Landry,Tom Landry,59.07147220525352,Defensive,0,6
NWE,1997,0.625,0.567104,0.5972976,0.0277023911476135,-0.030193627,0.0578960180282592,0.0277023911476135,Pete Carroll,Pete Carroll,59.01038485033598,Defensive,1,17
NYJ,1982,0.6667,0.61991006,0.6393761,0.0273238961219787,-0.019466043,0.0467899386405944,0.0273238961219787,Walt Michaels,Walt Michaels,58.94929749541845,Defensive,0,15
RAI,2011,0.5,0.45562375,0.47281438,0.0271856188774108,-0.017190635,0.044376254081726,0.0271856188774108,Hue Jackson,Hue Jackson,58.88821014050092,Offensive,25,1
TAM,2002,0.75,0.7180947,0.7232992,0.0267007946968078,-0.005204499,0.0319052934646606,0.0267007946968078,Jon Gruden,Jon Gruden,58.82712278558338,Offensive,10,0
CIN,1980,0.375,0.33165008,0.3485317,0.0264683067798614,-0.016881615,0.0433499217033386,0.0264683067798614,Forrest Gregg,Forrest Gregg,58.76603543066585,Offensive,2,0
CLT,2020,0.6875,0.66256595,0.6610369,0.0264630913734436,0.001529038,0.0249340534210205,0.0264630913734436,Frank Reich,Frank Reich,58.70494807574832,Offensive,6,0
CHI,1975,0.2857,0.26478752,0.2592986,0.0264014071941375,0.005488932,0.0209124750614166,0.0264014071941375,Jack Pardee,Jack Pardee,58.64386072083079,Defensive,0,1
CHI,1977,0.6429,0.5920355,0.6165048,0.0263952116012573,-0.024469316,0.0508645276069641,0.0263952116012573,Jack Pardee,Jack Pardee,58.582773365913255,Defensive,0,1
ATL,1973,0.6429,0.5920292,0.6168029,0.0260971287727356,-0.024773657,0.0508707860946655,0.0260971287727356,Norm Van Brocklin,Norm Van Brocklin,58.52168601099572,Offensive,1,0
NYG,1993,0.6875,0.67912966,0.6615603,0.0259397029876709,0.017569363,0.0083703398704528,0.0259397029876709,Dan Reeves,Dan Reeves,58.46059865607819,Offensive,6,0
PHI,2010,0.625,0.613059,0.59908557,0.0259144306182861,0.013973415,0.0119410157203674,0.0259144306182861,Andy Reid,Andy Reid,58.39951130116066,Offensive,16,0
DET,2007,0.4375,0.38059944,0.41159147,0.0259085297584533,-0.030992031,0.0569005608558654,0.0259085297584533,Rod Marinelli,Rod Marinelli,58.338423946243125,Defensive,1,32
CLT,1983,0.4375,0.36794135,0.4116357,0.02586430311203,-0.043694347,0.0695586502552032,0.02586430311203,Frank Kush,Frank Kush,58.27733659132559,Offensive,3,0
CRD,1977,0.5,0.4877292,0.4742748,0.0257251858711242,0.013454378,0.0122708082199096,0.0257251858711242,Don Coryell,Don Coryell,58.155161881490535,Other,0,0
TAM,2019,0.4375,0.44689426,0.41231957,0.0251804292201995,0.034574687,-0.0093942582607269,0.0251804292201995,Bruce Arians,Bruce Arians,58.094074526573,Offensive,25,0
CRD,2019,0.3438,0.33183166,0.3194458,0.0243542111396789,0.012385875,0.0119683361530303,0.0243542111396789,Kliff Kingsbury,Kliff Kingsbury,57.97189981673794,Offensive,7,0
BUF,2017,0.5625,0.53300446,0.53825706,0.0242429375648498,-0.0052525997,0.0294955372810363,0.0242429375648498,Sean McDermott,Sean McDermott,57.910812461820406,Defensive,0,15
NYJ,1981,0.6562,0.58589476,0.6320991,0.0241009079933166,-0.04620433,0.0703052365303039,0.0241009079933166,Walt Michaels,Walt Michaels,57.84972510690287,Defensive,0,15
OTI,2022,0.4118,0.41599268,0.38786337,0.0239366322040557,0.02812931,-0.0041926772117614,0.0239366322040557,Mike Vrabel,Mike Vrabel,57.78863775198534,Defensive,0,7
ATL,2015,0.5,0.46919683,0.47641948,0.0235805213451385,-0.0072226524,0.0308031737804412,0.0235805213451385,Dan Quinn,Dan Quinn,57.72755039706781,Defensive,0,24
NOR,1998,0.375,0.37498474,0.3514648,0.0235351920127868,0.023519933,1.52587890625e-05,0.0235351920127868,Mike Ditka,Mike Ditka,57.66646304215028,Offensive,9,0
DEN,1997,0.75,0.7677313,0.72746277,0.0225372314453125,0.04026854,-0.0177313089370727,0.0225372314453125,Mike Shanahan,Mike Shanahan,57.60537568723274,Offensive,17,0
CIN,2004,0.5,0.4211481,0.47769284,0.0223071575164794,-0.05654475,0.0788519084453582,0.0223071575164794,Marvin Lewis,Marvin Lewis,57.544288332315205,Defensive,0,23
CIN,2015,0.75,0.6759946,0.72786343,0.0221365690231323,-0.051868856,0.0740054249763488,0.0221365690231323,Marvin Lewis,Marvin Lewis,57.48320097739767,Defensive,0,23
MIA,1989,0.5,0.49233696,0.4779364,0.0220636129379272,0.014400572,0.0076630413532257,0.0220636129379272,Don Shula,Don Shula,57.42211362248014,Defensive,0,5
CLT,1995,0.5625,0.48389903,0.5406787,0.0218213200569152,-0.056779653,0.0786009728908538,0.0218213200569152,Ted Marchibroda,Ted Marchibroda,57.36102626756261,Offensive,24,0
DAL,2009,0.6875,0.6503141,0.66573864,0.0217613577842712,-0.01542455,0.0371859073638916,0.0217613577842712,Wade Phillips,Wade Phillips,57.29993891264509,Defensive,0,39
CIN,2018,0.375,0.3566003,0.35341808,0.0215819180011749,0.0031822324,0.0183996856212615,0.0215819180011749,Marvin Lewis,Marvin Lewis,57.23885155772756,Defensive,0,23
ATL,2011,0.625,0.6769243,0.6035262,0.0214738249778747,0.07339811,-0.0519242882728576,0.0214738249778747,Mike Smith,Mike Smith,57.177764202810025,Defensive,0,19
MIA,2021,0.5294,0.46989578,0.5081207,0.0212792843818664,-0.038224936,0.0595042199134826,0.0212792843818664,Brian Flores,Brian Flores,57.11667684789249,Defensive,0,12
DET,1997,0.5625,0.57162684,0.5417958,0.0207042098045349,0.029831052,-0.0091268420219421,0.0207042098045349,Bobby Ross,Bobby Ross,57.05558949297496,Offensive,2,0
BUF,1992,0.6875,0.7244568,0.6678812,0.019618809223175,0.056575596,-0.036956787109375,0.019618809223175,Marv Levy,Marv Levy,56.99450213805742,Other,0,0
PHI,1993,0.5,0.48724297,0.4804794,0.0195206105709075,0.0067635775,0.0127570331096649,0.0195206105709075,Rich Kotite,Rich Kotite,56.93341478313989,Offensive,14,0
CAR,2000,0.4375,0.44283137,0.4180318,0.0194681882858276,0.024799556,-0.0053313672542572,0.0194681882858276,George Seifert,George Seifert,56.87232742822236,Defensive,0,20
MIA,2014,0.5,0.46348354,0.4805731,0.0194269120693206,-0.017089546,0.0365164577960968,0.0194269120693206,Joe Philbin,Joe Philbin,56.81124007330482,Offensive,31,0
RAM,1977,0.7143,0.75788337,0.69488406,0.0194159381866455,0.06299931,-0.0435833699226378,0.0194159381866455,Chuck Knox,Chuck Knox,56.75015271838729,Offensive,10,0
CLT,1975,0.7143,0.7199303,0.69508505,0.0192149513244629,0.024845243,-0.0056302911758422,0.0192149513244629,Ted Marchibroda,Ted Marchibroda,56.62797800855223,Offensive,24,0
ATL,2017,0.625,0.59816957,0.6057874,0.0192126035690307,-0.007617831,0.0268304347991943,0.0192126035690307,Dan Quinn,Dan Quinn,56.56689065363469,Defensive,0,24
GNB,2012,0.6875,0.64479,0.66868603,0.0188139677047729,-0.023896039,0.04271000623703,0.0188139677047729,Mike McCarthy,Mike McCarthy,56.50580329871716,Offensive,14,0
CIN,1995,0.4375,0.35326004,0.41898662,0.0185133814811706,-0.06572658,0.0842399597167968,0.0185133814811706,David Shula,David Shula,56.44471594379963,Offensive,16,0
SDG,1976,0.4286,0.37802902,0.41028976,0.0183102355957031,-0.032260746,0.0505709813594817,0.0183102355957031,Tommy Prothro,Tommy Prothro,56.3836285888821,Other,0,0
DET,1973,0.4643,0.4786173,0.44619662,0.0181033843040466,0.032420695,-0.0143173105239868,0.0181033843040466,Don McCafferty,Don McCafferty,56.26145387904704,Offensive,11,0
PHI,1989,0.6875,0.59332615,0.66946006,0.0180399417877197,-0.07613391,0.0941738486289978,0.0180399417877197,Buddy Ryan,Buddy Ryan,56.20036652412951,Defensive,0,26
DEN,1983,0.5625,0.5535101,0.5445057,0.0179942846298217,0.009004414,0.0089898705482482,0.0179942846298217,Dan Reeves,Dan Reeves,56.13927916921197,Offensive,6,0
KAN,1981,0.5625,0.5192879,0.5445455,0.0179545283317565,-0.025257587,0.0432121157646179,0.0179545283317565,Marv Levy,Marv Levy,56.07819181429444,Other,0,0
PHI,2007,0.5,0.4971951,0.48240027,0.017599731683731,0.0147948265,0.0028049051761627,0.017599731683731,Andy Reid,Andy Reid,55.894929749541845,Offensive,16,0
OTI,1979,0.6875,0.6938033,0.66994476,0.0175552368164062,0.023858547,-0.0063033103942871,0.0175552368164062,Bum Phillips,Bum Phillips,55.83384239462431,Defensive,0,8
NYJ,1999,0.5,0.52629495,0.48246402,0.0175359845161438,0.04383093,-0.0262949466705322,0.0175359845161438,Bill Parcells,Bill Parcells,55.77275503970678,Defensive,0,17
DAL,1985,0.625,0.6215744,0.60779047,0.0172095298767089,0.013783932,0.0034255981445312,0.0172095298767089,Tom Landry,Tom Landry,55.71166768478925,Defensive,0,6
BUF,2002,0.5,0.44059795,0.48298132,0.0170186758041381,-0.042383373,0.059402048587799,0.0170186758041381,Gregg Williams,Gregg Williams,55.65058032987172,Defensive,0,24
RAI,2004,0.3125,0.2704274,0.29576665,0.0167333483695983,-0.025339246,0.042072594165802,0.0167333483695983,Norv Turner,Norv Turner,55.58949297495418,Offensive,27,1
MIA,2012,0.4375,0.4137842,0.42087582,0.0166241824626922,-0.0070916116,0.0237157940864563,0.0166241824626922,Joe Philbin,Joe Philbin,55.52840562003665,Offensive,31,0
SFO,1995,0.6875,0.75045204,0.67091525,0.0165847539901733,0.079536796,-0.0629520416259765,0.0165847539901733,George Seifert,George Seifert,55.467318265119125,Defensive,0,20
CLT,1971,0.7143,0.7404837,0.6977904,0.0165096157073975,0.042693317,-0.0261837012290954,0.0165096157073975,Don McCafferty,Don McCafferty,55.40623091020159,Offensive,11,0
CRD,1988,0.4375,0.40578637,0.42127368,0.0162263214588165,-0.015487313,0.0317136347293853,0.0162263214588165,Gene Stallings,Gene Stallings,55.34514355528406,Defensive,0,21
SFO,2023,0.7059,0.7182186,0.6898101,0.0160899027824401,0.028408527,-0.0123186245918274,0.0160899027824401,Kyle Shanahan,Kyle Shanahan,55.28405620036653,Offensive,13,0
MIN,2001,0.3333,0.29790992,0.3172134,0.016086613702774,-0.01930347,0.0353900845527648,0.016086613702774,Dennis Green,Dennis Green / Mike Tice,55.222968845449,Offensive,10,0
CLT,1977,0.7143,0.7034591,0.69832766,0.0159723394393921,0.0051314235,0.0108409159660339,0.0159723394393921,Ted Marchibroda,Ted Marchibroda,55.16188149053146,Offensive,24,0
BUF,2014,0.5625,0.4757714,0.5465383,0.0159617066383361,-0.070766896,0.0867286026477813,0.0159617066383361,Doug Marrone,Doug Marrone,55.10079413561393,Offensive,20,0
TAM,2016,0.5625,0.5345131,0.54673445,0.0157655477523803,-0.012221336,0.0279868841171264,0.0157655477523803,Dirk Koetter,Dirk Koetter,55.0397067806964,Offensive,26,0
TAM,1993,0.3125,0.27633658,0.29696354,0.0155364573001861,-0.020626962,0.0361634194850921,0.0155364573001861,Sam Wyche,Sam Wyche,54.97861942577886,Offensive,19,0
TAM,2020,0.6875,0.7009135,0.67259246,0.0149075388908386,0.028321028,-0.0134134888648986,0.0149075388908386,Bruce Arians,Bruce Arians,54.91753207086133,Offensive,25,0
RAM,1983,0.5625,0.5704495,0.5476198,0.0148801803588867,0.022829652,-0.0079494714736938,0.0148801803588867,John Robinson,John Robinson,54.8564447159438,Offensive,4,1
JAX,2017,0.625,0.621702,0.6102569,0.0147430896759033,0.011445105,0.0032979846000671,0.0147430896759033,Doug Marrone,Doug Marrone,54.73427000610873,Offensive,20,0
NYJ,1973,0.2857,0.26217547,0.27144027,0.0142597324371337,-0.009264797,0.0235245294094085,0.0142597324371337,Weeb Ewbank,Weeb Ewbank,54.6731826511912,Offensive,6,0
CIN,2014,0.6562,0.61135685,0.6420913,0.0141087257385253,-0.03073442,0.0448431455612182,0.0141087257385253,Marvin Lewis,Marvin Lewis,54.55100794135615,Defensive,0,23
CHI,1996,0.4375,0.4242295,0.42354706,0.0139529407024383,0.0006824434,0.0132704973220825,0.0139529407024383,Dave Wannstedt,Dave Wannstedt,54.489920586438615,Defensive,0,19
OTI,2001,0.4375,0.41959226,0.42369157,0.0138084292411804,-0.0040993094,0.0179077386856079,0.0138084292411804,Jeff Fisher,Jeff Fisher,54.42883323152108,Defensive,0,9
CAR,2018,0.4375,0.44494835,0.423734,0.0137659907341003,0.021214336,-0.0074483454227447,0.0137659907341003,Ron Rivera,Ron Rivera,54.36774587660354,Defensive,0,14
NOR,1989,0.5625,0.5978927,0.5489017,0.0135983228683471,0.048991024,-0.0353927016258239,0.0135983228683471,Jim Mora Sr,Jim Mora Sr,54.30665852168601,Defensive,0,17
SDG,1981,0.625,0.63766897,0.6116049,0.013395071029663,0.026064038,-0.0126689672470092,0.013395071029663,Don Coryell,Don Coryell,54.18448381185095,Other,0,0
DAL,1996,0.625,0.6707401,0.61181647,0.0131835341453552,0.05892366,-0.0457401275634765,0.0131835341453552,Barry Switzer,Barry Switzer,54.12339645693341,Offensive,12,0
SDG,1985,0.5,0.49901974,0.48696524,0.0130347609519958,0.012054503,0.000980257987976,0.0130347609519958,Don Coryell,Don Coryell,54.06230910201588,Other,0,0
DET,1983,0.5625,0.5485568,0.55024475,0.0122552514076232,-0.0016879439,0.0139431953430175,0.0122552514076232,Monte Clark,Monte Clark,54.00122174709835,Offensive,9,0
CIN,2011,0.5625,0.5313307,0.5502671,0.0122328996658325,-0.018936396,0.0311692953109741,0.0122328996658325,Marvin Lewis,Marvin Lewis,53.940134392180816,Defensive,0,23
RAM,1993,0.3125,0.3110284,0.30047044,0.0120295584201812,0.01055795,0.001471608877182,0.0120295584201812,Chuck Knox,Chuck Knox,53.87904703726328,Offensive,10,0
MIA,1998,0.625,0.64071864,0.6129844,0.0120155811309814,0.02773422,-0.0157186388969421,0.0120155811309814,Jimmy Johnson,Jimmy Johnson,53.81795968234575,Defensive,0,9
KAN,2005,0.625,0.61014694,0.6131147,0.0118852853775024,-0.0029677749,0.0148530602455139,0.0118852853775024,Dick Vermeil,Dick Vermeil,53.75687232742822,Offensive,4,0
ATL,2019,0.4375,0.4108233,0.42569697,0.0118030309677124,-0.014873683,0.0266767144203186,0.0118030309677124,Dan Quinn,Dan Quinn,53.69578497251069,Defensive,0,24
WAS,1973,0.7143,0.750054,0.7026648,0.0116352074623108,0.04738921,-0.0357540018081664,0.0116352074623108,George Allen,George Allen,53.57361026267563,Defensive,0,7
OTI,2019,0.5625,0.5938885,0.55124235,0.0112576484680175,0.04264617,-0.031388521194458,0.0112576484680175,Mike Vrabel,Mike Vrabel,53.5125229077581,Defensive,0,7
CRD,1998,0.5625,0.53168654,0.55124867,0.0112513303756713,-0.019562125,0.030813455581665,0.0112513303756713,Vince Tobin,Vince Tobin,53.45143555284056,Defensive,0,25
CRD,2002,0.3125,0.24520843,0.30129257,0.0112074315547943,-0.05608414,0.06729157269001,0.0112074315547943,Dave McGinnis,Dave McGinnis,53.39034819792303,Defensive,0,19
KAN,2010,0.625,0.586878,0.613848,0.0111520290374755,-0.02696997,0.0381219983100891,0.0111520290374755,Todd Haley,Todd Haley,53.3292608430055,Offensive,21,0
MIA,1994,0.625,0.67557544,0.61427855,0.0107214450836181,0.06129688,-0.0505754351615905,0.0107214450836181,Don Shula,Don Shula,53.26817348808797,Defensive,0,5
MIA,2019,0.3125,0.29995418,0.3018369,0.010663092136383,-0.0018827319,0.0125458240509033,0.010663092136383,Brian Flores,Brian Flores,53.20708613317044,Defensive,0,12
NOR,2016,0.4375,0.43793386,0.427132,0.0103679895401,0.010801852,-0.00043386220932,0.0103679895401,Sean Payton,Sean Payton,53.1459987782529,Offensive,16,0
NWE,2012,0.75,0.77754164,0.7397445,0.0102555155754089,0.037797153,-0.0275416374206542,0.0102555155754089,Bill Belichick,Bill Belichick,53.08491142333537,Defensive,1,13
CHI,2015,0.375,0.34286678,0.36485618,0.0101438164710998,-0.021989405,0.0321332216262817,0.0101438164710998,John Fox,John Fox,53.02382406841784,Defensive,0,22
MIA,2008,0.6875,0.67672807,0.6773603,0.0101397037506103,-0.00063222647,0.0107719302177429,0.0101397037506103,Tony Sparano,Tony Sparano,52.96273671350031,Offensive,22,0
CRD,2021,0.6471,0.6424949,0.63722754,0.0098724647521972,0.0052673817,0.0046050830841064,0.0098724647521972,Kliff Kingsbury,Kliff Kingsbury,52.90164935858277,Offensive,7,0
KAN,1990,0.6875,0.6929025,0.6776386,0.009861409664154,0.015263915,-0.0054025053977966,0.009861409664154,Marty Schottenheimer,Marty Schottenheimer,52.840562003665234,Defensive,0,11
DAL,1981,0.75,0.75384974,0.740426,0.0095739960670471,0.013423741,-0.0038497447967529,0.0095739960670471,Tom Landry,Tom Landry,52.7794746487477,Defensive,0,6
DEN,2006,0.5625,0.57205886,0.5532597,0.0092403292655944,0.018799186,-0.0095588564872741,0.0092403292655944,Mike Shanahan,Mike Shanahan,52.71838729383018,Offensive,17,0
ATL,1986,0.4688,0.403118,0.46054435,0.0082556522369384,-0.057426333,0.0656819856643676,0.0082556522369384,Dan Henning,Dan Henning,52.65729993891265,Offensive,29,0
NYG,1984,0.5625,0.515862,0.55445886,0.0080411434173583,-0.03859687,0.046638011932373,0.0080411434173583,Bill Parcells,Bill Parcells,52.59621258399512,Defensive,0,17
NYG,1978,0.375,0.35952392,0.36789057,0.0071094334125518,-0.008366644,0.0154760777950286,0.0071094334125518,John McVay,John McVay,52.47403787416005,Other,0,0
SEA,2023,0.5294,0.54317737,0.5224433,0.0069567054748534,0.020734072,-0.0137773662567138,0.0069567054748534,Pete Carroll,Pete Carroll,52.41295051924252,Defensive,1,17
NOR,1993,0.5,0.49538666,0.4931021,0.006897896528244,0.0022845566,0.0046133399009704,0.006897896528244,Jim Mora Sr,Jim Mora Sr,52.35186316432498,Defensive,0,17
NOR,2000,0.625,0.61663157,0.61847,0.0065299868583679,-0.0018384457,0.00836843252182,0.0065299868583679,Jim Haslett,Jim Haslett,52.29077580940745,Defensive,0,25
NYJ,2012,0.375,0.421669,0.36870122,0.0062987804412841,0.052967787,-0.0466690063476562,0.0062987804412841,Rex Ryan,Rex Ryan,52.16860109957239,Defensive,0,20
WAS,2012,0.625,0.62428373,0.6190734,0.0059266090393066,0.00521034,0.0007162690162658,0.0059266090393066,Mike Shanahan,Mike Shanahan,52.10751374465485,Offensive,17,0
DEN,1985,0.6875,0.67343706,0.68186146,0.0056385397911071,-0.008424401,0.0140629410743713,0.0056385397911071,Dan Reeves,Dan Reeves,52.04642638973732,Offensive,6,0
OTI,2007,0.625,0.5961482,0.6196321,0.0053678750991821,-0.023483932,0.0288518071174621,0.0053678750991821,Jeff Fisher,Jeff Fisher,51.98533903481979,Defensive,0,9
RAM,2015,0.4375,0.43041664,0.4322467,0.0052532851696014,-0.0018300712,0.0070833563804626,0.0052532851696014,Jeff Fisher,Jeff Fisher,51.924251679902255,Defensive,0,9
CHI,2005,0.6875,0.6464233,0.682255,0.0052449703216552,-0.03583175,0.0410767197608947,0.0052449703216552,Lovie Smith,Lovie Smith,51.86316432498472,Defensive,0,22
PHI,1990,0.625,0.5703269,0.6198057,0.0051943063735961,-0.04947877,0.0546730756759643,0.0051943063735961,Buddy Ryan,Buddy Ryan,51.802076970067205,Defensive,0,26
WAS,2000,0.5385,0.55360645,0.5333804,0.0051196107864379,0.020226061,-0.0151064505577087,0.0051196107864379,Norv Turner,Norv Turner / Terry Robiskie,51.74098961514967,Offensive,27,1
NWE,2018,0.6875,0.751627,0.68251985,0.0049801468849182,0.069107175,-0.0641270279884338,0.0049801468849182,Bill Belichick,Bill Belichick,51.67990226023213,Defensive,1,13
NYJ,1985,0.6875,0.65620923,0.682846,0.0046539902687072,-0.02663678,0.0312907695770263,0.0046539902687072,Joe Walton,Joe Walton,51.55772755039707,Offensive,16,0
SEA,2019,0.6875,0.66255146,0.68297714,0.0045228600502014,-0.020425677,0.0249485373497009,0.0045228600502014,Pete Carroll,Pete Carroll,51.496640195479536,Defensive,1,17
CRD,2011,0.5,0.44959158,0.4957372,0.0042628049850463,-0.046145618,0.0504084229469299,0.0042628049850463,Ken Whisenhunt,Ken Whisenhunt,51.37446548564447,Offensive,16,0
SEA,2015,0.625,0.62057084,0.6207648,0.0042352080345153,-0.00019395351,0.0044291615486145,0.0042352080345153,Pete Carroll,Pete Carroll,51.31337813072694,Defensive,1,17
KAN,1971,0.75,0.73066103,0.7458072,0.00419282913208,-0.015146136,0.0193389654159545,0.00419282913208,Hank Stram,Hank Stram,51.252290775809406,Other,0,0
MIN,1994,0.625,0.6075628,0.62104744,0.0039525628089904,-0.013484657,0.0174372196197509,0.0039525628089904,Dennis Green,Dennis Green,51.191203420891874,Offensive,10,0
NWE,1980,0.625,0.6326612,0.62109214,0.0039078593254089,0.011569083,-0.00766122341156,0.0039078593254089,Ron Erhardt,Ron Erhardt,51.13011606597434,Offensive,21,0
PHI,1980,0.75,0.7551041,0.74632776,0.0036722421646118,0.008776367,-0.005104124546051,0.0036722421646118,Dick Vermeil,Dick Vermeil,51.06902871105681,Offensive,4,0
NYJ,2022,0.4118,0.38936436,0.40826482,0.0035351841926574,-0.018900454,0.0224356382369995,0.0035351841926574,Robert Saleh,Robert Saleh,51.00794135613928,Defensive,0,21
CIN,2008,0.2812,0.24270104,0.2777805,0.0034194969654083,-0.035079464,0.0384989612817764,0.0034194969654083,Marvin Lewis,Marvin Lewis,50.94685400122175,Defensive,0,23
HTX,2013,0.1538,0.15512471,0.15049595,0.0033040535926818,0.0046287626,-0.0013247090101242,0.0033040535926818,Gary Kubiak,Gary Kubiak / Wade Phillips,50.88576664630422,Offensive,16,0
RAI,1979,0.5625,0.5488046,0.5592758,0.0032241940498352,-0.010471225,0.0136954188346862,0.0032241940498352,Tom Flores,Tom Flores,50.82467929138669,Offensive,8,0
HTX,2017,0.25,0.2618553,0.24677786,0.0032221376895904,0.015077442,-0.0118553042411804,0.0032221376895904,Bill O'Brien,Bill O'Brien,50.76359193646916,Offensive,18,1
NYJ,2021,0.2353,0.20845526,0.23207967,0.0032203301668167,-0.023624405,0.0268447354316711,0.0032203301668167,Robert Saleh,Robert Saleh,50.70250458155162,Defensive,0,21
WAS,2020,0.4375,0.40889558,0.43442452,0.0030754804611206,-0.025528938,0.0286044180393219,0.0030754804611206,Ron Rivera,Ron Rivera,50.64141722663409,Defensive,0,14
RAM,2019,0.5625,0.56465286,0.55944103,0.0030589699745178,0.00521183,-0.0021528601646423,0.0030589699745178,Sean McVay,Sean McVay,50.58032987171656,Offensive,9,0
BUF,1976,0.4,0.38757694,0.39713532,0.0028646826744079,-0.00955838,0.0124230623245239,0.0028646826744079,Lou Saban,Jim Ringo / Lou Saban,50.51924251679903,Other,0,0
MIA,2000,0.6875,0.67258435,0.6850785,0.002421498298645,-0.012494147,0.014915645122528,0.002421498298645,Dave Wannstedt,Dave Wannstedt,50.45815516188149,Defensive,0,19
OTI,2013,0.4375,0.39495873,0.43538284,0.0021171569824218,-0.04042411,0.0425412654876709,0.0021171569824218,Mike Munchak,Mike Munchak,50.39706780696396,Offensive,25,0
OTI,1992,0.625,0.61664987,0.6229053,0.0020946860313415,-0.006255448,0.008350133895874,0.0020946860313415,Jack Pardee,Jack Pardee,50.33598045204643,Defensive,0,1
SFO,2015,0.3125,0.3608198,0.31042004,0.002079963684082,0.05039975,-0.048319786787033,0.002079963684082,Jim Tomsula,Jim Tomsula,50.274893097128896,Defensive,0,28
HTX,2023,0.5882,0.5609511,0.5862614,0.0019386083602904,-0.025310278,0.0272488862991332,0.0019386083602904,DeMeco Ryans,DeMeco Ryans,50.21380574221136,Defensive,0,6
KAN,1996,0.5625,0.5595767,0.5606548,0.0018451809883117,-0.0010781288,0.002923309803009,0.0018451809883117,Marty Schottenheimer,Marty Schottenheimer,50.152718387293824,Defensive,0,11
GNB,2014,0.75,0.7320269,0.7484905,0.0015094876289367,-0.016463637,0.0179731249809265,0.0015094876289367,Mike McCarthy,Mike McCarthy,50.09163103237629,Offensive,14,0
CHI,2010,0.6875,0.6572837,0.6860995,0.0014004707336425,-0.028815806,0.0302162766456604,0.0014004707336425,Lovie Smith,Lovie Smith,50.03054367745876,Defensive,0,22
NWE,2001,0.6875,0.6671552,0.6864288,0.0010712146759033,-0.01927358,0.0203447937965393,0.0010712146759033,Bill Belichick,Bill Belichick,49.969456322541234,Defensive,1,13
DET,1985,0.4375,0.42916298,0.43649775,0.0010022521018981,-0.007334769,0.0083370208740234,0.0010022521018981,Darryl Rogers,Darryl Rogers,49.9083689676237,Defensive,0,4
RAI,1981,0.4375,0.41144228,0.43653527,0.000964730978012,-0.02509299,0.0260577201843261,0.000964730978012,Tom Flores,Tom Flores,49.84728161270617,Offensive,8,0
ATL,1992,0.375,0.36423016,0.3742307,0.0007692873477935,-0.010000557,0.0107698440551757,0.0007692873477935,Jerry Glanville,Jerry Glanville,49.78619425778864,Defensive,0,14
BUF,2024,0.7647,0.78542966,0.7641287,0.0005713150024414,0.021300972,-0.0207296565055846,0.0005713150024414,Sean McDermott,Sean McDermott,49.725106902871104,Defensive,0,15
CLE,2022,0.4118,0.42424646,0.41129407,0.0005059271335601,0.012952387,-0.012446460199356,0.0005059271335601,Kevin Stefanski,Kevin Stefanski,49.66401954795357,Offensive,11,0
RAV,2005,0.375,0.39476934,0.37460762,0.0003923773765563,0.020161718,-0.0197693407535552,0.0003923773765563,Brian Billick,Brian Billick,49.54184483811851,Offensive,15,0
PHI,2000,0.6875,0.6462881,0.6871653,0.0003346800804138,-0.040877223,0.0412119030952453,0.0003346800804138,Andy Reid,Andy Reid,49.480757483200975,Offensive,16,0
CLT,2023,0.5294,0.50885254,0.52918696,0.0002130359649658,-0.020334423,0.0205474585533141,0.0002130359649658,Shane Steichen,Shane Steichen,49.41967012828344,Offensive,11,2
CHI,2007,0.4375,0.46072227,0.43732578,0.0001742243766784,0.023396492,-0.023222267627716,0.0001742243766784,Lovie Smith,Lovie Smith,49.35858277336591,Defensive,0,22
TAM,1997,0.625,0.6106502,0.62490064,9.936094284057616e-05,-0.014250457,0.0143498182296752,9.936094284057616e-05,Tony Dungy,Tony Dungy,49.29749541844839,Defensive,0,16
MIA,1986,0.5,0.50879973,0.4999179,8.210539817810059e-05,0.008881837,-0.0087997317314147,8.210539817810059e-05,Don Shula,Don Shula,49.23640806353085,Defensive,0,5
SFO,2002,0.625,0.6196818,0.62512547,-0.0001254677772521,-0.005443692,0.0053182244300842,-0.0001254677772521,Steve Mariucci,Steve Mariucci,49.17532070861332,Offensive,17,0
NOR,2008,0.5,0.5150604,0.5002596,-0.0002595782279968,0.014800847,-0.0150604248046875,-0.0002595782279968,Sean Payton,Sean Payton,49.11423335369579,Offensive,16,0
RAM,2013,0.4375,0.45552456,0.43794197,-0.0004419684410095,0.017582595,-0.0180245637893676,-0.0004419684410095,Jeff Fisher,Jeff Fisher,49.053145998778255,Defensive,0,9
NWE,2002,0.5625,0.57464486,0.5632576,-0.0007575750350952,0.011387289,-0.0121448636054992,-0.0007575750350952,Bill Belichick,Bill Belichick,48.99205864386072,Defensive,1,13
SEA,1998,0.5,0.52667695,0.50088453,-0.0008845329284667,0.02579242,-0.0266769528388977,-0.0008845329284667,Dennis Erickson,Dennis Erickson,48.930971288943184,Offensive,13,0
CHI,1978,0.4375,0.41518077,0.43843672,-0.0009367167949676,-0.023255944,0.0223192274570465,-0.0009367167949676,Neill Armstrong,Neill Armstrong,48.86988393402565,Defensive,0,10
DEN,2004,0.625,0.6416659,0.62596375,-0.0009637475013732,0.015702128,-0.0166658759117126,-0.0009637475013732,Mike Shanahan,Mike Shanahan,48.808796579108126,Offensive,17,0
MIA,1988,0.375,0.36368674,0.37621674,-0.0012167394161224,-0.012529999,0.011313259601593,-0.0012167394161224,Don Shula,Don Shula,48.747709224190594,Defensive,0,5
BUF,2021,0.6471,0.6503492,0.64840525,-0.0013052538871765,0.0019439459,-0.003249199771881,-0.0013052538871765,Sean McDermott,Sean McDermott,48.68662186927306,Defensive,0,15
NOR,1973,0.3571,0.35431787,0.35841396,-0.001313964509964,-0.004096091,0.0027821262836456,-0.001313964509964,John North,John North,48.62553451435553,Offensive,15,0
GNB,1974,0.4286,0.48698923,0.43010408,-0.0015040768623352,0.056885153,-0.0583892299175262,-0.0015040768623352,Dan Devine,Dan Devine,48.564447159438,Other,0,0
KAN,1973,0.5714,0.59975165,0.57300645,-0.0016064511299133,0.0267452,-0.0283516512870788,-0.0016064511299133,Hank Stram,Hank Stram,48.503359804520464,Other,0,0
RAI,2001,0.625,0.6191759,0.62665313,-0.0016531348228454,-0.007477224,0.0058240890502929,-0.0016531348228454,Jon Gruden,Jon Gruden,48.44227244960293,Offensive,10,0
RAI,2002,0.6875,0.7199754,0.6892712,-0.0017712116241455,0.0307042,-0.0324754118919372,-0.0017712116241455,Bill Callahan,Bill Callahan,48.3811850946854,Offensive,29,0
WAS,1995,0.375,0.33532366,0.376793,-0.0017929971218109,-0.041469336,0.0396763384342193,-0.0017929971218109,Norv Turner,Norv Turner,48.32009773976787,Offensive,27,1
OTI,2011,0.5625,0.5175982,0.5644707,-0.0019707083702087,-0.046872497,0.0449017882347106,-0.0019707083702087,Mike Munchak,Mike Munchak,48.259010384850335,Offensive,25,0
GNB,2003,0.625,0.6939274,0.6271442,-0.0021442174911499,0.06678319,-0.0689274072647094,-0.0021442174911499,Mike Sherman,Mike Sherman,48.1979230299328,Offensive,20,0
NWE,1989,0.3125,0.32777432,0.31500277,-0.0025027692317962,0.012771547,-0.0152743160724639,-0.0025027692317962,Raymond Berry,Raymond Berry,48.13683567501527,Offensive,16,0
MIA,1991,0.5,0.5467263,0.50262874,-0.002628743648529,0.044097543,-0.0467262864112854,-0.002628743648529,Don Shula,Don Shula,48.07574832009774,Defensive,0,5
HTX,2009,0.5625,0.52145094,0.5657447,-0.0032446980476379,-0.04429376,0.0410490632057189,-0.0032446980476379,Gary Kubiak,Gary Kubiak,48.014660965180205,Offensive,16,0
NYJ,1972,0.5,0.5353304,0.5035854,-0.003585398197174,0.031745017,-0.0353304147720336,-0.003585398197174,Weeb Ewbank,Weeb Ewbank,47.95357361026267,Offensive,6,0
RAI,2000,0.75,0.75503886,0.75361603,-0.0036160349845886,0.0014228225,-0.0050388574600219,-0.0036160349845886,Jon Gruden,Jon Gruden,47.89248625534515,Offensive,10,0
PIT,1996,0.625,0.6154651,0.6286569,-0.0036569237709045,-0.013191819,0.0095348954200744,-0.0036569237709045,Bill Cowher,Bill Cowher,47.831398900427615,Defensive,0,5
OTI,1976,0.3571,0.37635204,0.36092585,-0.0038258532524109,0.015426189,-0.0192520419597626,-0.0038258532524109,Bum Phillips,Bum Phillips,47.77031154551008,Defensive,0,8
PHI,1979,0.6875,0.6760392,0.6913826,-0.0038825869560241,-0.015343368,0.0114607810974121,-0.0038825869560241,Dick Vermeil,Dick Vermeil,47.70922419059255,Offensive,4,0
MIA,2024,0.4706,0.5104117,0.47451395,-0.0039139479637145,0.03589773,-0.0398116797447204,-0.0039139479637145,Mike McDaniel,Mike McDaniel,47.64813683567502,Offensive,16,0
NYG,1980,0.25,0.20312226,0.25392172,-0.0039217174053192,-0.05079946,0.0468777418136596,-0.0039217174053192,Ray Perkins,Ray Perkins,47.58704948075748,Offensive,12,0
CHI,2000,0.3125,0.25050193,0.31661218,-0.0041121840476989,-0.06611025,0.0619980692863464,-0.0041121840476989,Dick Jauron,Dick Jauron,47.525962125839946,Defensive,0,17
CHI,1979,0.625,0.6289388,0.6292689,-0.0042688846588134,-0.00033009052,-0.0039387941360473,-0.0042688846588134,Neill Armstrong,Neill Armstrong,47.46487477092242,Defensive,0,10
TAM,2008,0.5625,0.5503449,0.5668438,-0.0043438076972961,-0.016498923,0.0121551156044006,-0.0043438076972961,Jon Gruden,Jon Gruden,47.40378741600489,Offensive,10,0
KAN,2001,0.375,0.3868178,0.37954718,-0.0045471787452697,0.007270634,-0.0118178129196167,-0.0045471787452697,Dick Vermeil,Dick Vermeil,47.34270006108736,Offensive,4,0
CLT,1973,0.2857,0.22922058,0.2902869,-0.004586898612976,-0.061066315,0.0564794159650802,-0.004586898612976,Howard Schnellenberger,Howard Schnellenberger,47.281612706169824,Offensive,16,0
DAL,2019,0.5,0.5156469,0.5047372,-0.0047371983528137,0.010909677,-0.0156468749046325,-0.0047371983528137,Jason Garrett,Jason Garrett,47.22052535125229,Offensive,5,0
PIT,2000,0.5625,0.61097276,0.56737405,-0.004874050617218,0.04359871,-0.0484727621078491,-0.004874050617218,Bill Cowher,Bill Cowher,47.15943799633476,Defensive,0,5
SDG,1990,0.375,0.33959255,0.38025096,-0.0052509605884552,-0.040658414,0.0354074537754058,-0.0052509605884552,Dan Henning,Dan Henning,47.09835064141723,Offensive,29,0
KAN,1980,0.5,0.5042165,0.50556624,-0.0055662393569946,-0.0013497472,-0.0042164921760559,-0.0055662393569946,Marv Levy,Marv Levy,46.91508857666463,Other,0,0
RAI,1978,0.5625,0.56438106,0.56820416,-0.0057041645050048,-0.0038231015,-0.0018810629844665,-0.0057041645050048,John Madden,John Madden,46.792913866829565,Defensive,0,5
CLT,2024,0.4706,0.43772882,0.47640917,-0.0058091670513152,-0.038680345,0.0328711777687072,-0.0058091670513152,Shane Steichen,Shane Steichen,46.73182651191203,Offensive,11,2
NOR,2022,0.4118,0.34831622,0.41761562,-0.0058156222820281,-0.0692994,0.0634837775707244,-0.0058156222820281,Dennis Allen,Dennis Allen,46.6707391569945,Defensive,0,20
TAM,2023,0.5294,0.49068642,0.53544706,-0.0060470610618591,-0.044760644,0.0387135833740234,-0.0060470610618591,Todd Bowles,Todd Bowles,46.54856444715944,Defensive,0,17
CRD,2016,0.4688,0.5137946,0.47502682,-0.0062268161296844,0.038767785,-0.0449946009635925,-0.0062268161296844,Bruce Arians,Bruce Arians,46.48747709224191,Offensive,25,0
SDG,2012,0.4375,0.4989366,0.4438515,-0.006351500749588,0.055085093,-0.0614365935325622,-0.006351500749588,Norv Turner,Norv Turner,46.42638973732438,Offensive,27,1
CLE,1970,0.5,0.48807225,0.5064971,-0.0064970850944519,-0.018424839,0.0119277536869049,-0.0064970850944519,Blanton Collier,Blanton Collier,46.365302382406846,Offensive,11,0
DET,1999,0.5,0.53079754,0.5065785,-0.006578505039215,0.024219036,-0.03079754114151,-0.006578505039215,Bobby Ross,Bobby Ross,46.304215027489306,Offensive,2,0
CHI,2019,0.5,0.5026957,0.5068588,-0.0068588256835937,-0.004163146,-0.0026956796646118,-0.0068588256835937,Matt Nagy,Matt Nagy,46.243127672571774,Offensive,11,0
OTI,2012,0.375,0.35471988,0.38201296,-0.0070129632949829,-0.027293086,0.020280122756958,-0.0070129632949829,Mike Munchak,Mike Munchak,46.18204031765424,Offensive,25,0
BUF,2003,0.375,0.3729775,0.38205335,-0.0070533454418182,-0.00907585,0.0020225048065185,-0.0070533454418182,Gregg Williams,Gregg Williams,46.12095296273671,Defensive,0,24
CHI,2011,0.5,0.49234658,0.5076407,-0.0076407194137573,-0.015294135,0.0076534152030944,-0.0076407194137573,Lovie Smith,Lovie Smith,46.059865607819184,Defensive,0,22
DEN,2011,0.5,0.50159484,0.5077644,-0.0077643990516662,-0.0061695576,-0.0015948414802551,-0.0077643990516662,John Fox,John Fox,45.99877825290165,Defensive,0,22
CAR,2024,0.2941,0.30952305,0.3018808,-0.007780806684494,0.0076422393,-0.0154230460166931,-0.007780806684494,Dave Canales,Dave Canales,45.93769089798412,Offensive,16,0
SFO,2024,0.3529,0.36331916,0.3607089,-0.0078088923454284,0.0026102662,-0.0104191585540771,-0.0078088923454284,Kyle Shanahan,Kyle Shanahan,45.87660354306659,Offensive,13,0
NYG,2015,0.375,0.42567858,0.38320494,-0.0082049369812011,0.042473644,-0.0506785809993743,-0.0082049369812011,Tom Coughlin,Tom Coughlin,45.815516188149054,Offensive,17,0
KAN,1992,0.625,0.64818573,0.6334712,-0.0084711909294128,0.014714539,-0.0231857299804687,-0.0084711909294128,Marty Schottenheimer,Marty Schottenheimer,45.75442883323152,Defensive,0,11
NYJ,1979,0.5,0.44379154,0.50943136,-0.0094313621520996,-0.06563982,0.056208461523056,-0.0094313621520996,Walt Michaels,Walt Michaels,45.571166768478925,Defensive,0,15
RAI,2022,0.3529,0.358383,0.36238337,-0.0094833656311035,-0.0040003657,-0.0054829998970031,-0.0094833656311035,Josh McDaniels,Josh McDaniels,45.51007941356139,Offensive,17,2
CRD,1973,0.3214,0.288074,0.33102134,-0.0096213387012481,-0.042947352,0.0333260132312774,-0.0096213387012481,Don Coryell,Don Coryell,45.38790470372633,Other,0,0
DET,2015,0.4375,0.45253152,0.4477201,-0.0102201104164123,0.004811406,-0.0150315165519714,-0.0102201104164123,Jim Caldwell,Jim Caldwell,45.3268173488088,Offensive,19,0
CRD,1997,0.25,0.24672939,0.26027188,-0.0102718770503997,-0.013542488,0.003270611166954,-0.0102718770503997,Vince Tobin,Vince Tobin,45.26572999389126,Defensive,0,25
PIT,2014,0.6875,0.70711,0.69789565,-0.0103956460952758,0.009214342,-0.0196099877357482,-0.0103956460952758,Mike Tomlin,Mike Tomlin,45.20464263897373,Defensive,2,9
PIT,2024,0.5882,0.6209647,0.59883213,-0.0106321304321289,0.022132576,-0.0327647059440613,-0.0106321304321289,Mike Tomlin,Mike Tomlin,45.143555284056205,Defensive,2,9
CLE,1975,0.2143,0.18025245,0.22515513,-0.0108551300287246,-0.044902682,0.0340475522756576,-0.0108551300287246,Forrest Gregg,Forrest Gregg,45.08246792913867,Offensive,2,0
SFO,1993,0.625,0.7201776,0.6362278,-0.0112277865409851,0.083949804,-0.0951775908470153,-0.0112277865409851,George Seifert,George Seifert,45.02138057422114,Defensive,0,20
JAX,2019,0.375,0.37888938,0.386252,-0.0112519860267639,-0.007362604,-0.0038893818855285,-0.0112519860267639,Doug Marrone,Doug Marrone,44.9602932193036,Offensive,20,0
RAM,2017,0.6875,0.64706266,0.6987968,-0.011296808719635,-0.05173415,0.0404373407363891,-0.011296808719635,Sean McVay,Sean McVay,44.89920586438607,Offensive,9,0
CLE,2024,0.1765,0.18755226,0.18795621,-0.0114562139511108,-0.00040395558,-0.0110522583723068,-0.0114562139511108,Kevin Stefanski,Kevin Stefanski,44.838118509468536,Offensive,11,0
ATL,1993,0.375,0.35073933,0.38659674,-0.0115967392921447,-0.03585741,0.0242606699466705,-0.0115967392921447,Jerry Glanville,Jerry Glanville,44.77703115455101,Defensive,0,14
RAI,2024,0.2353,0.22665772,0.24709505,-0.0117950484275817,-0.02043733,0.0086422815799713,-0.0117950484275817,Antonio Pierce,Antonio Pierce,44.71594379963348,Defensive,0,5
CIN,1972,0.5714,0.5931286,0.5833788,-0.011978791809082,0.00974983,-0.0217286215782165,-0.011978791809082,Paul Brown,Paul Brown,44.654856444715946,Other,0,0
MIN,1985,0.4375,0.44621465,0.44951454,-0.0120145380496978,-0.003299892,-0.0087146461009979,-0.0120145380496978,Bud Grant,Bud Grant,44.593769089798414,Other,0,0
NYJ,1977,0.2143,0.15035059,0.22643016,-0.0121301627874374,-0.07607958,0.0639494144201278,-0.0121301627874374,Walt Michaels,Walt Michaels,44.53268173488088,Defensive,0,15
CAR,2009,0.5,0.5063893,0.51226866,-0.0122686624526977,-0.0058793426,-0.0063893198966979,-0.0122686624526977,John Fox,John Fox,44.41050702504582,Defensive,0,22
WAS,1999,0.625,0.6797052,0.6372947,-0.0122947096824646,0.042410493,-0.0547052025794982,-0.0122947096824646,Norv Turner,Norv Turner,44.349419670128285,Offensive,27,1
CLE,2009,0.3125,0.30469474,0.32494444,-0.0124444365501403,-0.020249695,0.0078052580356597,-0.0124444365501403,Eric Mangini,Eric Mangini,44.28833231521075,Defensive,2,10
WAS,2014,0.25,0.26584065,0.26253328,-0.0125332772731781,0.0033073723,-0.0158406496047973,-0.0125332772731781,Jay Gruden,Jay Gruden,44.22724496029322,Offensive,13,0
SFO,2005,0.25,0.2470612,0.26266918,-0.0126691758632659,-0.015607983,0.0029388070106506,-0.0126691758632659,Mike Nolan,Mike Nolan,44.16615760537569,Defensive,1,33
BUF,1983,0.5,0.5024262,0.5128908,-0.0128908157348632,-0.010464609,-0.0024262070655822,-0.0128908157348632,Kay Stephenson,Kay Stephenson,44.10507025045816,Offensive,8,0
WAS,2003,0.3125,0.3367328,0.3255729,-0.0130729079246521,0.011159897,-0.024232804775238,-0.0130729079246521,Steve Spurrier,Steve Spurrier,44.04398289554062,Offensive,5,0
RAM,2024,0.5882,0.6167305,0.6018184,-0.0136183827400208,0.014912128,-0.0285305111885071,-0.0136183827400208,Sean McVay,Sean McVay,43.98289554062309,Offensive,9,0
RAI,2015,0.4375,0.42336982,0.45113903,-0.0136390328407287,-0.027769208,0.0141301751136779,-0.0136390328407287,Jack Del Rio,Jack Del Rio,43.92180818570556,Defensive,0,11
PHI,1976,0.2857,0.31258318,0.29940233,-0.0137023263454437,0.013180852,-0.026883178281784,-0.0137023263454437,Dick Vermeil,Dick Vermeil,43.860720830788026,Offensive,4,0
CHI,1983,0.5,0.48235255,0.5139659,-0.013965904712677,-0.03161335,0.0176474452018737,-0.013965904712677,Mike Ditka,Mike Ditka,43.7996334758705,Offensive,9,0
TAM,2015,0.375,0.39393085,0.38920492,-0.0142049193382263,0.004725933,-0.0189308524131774,-0.0142049193382263,Lovie Smith,Lovie Smith,43.73854612095297,Defensive,0,22
GNB,2016,0.625,0.6385829,0.63921714,-0.0142171382904052,-0.000634253,-0.0135828852653503,-0.0142171382904052,Mike McCarthy,Mike McCarthy,43.67745876603543,Offensive,14,0
NWE,2020,0.4375,0.47235197,0.45176423,-0.0142642259597778,0.020587742,-0.0348519682884216,-0.0142642259597778,Bill Belichick,Bill Belichick,43.616371411117896,Defensive,1,13
DET,1982,0.4444,0.51055896,0.458808,-0.0144080048561096,0.051750958,-0.0661589628219604,-0.0144080048561096,Monte Clark,Monte Clark,43.55528405620037,Offensive,9,0
ATL,2003,0.2308,0.20329429,0.2453355,-0.014535504412651,-0.042041212,0.0275057079076767,-0.014535504412651,Dan Reeves,Dan Reeves / Wade Phillips,43.49419670128283,Offensive,6,0
OTI,2004,0.3125,0.31823796,0.3273084,-0.0148083865642547,-0.009070426,-0.0057379603385925,-0.0148083865642547,Jeff Fisher,Jeff Fisher,43.4331093463653,Defensive,0,9
JAX,2004,0.5625,0.55275327,0.5774588,-0.0149587988853454,-0.02470553,0.0097467303276062,-0.0149587988853454,Jack Del Rio,Jack Del Rio,43.37202199144777,Defensive,0,11
NOR,2007,0.4375,0.48552436,0.45297822,-0.0154782235622406,0.032546133,-0.0480243563652038,-0.0154782235622406,Sean Payton,Sean Payton,43.31093463653024,Offensive,16,0
TAM,1998,0.5,0.47545627,0.5155457,-0.0155457258224487,-0.04008946,0.0245437324047088,-0.0155457258224487,Tony Dungy,Tony Dungy,43.24984728161271,Defensive,0,16
SEA,1986,0.625,0.64292675,0.6407926,-0.0157926082611084,0.0021341443,-0.0179267525672912,-0.0157926082611084,Chuck Knox,Chuck Knox,43.12767257177765,Offensive,10,0
NOR,2002,0.5625,0.58518547,0.5783421,-0.0158420801162719,0.006843388,-0.0226854681968688,-0.0158420801162719,Jim Haslett,Jim Haslett,43.06658521686011,Defensive,0,25
ATL,1970,0.3571,0.3603368,0.37316695,-0.0160669485569,-0.012830138,-0.0032368103504181,-0.0160669485569,Norm Van Brocklin,Norm Van Brocklin,42.94441050702504,Offensive,1,0
NWE,1975,0.2143,0.22050025,0.23066989,-0.0163698858737945,-0.01016964,-0.0062002456903457,-0.0163698858737945,Chuck Fairbanks,Chuck Fairbanks,42.88332315210752,Other,0,0
DEN,2018,0.375,0.36868623,0.39144364,-0.0164436399936676,-0.022757411,0.0063137710094451,-0.0164436399936676,Vance Joseph,Vance Joseph,42.82223579718998,Defensive,0,22
RAI,2020,0.5,0.52241725,0.5165691,-0.0165690779685974,0.0058481693,-0.0224172472953796,-0.0165690779685974,Jon Gruden,Jon Gruden,42.76114844227245,Offensive,10,0
NYG,1985,0.625,0.6493362,0.6416346,-0.0166345834732055,0.0077016354,-0.0243362188339233,-0.0166345834732055,Bill Parcells,Bill Parcells,42.70006108735492,Defensive,0,17
SFO,2018,0.25,0.22243851,0.26664641,-0.0166464149951934,-0.0442079,0.0275614857673645,-0.0166464149951934,Kyle Shanahan,Kyle Shanahan,42.638973732437385,Offensive,13,0
WAS,2005,0.625,0.67198384,0.64166737,-0.016667366027832,0.030316472,-0.0469838380813598,-0.016667366027832,Joe Gibbs,Joe Gibbs,42.57788637751985,Offensive,17,0
SEA,2002,0.4375,0.50301504,0.45425126,-0.0167512595653533,0.04876378,-0.0655150413513183,-0.0167512595653533,Mike Holmgren,Mike Holmgren,42.51679902260232,Offensive,15,0
NWE,1998,0.5625,0.5373801,0.57927203,-0.0167720317840576,-0.041891932,0.0251199007034301,-0.0167720317840576,Pete Carroll,Pete Carroll,42.45571166768479,Defensive,1,17
NYG,2006,0.5,0.56036174,0.5169092,-0.0169091820716857,0.04345256,-0.0603617429733276,-0.0169091820716857,Tom Coughlin,Tom Coughlin,42.39462431276726,Offensive,17,0
HTX,2003,0.3125,0.28414044,0.32957295,-0.0170729458332061,-0.045432508,0.0283595621585845,-0.0170729458332061,Dom Capers,Dom Capers,42.27244960293219,Defensive,0,33
RAM,2016,0.3077,0.29358897,0.3248455,-0.0171454928398132,-0.031256527,0.0141110338687896,-0.0171454928398132,Jeff Fisher,Jeff Fisher / John Fassel,42.21136224801466,Defensive,0,9
DEN,2008,0.5,0.50994116,0.5176572,-0.0176572203636169,-0.0077160597,-0.0099411606788635,-0.0176572203636169,Mike Shanahan,Mike Shanahan,42.15027489309713,Offensive,17,0
DAL,2001,0.3125,0.26238617,0.33018807,-0.0176880657672882,-0.06780189,0.0501138269901275,-0.0176880657672882,Dave Campo,Dave Campo,42.0891875381796,Defensive,0,30
GNB,1999,0.5,0.5263264,0.51835567,-0.0183556675910949,0.00797075,-0.0263264179229736,-0.0183556675910949,Ray Rhodes,Ray Rhodes,42.02810018326206,Defensive,0,23
KAN,1984,0.5,0.5209828,0.51854,-0.0185400247573852,0.0024427772,-0.020982801914215,-0.0185400247573852,John Mackovic,John Mackovic,41.96701282834454,Offensive,11,0
NOR,1983,0.5,0.50714386,0.51868814,-0.0186881422996521,-0.011544287,-0.0071438550949096,-0.0186881422996521,Bum Phillips,Bum Phillips,41.90592547342701,Defensive,0,8
BUF,2019,0.625,0.5861249,0.6438263,-0.0188263058662414,-0.05770141,0.0388751029968261,-0.0188263058662414,Sean McDermott,Sean McDermott,41.84483811850947,Defensive,0,15
KAN,2004,0.4375,0.48166594,0.45640713,-0.0189071297645568,0.02525881,-0.0441659390926361,-0.0189071297645568,Dick Vermeil,Dick Vermeil,41.78375076359194,Offensive,4,0
MIA,2013,0.5,0.503802,0.5189216,-0.0189216136932373,-0.015119612,-0.0038020014762878,-0.0189216136932373,Joe Philbin,Joe Philbin,41.72266340867441,Offensive,31,0
RAM,1988,0.625,0.7037867,0.6439338,-0.0189337730407714,0.059852898,-0.0787866711616516,-0.0189337730407714,John Robinson,John Robinson,41.66157605375688,Offensive,4,1
CIN,2001,0.375,0.29782185,0.3940632,-0.0190632045269012,-0.096241355,0.0771781504154205,-0.0190632045269012,Dick LeBeau,Dick LeBeau,41.600488698839335,Defensive,0,38
DET,2017,0.5625,0.54408795,0.58199406,-0.0194940567016601,-0.03790611,0.0184120535850524,-0.0194940567016601,Jim Caldwell,Jim Caldwell,41.5394013439218,Offensive,19,0
DET,1981,0.5,0.51707184,0.5198468,-0.0198467969894409,-0.0027749538,-0.0170718431472778,-0.0198467969894409,Monte Clark,Monte Clark,41.47831398900428,Offensive,9,0
RAM,1972,0.4643,0.48838085,0.48446307,-0.0201630658626556,0.0039177835,-0.0240808493614196,-0.0201630658626556,Tommy Prothro,Tommy Prothro,41.417226634086745,Other,0,0
CAR,2014,0.4688,0.49610454,0.4890082,-0.0202081882476806,0.00709635,-0.0273045384407043,-0.0202081882476806,Ron Rivera,Ron Rivera,41.35613927916921,Defensive,0,14
NYJ,2009,0.5625,0.56927675,0.582709,-0.0202090144157409,-0.013432264,-0.006776750087738,-0.0202090144157409,Rex Ryan,Rex Ryan,41.29505192425168,Defensive,0,20
GNB,1980,0.3438,0.35042104,0.36423826,-0.0204382621765136,-0.013817221,-0.0066210412502288,-0.0204382621765136,Bart Starr,Bart Starr,41.23396456933415,Offensive,1,0
CIN,1976,0.7143,0.72466886,0.7352325,-0.0209324724197387,-0.010563612,-0.0103688604354857,-0.0209324724197387,Bill Johnson,Bill Johnson,41.172877214416616,Offensive,31,0
GNB,2000,0.5625,0.62506074,0.58364284,-0.021142840385437,0.041417897,-0.0625607371330261,-0.021142840385437,Mike Sherman,Mike Sherman,41.05070250458155,Offensive,20,0
ATL,2002,0.5938,0.5763914,0.61515546,-0.0213554584503173,-0.03876406,0.0174086010932922,-0.0213554584503173,Dan Reeves,Dan Reeves,40.98961514966402,Offensive,6,0
CIN,1997,0.4375,0.41411155,0.45919377,-0.0216937661170959,-0.04508221,0.0233884453773498,-0.0216937661170959,Bruce Coslet,Bruce Coslet,40.928527794746486,Offensive,14,0
DEN,2024,0.5882,0.6316658,0.6103411,-0.0221410720825195,0.021324754,-0.043465825843811,-0.0221410720825195,Sean Payton,Sean Payton,40.86744043982896,Offensive,16,0
PHI,2008,0.5938,0.61812735,0.6159503,-0.0221502863883972,0.0021770597,-0.0243273460388183,-0.0221502863883972,Andy Reid,Andy Reid,40.80635308491142,Offensive,16,0
KAN,1988,0.2812,0.28837124,0.30392796,-0.0227279580116271,-0.015556723,-0.0071712351322174,-0.0227279580116271,Frank Gansz,Frank Gansz,40.74526572999389,Offensive,8,0
CRD,2003,0.25,0.18409966,0.27278563,-0.0227856338024139,-0.088685974,0.0659003406763076,-0.0227856338024139,Dave McGinnis,Dave McGinnis,40.68417837507636,Defensive,0,19
DEN,1988,0.5,0.5068932,0.5230889,-0.0230888724327087,-0.016195655,-0.0068932175636291,-0.0230888724327087,Dan Reeves,Dan Reeves,40.5620036652413,Offensive,6,0
NYG,2014,0.375,0.42710778,0.39845347,-0.0234534740447998,0.028654307,-0.0521077811717987,-0.0234534740447998,Tom Coughlin,Tom Coughlin,40.50091631032377,Offensive,17,0
RAI,1998,0.5,0.52279174,0.5235493,-0.0235493183135986,-0.00075757504,-0.0227917432785034,-0.0235493183135986,Jon Gruden,Jon Gruden,40.43982895540624,Offensive,10,0
NOR,1994,0.4375,0.46302146,0.46164498,-0.0241449773311615,0.0013764799,-0.0255214571952819,-0.0241449773311615,Jim Mora Sr,Jim Mora Sr,40.3787416004887,Defensive,0,17
KAN,1979,0.4375,0.4427631,0.46182922,-0.0243292152881622,-0.019066125,-0.0052630901336669,-0.0243292152881622,Marv Levy,Marv Levy,40.31765424557116,Other,0,0
PHI,2006,0.625,0.65863645,0.6495295,-0.0245295166969299,0.009106934,-0.033636450767517,-0.0245295166969299,Andy Reid,Andy Reid,40.25656689065363,Offensive,16,0
BUF,2015,0.5,0.4980893,0.52456623,-0.0245662331581115,-0.02647692,0.0019106864929199,-0.0245662331581115,Rex Ryan,Rex Ryan,40.1954795357361,Defensive,0,20
NYG,1979,0.375,0.36799404,0.39960015,-0.0246001482009887,-0.031606108,0.0070059597492218,-0.0246001482009887,Ray Perkins,Ray Perkins,40.13439218081857,Offensive,12,0
DET,1978,0.4375,0.46098188,0.4622739,-0.024773895740509,-0.0012920201,-0.0234818756580352,-0.024773895740509,Monte Clark,Monte Clark,40.07330482590104,Offensive,9,0
BUF,2000,0.5,0.52216214,0.5247796,-0.0247796177864074,-0.0026174784,-0.0221621394157409,-0.0247796177864074,Wade Phillips,Wade Phillips,40.01221747098351,Defensive,0,39
KAN,1987,0.2667,0.3044361,0.29150754,-0.0248075421333313,0.0129285455,-0.0377360876083374,-0.0248075421333313,Frank Gansz,Frank Gansz,39.951130116065976,Offensive,8,0
NYG,1972,0.5714,0.5501937,0.5962382,-0.0248381958961486,-0.04604447,0.021206272983551,-0.0248381958961486,Alex Webster,Alex Webster,39.82895540623091,Offensive,2,0
HTX,2011,0.625,0.6651015,0.64995015,-0.0249501466751098,0.0151513815,-0.0401015281677246,-0.0249501466751098,Gary Kubiak,Gary Kubiak,39.76786805131338,Offensive,16,0
RAI,1986,0.5,0.49055225,0.52513486,-0.0251348614692688,-0.034582615,0.0094477534294128,-0.0251348614692688,Tom Flores,Tom Flores,39.706780696395846,Offensive,8,0
CRD,1984,0.5625,0.5684519,0.58777887,-0.0252788662910461,-0.019326985,-0.0059518814086914,-0.0252788662910461,Jim Hanifan,Jim Hanifan,39.64569334147832,Offensive,27,0
NYJ,2018,0.25,0.23915571,0.2753475,-0.025347501039505,-0.03619179,0.0108442902565002,-0.025347501039505,Todd Bowles,Todd Bowles,39.58460598656078,Defensive,0,17
CRD,1970,0.6071,0.6412613,0.63270366,-0.0256036619186401,0.008557618,-0.0341612795829773,-0.0256036619186401,Charley Winner,Charley Winner,39.52351863164325,Defensive,0,19
CLE,1985,0.5,0.49681905,0.52579194,-0.0257919430732727,-0.028972894,0.0031809508800506,-0.0257919430732727,Marty Schottenheimer,Marty Schottenheimer,39.46243127672572,Defensive,0,11
ATL,1974,0.25,0.24900585,0.27596974,-0.0259697437286376,-0.02696389,0.0009941458702087,-0.0259697437286376,Norm Van Brocklin,Marion Campbell / Norm Van Brocklin,39.40134392180818,Offensive,1,0
SDG,2020,0.4375,0.46287724,0.46381035,-0.0263103544712066,-0.0009331107,-0.0253772437572479,-0.0263103544712066,Anthony Lynn,Anthony Lynn,39.34025656689065,Offensive,14,0
PHI,1981,0.625,0.6652599,0.65139747,-0.0263974666595459,0.013862431,-0.0402598977088928,-0.0263974666595459,Dick Vermeil,Dick Vermeil,39.27916921197312,Offensive,4,0
ATL,2014,0.375,0.4374917,0.40147704,-0.026477038860321,0.036014646,-0.0624916851520538,-0.026477038860321,Mike Smith,Mike Smith,39.2180818570556,Defensive,0,19
SEA,2018,0.625,0.6416097,0.65176785,-0.0267678499221801,-0.010158122,-0.0166097283363342,-0.0267678499221801,Pete Carroll,Pete Carroll,39.15699450213806,Defensive,1,17
SDG,2023,0.3571,0.33949772,0.38411638,-0.027016381406784,-0.044618666,0.0176022847652435,-0.027016381406784,Brandon Staley,Brandon Staley / Giff Smith,39.09590714722053,Defensive,0,10
NWE,1999,0.5,0.51377875,0.5272886,-0.0272886157035827,-0.01350987,-0.0137787461280822,-0.0272886157035827,Pete Carroll,Pete Carroll,39.034819792303,Defensive,1,17
ATL,2022,0.4118,0.3791543,0.439122,-0.0273219913959503,-0.059967697,0.0326457052707672,-0.0273219913959503,Arthur Smith,Arthur Smith,38.97373243738546,Offensive,11,2
DET,1975,0.5,0.4769559,0.5274843,-0.0274842977523803,-0.050528407,0.0230441093444824,-0.0274842977523803,Rick Forzano,Rick Forzano,38.912645082467925,Offensive,4,0
CIN,2017,0.4375,0.4487551,0.46505886,-0.0275588631629943,-0.016303778,-0.0112550854682922,-0.0275588631629943,Marvin Lewis,Marvin Lewis,38.85155772755039,Defensive,0,23
MIN,1984,0.1875,0.18370536,0.21521561,-0.0277156084775924,-0.03151025,0.003794640302658,-0.0277156084775924,Les Steckel,Les Steckel,38.729383017715335,Offensive,20,0
NYG,2021,0.2353,0.23919998,0.26335868,-0.0280586823940277,-0.024158701,-0.0038999810934066,-0.0280586823940277,Joe Judge,Joe Judge,38.6682956627978,Offensive,3,1
KAN,1972,0.5714,0.6032223,0.5994756,-0.028075622177124,0.0037466884,-0.0318223105430602,-0.028075622177124,Hank Stram,Hank Stram,38.60720830788027,Other,0,0
DET,2016,0.5625,0.5686787,0.5906609,-0.0281609296798706,-0.021982253,-0.0061786770820617,-0.0281609296798706,Jim Caldwell,Jim Caldwell,38.54612095296274,Offensive,19,0
CHI,1980,0.4375,0.4604668,0.4661113,-0.0286113023757934,-0.0056445003,-0.0229668021202087,-0.0286113023757934,Neill Armstrong,Neill Armstrong,38.485033598045206,Defensive,0,10
WAS,2010,0.375,0.41230172,0.40373507,-0.0287350714206695,0.008566648,-0.0373017191886901,-0.0287350714206695,Mike Shanahan,Mike Shanahan,38.42394624312767,Offensive,17,0
PHI,1992,0.6875,0.6440779,0.71627,-0.0287700295448303,-0.07219213,0.0434221029281616,-0.0287700295448303,Rich Kotite,Rich Kotite,38.36285888821014,Offensive,14,0
CHI,1990,0.6875,0.71062523,0.7163115,-0.0288115143775939,-0.005686283,-0.0231252312660217,-0.0288115143775939,Mike Ditka,Mike Ditka,38.30177153329261,Offensive,9,0
RAM,2010,0.4375,0.41405445,0.466348,-0.0288479924201965,-0.05229354,0.0234455466270446,-0.0288479924201965,Steve Spagnuolo,Steve Spagnuolo,38.24068417837508,Defensive,0,38
RAV,1999,0.5,0.5109359,0.5288651,-0.028865098953247,-0.017929196,-0.01093590259552,-0.028865098953247,Brian Billick,Brian Billick,38.17959682345754,Offensive,15,0
NOR,2004,0.5,0.51437306,0.5290198,-0.0290197730064392,-0.014646709,-0.0143730640411376,-0.0290197730064392,Jim Haslett,Jim Haslett,38.05742211362248,Defensive,0,25
PIT,2013,0.5,0.53079545,0.52914405,-0.0291440486907959,0.0016514063,-0.0307954549789428,-0.0291440486907959,Mike Tomlin,Mike Tomlin,37.99633475870495,Defensive,2,9
PHI,1985,0.4,0.3587877,0.4293001,-0.0293000996112823,-0.070512414,0.0412123143672943,-0.0293000996112823,Marion Campbell,Fred Bruney / Marion Campbell,37.935247403787415,Defensive,0,21
OTI,2009,0.5,0.5346451,0.5295778,-0.0295777916908264,0.005067289,-0.0346450805664062,-0.0295777916908264,Jeff Fisher,Jeff Fisher,37.87416004886988,Defensive,0,9
MIN,1983,0.5,0.5362955,0.52960616,-0.0296061635017395,0.00668931,-0.036295473575592,-0.0296061635017395,Bud Grant,Bud Grant,37.81307269395236,Other,0,0
ATL,1999,0.3125,0.30863303,0.34244984,-0.0299498438835144,-0.033816814,0.003866970539093,-0.0299498438835144,Dan Reeves,Dan Reeves,37.690897984117285,Offensive,6,0
RAM,1992,0.375,0.4269922,0.40533113,-0.0303311347961425,0.021661073,-0.0519922077655792,-0.0303311347961425,Chuck Knox,Chuck Knox,37.62981062919975,Offensive,10,0
DET,1987,0.2667,0.2756497,0.29730406,-0.0306040640354156,-0.021654367,-0.0089496965885162,-0.0306040640354156,Darryl Rogers,Darryl Rogers,37.50763591936469,Defensive,0,4
KAN,2017,0.625,0.67694193,0.6557012,-0.0307012200355529,0.021240711,-0.0519419312477111,-0.0307012200355529,Andy Reid,Andy Reid,37.44654856444716,Offensive,16,0
SDG,1984,0.4375,0.4501642,0.4686385,-0.0311385095119476,-0.01847431,-0.0126641988754272,-0.0311385095119476,Don Coryell,Don Coryell,37.38546120952962,Other,0,0
CRD,1983,0.5312,0.5416358,0.56236774,-0.0311677372932434,-0.020731926,-0.0104358113288879,-0.0311677372932434,Jim Hanifan,Jim Hanifan,37.3243738546121,Offensive,27,0
RAM,1986,0.625,0.70423114,0.6561734,-0.0311734080314636,0.048057735,-0.0792311429977417,-0.0311734080314636,John Robinson,John Robinson,37.263286499694566,Offensive,4,1
CAR,1999,0.5,0.60168105,0.5317493,-0.0317493081092834,0.069931746,-0.1016810536384582,-0.0317493081092834,George Seifert,George Seifert,37.20219914477703,Defensive,0,20
SFO,2007,0.3125,0.29630938,0.34451875,-0.0320187509059906,-0.04820937,0.016190618276596,-0.0320187509059906,Mike Nolan,Mike Nolan,37.1411117898595,Defensive,1,33
DET,1998,0.3125,0.34899163,0.34460342,-0.032103419303894,0.004388213,-0.0364916324615478,-0.032103419303894,Bobby Ross,Bobby Ross,37.08002443494197,Offensive,2,0
CLT,1994,0.5,0.48779008,0.53211284,-0.0321128368377685,-0.04432276,0.0122099220752716,-0.0321128368377685,Ted Marchibroda,Ted Marchibroda,37.01893708002444,Offensive,24,0
WAS,1978,0.5,0.50436336,0.5322238,-0.0322238206863403,-0.027860463,-0.0043633580207824,-0.0322238206863403,Jack Pardee,Jack Pardee,36.9578497251069,Defensive,0,1
PHI,1988,0.625,0.6421995,0.6574258,-0.0324258208274841,-0.0152263045,-0.0171995162963867,-0.0324258208274841,Buddy Ryan,Buddy Ryan,36.89676237018937,Defensive,0,26
DAL,2013,0.5,0.55329823,0.53252065,-0.0325206518173217,0.020777583,-0.0532982349395751,-0.0325206518173217,Jason Garrett,Jason Garrett,36.83567501527184,Offensive,5,0
WAS,2017,0.4375,0.4262298,0.4702818,-0.0327818095684051,-0.044052005,0.0112701952457427,-0.0327818095684051,Jay Gruden,Jay Gruden,36.77458766035431,Offensive,13,0
CAR,2002,0.4375,0.42286086,0.47037208,-0.0328720808029174,-0.04751122,0.014639139175415,-0.0328720808029174,John Fox,John Fox,36.71350030543677,Defensive,0,22
JAX,2018,0.3125,0.33503965,0.34573442,-0.033234417438507,-0.010694772,-0.0225396454334259,-0.033234417438507,Doug Marrone,Doug Marrone,36.65241295051924,Offensive,20,0
NYJ,2015,0.625,0.6026297,0.6584823,-0.0334823131561279,-0.055852592,0.0223702788352966,-0.0334823131561279,Todd Bowles,Todd Bowles,36.59132559560171,Defensive,0,17
CHI,1995,0.5625,0.5831164,0.59619796,-0.0336979627609252,-0.013081551,-0.0206164121627807,-0.0336979627609252,Dave Wannstedt,Dave Wannstedt,36.53023824068418,Defensive,0,19
WAS,1992,0.5625,0.6227194,0.5962639,-0.0337638854980468,0.026455522,-0.060219407081604,-0.0337638854980468,Joe Gibbs,Joe Gibbs,36.469150885766645,Offensive,17,0
TAM,2007,0.5625,0.5885528,0.5964898,-0.0339897871017456,-0.007937014,-0.0260527729988098,-0.0339897871017456,Jon Gruden,Jon Gruden,36.40806353084912,Offensive,10,0
CRD,2008,0.5625,0.57375336,0.5966817,-0.0341817140579223,-0.022928357,-0.0112533569335937,-0.0341817140579223,Ken Whisenhunt,Ken Whisenhunt,36.34697617593158,Offensive,16,0
RAI,2019,0.4375,0.45182958,0.47186124,-0.0343612432479858,-0.02003166,-0.014329582452774,-0.0343612432479858,Jon Gruden,Jon Gruden,36.28588882101405,Offensive,10,0
RAI,2023,0.375,0.39607,0.4093666,-0.0343666076660156,-0.013296604,-0.0210700035095214,-0.0343666076660156,Josh McDaniels,Antonio Pierce / Josh McDaniels,36.22480146609652,Offensive,17,2
OTI,2010,0.375,0.42202416,0.40942284,-0.0344228446483612,0.012601316,-0.0470241606235504,-0.0344228446483612,Jeff Fisher,Jeff Fisher,36.16371411117898,Defensive,0,9
WAS,1971,0.6786,0.7095057,0.7133836,-0.0347836150169372,-0.0038779378,-0.0309056772232055,-0.0347836150169372,George Allen,George Allen,36.10262675626145,Defensive,0,7
DEN,1999,0.375,0.40408707,0.40992236,-0.0349223613739013,-0.0058352947,-0.0290870666503906,-0.0349223613739013,Mike Shanahan,Mike Shanahan,36.04153940134392,Offensive,17,0
OTI,2017,0.5625,0.5634546,0.59759635,-0.0350963473320007,-0.03414172,-0.0009546279907226,-0.0350963473320007,Mike Mularkey,Mike Mularkey,35.98045204642639,Offensive,18,0
MIA,2006,0.375,0.3794941,0.4101313,-0.0351313054561615,-0.030637205,-0.0044941008090972,-0.0351313054561615,Nick Saban,Nick Saban,35.91936469150886,Defensive,0,19
RAI,2007,0.25,0.28328484,0.28526554,-0.0352655351161956,-0.0019806921,-0.033284842967987,-0.0352655351161956,Lane Kiffin,Lane Kiffin,35.85827733659133,Offensive,10,1
MIN,2003,0.5625,0.5575464,0.5979484,-0.0354483723640441,-0.040401995,0.0049536228179931,-0.0354483723640441,Mike Tice,Mike Tice,35.7971899816738,Offensive,12,0
CRD,1994,0.5,0.51635575,0.5355822,-0.0355821847915649,-0.019226432,-0.0163557529449462,-0.0355821847915649,Buddy Ryan,Buddy Ryan,35.736102626756264,Defensive,0,26
CLE,2006,0.25,0.27996302,0.28577828,-0.0357782840728759,-0.0058152676,-0.0299630165100097,-0.0357782840728759,Romeo Crennel,Romeo Crennel,35.67501527183873,Defensive,0,32
DET,2011,0.625,0.6052364,0.66087484,-0.0358748435974121,-0.055638433,0.0197635889053344,-0.0358748435974121,Jim Schwartz,Jim Schwartz,35.6139279169212,Defensive,0,25
DEN,1981,0.625,0.6494482,0.6608928,-0.0358927845954895,-0.011444569,-0.0244482159614563,-0.0358927845954895,Dan Reeves,Dan Reeves,35.55284056200366,Offensive,6,0
CHI,2013,0.5,0.4959998,0.5363234,-0.0363234281539917,-0.040323615,0.004000186920166,-0.0363234281539917,Marc Trestman,Marc Trestman,35.4306658521686,Offensive,22,0
SFO,1999,0.25,0.28732845,0.2864754,-0.0364753901958465,0.0008530617,-0.0373284518718719,-0.0364753901958465,Steve Mariucci,Steve Mariucci,35.36957849725107,Offensive,17,0
NYG,2003,0.25,0.3058028,0.2865983,-0.0365982949733734,0.019204497,-0.0558027923107147,-0.0365982949733734,Jim Fassel,Jim Fassel,35.30849114233354,Offensive,13,0
GNB,1986,0.25,0.27725908,0.28690234,-0.0369023382663726,-0.009643257,-0.0272590816020965,-0.0369023382663726,Forrest Gregg,Forrest Gregg,35.247403787416005,Offensive,2,0
NOR,2014,0.4375,0.50571376,0.4757747,-0.0382747054100036,0.029939055,-0.0682137608528137,-0.0382747054100036,Sean Payton,Sean Payton,35.18631643249847,Offensive,16,0
WAS,2004,0.375,0.43176335,0.41331604,-0.0383160412311553,0.01844731,-0.0567633509635925,-0.0383160412311553,Joe Gibbs,Joe Gibbs,35.12522907758094,Offensive,17,0
DET,2010,0.375,0.339475,0.41377893,-0.038778930902481,-0.074303925,0.0355249941349029,-0.038778930902481,Jim Schwartz,Jim Schwartz,35.003054367745875,Defensive,0,25
PIT,2009,0.5625,0.6273723,0.6015991,-0.039099097251892,0.025773227,-0.0648723244667053,-0.039099097251892,Mike Tomlin,Mike Tomlin,34.94196701282834,Defensive,2,9
SDG,2024,0.6471,0.69568443,0.6861992,-0.0390991882324218,0.009485245,-0.0485844329833984,-0.0390991882324218,Jim Harbaugh,Jim Harbaugh,34.88087965791081,Offensive,2,0
SEA,2004,0.5625,0.63167393,0.60172904,-0.0392290353775024,0.029944897,-0.0691739320755004,-0.0392290353775024,Mike Holmgren,Mike Holmgren,34.81979230299328,Offensive,15,0
NYJ,1987,0.4,0.4190368,0.43974552,-0.0397455155849456,-0.02070871,-0.0190368056297302,-0.0397455155849456,Joe Walton,Joe Walton,34.758704948075746,Offensive,16,0
DAL,2015,0.25,0.2760427,0.28977707,-0.0397770702838897,-0.0137343705,-0.0260426998138427,-0.0397770702838897,Jason Garrett,Jason Garrett,34.69761759315821,Offensive,5,0
GNB,1990,0.375,0.35732907,0.4148795,-0.0398795008659362,-0.05755043,0.0176709294319152,-0.0398795008659362,Lindy Infante,Lindy Infante,34.63653023824068,Offensive,13,0
GNB,2010,0.625,0.6594935,0.66496116,-0.0399611592292785,-0.0054676533,-0.0344935059547424,-0.0399611592292785,Mike McCarthy,Mike McCarthy,34.57544288332316,Offensive,14,0
JAX,2000,0.4375,0.49768788,0.47751963,-0.0400196313858032,0.020168245,-0.0601878762245178,-0.0400196313858032,Tom Coughlin,Tom Coughlin,34.51435552840562,Offensive,17,0
PHI,2016,0.4375,0.4989784,0.4778409,-0.0403409004211425,0.021137506,-0.0614784061908721,-0.0403409004211425,Doug Pederson,Doug Pederson,34.45326817348809,Offensive,7,0
MIN,2007,0.5,0.5191571,0.540727,-0.0407270193099975,-0.021569908,-0.0191571116447448,-0.0407270193099975,Brad Childress,Brad Childress,34.39218081857056,Offensive,30,0
RAM,1985,0.6875,0.72178334,0.7285431,-0.0410431027412414,-0.0067597628,-0.0342833399772644,-0.0410431027412414,John Robinson,John Robinson,34.331093463653026,Offensive,4,1
BUF,2007,0.4375,0.4079211,0.47856006,-0.04106006026268,-0.070638955,0.0295788943767547,-0.04106006026268,Dick Jauron,Dick Jauron,34.27000610873549,Defensive,0,17
CAR,2016,0.375,0.443606,0.41621456,-0.0412145555019378,0.027391434,-0.0686059892177581,-0.0412145555019378,Ron Rivera,Ron Rivera,34.208918753817954,Defensive,0,14
NYJ,2023,0.4118,0.40672728,0.45334402,-0.0415440172672271,-0.046616733,0.005072715806961,-0.0415440172672271,Robert Saleh,Robert Saleh,34.0867440439829,Defensive,0,21
CHI,2016,0.1875,0.22992152,0.22913422,-0.0416342169046402,0.00078730285,-0.0424215197563171,-0.0416342169046402,John Fox,John Fox,34.025656689065364,Defensive,0,22
CHI,1997,0.25,0.2813942,0.29172245,-0.0417224466800689,-0.010328233,-0.031394213438034,-0.0417224466800689,Dave Wannstedt,Dave Wannstedt,33.96456933414783,Defensive,0,19
OTI,1981,0.4375,0.4585198,0.47924042,-0.0417404174804687,-0.02072063,-0.0210197865962982,-0.0417404174804687,Ed Biles,Ed Biles,33.9034819792303,Defensive,0,11
SDG,2010,0.5625,0.6606402,0.604342,-0.041841983795166,0.056298196,-0.0981401801109314,-0.041841983795166,Norv Turner,Norv Turner,33.84239462431277,Offensive,27,1
NYG,1971,0.2857,0.29920074,0.3276823,-0.0419822865009307,-0.028481543,-0.0135007434368133,-0.0419822865009307,Alex Webster,Alex Webster,33.781307269395235,Offensive,2,0
PIT,2022,0.5294,0.5559191,0.5715318,-0.0421317726135254,-0.015612662,-0.0265191107749939,-0.0421317726135254,Mike Tomlin,Mike Tomlin,33.7202199144777,Defensive,2,9
CLE,2013,0.25,0.27503863,0.2923431,-0.0423431098461151,-0.01730448,-0.0250386297702789,-0.0423431098461151,Rob Chudzinski,Rob Chudzinski,33.65913255956017,Offensive,19,0
NOR,2001,0.4375,0.45799372,0.48020297,-0.0427029728889465,-0.022209257,-0.0204937160015106,-0.0427029728889465,Jim Haslett,Jim Haslett,33.536957849725106,Defensive,0,25
GNB,1979,0.3125,0.31208682,0.35535204,-0.0428520441055297,-0.043265224,0.000413179397583,-0.0428520441055297,Bart Starr,Bart Starr,33.47587049480757,Offensive,1,0
SFO,2004,0.125,0.17756878,0.16785786,-0.0428578555583953,0.009710923,-0.0525687783956527,-0.0428578555583953,Dennis Erickson,Dennis Erickson,33.41478313989004,Offensive,13,0
NYG,2011,0.5625,0.6282549,0.6056104,-0.0431103706359863,0.02264452,-0.0657548904418945,-0.0431103706359863,Tom Coughlin,Tom Coughlin,33.35369578497251,Offensive,17,0
PIT,2006,0.5,0.5649825,0.5431117,-0.0431116819381713,0.021870792,-0.0649824738502502,-0.0431116819381713,Bill Cowher,Bill Cowher,33.292608430054976,Defensive,0,5
TAM,1992,0.3125,0.33888984,0.355678,-0.043177992105484,-0.016788155,-0.0263898372650146,-0.043177992105484,Sam Wyche,Sam Wyche,33.23152107513745,Offensive,19,0
PHI,2011,0.5,0.56739336,0.54342926,-0.0434292554855346,0.023964107,-0.0673933625221252,-0.0434292554855346,Andy Reid,Andy Reid,33.109346365302386,Offensive,16,0
CRD,2009,0.625,0.63149434,0.6684656,-0.0434656143188476,-0.03697127,-0.0064943432807922,-0.0434656143188476,Ken Whisenhunt,Ken Whisenhunt,32.98717165546732,Offensive,16,0
CRD,2022,0.2353,0.31828788,0.27878746,-0.0434874639034271,0.039500415,-0.0829878792285919,-0.0434874639034271,Kliff Kingsbury,Kliff Kingsbury,32.92608430054978,Offensive,7,0
RAI,2013,0.25,0.2531759,0.29367673,-0.043676733970642,-0.04050082,-0.0031759142875671,-0.043676733970642,Dennis Allen,Dennis Allen,32.86499694563225,Defensive,0,20
CIN,2021,0.5882,0.55868614,0.6321972,-0.0439972012519837,-0.073511064,0.029513862800598,-0.0439972012519837,Zac Taylor,Zac Taylor,32.80390959071472,Offensive,7,0
CIN,2005,0.6875,0.7056387,0.7317125,-0.044212520122528,-0.026073813,-0.0181387066841125,-0.044212520122528,Marvin Lewis,Marvin Lewis,32.74282223579719,Defensive,0,23
DET,2003,0.3125,0.32411677,0.35676718,-0.0442671775817871,-0.03265041,-0.0116167664527893,-0.0442671775817871,Steve Mariucci,Steve Mariucci,32.68173488087966,Offensive,17,0
CRD,1991,0.25,0.24062318,0.29430684,-0.0443068444728851,-0.05368367,0.0093768239021301,-0.0443068444728851,Joe Bugel,Joe Bugel,32.62064752596213,Offensive,20,0
MIA,2005,0.5625,0.55092424,0.6068216,-0.044321596622467,-0.055897355,0.0115757584571838,-0.044321596622467,Nick Saban,Nick Saban,32.559560171044595,Defensive,0,19
CIN,1987,0.2667,0.31862906,0.31174687,-0.0450468655109405,0.0068821907,-0.0519290562152862,-0.0450468655109405,Sam Wyche,Sam Wyche,32.43738546120953,Offensive,19,0
NOR,2023,0.5294,0.52044326,0.5745097,-0.0451096802711487,-0.05406642,0.0089567393302917,-0.0451096802711487,Dennis Allen,Dennis Allen,32.376298106292,Defensive,0,20
CLE,2005,0.375,0.40459237,0.42030606,-0.0453060567378997,-0.015713692,-0.029592365026474,-0.0453060567378997,Romeo Crennel,Romeo Crennel,32.315210751374465,Defensive,0,32
SFO,1988,0.625,0.721725,0.6710805,-0.0460805296897888,0.050644457,-0.0967249870300293,-0.0460805296897888,Bill Walsh,Bill Walsh,32.25412339645693,Offensive,10,0
NYJ,1988,0.5312,0.5805553,0.57732165,-0.0461216485977172,0.0032336712,-0.0493553197860717,-0.0461216485977172,Joe Walton,Joe Walton,32.1930360415394,Offensive,16,0
SFO,1985,0.625,0.659721,0.67159283,-0.0465928316116333,-0.011871815,-0.0347210168838501,-0.0465928316116333,Bill Walsh,Bill Walsh,32.13194868662187,Offensive,10,0
DEN,2017,0.3125,0.32055852,0.3591075,-0.046607494354248,-0.038548976,-0.0080585181713104,-0.046607494354248,Vance Joseph,Vance Joseph,32.070861331704336,Defensive,0,22
PHI,1998,0.1875,0.21932602,0.23444258,-0.0469425767660141,-0.0151165575,-0.0318260192871093,-0.0469425767660141,Ray Rhodes,Ray Rhodes,32.0097739767868,Defensive,0,23
DAL,2002,0.3125,0.37715515,0.35984993,-0.0473499298095703,0.017305225,-0.0646551549434661,-0.0473499298095703,Dave Campo,Dave Campo,31.94868662186927,Defensive,0,30
JAX,2008,0.3125,0.3953547,0.35985228,-0.0473522841930389,0.035502404,-0.082854688167572,-0.0473522841930389,Jack Del Rio,Jack Del Rio,31.88759926695174,Defensive,0,11
GNB,1975,0.2857,0.27285022,0.33390927,-0.048209273147583,-0.061059058,0.0128497845649719,-0.048209273147583,Bart Starr,Bart Starr,31.82651191203421,Offensive,1,0
CIN,1970,0.5714,0.5873052,0.62019664,-0.0487966404914855,-0.032891452,-0.015905188179016,-0.0487966404914855,Paul Brown,Paul Brown,31.76542455711668,Other,0,0
PIT,1999,0.375,0.46286023,0.42400238,-0.0490023791790008,0.038857847,-0.0878602266311645,-0.0490023791790008,Bill Cowher,Bill Cowher,31.704337202199145,Defensive,0,5
NWE,2021,0.5882,0.6609267,0.6374545,-0.0492545097351074,0.02347219,-0.0727266996383667,-0.0492545097351074,Bill Belichick,Bill Belichick,31.643249847281613,Defensive,1,13
TAM,1994,0.375,0.3611201,0.42442524,-0.0494252443313598,-0.06330514,0.0138798952102661,-0.0494252443313598,Sam Wyche,Sam Wyche,31.58216249236408,Offensive,19,0
RAM,1994,0.25,0.30818832,0.29945144,-0.0494514405727386,0.008736879,-0.0581883192062377,-0.0494514405727386,Chuck Knox,Chuck Knox,31.521075137446548,Offensive,10,0
SDG,2003,0.25,0.31554705,0.29974493,-0.0497449338436126,0.015802115,-0.0655470490455627,-0.0497449338436126,Marty Schottenheimer,Marty Schottenheimer,31.398900427611487,Defensive,0,11
CIN,2024,0.5294,0.5145959,0.5793644,-0.0499644189834594,-0.06476849,0.0148040741920471,-0.0499644189834594,Zac Taylor,Zac Taylor,31.337813072693955,Offensive,7,0
SFO,2014,0.5,0.55629826,0.5501105,-0.0501105189323425,0.006187737,-0.0562982559204101,-0.0501105189323425,Jim Harbaugh,Jim Harbaugh,31.276725717776426,Offensive,2,0
SDG,1993,0.5,0.56575733,0.5504996,-0.0504996180534362,0.015257716,-0.0657573342323303,-0.0504996180534362,Bobby Ross,Bobby Ross,31.21563836285889,Offensive,2,0
NYJ,1983,0.4375,0.46842974,0.48805928,-0.0505592823028564,-0.019629538,-0.0309297442436218,-0.0505592823028564,Joe Walton,Joe Walton,31.15455100794136,Offensive,16,0
DET,2022,0.5294,0.5462671,0.58017606,-0.0507760554313659,-0.033908963,-0.0168670922279358,-0.0507760554313659,Dan Campbell,Dan Campbell,31.09346365302382,Offensive,10,0
CHI,2017,0.3125,0.35929018,0.36331385,-0.0508138537406921,-0.004023671,-0.0467901825904846,-0.0508138537406921,John Fox,John Fox,31.03237629810629,Defensive,0,22
CRD,2006,0.3125,0.39727455,0.3638552,-0.0513552129268646,0.03341934,-0.0847745537757873,-0.0513552129268646,Dennis Green,Dennis Green,30.97128894318876,Offensive,10,0
DEN,1995,0.5,0.53640765,0.55202585,-0.0520258545875549,-0.015618205,-0.0364076495170593,-0.0520258545875549,Mike Shanahan,Mike Shanahan,30.91020158827123,Offensive,17,0
NWE,2000,0.3125,0.35696128,0.36498055,-0.052480548620224,-0.0080192685,-0.0444612801074981,-0.052480548620224,Bill Belichick,Bill Belichick,30.788026878436163,Defensive,1,13
CLT,1985,0.3125,0.35491082,0.36517817,-0.0526781678199768,-0.010267347,-0.0424108207225799,-0.0526781678199768,Rod Dowhower,Rod Dowhower,30.72693952351863,Offensive,25,0
OTI,1995,0.4375,0.48232797,0.4903769,-0.0528768897056579,-0.008048922,-0.0448279678821563,-0.0528768897056579,Jeff Fisher,Jeff Fisher,30.6658521686011,Defensive,0,9
MIA,1976,0.4286,0.52163875,0.48156193,-0.052961928987503,0.040076822,-0.0930387510299682,-0.052961928987503,Don Shula,Don Shula,30.60476481368357,Defensive,0,5
BUF,2018,0.375,0.3775753,0.42796373,-0.0529637336730957,-0.050388426,-0.0025753080844879,-0.0529637336730957,Sean McDermott,Sean McDermott,30.543677458766037,Defensive,0,15
KAN,1970,0.5714,0.63239276,0.62442726,-0.0530272589683532,0.007965505,-0.0609927640914916,-0.0530272589683532,Hank Stram,Hank Stram,30.482590103848505,Other,0,0
NOR,2015,0.4375,0.5184983,0.4905749,-0.0530748963356018,0.027923405,-0.0809983015060424,-0.0530748963356018,Sean Payton,Sean Payton,30.421502748930973,Offensive,16,0
MIN,1993,0.5625,0.6610548,0.615627,-0.0531269907951355,0.0454278,-0.098554790019989,-0.0531269907951355,Dennis Green,Dennis Green,30.36041539401344,Offensive,10,0
DEN,1971,0.2778,0.3230742,0.33111632,-0.0533163187026977,-0.008042127,-0.0452741918087005,-0.0533163187026977,Lou Saban,Jerry Smith / Lou Saban,30.299328039095908,Other,0,0
BUF,2006,0.4375,0.46577337,0.49095717,-0.0534571707248687,-0.025183797,-0.0282733738422393,-0.0534571707248687,Dick Jauron,Dick Jauron,30.238240684178376,Defensive,0,17
CIN,1994,0.1875,0.18927985,0.24117605,-0.0536760538816452,-0.0518962,-0.0017798542976379,-0.0536760538816452,David Shula,David Shula,30.177153329260843,Offensive,16,0
MIA,2002,0.5625,0.5996593,0.6163888,-0.0538887977600097,-0.016729474,-0.0371593236923217,-0.0538887977600097,Dave Wannstedt,Dave Wannstedt,30.116065974343307,Defensive,0,19
KAN,1985,0.375,0.4196375,0.4290549,-0.0540548861026763,-0.009417385,-0.0446375012397766,-0.0540548861026763,John Mackovic,John Mackovic,30.05497861942577,Offensive,11,0
WAS,1981,0.5,0.49883896,0.55414265,-0.0541426539421081,-0.055303693,0.0011610388755798,-0.0541426539421081,Joe Gibbs,Joe Gibbs,29.99389126450825,Offensive,17,0
RAV,2002,0.4375,0.51061255,0.4918918,-0.0543918013572692,0.018720746,-0.0731125473976135,-0.0543918013572692,Brian Billick,Brian Billick,29.93280390959072,Offensive,15,0
CHI,1992,0.3125,0.40069866,0.36744788,-0.0549478828907012,0.03325078,-0.0881986618041992,-0.0549478828907012,Mike Ditka,Mike Ditka,29.871716554673185,Offensive,9,0
CAR,1997,0.4375,0.44064143,0.49293298,-0.0554329752922058,-0.052291542,-0.0031414330005645,-0.0554329752922058,Dom Capers,Dom Capers,29.81062919975565,Defensive,0,33
GNB,2005,0.25,0.30239215,0.30558595,-0.0555859506130218,-0.0031937957,-0.052392154932022,-0.0555859506130218,Mike Sherman,Mike Sherman,29.74954184483812,Offensive,20,0
NYJ,1989,0.25,0.27470678,0.30560058,-0.0556005835533142,-0.030893803,-0.0247067809104919,-0.0556005835533142,Joe Walton,Joe Walton,29.688454489920584,Offensive,16,0
ATL,2000,0.25,0.26384747,0.30581784,-0.0558178424835205,-0.041970372,-0.0138474702835083,-0.0558178424835205,Dan Reeves,Dan Reeves,29.62736713500305,Offensive,6,0
DAL,1997,0.375,0.46845958,0.43097368,-0.0559736788272857,0.037485898,-0.0934595763683319,-0.0559736788272857,Barry Switzer,Barry Switzer,29.566279780085523,Offensive,12,0
PIT,2021,0.5588,0.640767,0.614843,-0.0560430109024048,0.025923967,-0.081966978263855,-0.0560430109024048,Mike Tomlin,Mike Tomlin,29.50519242516799,Defensive,2,9
CLT,1980,0.4375,0.4131451,0.4935846,-0.0560846030712127,-0.08043951,0.0243549048900604,-0.0560846030712127,Mike McCormack,Mike McCormack,29.44410507025046,Offensive,9,2
GNB,2018,0.375,0.39876494,0.43145204,-0.0564520359039306,-0.032687098,-0.0237649381160736,-0.0564520359039306,Mike McCarthy,Joe Philbin / Mike McCarthy,29.38301771533293,Offensive,14,0
BUF,1989,0.5625,0.6139309,0.61906135,-0.0565613508224487,-0.00513047,-0.0514308810234069,-0.0565613508224487,Marv Levy,Marv Levy,29.321930360415397,Other,0,0
TAM,2006,0.25,0.2997425,0.30661005,-0.0566100478172302,-0.0068675578,-0.0497424900531768,-0.0566100478172302,Jon Gruden,Jon Gruden,29.26084300549786,Offensive,10,0
SFO,1983,0.625,0.6932776,0.68201953,-0.0570195317268371,0.011258066,-0.0682775974273681,-0.0570195317268371,Bill Walsh,Bill Walsh,29.19975565058033,Offensive,10,0
ATL,1981,0.4375,0.46790344,0.4946347,-0.0571346879005432,-0.026731253,-0.0304034352302551,-0.0571346879005432,Leeman Bennett,Leeman Bennett,29.1386682956628,Offensive,9,0
SFO,2009,0.5,0.5411645,0.5571399,-0.0571398735046386,-0.015975356,-0.0411645174026489,-0.0571398735046386,Mike Singletary,Mike Singletary,29.077580940745268,Defensive,0,4
DET,1977,0.4286,0.49404553,0.48589206,-0.0572920574188232,0.008153468,-0.0654455257892608,-0.0572920574188232,Tommy Hudspeth,Tommy Hudspeth,29.01649358582773,Offensive,1,0
PHI,1984,0.4062,0.41233778,0.46350878,-0.0573087847709655,-0.051171005,-0.0061377799987792,-0.0573087847709655,Marion Campbell,Marion Campbell,28.955406230910203,Defensive,0,21
CLE,2000,0.1875,0.15798959,0.24496825,-0.0574682503938674,-0.08697866,0.0295104086399078,-0.0574682503938674,Chris Palmer,Chris Palmer,28.89431887599267,Offensive,32,0
DET,1984,0.2812,0.32617727,0.3387156,-0.0575156128883361,-0.012538344,-0.0449772692203521,-0.0575156128883361,Monte Clark,Monte Clark,28.833231521075135,Offensive,9,0
WAS,2008,0.5,0.5607733,0.5576788,-0.0576788187026977,0.0030944943,-0.0607733130455017,-0.0576788187026977,Jim Zorn,Jim Zorn,28.7721441661576,Offensive,23,0
GNB,1989,0.625,0.6382564,0.68296975,-0.0579697489738464,-0.044713378,-0.0132563710212707,-0.0579697489738464,Lindy Infante,Lindy Infante,28.71105681124007,Offensive,13,0
CLE,1977,0.4615,0.45173785,0.5202552,-0.0587552080154418,-0.06851736,0.0097621490955353,-0.0587552080154418,Forrest Gregg,Dick Modzelewski / Forrest Gregg,28.649969456322545,Offensive,2,0
WAS,2016,0.5312,0.5287434,0.59012896,-0.0589289582252502,-0.061385572,0.0024566137313842,-0.0589289582252502,Jay Gruden,Jay Gruden,28.58888210140501,Offensive,13,0
NYJ,1975,0.2222,0.29211763,0.2813002,-0.0591001871109008,0.010817438,-0.0699176254749298,-0.0591001871109008,Charley Winner,Charley Winner / Ken Shipp,28.52779474648748,Defensive,0,19
SFO,2010,0.3333,0.42928633,0.39253142,-0.0592314247608184,0.036754906,-0.0959863309383392,-0.0592314247608184,Mike Singletary,Jim Tomsula / Mike Singletary,28.466707391569944,Defensive,0,4
DET,2002,0.1875,0.19852792,0.24675737,-0.059257373213768,-0.048229456,-0.011027917265892,-0.059257373213768,Marty Mornhinweg,Marty Mornhinweg,28.40562003665241,Offensive,20,0
OTI,1989,0.5625,0.587912,0.62225986,-0.0597598552703857,-0.034347832,-0.0254120230674743,-0.0597598552703857,Jerry Glanville,Jerry Glanville,28.34453268173488,Defensive,0,14
BUF,2004,0.5625,0.5587833,0.6222866,-0.0597866177558898,-0.063503325,0.0037167072296142,-0.0597866177558898,Mike Mularkey,Mike Mularkey,28.283445326817347,Offensive,18,0
MIA,1996,0.5,0.54972154,0.5599999,-0.0599998831748962,-0.010278344,-0.0497215390205383,-0.0599998831748962,Jimmy Johnson,Jimmy Johnson,28.22235797189981,Defensive,0,9
BUF,2009,0.3333,0.3495087,0.3933666,-0.0600666050434112,-0.043857902,-0.0162087027549743,-0.0600666050434112,Dick Jauron,Dick Jauron / Perry Fewell,28.16127061698229,Defensive,0,17
RAM,2006,0.5,0.5321196,0.56014955,-0.0601495504379272,-0.028029978,-0.0321195721626281,-0.0601495504379272,Scott Linehan,Scott Linehan,28.100183262064757,Offensive,29,0
RAI,2003,0.25,0.3295386,0.31045577,-0.0604557693004608,0.019082844,-0.0795386135578155,-0.0604557693004608,Bill Callahan,Bill Callahan,28.03909590714722,Offensive,29,0
DEN,2021,0.4118,0.4171035,0.4722736,-0.0604735881805419,-0.05517009,-0.005303499174118,-0.0604735881805419,Vic Fangio,Vic Fangio,27.97800855222969,Defensive,0,40
CHI,2004,0.3125,0.3394975,0.37302306,-0.0605230629444122,-0.033525556,-0.0269975066184997,-0.0605230629444122,Lovie Smith,Lovie Smith,27.91692119731216,Defensive,0,22
CLE,2014,0.4375,0.42711407,0.49812606,-0.0606260597705841,-0.07101199,0.0103859305381774,-0.0606260597705841,Mike Pettine,Mike Pettine,27.855833842394624,Defensive,0,13
MIN,1980,0.5625,0.61242473,0.62329644,-0.0607964396476745,-0.010871708,-0.0499247312545776,-0.0607964396476745,Bud Grant,Bud Grant,27.79474648747709,Other,0,0
RAM,1995,0.4375,0.50210613,0.4984076,-0.0609076023101806,0.0036985278,-0.0646061301231384,-0.0609076023101806,Rich Brooks,Rich Brooks,27.733659132559563,Defensive,0,14
PHI,2020,0.2812,0.36104068,0.3422384,-0.0610383964061737,0.018802285,-0.0798406816005706,-0.0610383964061737,Doug Pederson,Doug Pederson,27.67257177764203,Offensive,7,0
NYG,1982,0.4444,0.50576437,0.5055329,-0.0611329203605651,0.00023144484,-0.061364365196228,-0.0611329203605651,Ray Perkins,Ray Perkins,27.611484422724494,Offensive,12,0
DEN,2001,0.5,0.58427685,0.5611704,-0.0611703991889953,0.023106456,-0.0842768549919128,-0.0611703991889953,Mike Shanahan,Mike Shanahan,27.55039706780697,Offensive,17,0
GNB,1981,0.5,0.4816871,0.5613021,-0.0613021254539489,-0.07961503,0.0183129012584686,-0.0613021254539489,Bart Starr,Bart Starr,27.48930971288943,Offensive,1,0
WAS,1996,0.5625,0.6153861,0.62410367,-0.0616036653518676,-0.008717537,-0.0528861284255981,-0.0616036653518676,Norv Turner,Norv Turner,27.428222357971897,Offensive,27,1
CIN,2020,0.2812,0.31497306,0.34307787,-0.0618778682231903,-0.028104812,-0.0337730563163757,-0.0618778682231903,Zac Taylor,Zac Taylor,27.367135003054365,Offensive,7,0
PHI,1978,0.5625,0.5706082,0.6245155,-0.0620154738426208,-0.053907275,-0.0081081986427307,-0.0620154738426208,Dick Vermeil,Dick Vermeil,27.306047648136836,Offensive,4,0
NWE,1974,0.5,0.51849365,0.5621162,-0.0621162056922912,-0.043622553,-0.01849365234375,-0.0621162056922912,Chuck Fairbanks,Chuck Fairbanks,27.244960293219307,Other,0,0
ATL,1984,0.25,0.26908946,0.3122101,-0.0622101128101348,-0.043120652,-0.0190894603729248,-0.0622101128101348,Dan Henning,Dan Henning,27.18387293830177,Offensive,29,0
NOR,2003,0.5,0.5167111,0.5623991,-0.0623990893363952,-0.045687973,-0.0167111158370971,-0.0623990893363952,Jim Haslett,Jim Haslett,27.12278558338424,Defensive,0,25
HTX,2024,0.5882,0.61427784,0.65065765,-0.0624576538085938,-0.036379814,-0.0260778396606445,-0.0624576538085938,DeMeco Ryans,DeMeco Ryans,27.061698228466707,Defensive,0,6
BUF,1975,0.5714,0.6218638,0.6345689,-0.0631689296722411,-0.012705147,-0.0504637824058532,-0.0631689296722411,Lou Saban,Lou Saban,27.00061087354917,Other,0,0
DEN,1982,0.2222,0.30633935,0.28541175,-0.0632117453098297,0.020927608,-0.0841393533229827,-0.0632117453098297,Dan Reeves,Dan Reeves,26.93952351863164,Offensive,6,0
CIN,1989,0.5,0.6001316,0.5635268,-0.0635268092155456,0.036604762,-0.1001315712928772,-0.0635268092155456,Sam Wyche,Sam Wyche,26.87843616371411,Offensive,19,0
WAS,2006,0.3125,0.38502327,0.37606454,-0.0635645389556884,0.008958727,-0.0725232660770416,-0.0635645389556884,Joe Gibbs,Joe Gibbs,26.81734880879658,Offensive,17,0
TAM,1984,0.375,0.43038088,0.43912777,-0.0641277730464935,-0.008746892,-0.0553808808326721,-0.0641277730464935,John McKay,John McKay,26.75626145387905,Other,0,0
MIN,1979,0.4375,0.5165489,0.5016927,-0.0641927123069763,0.01485616,-0.0790488719940185,-0.0641927123069763,Bud Grant,Bud Grant,26.69517409896152,Other,0,0
ATL,1995,0.5625,0.56121284,0.62698126,-0.0644812583923339,-0.06576842,0.0012871623039245,-0.0644812583923339,June Jones,June Jones,26.634086744043984,Offensive,13,0
RAI,2017,0.375,0.3999518,0.43961316,-0.0646131634712219,-0.039661378,-0.0249517858028411,-0.0646131634712219,Jack Del Rio,Jack Del Rio,26.57299938912645,Defensive,0,11
CHI,1976,0.5,0.48253697,0.56517,-0.0651699900627136,-0.08263302,0.0174630284309387,-0.0651699900627136,Jack Pardee,Jack Pardee,26.51191203420892,Defensive,0,1
OTI,1997,0.5,0.53675,0.5653267,-0.0653266906738281,-0.028576672,-0.0367500185966491,-0.0653266906738281,Jeff Fisher,Jeff Fisher,26.450824679291387,Defensive,0,9
DEN,1978,0.625,0.7131163,0.6903547,-0.0653547048568725,0.022761583,-0.0881162881851196,-0.0653547048568725,Red Miller,Red Miller,26.38973732437385,Offensive,15,0
SEA,1999,0.5625,0.6416873,0.6281622,-0.0656622052192688,0.013525069,-0.079187273979187,-0.0656622052192688,Mike Holmgren,Mike Holmgren,26.328649969456325,Offensive,15,0
KAN,1975,0.3571,0.43560395,0.42312872,-0.0660287240982056,0.012475222,-0.0785039464473724,-0.0660287240982056,Paul Wiggin,Paul Wiggin,26.267562614538797,Defensive,0,16
CRD,2023,0.2353,0.25507802,0.30161262,-0.0663126155853271,-0.046534598,-0.0197780177116393,-0.0663126155853271,Jonathan Gannon,Jonathan Gannon,26.20647525962126,Defensive,0,12
HTX,2006,0.375,0.37975696,0.4416859,-0.0666858851909637,-0.061928928,-0.0047569572925567,-0.0666858851909637,Gary Kubiak,Gary Kubiak,26.145387904703725,Offensive,16,0
PIT,1998,0.4375,0.5156827,0.50421435,-0.066714346408844,0.011468351,-0.0781826972961425,-0.066714346408844,Bill Cowher,Bill Cowher,26.084300549786192,Defensive,0,5
SEA,1978,0.5625,0.60192525,0.62929106,-0.0667910575866699,-0.027365804,-0.039425253868103,-0.0667910575866699,Jack Patera,Jack Patera,26.02321319486866,Defensive,0,13
GNB,1971,0.3571,0.34973398,0.42411223,-0.0670122305393219,-0.07437825,0.007366021490097,-0.0670122305393219,Dan Devine,Dan Devine,25.9010384850336,Other,0,0
MIN,2013,0.3438,0.40599182,0.41126758,-0.0674675786018371,-0.005275756,-0.0621918224811554,-0.0674675786018371,Leslie Frazier,Leslie Frazier,25.839951130116063,Defensive,0,17
NWE,1995,0.375,0.44428533,0.44340152,-0.0684015154838562,0.0008838177,-0.0692853331565857,-0.0684015154838562,Bill Parcells,Bill Parcells,25.595601710445937,Defensive,0,17
RAM,1982,0.2222,0.31445628,0.2906631,-0.0684630933284759,0.02379319,-0.092256284046173,-0.0684630933284759,Ray Malavasi,Ray Malavasi,25.534514355528405,Defensive,2,15
SDG,1973,0.1875,0.20594493,0.2565474,-0.0690473914146423,-0.050602466,-0.0184449255466461,-0.0690473914146423,Harland Svare,Harland Svare / Ron Waller,25.473427000610872,Defensive,0,6
SDG,2022,0.5882,0.62811327,0.6578782,-0.0696782200813294,-0.02976495,-0.0399132698059082,-0.0696782200813294,Brandon Staley,Brandon Staley,25.412339645693343,Defensive,0,10
NOR,1981,0.25,0.296891,0.31970373,-0.0697037279605865,-0.022812724,-0.0468910038471221,-0.0697037279605865,Bum Phillips,Bum Phillips,25.35125229077581,Defensive,0,8
PIT,1993,0.5625,0.63289887,0.63230884,-0.0698088407516479,0.0005900264,-0.0703988671302795,-0.0698088407516479,Bill Cowher,Bill Cowher,25.29016493585828,Defensive,0,5
NYG,2012,0.5625,0.6618045,0.63232696,-0.0698269605636596,0.029477537,-0.0993044972419738,-0.0698269605636596,Tom Coughlin,Tom Coughlin,25.229077580940743,Offensive,17,0
BUF,2001,0.1875,0.20534647,0.25804555,-0.0705455541610717,-0.05269909,-0.0178464651107788,-0.0705455541610717,Gregg Williams,Gregg Williams,25.10690287110568,Defensive,0,24
SFO,2003,0.4375,0.4677804,0.5085672,-0.071067214012146,-0.040786803,-0.0302804112434387,-0.071067214012146,Dennis Erickson,Dennis Erickson,25.045815516188146,Offensive,13,0
OTI,1986,0.3125,0.30684024,0.3836348,-0.0711348056793212,-0.076794565,0.0056597590446472,-0.0711348056793212,Jerry Glanville,Jerry Glanville,24.984728161270617,Defensive,0,14
MIA,2018,0.4375,0.47981763,0.5089668,-0.0714668035507202,-0.029149175,-0.0423176288604736,-0.0714668035507202,Adam Gase,Adam Gase,24.923640806353085,Offensive,11,0
JAX,2024,0.2353,0.33174998,0.30696696,-0.0716669604301452,0.024783015,-0.0964499756813049,-0.0716669604301452,Doug Pederson,Doug Pederson,24.862553451435552,Offensive,7,0
TAM,2000,0.625,0.69891644,0.6966846,-0.0716845989227294,0.0022318363,-0.0739164352416992,-0.0716845989227294,Tony Dungy,Tony Dungy,24.80146609651802,Defensive,0,16
NYG,2024,0.1765,0.16880782,0.24858719,-0.0720871911048889,-0.07977937,0.0076921805143356,-0.0720871911048889,Brian Daboll,Brian Daboll,24.740378741600487,Offensive,19,2
CHI,1998,0.25,0.32047358,0.32258442,-0.0725844204425811,-0.002110839,-0.0704735815525055,-0.0725844204425811,Dave Wannstedt,Dave Wannstedt,24.679291386682955,Defensive,0,19
PHI,2012,0.25,0.33951855,0.32297283,-0.07297283411026,0.016545713,-0.0895185470581054,-0.07297283411026,Andy Reid,Andy Reid,24.618204031765423,Offensive,16,0
PHI,1973,0.3929,0.3791725,0.46696472,-0.0740647216796874,-0.08779222,0.0137274960517883,-0.0740647216796874,Mike McCormack,Mike McCormack,24.55711667684789,Offensive,9,2
CLT,1998,0.1875,0.20401885,0.26165497,-0.0741549730300903,-0.057636127,-0.0165188461542129,-0.0741549730300903,Jim Mora Sr,Jim Mora Sr,24.49602932193036,Defensive,0,17
RAM,1971,0.6071,0.6227522,0.6814774,-0.074377427482605,-0.058725238,-0.0156521896362304,-0.074377427482605,Tommy Prothro,Tommy Prothro,24.434941967012826,Other,0,0
GNB,1978,0.5312,0.5570428,0.6060185,-0.0748184836387634,-0.048975706,-0.0258427775382995,-0.0748184836387634,Bart Starr,Bart Starr,24.373854612095297,Offensive,1,0
DEN,2022,0.2667,0.33495346,0.3416317,-0.0749317105293274,-0.0066782534,-0.0682534571170807,-0.0749317105293274,Nathaniel Hackett,Jerry Rosburg / Nathaniel Hackett,24.312767257177764,Offensive,19,1
BUF,1994,0.4375,0.5141989,0.5127805,-0.075280487537384,0.0014184117,-0.076698899269104,-0.075280487537384,Marv Levy,Marv Levy,24.1905925473427,Other,0,0
CHI,2009,0.4375,0.4916004,0.5132737,-0.0757737159729003,-0.021673322,-0.0541003942489624,-0.0757737159729003,Lovie Smith,Lovie Smith,24.129505192425167,Defensive,0,22
JAX,2006,0.5,0.5807861,0.5762929,-0.076292872428894,0.0044932365,-0.080786108970642,-0.076292872428894,Jack Del Rio,Jack Del Rio,24.068417837507635,Defensive,0,11
RAM,2022,0.2941,0.39233014,0.37126288,-0.0771628781795502,0.021067262,-0.098230139875412,-0.0771628781795502,Sean McVay,Sean McVay,24.007330482590103,Offensive,9,0
CHI,2008,0.5625,0.61661047,0.6399132,-0.0774132013320922,-0.023302734,-0.0541104674339294,-0.0774132013320922,Lovie Smith,Lovie Smith,23.94624312767257,Defensive,0,22
ATL,2001,0.4375,0.44376206,0.5150654,-0.0775653719902038,-0.07130331,-0.0062620639801025,-0.0775653719902038,Dan Reeves,Dan Reeves,23.88515577275504,Offensive,6,0
RAM,1996,0.375,0.4148137,0.45276827,-0.0777682662010192,-0.03795457,-0.0398136973381042,-0.0777682662010192,Rich Brooks,Rich Brooks,23.82406841783751,Defensive,0,14
DAL,2000,0.3125,0.35487077,0.3902967,-0.0777966976165771,-0.03542593,-0.0423707664012908,-0.0777966976165771,Dave Campo,Dave Campo,23.762981062919973,Defensive,0,30
TAM,1987,0.2667,0.3155857,0.34477174,-0.0780717428207397,-0.02918604,-0.0488857026576995,-0.0780717428207397,Ray Perkins,Ray Perkins,23.701893708002444,Offensive,12,0
CAR,1995,0.4375,0.40683055,0.51560324,-0.0781032443046569,-0.108772695,0.0306694507598876,-0.0781032443046569,Dom Capers,Dom Capers,23.640806353084912,Defensive,0,33
PHI,2021,0.5294,0.5034379,0.60750735,-0.0781073480606079,-0.10406947,0.025962123298645,-0.0781073480606079,Nick Sirianni,Nick Sirianni,23.57971899816738,Offensive,15,2
CRD,2010,0.3125,0.3509426,0.39065045,-0.078150451183319,-0.03970784,-0.0384426116943359,-0.078150451183319,Ken Whisenhunt,Ken Whisenhunt,23.518631643249847,Offensive,16,0
NYG,1974,0.1429,0.1450474,0.22115624,-0.0782562395095825,-0.07610884,-0.0021473964214324,-0.0782562395095825,Bill Arnsparger,Bill Arnsparger,23.457544288332315,Defensive,0,38
TAM,1996,0.375,0.3515469,0.45357865,-0.0785786509513855,-0.10203174,0.0234530866146087,-0.0785786509513855,Tony Dungy,Tony Dungy,23.396456933414782,Defensive,0,16
CIN,1992,0.3125,0.32528394,0.3913406,-0.0788406133651733,-0.06605667,-0.012783944606781,-0.0788406133651733,David Shula,David Shula,23.33536957849725,Offensive,16,0
OTI,2014,0.125,0.1652295,0.20397934,-0.078979343175888,-0.038749844,-0.0402294993400573,-0.078979343175888,Ken Whisenhunt,Ken Whisenhunt,23.21319486866219,Offensive,16,0
RAI,1989,0.25,0.25735515,0.32926476,-0.079264760017395,-0.07190961,-0.0073551535606384,-0.079264760017395,Mike Shanahan,Art Shell / Mike Shanahan,23.152107513744653,Offensive,17,0
NWE,1973,0.3571,0.34602508,0.43659562,-0.079495618724823,-0.09057054,0.0110749205112457,-0.079495618724823,Chuck Fairbanks,Chuck Fairbanks,23.09102015882712,Other,0,0
NYG,1998,0.5,0.57000893,0.57955223,-0.0795522332191467,-0.0095433,-0.0700089335441589,-0.0795522332191467,Jim Fassel,Jim Fassel,23.029932803909592,Offensive,13,0
NYJ,1997,0.5625,0.62295985,0.64209116,-0.079591155052185,-0.019131303,-0.0604598522186279,-0.079591155052185,Bill Parcells,Bill Parcells,22.96884544899206,Defensive,0,17
TAM,2022,0.4706,0.5456753,0.5508721,-0.0802720874786376,-0.00519681,-0.0750752777099609,-0.0802720874786376,Todd Bowles,Todd Bowles,22.907758094074527,Defensive,0,17
GNB,1984,0.5,0.59438455,0.5803923,-0.080392301082611,0.01399225,-0.0943845510482788,-0.080392301082611,Forrest Gregg,Forrest Gregg,22.846670739156995,Offensive,2,0
RAV,2004,0.5625,0.6405841,0.64292675,-0.0804267525672912,-0.0023426414,-0.078084111213684,-0.0804267525672912,Brian Billick,Brian Billick,22.785583384239462,Offensive,15,0
CRD,2012,0.3125,0.30621275,0.39300728,-0.0805072784423828,-0.086794525,0.0062872469425201,-0.0805072784423828,Ken Whisenhunt,Ken Whisenhunt,22.72449602932193,Offensive,16,0
CIN,2003,0.5,0.538547,0.58087265,-0.0808726549148559,-0.042325675,-0.0385469794273376,-0.0808726549148559,Marvin Lewis,Marvin Lewis,22.6634086744044,Defensive,0,23
CIN,1999,0.25,0.25215235,0.3320466,-0.0820465981960296,-0.079894245,-0.0021523535251617,-0.0820465981960296,Bruce Coslet,Bruce Coslet,22.541233964569336,Offensive,14,0
NOR,1976,0.2857,0.31926978,0.3682663,-0.0825663142681121,-0.048996538,-0.0335697763442993,-0.0825663142681121,Hank Stram,Hank Stram,22.4801466096518,Other,0,0
TAM,2004,0.3125,0.39269617,0.39514697,-0.0826469659805297,-0.002450794,-0.0801961719989776,-0.0826469659805297,Jon Gruden,Jon Gruden,22.419059254734268,Offensive,10,0
KAN,1999,0.5625,0.57854986,0.64516914,-0.0826691389083862,-0.06661928,-0.0160498619079589,-0.0826691389083862,Gunther Cunningham,Gunther Cunningham,22.35797189981674,Defensive,0,32
NWE,1970,0.1429,0.19798313,0.2256396,-0.082739596581459,-0.027656466,-0.0550831308126449,-0.082739596581459,Clive Rush,Clive Rush / John Mazur,22.296884544899207,Offensive,11,0
SFO,1977,0.3571,0.40058723,0.43996638,-0.0828663805961609,-0.03937915,-0.0434872309207916,-0.0828663805961609,Ken Meyer,Ken Meyer,22.235797189981675,Offensive,28,0
DAL,1988,0.1875,0.27027234,0.2704331,-0.082933098077774,-0.00016075373,-0.0827723443508148,-0.082933098077774,Tom Landry,Tom Landry,22.174709835064142,Defensive,0,6
NYJ,2024,0.4,0.44480306,0.4833508,-0.0833508133888244,-0.038547754,-0.0448030591011047,-0.0833508133888244,Robert Saleh,Jeff Ulbrich / Robert Saleh,22.05253512522908,Defensive,0,21
GNB,2009,0.6875,0.7366279,0.7710095,-0.0835095047950744,-0.034381628,-0.0491278767585754,-0.0835095047950744,Mike McCarthy,Mike McCarthy,21.991447770311545,Offensive,14,0
KAN,1974,0.3571,0.38717765,0.44070038,-0.0836003819942474,-0.053522736,-0.0300776461601257,-0.0836003819942474,Hank Stram,Hank Stram,21.930360415394013,Other,0,0
CHI,1981,0.375,0.4281053,0.4596618,-0.0846618115901947,-0.031556517,-0.0531052947044372,-0.0846618115901947,Neill Armstrong,Neill Armstrong,21.869273060476484,Defensive,0,10
NYG,1983,0.2188,0.26885644,0.30381635,-0.0850163483142852,-0.034959912,-0.0500564360141754,-0.0850163483142852,Bill Parcells,Bill Parcells,21.808185705558948,Defensive,0,17
CRD,1986,0.2812,0.35913292,0.366253,-0.085052988576889,-0.007120073,-0.0779329157352447,-0.085052988576889,Gene Stallings,Gene Stallings,21.747098350641416,Defensive,0,21
TAM,1990,0.3846,0.42649344,0.4696928,-0.0850927964687347,-0.04319936,-0.0418934360980987,-0.0850927964687347,Ray Perkins,Ray Perkins / Richard Williamson,21.686010995723883,Offensive,12,0
NYJ,1994,0.375,0.40691242,0.4601434,-0.0851433873176574,-0.05323097,-0.0319124162197113,-0.0851433873176574,Pete Carroll,Pete Carroll,21.624923640806355,Defensive,1,17
SDG,2011,0.5,0.62753725,0.5853913,-0.0853912830352783,0.042145967,-0.1275372505187988,-0.0853912830352783,Norv Turner,Norv Turner,21.563836285888826,Offensive,27,1
GNB,2015,0.625,0.69015545,0.7106155,-0.0856155157089233,-0.02046007,-0.0651554465293884,-0.0856155157089233,Mike McCarthy,Mike McCarthy,21.50274893097129,Offensive,14,0
SFO,2006,0.4375,0.45437884,0.5233087,-0.0858086943626403,-0.06892985,-0.0168788433074951,-0.0858086943626403,Mike Nolan,Mike Nolan,21.44166157605376,Defensive,1,33
OTI,1985,0.3571,0.38201103,0.44308385,-0.0859838525295257,-0.061072826,-0.0249110261440277,-0.0859838525295257,Hugh Campbell,Hugh Campbell / Jerry Glanville,21.380574221136225,Other,0,0
BUF,2008,0.4375,0.4844684,0.5234876,-0.0859876275062561,-0.039019227,-0.046968400478363,-0.0859876275062561,Dick Jauron,Dick Jauron,21.319486866218693,Defensive,0,17
ATL,1983,0.4375,0.42911774,0.52355117,-0.0860511660575866,-0.09443343,0.0083822607994079,-0.0860511660575866,Dan Henning,Dan Henning,21.25839951130116,Offensive,29,0
MIN,2004,0.5,0.55201435,0.58609647,-0.0860964655876159,-0.034082115,-0.0520143508911132,-0.0860964655876159,Mike Tice,Mike Tice,21.19731215638363,Offensive,12,0
RAM,2009,0.0625,0.10052206,0.14866182,-0.0861618220806121,-0.04813976,-0.0380220636725425,-0.0861618220806121,Steve Spagnuolo,Steve Spagnuolo,21.136224801466096,Defensive,0,38
PHI,1986,0.3438,0.33817995,0.4299698,-0.0861697875976562,-0.09178984,0.0056200540542602,-0.0861697875976562,Buddy Ryan,Buddy Ryan,21.075137446548563,Defensive,0,26
JAX,1995,0.25,0.24580932,0.3362492,-0.0862492024898529,-0.090439886,0.0041906833648681,-0.0862492024898529,Tom Coughlin,Tom Coughlin,21.01405009163103,Offensive,17,0
CRD,1978,0.375,0.45754385,0.46128517,-0.0862851738929748,-0.003741324,-0.0825438499450683,-0.0862851738929748,Bud Wilkinson,Bud Wilkinson,20.952962736713506,Other,0,0
JAX,2013,0.25,0.26111957,0.33629203,-0.086292028427124,-0.075172454,-0.0111195743083953,-0.086292028427124,Gus Bradley,Gus Bradley,20.89187538179597,Defensive,0,26
WAS,1979,0.625,0.66238236,0.7119277,-0.0869277119636535,-0.049545348,-0.0373823642730712,-0.0869277119636535,Jack Pardee,Jack Pardee,20.83078802687844,Defensive,0,1
RAM,2012,0.4688,0.51903063,0.5559926,-0.0871926033020019,-0.036961973,-0.0502306305885315,-0.0871926033020019,Jeff Fisher,Jeff Fisher,20.708613317043373,Defensive,0,9
RAI,1999,0.5,0.5246707,0.58727616,-0.0872761607170105,-0.06260544,-0.0246707201004028,-0.0872761607170105,Jon Gruden,Jon Gruden,20.64752596212584,Offensive,10,0
PIT,2023,0.5882,0.6704612,0.6755611,-0.0873610704421997,-0.0050998926,-0.0822611778259277,-0.0873610704421997,Mike Tomlin,Mike Tomlin,20.586438607208308,Defensive,2,9
ATL,2005,0.5,0.49482882,0.58767843,-0.0876784324645996,-0.09284961,0.0051711797714233,-0.0876784324645996,Jim Mora Jr,Jim Mora Jr,20.525351252290776,Defensive,1,19
PIT,2003,0.375,0.49203926,0.46283835,-0.0878383517265319,0.029200912,-0.1170392632484436,-0.0878383517265319,Bill Cowher,Bill Cowher,20.464263897373243,Defensive,0,5
CRD,1995,0.25,0.28549236,0.3386583,-0.0886583030223846,-0.053165942,-0.0354923605918884,-0.0886583030223846,Buddy Ryan,Buddy Ryan,20.40317654245571,Defensive,0,26
ATL,1976,0.2,0.18494575,0.2887281,-0.0887280881404876,-0.10378234,0.015054252743721,-0.0887280881404876,Marion Campbell,Marion Campbell / Pat Peppler,20.34208918753818,Defensive,0,21
TAM,2017,0.3125,0.3277052,0.40143862,-0.0889386236667633,-0.07373342,-0.0152052044868469,-0.0889386236667633,Dirk Koetter,Dirk Koetter,20.28100183262065,Offensive,26,0
BUF,1970,0.25,0.30393925,0.33904073,-0.0890407264232635,-0.035101473,-0.0539392530918121,-0.0890407264232635,John Rauch,John Rauch,20.21991447770312,Offensive,8,0
ATL,1987,0.2,0.24761115,0.2892141,-0.0892141044139862,-0.041602954,-0.0476111501455306,-0.0892141044139862,Marion Campbell,Marion Campbell,20.15882712278558,Defensive,0,21
MIN,1995,0.5,0.6422302,0.5893638,-0.0893638134002685,0.0528664,-0.142230212688446,-0.0893638134002685,Dennis Green,Dennis Green,20.09773976786805,Offensive,10,0
NYG,1973,0.1786,0.23318219,0.26834187,-0.0897418691158294,-0.035159677,-0.0545821918487548,-0.0897418691158294,Alex Webster,Alex Webster,20.03665241295052,Offensive,2,0
BUF,1972,0.3214,0.38769647,0.41218194,-0.090781943655014,-0.024485469,-0.0662964747905731,-0.090781943655014,Lou Saban,Lou Saban,19.975565058032988,Other,0,0
DAL,2011,0.5,0.5708035,0.59096926,-0.0909692645072937,-0.020165741,-0.0708035230636596,-0.0909692645072937,Jason Garrett,Jason Garrett,19.914477703115452,Offensive,5,0
JAX,2023,0.5294,0.6616199,0.6203833,-0.0909833222389221,0.04123658,-0.1322199016571045,-0.0909833222389221,Doug Pederson,Doug Pederson,19.853390348197923,Offensive,7,0
ATL,1972,0.5,0.5532289,0.5912254,-0.0912253856658935,-0.03799647,-0.0532289147377014,-0.0912253856658935,Norm Van Brocklin,Norm Van Brocklin,19.79230299328039,Offensive,1,0
KAN,2002,0.5,0.62985075,0.59146345,-0.0914634466171264,0.0383873,-0.1298507452011108,-0.0914634466171264,Dick Vermeil,Dick Vermeil,19.73121563836286,Offensive,4,0
TAM,1988,0.3125,0.34621784,0.40434566,-0.0918456614017486,-0.05812782,-0.0337178409099578,-0.0918456614017486,Ray Perkins,Ray Perkins,19.6090409285278,Offensive,12,0
PHI,1982,0.3333,0.48312786,0.42542827,-0.0921282712936401,0.05769959,-0.1498278622150421,-0.0921282712936401,Dick Vermeil,Dick Vermeil,19.547953573610265,Offensive,4,0
GNB,1994,0.5625,0.63221365,0.65475523,-0.0922552347183227,-0.022541583,-0.0697136521339416,-0.0922552347183227,Mike Holmgren,Mike Holmgren,19.48686621869273,Offensive,15,0
OTI,2005,0.25,0.3120185,0.34239024,-0.092390239238739,-0.030371726,-0.0620185136795043,-0.092390239238739,Jeff Fisher,Jeff Fisher,19.4257788637752,Defensive,0,9
SDG,2015,0.25,0.3574891,0.34284225,-0.0928422510623931,0.014646858,-0.1074891090393066,-0.0928422510623931,Mike McCoy,Mike McCoy,19.364691508857668,Offensive,17,0
NYJ,2020,0.125,0.18320268,0.21806681,-0.0930668115615844,-0.034864128,-0.0582026839256286,-0.0930668115615844,Adam Gase,Adam Gase,19.30360415394013,Offensive,11,0
NWE,2024,0.2353,0.27585152,0.3284163,-0.0931162878990173,-0.05256477,-0.0405515179157257,-0.0931162878990173,Jerod Mayo,Jerod Mayo,19.242516799022603,Defensive,0,5
PHI,1972,0.1786,0.21563981,0.27182958,-0.0932295753002166,-0.05618976,-0.0370398147344589,-0.0932295753002166,Ed Khayat,Ed Khayat,19.18142944410507,Defensive,0,23
CRD,1992,0.25,0.2450469,0.34345767,-0.0934576690196991,-0.09841077,0.0049531012773513,-0.0934576690196991,Joe Bugel,Joe Bugel,19.120342089187535,Offensive,20,0
CLE,1989,0.5938,0.5807964,0.6875178,-0.0937178217887878,-0.1067214,0.0130035794258117,-0.0937178217887878,Bud Carson,Bud Carson,19.05925473427001,Defensive,0,22
TAM,1989,0.3125,0.33950892,0.4065189,-0.0940189063549041,-0.067009985,-0.0270089209079742,-0.0940189063549041,Ray Perkins,Ray Perkins,18.998167379352477,Offensive,12,0
CLE,2010,0.3125,0.34094706,0.4069955,-0.0944955050945282,-0.06604844,-0.0284470617771148,-0.0944955050945282,Eric Mangini,Eric Mangini,18.93708002443494,Defensive,2,10
CHI,1982,0.3333,0.40834516,0.42810872,-0.0948087219715118,-0.01976356,-0.0750451628684997,-0.0948087219715118,Mike Ditka,Mike Ditka,18.87599266951741,Offensive,9,0
CLT,2001,0.375,0.4058346,0.46991718,-0.0949171781539917,-0.06408259,-0.0308345854282379,-0.0949171781539917,Jim Mora Sr,Jim Mora Sr,18.81490531459988,Defensive,0,17
OTI,1996,0.5,0.5362942,0.5949873,-0.0949872732162475,-0.05869305,-0.0362942218780517,-0.0949872732162475,Jeff Fisher,Jeff Fisher,18.753817959682344,Defensive,0,9
OTI,1982,0.1111,0.15056266,0.20610388,-0.0950038762331008,-0.055541217,-0.0394626589059829,-0.0950038762331008,Ed Biles,Ed Biles,18.69273060476481,Defensive,0,11
SEA,2007,0.625,0.7596733,0.7200358,-0.0950357913970947,0.039637506,-0.1346732974052429,-0.0950357913970947,Mike Holmgren,Mike Holmgren,18.631643249847283,Offensive,15,0
NYJ,2017,0.3125,0.42937553,0.40770376,-0.0952037572860717,0.021671772,-0.1168755292892456,-0.0952037572860717,Todd Bowles,Todd Bowles,18.57055589492975,Defensive,0,17
DET,1980,0.5625,0.6045238,0.657774,-0.0952739715576171,-0.053250194,-0.0420237779617309,-0.0952739715576171,Monte Clark,Monte Clark,18.509468540012215,Offensive,9,0
NYG,2023,0.3529,0.37936068,0.448255,-0.0953550024986267,-0.06889433,-0.0264606758117675,-0.0953550024986267,Brian Daboll,Brian Daboll,18.44838118509469,Offensive,19,2
BUF,2005,0.3125,0.40393034,0.40826824,-0.0957682430744171,-0.004337907,-0.0914303362369537,-0.0957682430744171,Mike Mularkey,Mike Mularkey,18.387293830177157,Offensive,18,0
KAN,2000,0.4375,0.50367737,0.53379357,-0.096293568611145,-0.0301162,-0.0661773681640625,-0.096293568611145,Gunther Cunningham,Gunther Cunningham,18.32620647525962,Defensive,0,32
RAI,2006,0.125,0.19460422,0.22135758,-0.0963575839996337,-0.026753366,-0.069604218006134,-0.0963575839996337,Art Shell,Art Shell,18.26511912034209,Offensive,12,0
SEA,1985,0.5,0.5844654,0.596647,-0.096647024154663,-0.01218164,-0.0844653844833374,-0.096647024154663,Chuck Knox,Chuck Knox,18.20403176542456,Offensive,10,0
CLT,1982,0.0556,0.101565264,0.15267411,-0.0970741087436676,-0.051108845,-0.0459652641654014,-0.0970741087436676,Frank Kush,Frank Kush,18.142944410507024,Offensive,3,0
NOR,1999,0.1875,0.25590575,0.2848012,-0.097301185131073,-0.028895438,-0.0684057474136352,-0.097301185131073,Mike Ditka,Mike Ditka,18.08185705558949,Offensive,9,0
ATL,1985,0.25,0.2666522,0.3482455,-0.0982455015182495,-0.081593305,-0.0166521966457366,-0.0982455015182495,Dan Henning,Dan Henning,18.02076970067196,Offensive,29,0
SEA,2008,0.25,0.37605295,0.34833097,-0.0983309745788574,0.027721971,-0.1260529458522796,-0.0983309745788574,Mike Holmgren,Mike Holmgren,17.898594990836898,Offensive,15,0
MIN,2002,0.375,0.44520992,0.47336835,-0.0983683466911315,-0.028158426,-0.0702099204063415,-0.0983683466911315,Mike Tice,Mike Tice,17.837507635919366,Offensive,12,0
PHI,1983,0.3125,0.3017678,0.41089466,-0.0983946621417999,-0.109126866,0.0107322037220001,-0.0983946621417999,Marion Campbell,Marion Campbell,17.77642028100183,Defensive,0,21
BUF,2013,0.375,0.43778098,0.47351182,-0.0985118150711059,-0.03573084,-0.0627809762954711,-0.0985118150711059,Doug Marrone,Doug Marrone,17.7153329260843,Offensive,20,0
ATL,2006,0.4375,0.4606087,0.53622043,-0.0987204313278198,-0.07561174,-0.0231086909770965,-0.0987204313278198,Jim Mora Jr,Jim Mora Jr,17.65424557116677,Defensive,1,19
DEN,1993,0.5625,0.6380006,0.6624509,-0.0999509096145629,-0.024450302,-0.0755006074905395,-0.0999509096145629,Wade Phillips,Wade Phillips,17.593158216249236,Defensive,0,39
CIN,1983,0.4375,0.5220548,0.53766257,-0.1001625657081604,-0.015607774,-0.0845547914505004,-0.1001625657081604,Forrest Gregg,Forrest Gregg,17.532070861331704,Offensive,2,0
BUF,2016,0.4667,0.53680426,0.5676166,-0.100916581916809,-0.030812323,-0.0701042588233947,-0.100916581916809,Rex Ryan,Anthony Lynn / Rex Ryan,17.47098350641417,Defensive,0,20
SEA,1981,0.375,0.41207054,0.47623628,-0.1012362837791442,-0.06416574,-0.0370705425739288,-0.1012362837791442,Jack Patera,Jack Patera,17.40989615149664,Defensive,0,13
WAS,2023,0.2353,0.3212418,0.3372566,-0.1019566103935241,-0.016014814,-0.0859417960166931,-0.1019566103935241,Ron Rivera,Ron Rivera,17.348808796579107,Defensive,0,14
TAM,2003,0.4375,0.5293889,0.5394911,-0.1019911170005798,-0.010102212,-0.0918889045715332,-0.1019911170005798,Jon Gruden,Jon Gruden,17.287721441661578,Offensive,10,0
DAL,1989,0.0625,0.1271904,0.16484646,-0.1023464649915695,-0.03765607,-0.0646903961896896,-0.1023464649915695,Jimmy Johnson,Jimmy Johnson,17.226634086744046,Defensive,0,9
ATL,1997,0.4375,0.53260034,0.5406749,-0.1031749248504638,-0.008074582,-0.0951003432273864,-0.1031749248504638,Dan Reeves,Dan Reeves,17.104459376908977,Offensive,6,0
SDG,2002,0.5,0.5872063,0.6034558,-0.1034557819366455,-0.016249478,-0.0872063040733337,-0.1034557819366455,Marty Schottenheimer,Marty Schottenheimer,17.04337202199145,Defensive,0,11
RAV,2007,0.3125,0.36491537,0.41609755,-0.1035975515842437,-0.05118218,-0.0524153709411621,-0.1035975515842437,Brian Billick,Brian Billick,16.982284667073916,Offensive,15,0
DET,1995,0.625,0.6982567,0.7286716,-0.1036716103553772,-0.030414939,-0.0732566714286804,-0.1036716103553772,Wayne Fontes,Wayne Fontes,16.921197312156384,Defensive,0,13
SDG,1989,0.375,0.4232128,0.47896123,-0.1039612293243408,-0.055748433,-0.0482127964496612,-0.1039612293243408,Dan Henning,Dan Henning,16.86010995723885,Offensive,29,0
GNB,1977,0.2857,0.32538477,0.38975438,-0.1040543847560882,-0.06436962,-0.0396847658634185,-0.1040543847560882,Bart Starr,Bart Starr,16.79902260232132,Offensive,1,0
JAX,2014,0.1875,0.19107813,0.29194278,-0.1044427752494812,-0.10086465,-0.0035781264305114,-0.1044427752494812,Gus Bradley,Gus Bradley,16.676847892486254,Defensive,0,26
CLE,2008,0.25,0.27938208,0.35448292,-0.1044829189777374,-0.07510084,-0.0293820798397064,-0.1044829189777374,Romeo Crennel,Romeo Crennel,16.615760537568725,Defensive,0,32
DEN,2009,0.5,0.52880245,0.6045709,-0.1045709252357482,-0.07576847,-0.0288024544715881,-0.1045709252357482,Josh McDaniels,Josh McDaniels,16.554673182651193,Offensive,17,2
NYG,2020,0.375,0.48799026,0.48082617,-0.1058261692523956,0.007164091,-0.1129902601242065,-0.1058261692523956,Joe Judge,Joe Judge,16.49358582773366,Offensive,3,1
CLE,2019,0.375,0.4192529,0.4810272,-0.1060271859169006,-0.061774284,-0.0442529022693634,-0.1060271859169006,Freddie Kitchens,Freddie Kitchens,16.432498472816125,Offensive,24,0
DEN,2007,0.4375,0.5177015,0.54403895,-0.1065389513969421,-0.026337445,-0.080201506614685,-0.1065389513969421,Mike Shanahan,Mike Shanahan,16.310323762981064,Offensive,17,0
DET,1992,0.3125,0.40546829,0.4191694,-0.106669396162033,-0.013701111,-0.0929682850837707,-0.106669396162033,Wayne Fontes,Wayne Fontes,16.24923640806353,Defensive,0,13
CRD,2000,0.2857,0.33415526,0.39264756,-0.1069475644111633,-0.058492303,-0.048455261516571,-0.1069475644111633,Vince Tobin,Dave McGinnis / Vince Tobin,16.188149053146,Defensive,0,25
CIN,1985,0.4375,0.50573313,0.54449564,-0.1069956421852111,-0.03876251,-0.0682331323623657,-0.1069956421852111,Sam Wyche,Sam Wyche,16.127061698228466,Offensive,19,0
OTI,1972,0.0714,0.099621706,0.17841011,-0.1070101128578186,-0.07878841,-0.0282217057108879,-0.1070101128578186,Bill Peterson,Bill Peterson,16.065974343310934,Offensive,5,0
CLT,2021,0.5294,0.6024504,0.6369515,-0.1075515061378479,-0.034501135,-0.0730503707885742,-0.1075515061378479,Frank Reich,Frank Reich,16.0048869883934,Offensive,6,0
CIN,2007,0.4375,0.52033675,0.54598445,-0.1084844470024108,-0.0256477,-0.0828367471694946,-0.1084844470024108,Marvin Lewis,Marvin Lewis,15.94379963347587,Defensive,0,23
CLE,1990,0.2222,0.28401658,0.33116025,-0.1089602473258972,-0.047143668,-0.0618165793895721,-0.1089602473258972,Bud Carson,Bud Carson / Jim Shofner,15.88271227855834,Defensive,0,22
NYJ,1995,0.1875,0.2712259,0.29669017,-0.1091901659965515,-0.025464267,-0.0837258994579315,-0.1091901659965515,Rich Kotite,Rich Kotite,15.821624923640806,Offensive,14,0
CIN,2002,0.125,0.20050031,0.23425055,-0.1092505455017089,-0.033750236,-0.0755003094673156,-0.1092505455017089,Dick LeBeau,Dick LeBeau,15.760537568723274,Defensive,0,38
CLT,1997,0.1875,0.23151672,0.29689178,-0.1093917787075042,-0.06537506,-0.0440167188644409,-0.1093917787075042,Lindy Infante,Lindy Infante,15.699450213805743,Offensive,13,0
CIN,2006,0.5,0.5975545,0.60953337,-0.1095333695411682,-0.011978865,-0.0975545048713684,-0.1095333695411682,Marvin Lewis,Marvin Lewis,15.638362858888213,Defensive,0,23
GNB,1988,0.25,0.3339584,0.3597523,-0.1097522974014282,-0.02579391,-0.0839583873748779,-0.1097522974014282,Lindy Infante,Lindy Infante,15.57727550397068,Offensive,13,0
ATL,1975,0.2857,0.32189974,0.39574003,-0.1100400321960449,-0.07384029,-0.0361997418880462,-0.1100400321960449,Marion Campbell,Marion Campbell,15.516188149053145,Defensive,0,21
CRD,1985,0.3125,0.3964548,0.4229882,-0.1104882061481475,-0.026533395,-0.0839548110961914,-0.1104882061481475,Jim Hanifan,Jim Hanifan,15.394013439218082,Offensive,27,0
WAS,2001,0.5,0.6251361,0.61082137,-0.1108213663101196,0.014314711,-0.1251360774040222,-0.1108213663101196,Marty Schottenheimer,Marty Schottenheimer,15.33292608430055,Defensive,0,11
ATL,1990,0.3125,0.4117144,0.42341176,-0.1109117567539215,-0.011697352,-0.0992144048213958,-0.1109117567539215,Jerry Glanville,Jerry Glanville,15.271838729383015,Defensive,0,14
MIN,2010,0.3,0.42324004,0.41264415,-0.1126441478729248,0.010595888,-0.1232400357723236,-0.1126441478729248,Brad Childress,Brad Childress / Leslie Frazier,15.210751374465486,Offensive,30,0
SEA,2021,0.4118,0.5474438,0.5251981,-0.1133981019973754,0.022245705,-0.1356438071250915,-0.1133981019973754,Pete Carroll,Pete Carroll,15.149664019547954,Defensive,1,17
KAN,2009,0.25,0.33559635,0.36383584,-0.1138358414173126,-0.028239489,-0.085596352815628,-0.1138358414173126,Todd Haley,Todd Haley,15.088576664630422,Offensive,21,0
DET,1979,0.125,0.20836063,0.23910302,-0.1141030192375183,-0.030742392,-0.0833606272935867,-0.1141030192375183,Monte Clark,Monte Clark,14.96640195479536,Offensive,9,0
ATL,2013,0.25,0.37075576,0.36435106,-0.1143510639667511,0.006404698,-0.1207557618618011,-0.1143510639667511,Mike Smith,Mike Smith,14.905314599877824,Defensive,0,19
DET,1990,0.375,0.42371032,0.48975277,-0.1147527694702148,-0.06604245,-0.0487103164196014,-0.1147527694702148,Wayne Fontes,Wayne Fontes,14.844227244960292,Defensive,0,13
DEN,2023,0.4706,0.5985131,0.58564943,-0.1150494307518005,0.012863696,-0.127913126373291,-0.1150494307518005,Sean Payton,Sean Payton,14.783139890042762,Offensive,16,0
RAI,2005,0.25,0.3420526,0.36559576,-0.1155957579612732,-0.02354315,-0.0920526087284088,-0.1155957579612732,Norv Turner,Norv Turner,14.72205253512523,Offensive,27,1
RAM,1991,0.1875,0.29438972,0.30341807,-0.1159180700778961,-0.009028345,-0.1068897247314453,-0.1159180700778961,John Robinson,John Robinson,14.660965180207697,Offensive,4,1
CAR,2011,0.375,0.45013583,0.49098793,-0.1159879267215728,-0.0408521,-0.0751358270645141,-0.1159879267215728,Ron Rivera,Ron Rivera,14.599877825290164,Defensive,0,14
JAX,2016,0.1429,0.17390114,0.26004392,-0.1171439190864563,-0.08614278,-0.0310011406898498,-0.1171439190864563,Gus Bradley,Doug Marrone / Gus Bradley,14.538790470372634,Defensive,0,26
ATL,1979,0.375,0.43472973,0.49272442,-0.1177244186401367,-0.057994694,-0.0597297251224517,-0.1177244186401367,Leeman Bennett,Leeman Bennett,14.4777031154551,Offensive,9,0
CHI,1993,0.4375,0.510175,0.55612904,-0.1186290383338928,-0.04595405,-0.0726749897003173,-0.1186290383338928,Dave Wannstedt,Dave Wannstedt,14.355528405620037,Defensive,0,19
CRD,1971,0.3214,0.41853103,0.44037744,-0.1189774440288543,-0.021846414,-0.0971310304164886,-0.1189774440288543,Bob Hollway,Bob Hollway,14.294441050702506,Defensive,0,16
HTX,2010,0.375,0.46018863,0.49407595,-0.1190759539604187,-0.033887327,-0.0851886272430419,-0.1190759539604187,Gary Kubiak,Gary Kubiak,14.233353695784972,Offensive,16,0
DEN,1994,0.4375,0.49711445,0.556891,-0.1193910241127014,-0.059776574,-0.0596144497394561,-0.1193910241127014,Wade Phillips,Wade Phillips,14.17226634086744,Defensive,0,39
DET,2013,0.4375,0.50963974,0.5575618,-0.1200618147850036,-0.047922075,-0.0721397399902343,-0.1200618147850036,Jim Schwartz,Jim Schwartz,14.111178985949907,Defensive,0,25
NYG,1975,0.3571,0.3967506,0.47784814,-0.1207481423854828,-0.08109754,-0.0396505991458893,-0.1207481423854828,Bill Arnsparger,Bill Arnsparger,14.050091631032377,Defensive,0,38
OTI,1990,0.5625,0.6486059,0.68383694,-0.1213369369506836,-0.035231054,-0.0861058831214904,-0.1213369369506836,Jack Pardee,Jack Pardee,13.989004276114844,Defensive,0,1
RAM,2007,0.1875,0.28152987,0.30911607,-0.1216160655021667,-0.027586192,-0.0940298736095428,-0.1216160655021667,Scott Linehan,Scott Linehan,13.927916921197312,Offensive,29,0
NYG,2001,0.4375,0.54862404,0.5593465,-0.1218464970588684,-0.010722458,-0.111124038696289,-0.1218464970588684,Jim Fassel,Jim Fassel,13.86682956627978,Offensive,13,0
NYJ,2007,0.25,0.3096741,0.37200934,-0.1220093369483947,-0.062335223,-0.0596741139888763,-0.1220093369483947,Eric Mangini,Eric Mangini,13.805742211362247,Defensive,2,10
NWE,2022,0.4706,0.6185555,0.59316367,-0.1225636691093444,0.025391817,-0.1479554862022399,-0.1225636691093444,Bill Belichick,Bill Belichick,13.744654856444717,Defensive,1,13
CRD,2018,0.1875,0.2216461,0.31015947,-0.1226594746112823,-0.088513374,-0.034146100282669,-0.1226594746112823,Steve Wilks,Steve Wilks,13.683567501527182,Defensive,0,24
JAX,2003,0.3125,0.35806176,0.43525392,-0.1227539181709289,-0.07719216,-0.0455617606639862,-0.1227539181709289,Jack Del Rio,Jack Del Rio,13.622480146609654,Defensive,0,11
CRD,1993,0.4375,0.46343824,0.5604361,-0.1229361295700073,-0.09699789,-0.0259382426738739,-0.1229361295700073,Joe Bugel,Joe Bugel,13.56139279169212,Offensive,20,0
RAM,1998,0.25,0.32101128,0.3732694,-0.1232694089412689,-0.052258134,-0.0710112750530242,-0.1232694089412689,Dick Vermeil,Dick Vermeil,13.500305436774587,Offensive,4,0
GNB,1991,0.25,0.3354821,0.37347856,-0.1234785616397857,-0.03799647,-0.0854820907115936,-0.1234785616397857,Lindy Infante,Lindy Infante,13.439218081857057,Offensive,13,0
ATL,2021,0.4118,0.528161,0.5356689,-0.1238689095497131,-0.0075079203,-0.1163609892845153,-0.1238689095497131,Arthur Smith,Arthur Smith,13.378130726939524,Offensive,11,2
ATL,1994,0.4375,0.49175456,0.56149215,-0.1239921450614929,-0.06973758,-0.0542545616626739,-0.1239921450614929,June Jones,June Jones,13.317043372021992,Offensive,13,0
NOR,1971,0.3571,0.3538961,0.48112455,-0.1240245501041412,-0.12722844,0.0032038887500762,-0.1240245501041412,J.D. Roberts,J.D. Roberts,13.25595601710446,Defensive,0,2
KAN,1982,0.3333,0.47337043,0.45849872,-0.1251987163543701,0.0148717165,-0.1400704328536987,-0.1251987163543701,Marv Levy,Marv Levy,13.194868662186924,Other,0,0
JAX,2001,0.375,0.49692565,0.50059414,-0.1255941390991211,-0.003668487,-0.1219256520271301,-0.1255941390991211,Tom Coughlin,Tom Coughlin,13.133781307269397,Offensive,17,0
DEN,1990,0.3125,0.38084736,0.43840864,-0.1259086430072784,-0.05756128,-0.0683473646640777,-0.1259086430072784,Dan Reeves,Dan Reeves,13.072693952351862,Offensive,6,0
JAX,2009,0.4375,0.5069575,0.56357676,-0.1260767579078674,-0.056619287,-0.069457471370697,-0.1260767579078674,Jack Del Rio,Jack Del Rio,13.01160659743433,Defensive,0,11
DET,2021,0.2059,0.2627819,0.33240533,-0.1265053287506103,-0.06962344,-0.0568818882465362,-0.1265053287506103,Dan Campbell,Dan Campbell,12.9505192425168,Offensive,10,0
HTX,2021,0.2353,0.37235558,0.36182064,-0.126520638179779,0.010534942,-0.137055580329895,-0.126520638179779,David Culley,David Culley,12.889431887599269,Offensive,36,0
CLT,1993,0.25,0.31586283,0.37660232,-0.1266023218631744,-0.060739487,-0.0658628344535827,-0.1266023218631744,Ted Marchibroda,Ted Marchibroda,12.828344532681736,Offensive,24,0
JAX,2012,0.125,0.19364525,0.25207433,-0.1270743310451507,-0.058429077,-0.0686452537775039,-0.1270743310451507,Mike Mularkey,Mike Mularkey,12.767257177764202,Offensive,18,0
SEA,2011,0.4375,0.5508176,0.56464565,-0.1271456480026245,-0.013828039,-0.1133176088333129,-0.1271456480026245,Pete Carroll,Pete Carroll,12.706169822846672,Defensive,1,17
ATL,1977,0.5,0.5721411,0.6275599,-0.1275599002838134,-0.05541879,-0.0721411108970642,-0.1275599002838134,Leeman Bennett,Leeman Bennett,12.64508246792914,Offensive,9,0
CLT,1979,0.3125,0.38723797,0.44045535,-0.1279553472995758,-0.05321738,-0.0747379660606384,-0.1279553472995758,Ted Marchibroda,Ted Marchibroda,12.583995113011609,Offensive,24,0
TAM,2001,0.5625,0.65100384,0.6905553,-0.1280552744865417,-0.039551437,-0.0885038375854492,-0.1280552744865417,Tony Dungy,Tony Dungy,12.522907758094073,Defensive,0,16
NWE,1990,0.0625,0.1284605,0.19067398,-0.1281739771366119,-0.06221348,-0.0659604966640472,-0.1281739771366119,Rod Rust,Rod Rust,12.461820403176542,Defensive,0,28
NWE,2023,0.2353,0.43113872,0.3642511,-0.1289511069774627,0.06688762,-0.1958387240886688,-0.1289511069774627,Bill Belichick,Bill Belichick,12.339645693341478,Defensive,1,13
SFO,1982,0.3333,0.5059733,0.46255314,-0.1292531435012817,0.043420136,-0.1726732794761658,-0.1292531435012817,Bill Walsh,Bill Walsh,12.278558338423949,Offensive,10,0
DET,1971,0.5357,0.6077223,0.6650027,-0.129302703666687,-0.05728042,-0.072022282409668,-0.129302703666687,Joe Schmidt,Joe Schmidt,12.217470983506413,Defensive,0,1
PHI,1999,0.3125,0.40955335,0.44194788,-0.1294478774070739,-0.03239453,-0.0970533490180969,-0.1294478774070739,Andy Reid,Andy Reid,12.156383628588882,Offensive,16,0
CRD,1990,0.3125,0.38976294,0.44206482,-0.1295648217201233,-0.052301884,-0.0772629380226135,-0.1295648217201233,Joe Bugel,Joe Bugel,12.09529627367135,Offensive,20,0
KAN,2011,0.3846,0.48803753,0.5143843,-0.1297843293190002,-0.026346803,-0.1034375266075134,-0.1297843293190002,Todd Haley,Romeo Crennel / Todd Haley,11.973121563836289,Offensive,21,0
ATL,2007,0.2308,0.34671238,0.36072677,-0.129926773738861,-0.014014393,-0.1159123806476593,-0.129926773738861,Bobby Petrino,Bobby Petrino / Emmitt Thomas,11.912034208918756,Offensive,21,0
TAM,1981,0.5625,0.62832797,0.6932936,-0.1307935714721679,-0.064965606,-0.0658279657363891,-0.1307935714721679,John McKay,John McKay,11.850946854001222,Other,0,0
DET,1986,0.3125,0.39741135,0.44394478,-0.1314447820186615,-0.046533436,-0.0849113464355468,-0.1314447820186615,Darryl Rogers,Darryl Rogers,11.78985949908369,Defensive,0,4
KAN,1977,0.1429,0.17877422,0.27543893,-0.1325389345645904,-0.09666471,-0.0358742227315902,-0.1325389345645904,Paul Wiggin,Paul Wiggin / Tom Bettis,11.728772144166156,Defensive,0,16
SEA,2009,0.3125,0.36924025,0.4453447,-0.1328446865081787,-0.07610443,-0.056740254163742,-0.1328446865081787,Jim Mora Jr,Jim Mora Jr,11.606597434331094,Defensive,1,19
CRD,1980,0.3125,0.46483472,0.44565234,-0.1331523358821869,0.019182384,-0.1523347198963165,-0.1331523358821869,Jim Hanifan,Jim Hanifan,11.54551007941356,Offensive,27,0
NYJ,1991,0.5,0.55039227,0.63319236,-0.1331923604011535,-0.08280009,-0.0503922700881958,-0.1331923604011535,Bruce Coslet,Bruce Coslet,11.48442272449603,Offensive,14,0
OTI,2015,0.1429,0.20926698,0.27609983,-0.1331998308658599,-0.066832855,-0.0663669755220413,-0.1331998308658599,Ken Whisenhunt,Ken Whisenhunt / Mike Mularkey,11.423335369578496,Offensive,16,0
NOR,2005,0.1875,0.28713495,0.32076553,-0.1332655251026153,-0.03363058,-0.0996349453926086,-0.1332655251026153,Jim Haslett,Jim Haslett,11.362248014660963,Defensive,0,25
WAS,1970,0.4286,0.46223855,0.56201667,-0.1334166659355163,-0.099778116,-0.0336385501861572,-0.1334166659355163,Bill Austin,Bill Austin,11.301160659743433,Offensive,22,0
NYJ,1993,0.5,0.55642176,0.63348985,-0.1334898471832275,-0.07706809,-0.0564217567443847,-0.1334898471832275,Bruce Coslet,Bruce Coslet,11.2400733048259,Offensive,14,0
RAV,1997,0.4062,0.46158475,0.53984964,-0.1336496389389038,-0.07826489,-0.0553847468376159,-0.1336496389389038,Ted Marchibroda,Ted Marchibroda,11.17898594990837,Offensive,24,0
SDG,2017,0.5625,0.6584008,0.6961948,-0.1336948275566101,-0.037794054,-0.0959007740020752,-0.1336948275566101,Anthony Lynn,Anthony Lynn,11.117898594990836,Offensive,14,0
NYG,1996,0.375,0.47867116,0.50874996,-0.1337499618530273,-0.030078799,-0.1036711633205413,-0.1337499618530273,Dan Reeves,Dan Reeves,11.056811240073303,Offensive,6,0
SDG,2016,0.3125,0.457887,0.44638616,-0.1338861584663391,0.011500835,-0.1453869938850402,-0.1338861584663391,Mike McCoy,Mike McCoy,10.995723885155773,Offensive,17,0
CLE,2012,0.3125,0.43724653,0.44774836,-0.1352483630180359,-0.010501832,-0.1247465312480926,-0.1352483630180359,Pat Shurmur,Pat Shurmur,10.934636530238242,Offensive,30,0
BUF,1977,0.2143,0.27047303,0.3497544,-0.1354543931007385,-0.07928136,-0.0561730331897735,-0.1354543931007385,Jim Ringo,Jim Ringo,10.873549175320708,Offensive,18,0
JAX,2015,0.3125,0.3497562,0.44804472,-0.1355447173118591,-0.098288506,-0.0372562110424041,-0.1355447173118591,Gus Bradley,Gus Bradley,10.812461820403175,Defensive,0,26
HTX,2002,0.25,0.31386325,0.38627556,-0.1362755596637725,-0.07241231,-0.0638632476329803,-0.1362755596637725,Dom Capers,Dom Capers,10.690287110568113,Defensive,0,33
DET,2004,0.375,0.48596966,0.51129556,-0.1362955570220947,-0.025325894,-0.1109696626663208,-0.1362955570220947,Steve Mariucci,Steve Mariucci,10.62919975565058,Offensive,17,0
MIN,1972,0.5,0.567173,0.63630277,-0.1363027691841125,-0.069129765,-0.0671730041503906,-0.1363027691841125,Bud Grant,Bud Grant,10.568112400733048,Other,0,0
DET,2009,0.125,0.19487704,0.26182008,-0.1368200778961181,-0.066943035,-0.0698770433664321,-0.1368200778961181,Jim Schwartz,Jim Schwartz,10.507025045815515,Defensive,0,25
MIA,2004,0.1111,0.21777321,0.24845459,-0.1373545856714248,-0.030681372,-0.106673213982582,-0.1373545856714248,Dave Wannstedt,Dave Wannstedt / Jim Bates,10.445937690897985,Defensive,0,19
SDG,1986,0.125,0.2105458,0.26249272,-0.1374927163124084,-0.051946923,-0.0855457931756973,-0.1374927163124084,Don Coryell,Al Saunders / Don Coryell,10.38485033598045,Other,0,0
WAS,1998,0.375,0.46815813,0.512956,-0.1379560232162475,-0.044797897,-0.0931581258773803,-0.1379560232162475,Norv Turner,Norv Turner,10.32376298106292,Offensive,27,1
CAR,2010,0.125,0.2579941,0.26413864,-0.139138638973236,-0.0061445534,-0.1329940855503082,-0.139138638973236,John Fox,John Fox,10.262675626145388,Defensive,0,22
RAM,1990,0.3125,0.45594457,0.45185915,-0.1393591463565826,0.0040854216,-0.1434445679187774,-0.1393591463565826,John Robinson,John Robinson,10.201588271227855,Offensive,4,1
NYJ,2011,0.5,0.6000181,0.64031994,-0.1403199434280395,-0.04030186,-0.1000180840492248,-0.1403199434280395,Rex Ryan,Rex Ryan,10.140500916310325,Defensive,0,20
SFO,2000,0.375,0.4399584,0.5155364,-0.1405364274978637,-0.075578034,-0.0649583935737609,-0.1405364274978637,Steve Mariucci,Steve Mariucci,10.07941356139279,Offensive,17,0
BUF,1978,0.3125,0.41238773,0.45349574,-0.1409957408905029,-0.041108012,-0.099887728691101,-0.1409957408905029,Chuck Knox,Chuck Knox,10.01832620647526,Offensive,10,0
DET,1988,0.1818,0.24410768,0.32284817,-0.1410481709957123,-0.07874049,-0.0623076785326004,-0.1410481709957123,Darryl Rogers,Darryl Rogers / Wayne Fontes,9.957238851557728,Defensive,0,4
NWE,1992,0.125,0.22662096,0.26665744,-0.1416574418544769,-0.040036485,-0.1016209572553634,-0.1416574418544769,Dick MacPherson,Dick MacPherson,9.896151496640195,Defensive,0,7
CIN,1991,0.1875,0.32239652,0.3305305,-0.1430304944515228,-0.008133978,-0.1348965167999267,-0.1430304944515228,Sam Wyche,Sam Wyche,9.835064141722665,Offensive,19,0
SDG,1975,0.1429,0.19771676,0.28651947,-0.1436194678306579,-0.08880271,-0.0548167576551437,-0.1436194678306579,Tommy Prothro,Tommy Prothro,9.773976786805132,Other,0,0
NOR,2024,0.2222,0.3134787,0.3667143,-0.1445142987251281,-0.05323559,-0.0912787082672119,-0.1445142987251281,Dennis Allen,Darren Rizzi / Dennis Allen,9.712889431887598,Defensive,0,20
OTI,1998,0.5,0.6034981,0.6446979,-0.144697904586792,-0.041199803,-0.103498101234436,-0.144697904586792,Jeff Fisher,Jeff Fisher,9.651802076970068,Defensive,0,9
SEA,1977,0.3571,0.46885428,0.5018503,-0.1447503069877624,-0.03299603,-0.1117542783260345,-0.1447503069877624,Jack Patera,Jack Patera,9.590714722052535,Defensive,0,13
JAX,2022,0.5294,0.650733,0.6747341,-0.1453341156005859,-0.024001122,-0.1213329940795898,-0.1453341156005859,Doug Pederson,Doug Pederson,9.529627367135005,Offensive,7,0
SDG,1972,0.3214,0.37744325,0.46701443,-0.1456144319534301,-0.08957118,-0.056043253993988,-0.1456144319534301,Harland Svare,Harland Svare,9.46854001221747,Defensive,0,6
RAV,1998,0.375,0.45062461,0.52073157,-0.1457315683364868,-0.07010695,-0.0756246149539947,-0.1457315683364868,Ted Marchibroda,Ted Marchibroda,9.407452657299938,Offensive,24,0
NOR,1986,0.4375,0.5014552,0.58363295,-0.1461329460144043,-0.08217776,-0.0639551877975463,-0.1461329460144043,Jim Mora Sr,Jim Mora Sr,9.346365302382406,Defensive,0,17
CAR,1998,0.25,0.3228672,0.39666212,-0.1466621160507202,-0.0737949,-0.072867214679718,-0.1466621160507202,Dom Capers,Dom Capers,9.285277947464875,Defensive,0,33
ATL,2018,0.4375,0.52002764,0.5845321,-0.147032082080841,-0.064504445,-0.0825276374816894,-0.147032082080841,Dan Quinn,Dan Quinn,9.224190592547345,Defensive,0,24
OTI,1970,0.25,0.34896654,0.39745644,-0.1474564373493194,-0.0484899,-0.0989665389060974,-0.1474564373493194,Wally Lemm,Wally Lemm,9.16310323762981,Defensive,0,3
TAM,2018,0.3125,0.35378048,0.46070072,-0.1482007205486297,-0.10692024,-0.0412804782390594,-0.1482007205486297,Dirk Koetter,Dirk Koetter,9.10201588271228,Offensive,26,0
NOR,1977,0.2143,0.2976478,0.36251378,-0.148213780593872,-0.06486598,-0.0833478040218353,-0.148213780593872,Hank Stram,Hank Stram,9.040928527794746,Other,0,0
KAN,2012,0.125,0.16959101,0.27359936,-0.1485993564128875,-0.10400835,-0.0445910096168518,-0.1485993564128875,Romeo Crennel,Romeo Crennel,8.979841172877215,Defensive,0,32
CHI,2022,0.1765,0.23454586,0.3253027,-0.1488026902675628,-0.09075683,-0.0580458567142486,-0.1488026902675628,Matt Eberflus,Matt Eberflus,8.918753817959683,Defensive,0,29
CIN,2016,0.4062,0.53902245,0.5556144,-0.1494144118309021,-0.016591966,-0.1328224456787109,-0.1494144118309021,Marvin Lewis,Marvin Lewis,8.85766646304215,Defensive,0,23
SFO,2008,0.2857,0.3501158,0.4351572,-0.1494572096347808,-0.085041404,-0.0644158058643341,-0.1494572096347808,Mike Nolan,Mike Nolan / Mike Singletary,8.796579108124618,Defensive,1,33
NYG,2019,0.25,0.3686008,0.39949822,-0.1494982242584228,-0.030897439,-0.1186007857322692,-0.1494982242584228,Pat Shurmur,Pat Shurmur,8.735491753207086,Offensive,30,0
WAS,2011,0.3125,0.39318183,0.4621508,-0.1496508121490478,-0.06896898,-0.0806818306446075,-0.1496508121490478,Mike Shanahan,Mike Shanahan,8.674404398289553,Offensive,17,0
CLT,2019,0.4375,0.5574286,0.587703,-0.150202989578247,-0.030274391,-0.1199285984039306,-0.150202989578247,Frank Reich,Frank Reich,8.613317043372023,Offensive,6,0
TAM,2014,0.125,0.2346924,0.27577323,-0.1507732272148132,-0.041080832,-0.1096923947334289,-0.1507732272148132,Lovie Smith,Lovie Smith,8.552229688454489,Defensive,0,22
NOR,1972,0.1786,0.2166584,0.32954177,-0.1509417726039886,-0.112883374,-0.0380583985090255,-0.1509417726039886,J.D. Roberts,J.D. Roberts,8.491142333536958,Defensive,0,2
SDG,2008,0.5,0.6454323,0.6510727,-0.1510726809501648,-0.0056403875,-0.1454322934150695,-0.1510726809501648,Norv Turner,Norv Turner,8.430054978619426,Offensive,27,1
RAM,1997,0.3125,0.45377097,0.46376637,-0.1512663662433624,-0.009995401,-0.1412709653377533,-0.1512663662433624,Dick Vermeil,Dick Vermeil,8.368967623701893,Offensive,4,0
CHI,2023,0.4118,0.4145501,0.56322277,-0.1514227659225464,-0.14867267,-0.002750095796585,-0.1514227659225464,Matt Eberflus,Matt Eberflus,8.307880268784363,Defensive,0,29
NYG,2017,0.1667,0.29088593,0.31867412,-0.1519741173267364,-0.027788192,-0.1241859252929687,-0.1519741173267364,Ben McAdoo,Ben McAdoo / Steve Spagnuolo,8.24679291386683,Offensive,14,0
JAX,2021,0.1538,0.23911466,0.30599284,-0.152192841720581,-0.066878185,-0.0853146570444107,-0.152192841720581,Urban Meyer,Darrell Bevell / Urban Meyer,8.185705558949298,Offensive,12,2
NWE,1981,0.125,0.28099263,0.27804402,-0.1530440151691436,0.002948612,-0.1559926271438598,-0.1530440151691436,Ron Erhardt,Ron Erhardt,8.124618204031766,Offensive,21,0
JAX,2020,0.0625,0.14827485,0.2158038,-0.1533038020133972,-0.06752895,-0.0857748538255691,-0.1533038020133972,Doug Marrone,Doug Marrone,8.063530849114233,Offensive,20,0
CLE,2015,0.1875,0.26443008,0.34221518,-0.1547151803970337,-0.077785105,-0.0769300758838653,-0.1547151803970337,Mike Pettine,Mike Pettine,8.0024434941967,Defensive,0,13
BUF,1986,0.2222,0.3022182,0.37797424,-0.1557742419719696,-0.07575604,-0.0800181987762451,-0.1557742419719696,Hank Bullough,Hank Bullough / Marv Levy,7.880268784361637,Defensive,0,22
DET,1996,0.3125,0.4000697,0.4691232,-0.1566232144832611,-0.0690535,-0.0875697135925293,-0.1566232144832611,Wayne Fontes,Wayne Fontes,7.8191814294441055,Defensive,0,13
CHI,1989,0.375,0.50768685,0.5328791,-0.1578791141510009,-0.02519226,-0.1326868534088134,-0.1578791141510009,Mike Ditka,Mike Ditka,7.758094074526572,Offensive,9,0
CLE,1991,0.375,0.5448623,0.5329351,-0.157935082912445,0.011927187,-0.1698622703552246,-0.157935082912445,Bill Belichick,Bill Belichick,7.697006719609041,Defensive,1,13
RAI,2012,0.25,0.32141262,0.40827888,-0.1582788825035095,-0.08686626,-0.0714126229286193,-0.1582788825035095,Dennis Allen,Dennis Allen,7.635919364691508,Defensive,0,20
SDG,1971,0.4,0.4754752,0.5584398,-0.1584397912025451,-0.0829646,-0.0754751920700073,-0.1584397912025451,Sid Gillman,Harland Svare / Sid Gillman,7.574832009773977,Offensive,3,0
NOR,1996,0.25,0.3582553,0.40846407,-0.1584640741348266,-0.050208777,-0.1082552969455719,-0.1584640741348266,Jim Mora Sr,Jim Mora Sr / Rick Venturi,7.513744654856444,Defensive,0,17
ATL,1996,0.1875,0.25295773,0.34598824,-0.158488243818283,-0.09303051,-0.0654577314853668,-0.158488243818283,June Jones,June Jones,7.452657299938912,Offensive,13,0
TAM,1980,0.3438,0.4329066,0.50282055,-0.1590205513954162,-0.06991395,-0.0891065978527069,-0.1590205513954162,John McKay,John McKay,7.391569945021381,Other,0,0
SDG,1978,0.25,0.31457207,0.40922815,-0.1592281460762024,-0.09465608,-0.0645720660686492,-0.1592281460762024,Tommy Prothro,Don Coryell / Tommy Prothro,7.330482590103848,Other,0,0
NOR,1995,0.4375,0.5651269,0.597803,-0.160302996635437,-0.0326761,-0.127626895904541,-0.160302996635437,Jim Mora Sr,Jim Mora Sr,7.269395235186317,Defensive,0,17
MIN,2006,0.375,0.5071804,0.5354737,-0.1604737043380737,-0.028293312,-0.1321803927421569,-0.1604737043380737,Brad Childress,Brad Childress,7.208307880268784,Offensive,30,0
CIN,2010,0.25,0.36971715,0.4115174,-0.1615174114704132,-0.04180026,-0.1197171509265899,-0.1615174114704132,Marvin Lewis,Marvin Lewis,7.147220525351253,Defensive,0,23
OTI,1994,0.1,0.21314734,0.26417047,-0.1641704678535461,-0.051023126,-0.1131473422050476,-0.1641704678535461,Jack Pardee,Jack Pardee / Jeff Fisher,7.08613317043372,Defensive,0,1
TAM,1978,0.3125,0.35237515,0.4771823,-0.1646822988986969,-0.12480715,-0.0398751497268676,-0.1646822988986969,John McKay,John McKay,7.025045815516188,Other,0,0
CLE,1995,0.3125,0.4963,0.47750562,-0.165005624294281,0.018794388,-0.1838000118732452,-0.165005624294281,Bill Belichick,Bill Belichick,6.963958460598656,Defensive,1,13
KAN,1976,0.3571,0.4049158,0.5226501,-0.1655501226425171,-0.11773431,-0.0478158096313476,-0.1655501226425171,Paul Wiggin,Paul Wiggin,6.9028711056811245,Defensive,0,16
SFO,1978,0.1111,0.18407343,0.276702,-0.1656019867897033,-0.09262855,-0.0729734332799911,-0.1656019867897033,Pete McCulley,Fred O'Connor / Pete McCulley,6.841783750763591,Offensive,26,0
TAM,1991,0.1875,0.24726215,0.35348663,-0.1659866273403167,-0.10622448,-0.0597621500492095,-0.1659866273403167,Richard Williamson,Richard Williamson,6.78069639584606,Offensive,25,0
CLT,2017,0.25,0.3696562,0.41637906,-0.1663790643215179,-0.04672286,-0.1196562051773071,-0.1663790643215179,Chuck Pagano,Chuck Pagano,6.719609040928527,Defensive,0,28
GNB,2022,0.4706,0.67055196,0.6370749,-0.1664748877525329,0.033477068,-0.1999519556999206,-0.1664748877525329,Matt LaFleur,Matt LaFleur,6.658521686010996,Offensive,16,0
CIN,2019,0.125,0.2232844,0.29245844,-0.1674584448337555,-0.06917405,-0.0982843935489654,-0.1674584448337555,Zac Taylor,Zac Taylor,6.597434331093463,Offensive,7,0
ATL,1988,0.3125,0.41857606,0.48216662,-0.1696666181087494,-0.06359056,-0.1060760617256164,-0.1696666181087494,Marion Campbell,Marion Campbell,6.475259621258401,Defensive,0,21
KAN,1983,0.375,0.49880788,0.5457659,-0.1707658767700195,-0.046958,-0.1238078773021698,-0.1707658767700195,John Mackovic,John Mackovic,6.414172266340867,Offensive,11,0
RAV,1996,0.25,0.33752215,0.42108005,-0.1710800528526306,-0.083557904,-0.0875221490859985,-0.1710800528526306,Ted Marchibroda,Ted Marchibroda,6.353084911423336,Offensive,24,0
NYJ,1990,0.375,0.4479497,0.547713,-0.1727129817008972,-0.099763274,-0.0729497075080871,-0.1727129817008972,Bruce Coslet,Bruce Coslet,6.291997556505804,Offensive,14,0
DEN,2010,0.25,0.40356258,0.424963,-0.1749629974365234,-0.021400422,-0.1535625755786895,-0.1749629974365234,Josh McDaniels,Eric Studesville / Josh McDaniels,6.230910201588271,Offensive,17,2
ATL,1989,0.25,0.31865445,0.42598552,-0.1759855151176452,-0.10733107,-0.0686544477939605,-0.1759855151176452,Marion Campbell,Jim Hanifan / Marion Campbell,6.169822846670739,Defensive,0,21
WAS,2009,0.25,0.42133766,0.42610416,-0.1761041581630706,-0.004766494,-0.1713376641273498,-0.1761041581630706,Jim Zorn,Jim Zorn,6.108735491753206,Offensive,23,0
BUF,1971,0.0714,0.11281722,0.24803102,-0.1766310201644897,-0.13521379,-0.0414172203898429,-0.1766310201644897,Harvey Johnson,Harvey Johnson,6.047648136835675,Defensive,0,2
HTX,2004,0.4375,0.51404303,0.61485785,-0.1773578524589538,-0.10081482,-0.0765430331230163,-0.1773578524589538,Dom Capers,Dom Capers,5.986560781918144,Defensive,0,33
CRD,1979,0.2308,0.35570377,0.4109156,-0.1801156131744384,-0.055211842,-0.1249037711143493,-0.1801156131744384,Bud Wilkinson,Bud Wilkinson / Larry Wilson,5.925473427000611,Other,0,0
SEA,1993,0.375,0.47548094,0.5566033,-0.1816033124923706,-0.08112237,-0.1004809439182281,-0.1816033124923706,Tom Flores,Tom Flores,5.803298717165547,Offensive,8,0
CRD,2001,0.4375,0.5224093,0.6195155,-0.1820154786109924,-0.09710616,-0.0849093198776245,-0.1820154786109924,Dave McGinnis,Dave McGinnis,5.742211362248015,Defensive,0,19
WAS,1993,0.25,0.34251565,0.432238,-0.1822380125522613,-0.089722365,-0.0925156474113464,-0.1822380125522613,Richie Petitbon,Richie Petitbon,5.6811240073304825,Defensive,0,19
TAM,1985,0.125,0.25935844,0.30887648,-0.183876484632492,-0.04951805,-0.1343584358692169,-0.183876484632492,Leeman Bennett,Leeman Bennett,5.62003665241295,Offensive,9,0
CIN,1993,0.1875,0.24627778,0.37298205,-0.1854820549488067,-0.12670428,-0.058777779340744,-0.1854820549488067,David Shula,David Shula,5.558949297495419,Offensive,16,0
NYJ,1992,0.25,0.3322156,0.43616942,-0.1861694157123565,-0.10395381,-0.0822156071662902,-0.1861694157123565,Bruce Coslet,Bruce Coslet,5.497861942577886,Offensive,14,0
CAR,2004,0.4375,0.60921973,0.6243922,-0.1868922114372253,-0.015172482,-0.1717197299003601,-0.1868922114372253,John Fox,John Fox,5.436774587660354,Defensive,0,22
PHI,1975,0.2857,0.3713595,0.47455266,-0.1888526611804962,-0.103193164,-0.085659497308731,-0.1888526611804962,Mike McCormack,Mike McCormack,5.375687232742823,Offensive,9,2
OTI,2024,0.1765,0.36995485,0.36614358,-0.1896435842514038,0.00381127,-0.1934548542499542,-0.1896435842514038,Brian Callahan,Brian Callahan,5.31459987782529,Offensive,13,0
RAI,2018,0.25,0.41066375,0.4398148,-0.189814805984497,-0.029151052,-0.16066375374794,-0.189814805984497,Jon Gruden,Jon Gruden,5.253512522907758,Offensive,10,0
DET,2008,0.0,0.099325076,0.19066782,-0.1906678229570388,-0.09134275,-0.0993250757455825,-0.1906678229570388,Rod Marinelli,Rod Marinelli,5.192425167990225,Defensive,1,32
TAM,1976,0.0,0.05082796,0.191745,-0.1917449980974197,-0.14091703,-0.0508279614150524,-0.1917449980974197,John McKay,John McKay,5.131337813072694,Other,0,0
MIN,2011,0.1875,0.2797577,0.37995532,-0.1924553215503692,-0.10019761,-0.0922577083110809,-0.1924553215503692,Leslie Frazier,Leslie Frazier,5.070250458155162,Defensive,0,17
CIN,1998,0.1875,0.29871413,0.38000742,-0.1925074160099029,-0.081293285,-0.111214131116867,-0.1925074160099029,Bruce Coslet,Bruce Coslet,5.00916310323763,Offensive,14,0
CLT,1974,0.0,0.052138764,0.193356,-0.1933560073375702,-0.14121725,-0.052138764411211,-0.1933560073375702,Howard Schnellenberger,Howard Schnellenberger / Joe Thomas,4.948075748320098,Offensive,16,0
NYJ,2014,0.25,0.38127813,0.44430432,-0.1943043172359466,-0.06302619,-0.1312781274318695,-0.1943043172359466,Rex Ryan,Rex Ryan,4.886988393402566,Defensive,0,20
CLE,2018,0.3125,0.47615072,0.5074035,-0.1949034929275512,-0.03125277,-0.1636507213115692,-0.1949034929275512,Hue Jackson,Gregg Williams / Hue Jackson,4.825901038485034,Offensive,25,1
NYJ,1980,0.25,0.37753147,0.4451285,-0.1951285004615783,-0.06759703,-0.1275314688682556,-0.1951285004615783,Walt Michaels,Walt Michaels,4.7648136835675015,Defensive,0,15
SDG,2019,0.3125,0.5120092,0.5083689,-0.1958689093589782,0.003640294,-0.1995092034339904,-0.1958689093589782,Anthony Lynn,Anthony Lynn,4.703726328649969,Offensive,14,0
JAX,2011,0.2727,0.460669,0.4691439,-0.1964438972949981,-0.008474886,-0.1879690108776092,-0.1964438972949981,Jack Del Rio,Jack Del Rio / Mel Tucker,4.642638973732438,Defensive,0,11
NOR,1975,0.1667,0.32386106,0.36380535,-0.19710535364151,-0.03994429,-0.1571610625267029,-0.19710535364151,John North,Ernie Hefferle / John North,4.581551618814905,Offensive,15,0
WAS,1994,0.1875,0.42219108,0.3870417,-0.199541687965393,0.035149395,-0.2346910834312439,-0.199541687965393,Norv Turner,Norv Turner,4.520464263897373,Offensive,27,1
OTI,1973,0.0,0.10979326,0.20100288,-0.2010028809309005,-0.09120962,-0.1097932606935501,-0.2010028809309005,Bill Peterson,Bill Peterson / Sid Gillman,4.459376908979841,Offensive,5,0
DET,2006,0.1875,0.2551186,0.3893357,-0.2018356919288635,-0.13421708,-0.0676186084747314,-0.2018356919288635,Rod Marinelli,Rod Marinelli,4.398289554062309,Defensive,1,32
TAM,1983,0.125,0.27137613,0.3287284,-0.2037284076213836,-0.057352275,-0.1463761329650879,-0.2037284076213836,John McKay,John McKay,4.276114844227244,Other,0,0
JAX,2002,0.375,0.5881217,0.5791182,-0.2041181921958923,0.00900352,-0.2131217122077942,-0.2041181921958923,Tom Coughlin,Tom Coughlin,4.215027489309713,Offensive,17,0
OTI,1983,0.0,0.12022987,0.20424281,-0.2042428106069564,-0.08401294,-0.1202298700809478,-0.2042428106069564,Ed Biles,Chuck Studley / Ed Biles,4.153940134392181,Defensive,0,11
NYJ,1970,0.2857,0.5158436,0.49230164,-0.2066016428947448,0.023541927,-0.2301435702323913,-0.2066016428947448,Weeb Ewbank,Weeb Ewbank,4.092852779474649,Offensive,6,0
CAR,2023,0.0909,0.2455142,0.29765812,-0.2067581156253815,-0.052143916,-0.1546141991376877,-0.2067581156253815,Frank Reich,Chris Tabor / Frank Reich,4.031765424557117,Offensive,6,0
BUF,1984,0.125,0.2961606,0.33496904,-0.2099690437316894,-0.038808435,-0.1711606085300445,-0.2099690437316894,Kay Stephenson,Kay Stephenson,3.9706780696395847,Offensive,8,0
MIA,2011,0.3077,0.4943121,0.5194335,-0.2117334983825683,-0.02512139,-0.1866121075630188,-0.2117334983825683,Tony Sparano,Todd Bowles / Tony Sparano,3.9095907147220528,Offensive,22,0
TAM,1977,0.1429,0.24371606,0.3554019,-0.2125019033908844,-0.11168584,-0.1008160611152649,-0.2125019033908844,John McKay,John McKay,3.84850335980452,Other,0,0
CLT,2011,0.125,0.28010625,0.33754906,-0.2125490605831146,-0.057442814,-0.155106246471405,-0.2125490605831146,Jim Caldwell,Jim Caldwell,3.787416004886989,Offensive,19,0
CIN,1979,0.25,0.39659923,0.46357363,-0.2135736346244812,-0.0669744,-0.1465992331504821,-0.2135736346244812,Homer Rice,Homer Rice,3.726328649969456,Offensive,5,0
BUF,1979,0.4375,0.6317782,0.65158594,-0.2140859365463256,-0.019807756,-0.1942781805992126,-0.2140859365463256,Chuck Knox,Chuck Knox,3.665241295051924,Offensive,10,0
NYJ,1996,0.0625,0.22508182,0.27711642,-0.2146164178848266,-0.0520346,-0.1625818163156509,-0.2146164178848266,Rich Kotite,Rich Kotite,3.604153940134392,Offensive,14,0
TAM,1986,0.125,0.25323212,0.34018335,-0.2151833474636078,-0.086951226,-0.1282321214675903,-0.2151833474636078,Leeman Bennett,Leeman Bennett,3.54306658521686,Offensive,9,0
CLE,1999,0.125,0.30963713,0.34033534,-0.215335339307785,-0.03069821,-0.1846371293067932,-0.215335339307785,Chris Palmer,Chris Palmer,3.481979230299328,Offensive,32,0
RAM,2011,0.125,0.21482274,0.34104332,-0.2160433232784271,-0.12622058,-0.0898227393627166,-0.2160433232784271,Steve Spagnuolo,Steve Spagnuolo,3.420891875381796,Defensive,0,38
PHI,1994,0.4375,0.6161569,0.6543181,-0.21681809425354,-0.03816122,-0.1786568760871887,-0.21681809425354,Rich Kotite,Rich Kotite,3.359804520464264,Offensive,14,0
SEA,1994,0.375,0.5646389,0.5918648,-0.2168648242950439,-0.027225912,-0.1896389126777649,-0.2168648242950439,Tom Flores,Tom Flores,3.2987171655467318,Offensive,8,0
SDG,2001,0.3125,0.45649797,0.53312093,-0.2206209301948547,-0.07662296,-0.1439979672431945,-0.2206209301948547,Mike Riley,Mike Riley,3.2376298106292003,Defensive,1,10
CLE,2011,0.25,0.49266407,0.4731432,-0.2231431901454925,0.019520879,-0.2426640689373016,-0.2231431901454925,Pat Shurmur,Pat Shurmur,3.115455100794136,Offensive,30,0
PHI,1977,0.3571,0.48306137,0.5813104,-0.2242103914260864,-0.09824902,-0.1259613732337952,-0.2242103914260864,Dick Vermeil,Dick Vermeil,3.054367745876603,Offensive,4,0
SDG,2000,0.0625,0.21260665,0.28733608,-0.2248360812664032,-0.07472943,-0.1501066535711288,-0.2248360812664032,Mike Riley,Mike Riley,2.993280390959072,Defensive,1,10
DET,2012,0.25,0.37559158,0.47535142,-0.2253514230251312,-0.09975985,-0.1255915760993957,-0.2253514230251312,Jim Schwartz,Jim Schwartz,2.93219303604154,Defensive,0,25
CLT,1981,0.125,0.23982997,0.35613278,-0.2311327755451202,-0.1163028,-0.1148299723863601,-0.2311327755451202,Mike McCormack,Mike McCormack,2.810018326206475,Offensive,9,2
CLT,1986,0.0,0.15503067,0.2321054,-0.232105404138565,-0.07707474,-0.1550306677818298,-0.232105404138565,Rod Dowhower,Rod Dowhower / Ron Meyer,2.748930971288943,Offensive,25,0
MIA,2015,0.25,0.44104233,0.48520654,-0.2352065443992614,-0.04416421,-0.1910423338413238,-0.2352065443992614,Joe Philbin,Dan Campbell / Joe Philbin,2.6878436163714112,Offensive,31,0
NYG,1976,0.0,0.12431658,0.2376449,-0.2376448959112167,-0.113328315,-0.1243165805935859,-0.2376448959112167,Bill Arnsparger,Bill Arnsparger / John McVay,2.626756261453879,Defensive,0,38
NOR,1970,0.1429,0.20504531,0.3807427,-0.2378426989078521,-0.17569739,-0.0621453126430511,-0.2378426989078521,J.D. Roberts,J.D. Roberts / Tom Fears,2.565668906536347,Defensive,0,2
SEA,1980,0.25,0.4791426,0.48821798,-0.2382179796695709,-0.009075373,-0.2291426062583923,-0.2382179796695709,Jack Patera,Jack Patera,2.504581551618815,Defensive,0,13
DET,2001,0.125,0.28024933,0.36514118,-0.2401411831378936,-0.084891856,-0.1552493274211883,-0.2401411831378936,Marty Mornhinweg,Marty Mornhinweg,2.443494196701283,Offensive,20,0
HTX,2022,0.2059,0.40007704,0.4477429,-0.2418429091930389,-0.047665864,-0.1941770449638366,-0.2418429091930389,Lovie Smith,Lovie Smith,2.3824068417837507,Defensive,0,22
WAS,1980,0.375,0.53730756,0.618356,-0.2433559894561767,-0.08104843,-0.1623075604438781,-0.2433559894561767,Jack Pardee,Jack Pardee,2.321319486866219,Defensive,0,1
BUF,1985,0.0,0.19726624,0.24565658,-0.2456565797328949,-0.048390344,-0.1972662359476089,-0.2456565797328949,Kay Stephenson,Hank Bullough / Kay Stephenson,2.2602321319486864,Offensive,8,0
SEA,1976,0.1429,0.2920657,0.3902569,-0.2473569115161895,-0.0981912,-0.1491657098293304,-0.2473569115161895,Jack Patera,Jack Patera,2.1991447770311545,Defensive,0,13
CIN,2000,0.0,0.12442363,0.2490693,-0.2490693032741546,-0.12464567,-0.1244236305356025,-0.2490693032741546,Bruce Coslet,Bruce Coslet / Dick LeBeau,2.138057422113622,Offensive,14,0
HTX,2005,0.125,0.27089393,0.37525725,-0.2502572536468506,-0.10436332,-0.1458939313888549,-0.2502572536468506,Dom Capers,Dom Capers,2.0769700671960907,Defensive,0,33
MIA,2007,0.0625,0.22466907,0.3139542,-0.2514542043209076,-0.089285135,-0.1621690690517425,-0.2514542043209076,Cam Cameron,Cam Cameron,2.0158827122785583,Offensive,25,0
RAI,2014,0.0,0.15553147,0.2522108,-0.252210795879364,-0.09667933,-0.1555314660072326,-0.252210795879364,Dennis Allen,Dennis Allen / Tony Sparano,1.9547953573610264,Defensive,0,20
OTI,1984,0.1875,0.30722007,0.44044286,-0.2529428601264953,-0.13322279,-0.1197200715541839,-0.2529428601264953,Hugh Campbell,Hugh Campbell,1.8937080024434945,Other,0,0
NYG,1995,0.3125,0.541981,0.56553847,-0.2530384659767151,-0.023557484,-0.2294809818267822,-0.2530384659767151,Dan Reeves,Dan Reeves,1.832620647525962,Offensive,6,0
SEA,1992,0.125,0.3002379,0.37937936,-0.2543793618679046,-0.07914147,-0.1752378940582275,-0.2543793618679046,Tom Flores,Tom Flores,1.77153329260843,Offensive,8,0
NYG,2018,0.3125,0.5124771,0.5669418,-0.2544417977333069,-0.054464698,-0.1999770998954773,-0.2544417977333069,Pat Shurmur,Pat Shurmur,1.7104459376908978,Offensive,30,0
DAL,2010,0.125,0.39624548,0.37983394,-0.2548339366912842,0.016411543,-0.2712454795837402,-0.2548339366912842,Wade Phillips,Jason Garrett / Wade Phillips,1.6493585827733657,Defensive,0,39
RAI,2008,0.25,0.39080945,0.5060881,-0.2560880780220032,-0.11527863,-0.1408094465732574,-0.2560880780220032,Lane Kiffin,Lane Kiffin / Tom Cable,1.588271227855834,Offensive,10,1
RAI,1997,0.25,0.38769162,0.5085104,-0.258510410785675,-0.120818794,-0.1376916170120239,-0.258510410785675,Joe Bugel,Joe Bugel,1.5271838729383016,Offensive,20,0
WAS,2013,0.1875,0.39116755,0.44774997,-0.2602499723434448,-0.05658242,-0.203667551279068,-0.2602499723434448,Mike Shanahan,Mike Shanahan,1.4050091631032375,Offensive,17,0
GNB,2008,0.375,0.60684615,0.6354441,-0.2604441046714782,-0.028597951,-0.2318461537361145,-0.2604441046714782,Mike McCarthy,Mike McCarthy,1.3439218081857056,Offensive,14,0
KAN,1978,0.25,0.3301968,0.5174195,-0.2674195170402527,-0.18722272,-0.0801967978477478,-0.2674195170402527,Marv Levy,Marv Levy,1.2828344532681737,Other,0,0
SDG,1991,0.25,0.4257788,0.51747924,-0.2674792408943176,-0.091700435,-0.1757788062095642,-0.2674792408943176,Dan Henning,Dan Henning,1.2217470983506415,Offensive,29,0
CLT,1972,0.2,0.43645376,0.4704583,-0.270458298921585,-0.03400454,-0.2364537596702575,-0.270458298921585,Don McCafferty,Don McCafferty / John Sandusky,1.1606597434331094,Offensive,11,0
CIN,1971,0.2857,0.43927422,0.55769473,-0.2719947331428528,-0.11842051,-0.1535742216587066,-0.2719947331428528,Paul Brown,Paul Brown,1.0995723885155773,Other,0,0
CIN,1978,0.0,0.19801717,0.27454954,-0.2745495438575744,-0.07653238,-0.1980171650648117,-0.2745495438575744,Bill Johnson,Bill Johnson / Homer Rice,0.9773976786805132,Offensive,31,0
CLE,2017,0.0,0.22049807,0.2819866,-0.2819865942001343,-0.061488524,-0.2204980701208114,-0.2819865942001343,Hue Jackson,Hue Jackson,0.916310323762981,Offensive,25,1
CLT,1991,0.0,0.20651956,0.29087663,-0.2908766269683838,-0.08435707,-0.2065195590257644,-0.2908766269683838,Ron Meyer,Rick Venturi / Ron Meyer,0.8552229688454489,Other,0,0
TAM,2013,0.25,0.49731326,0.5438798,-0.2938798069953918,-0.046566546,-0.2473132610321045,-0.2938798069953918,Greg Schiano,Greg Schiano,0.794135613927917,Defensive,0,10
CAR,2001,0.0625,0.26730677,0.35680047,-0.2943004667758941,-0.08949369,-0.20480677485466,-0.2943004667758941,George Seifert,George Seifert,0.7330482590103848,Defensive,0,20
CHI,2024,0.3333,0.46694356,0.631585,-0.2982850019454956,-0.16464144,-0.1336435620307922,-0.2982850019454956,Matt Eberflus,Matt Eberflus / Thomas Brown,0.6719609040928528,Defensive,0,29
WAS,2019,0.0,0.20354854,0.298892,-0.2988919913768768,-0.095343456,-0.2035485357046127,-0.2988919913768768,Jay Gruden,Bill Callahan / Jay Gruden,0.6108735491753208,Offensive,13,0
CLE,2016,0.0625,0.3161741,0.36878312,-0.3062831163406372,-0.052609026,-0.2536740899085998,-0.3062831163406372,Hue Jackson,Hue Jackson,0.5497861942577886,Offensive,25,1
RAM,2008,0.0,0.21540943,0.31544763,-0.3154476284980774,-0.1000382,-0.2154094278812408,-0.3154476284980774,Scott Linehan,Jim Haslett / Scott Linehan,0.4886988393402566,Offensive,29,0
HTX,2020,0.0,0.34080532,0.3196544,-0.3196544051170349,0.021150917,-0.340805321931839,-0.3196544051170349,Bill O'Brien,Bill O'Brien / Romeo Crennel,0.4276114844227244,Offensive,18,1
SFO,1979,0.125,0.40253556,0.4514861,-0.3264861106872558,-0.048950553,-0.2775355577468872,-0.3264861106872558,Bill Walsh,Bill Walsh,0.3665241295051924,Offensive,10,0
DET,1976,0.25,0.57942367,0.5819077,-0.3319076895713806,-0.0024840236,-0.3294236660003662,-0.3319076895713806,Rick Forzano,Rick Forzano / Tommy Hudspeth,0.3054367745876604,Offensive,4,0
CIN,1996,0.1429,0.36967388,0.5596359,-0.4167358776092529,-0.189962,-0.226773877954483,-0.4167358776092529,David Shula,Bruce Coslet / David Shula,0.2443494196701283,Offensive,16,0
SEA,1982,0.0,0.46878582,0.42959145,-0.4295914471149444,0.039194375,-0.46878582239151,-0.4295914471149444,Jack Patera,Jack Patera / Mike McCormack,0.1832620647525962,Defensive,0,13
ATL,2020,0.0,0.32846686,0.4838665,-0.4838665127754211,-0.15539965,-0.3284668624401092,-0.4838665127754211,Dan Quinn,Dan Quinn / Raheem Morris,0.061087354917532,Defensive,0,24
