Coach,Team,Year_N,Year_N_WAR,Survived,Year_N_Plus_1_WAR
Arthur Smith,ATL,2021,-0.0967221529006958,True,-0.0496167511463165
Arthur Smith,ATL,2021,-0.0967221529006958,True,-0.0496167511463165
Arthur Smith,ATL,2021,-0.0967221529006958,True,-0.0496167511463165
Arthur Smith,ATL,2021,-0.0967221529006958,True,-0.0496167511463165
Arthur Smith,ATL,2022,-0.0496167511463165,True,0.1050261288166046
Arthur Smith,ATL,2022,-0.0496167511463165,True,0.1050261288166046
Arthur Smith,ATL,2022,-0.0496167511463165,True,0.1050261288166046
Arthur Smith,ATL,2022,-0.0496167511463165,True,0.1050261288166046
Arthur Smith,ATL,2023,0.1050261288166046,False,-0.11506505971908562
Arthur Smith,ATL,2023,0.1050261288166046,False,-0.11506505971908562
Arthur Smith,ATL,2023,0.1050261288166046,False,-0.11506505971908562
Arthur Smith,ATL,2023,0.1050261288166046,False,-0.11506505971908562
Bobby Petrino,ATL,2007,-0.0931542515754699,False,-0.11506505971908562
Dan Henning,ATL,1983,-0.0124709606170654,True,-0.0801048278808593
Dan Henning,ATL,1984,-0.0801048278808593,True,-0.0985430777072906
Dan Henning,ATL,1985,-0.0985430777072906,True,-0.0670551144599914
Dan Henning,ATL,1986,-0.0670551144599914,False,-0.11506505971908562
Dan Quinn,ATL,2015,-0.0326284170150756,True,0.0550125241279602
Dan Quinn,ATL,2016,0.0550125241279602,True,0.0880594253540039
Dan Quinn,ATL,2017,0.0880594253540039,True,-0.1429141759872436
Dan Quinn,ATL,2018,-0.1429141759872436,True,0.0668250918388366
Dan Quinn,ATL,2019,0.0668250918388366,True,-0.2849513292312622
Dan Quinn,ATL,2020,-0.2849513292312622,False,-0.11506505971908562
Dan Reeves,ATL,1997,-0.1278662085533142,True,0.2239291071891784
Dan Reeves,ATL,1998,0.2239291071891784,True,-0.0329922437667846
Dan Reeves,ATL,1999,-0.0329922437667846,True,-0.0497069656848907
Dan Reeves,ATL,2000,-0.0497069656848907,True,-0.1395429372787475
Dan Reeves,ATL,2001,-0.1395429372787475,True,-0.0602201902389526
Dan Reeves,ATL,2002,-0.0602201902389526,True,0.0183836817741394
Dan Reeves,ATL,2003,0.0183836817741394,False,-0.11506505971908562
Jerry Glanville,ATL,1990,-0.1226715147495269,True,0.0809971094131469
Jerry Glanville,ATL,1991,0.0809971094131469,True,0.0384425818920135
Jerry Glanville,ATL,1992,0.0384425818920135,True,0.0300253033638
Jerry Glanville,ATL,1993,0.0300253033638,False,-0.11506505971908562
Jim Mora Jr,ATL,2004,0.044171929359436,True,-0.1196812987327575
Jim Mora Jr,ATL,2005,-0.1196812987327575,True,-0.0816853642463684
Jim Mora Jr,ATL,2006,-0.0816853642463684,False,-0.11506505971908562
June Jones,ATL,1994,-0.1374091506004333,True,-0.0793975591659545
June Jones,ATL,1994,-0.1374091506004333,True,-0.0793975591659545
June Jones,ATL,1995,-0.0793975591659545,True,-0.1714177131652832
June Jones,ATL,1995,-0.0793975591659545,True,-0.1714177131652832
June Jones,ATL,1996,-0.1714177131652832,False,-0.11506505971908562
June Jones,ATL,1996,-0.1714177131652832,False,-0.11506505971908562
Leeman Bennett,ATL,1977,-0.1234119534492492,True,0.0684306323528289
Leeman Bennett,ATL,1978,0.0684306323528289,True,-0.1114611029624939
Leeman Bennett,ATL,1979,-0.1114611029624939,True,0.0770835876464843
Leeman Bennett,ATL,1980,0.0770835876464843,True,-0.0394279658794403
Leeman Bennett,ATL,1981,-0.0394279658794403,True,0.1204652017116546
Leeman Bennett,ATL,1982,0.1204652017116546,False,-0.11506505971908562
Marion Campbell,ATL,1975,-0.0986139111995696,True,0.0101511246681213
Marion Campbell,ATL,1975,-0.0986139111995696,True,0.0101511246681213
Marion Campbell,ATL,1976,0.0101511246681213,False,-0.11506505971908562
Marion Campbell,ATL,1976,-0.016931914615631,False,-0.11506505971908562
Marion Campbell,ATL,1976,0.0101511246681213,False,-0.11506505971908562
Marion Campbell,ATL,1976,-0.016931914615631,False,-0.11506505971908562
Marion Campbell,ATL,1987,-0.0509354948997497,True,-0.1412715017795562
Marion Campbell,ATL,1987,-0.0509354948997497,True,-0.1412715017795562
Marion Campbell,ATL,1988,-0.1412715017795562,True,-0.2236516177654266
Marion Campbell,ATL,1988,-0.1412715017795562,True,-0.2236516177654266
Marion Campbell,ATL,1989,-0.2236516177654266,False,-0.11506505971908562
Marion Campbell,ATL,1989,-0.2236516177654266,False,-0.11506505971908562
Mike Smith,ATL,2008,0.1091611981391906,True,0.1460720300674438
Mike Smith,ATL,2008,0.1091611981391906,True,0.1460720300674438
Mike Smith,ATL,2008,0.1091611981391906,True,0.1460720300674438
Mike Smith,ATL,2008,0.1091611981391906,True,0.1460720300674438
Mike Smith,ATL,2009,0.1460720300674438,True,0.0557806491851806
Mike Smith,ATL,2009,0.1460720300674438,True,0.0557806491851806
Mike Smith,ATL,2009,0.1460720300674438,True,0.0557806491851806
Mike Smith,ATL,2009,0.1460720300674438,True,0.0557806491851806
Mike Smith,ATL,2010,0.0557806491851806,True,0.0148149728775024
Mike Smith,ATL,2010,0.0557806491851806,True,0.0148149728775024
Mike Smith,ATL,2010,0.0557806491851806,True,0.0148149728775024
Mike Smith,ATL,2010,0.0557806491851806,True,0.0148149728775024
Mike Smith,ATL,2011,0.0148149728775024,True,0.2343341708183288
Mike Smith,ATL,2011,0.0148149728775024,True,0.2343341708183288
Mike Smith,ATL,2011,0.0148149728775024,True,0.2343341708183288
Mike Smith,ATL,2011,0.0148149728775024,True,0.2343341708183288
Mike Smith,ATL,2012,0.2343341708183288,True,-0.1042157113552093
Mike Smith,ATL,2012,0.2343341708183288,True,-0.1042157113552093
Mike Smith,ATL,2012,0.2343341708183288,True,-0.1042157113552093
Mike Smith,ATL,2012,0.2343341708183288,True,-0.1042157113552093
Mike Smith,ATL,2013,-0.1042157113552093,True,-0.0528970658779144
Mike Smith,ATL,2013,-0.1042157113552093,True,-0.0528970658779144
Mike Smith,ATL,2013,-0.1042157113552093,True,-0.0528970658779144
Mike Smith,ATL,2013,-0.1042157113552093,True,-0.0528970658779144
Mike Smith,ATL,2014,-0.0528970658779144,False,-0.11506505971908562
Mike Smith,ATL,2014,-0.0528970658779144,False,-0.11506505971908562
Mike Smith,ATL,2014,-0.0528970658779144,False,-0.11506505971908562
Mike Smith,ATL,2014,-0.0528970658779144,False,-0.11506505971908562
Norm Van Brocklin,ATL,1970,-0.0220762292385101,True,0.0759348339557647
Norm Van Brocklin,ATL,1971,0.0759348339557647,True,-0.0897469520568847
Norm Van Brocklin,ATL,1972,-0.0897469520568847,True,0.0020665625572204
Norm Van Brocklin,ATL,1973,0.0020665625572204,True,-0.0751756495952606
Norm Van Brocklin,ATL,1974,-0.0751756495952606,False,-0.11506505971908562
Chan Gailey,BUF,2010,-0.0012624859809875,True,0.0103698372840881
Chan Gailey,BUF,2011,0.0103698372840881,True,0.0443142056465148
Chan Gailey,BUF,2012,0.0443142056465148,False,-0.11506505971908562
Chuck Knox,BUF,1978,-0.1203652620315551,True,-0.1992774605751037
Chuck Knox,BUF,1979,-0.1992774605751037,True,0.0703589916229248
Chuck Knox,BUF,1980,0.0703589916229248,True,0.0736697912216186
Chuck Knox,BUF,1981,0.0736697912216186,True,0.096420514011383
Chuck Knox,BUF,1982,0.096420514011383,False,-0.11506505971908562
Dick Jauron,BUF,2006,-0.1035806536674499,True,-0.0631685256958007
Dick Jauron,BUF,2007,-0.0631685256958007,True,-0.0824321508407592
Dick Jauron,BUF,2008,-0.0824321508407592,True,0.0042192637920379
Dick Jauron,BUF,2009,0.0042192637920379,False,-0.11506505971908562
Doug Marrone,BUF,2013,-0.0843816101551055,True,0.0472299456596374
Doug Marrone,BUF,2014,0.0472299456596374,False,-0.11506505971908562
Gregg Williams,BUF,2001,-0.0267841219902038,True,0.0488405525684356
Gregg Williams,BUF,2002,0.0488405525684356,True,-0.002697467803955
Gregg Williams,BUF,2003,-0.002697467803955,False,-0.11506505971908562
Hank Bullough,BUF,1986,-0.1528788208961486,False,-0.11506505971908562
Hank Bullough,BUF,1986,-0.2007235884666443,False,-0.11506505971908562
Harvey Johnson,BUF,1971,-0.1193920837402343,False,-0.11506505971908562
Harvey Johnson,BUF,1971,-0.1193920837402343,False,-0.11506505971908562
Jim Ringo,BUF,1977,-0.0806479818344116,False,-0.11506505971908562
John Rauch,BUF,1970,-0.070697396993637,False,-0.11506505971908562
John Rauch,BUF,1970,-0.070697396993637,False,-0.11506505971908562
Kay Stephenson,BUF,1983,0.0098932683467864,True,-0.2129814028739929
Kay Stephenson,BUF,1984,-0.2129814028739929,True,-0.1218127906322479
Kay Stephenson,BUF,1985,-0.1218127906322479,False,-0.11506505971908562
Lou Saban,BUF,1972,-0.144711421585083,True,0.1471334496974945
Lou Saban,BUF,1973,0.1471334496974945,True,0.1180369953155517
Lou Saban,BUF,1974,0.1180369953155517,True,-0.0160776244163513
Lou Saban,BUF,1975,-0.0160776244163513,True,-0.1479986210823059
Lou Saban,BUF,1976,-0.1479986210823059,False,-0.11506505971908562
Lou Saban,BUF,1976,-0.1566772361755371,False,-0.11506505971908562
Marv Levy,BUF,1987,0.0967936341285705,True,0.1143598556518554
Marv Levy,BUF,1988,0.1143598556518554,True,-0.0486271977424621
Marv Levy,BUF,1989,-0.0486271977424621,True,0.1476659774780273
Marv Levy,BUF,1990,0.1476659774780273,True,0.1036613583564758
Marv Levy,BUF,1991,0.1036613583564758,True,0.0098570585250854
Marv Levy,BUF,1992,0.0098570585250854,True,0.1541651487350464
Marv Levy,BUF,1993,0.1541651487350464,True,-0.0737601518630981
Marv Levy,BUF,1994,-0.0737601518630981,True,0.0718798041343689
Marv Levy,BUF,1995,0.0718798041343689,True,0.1285488307476043
Marv Levy,BUF,1996,0.1285488307476043,True,0.0249241888523101
Marv Levy,BUF,1997,0.0249241888523101,False,-0.11506505971908562
Mike Mularkey,BUF,2004,-0.0161870121955871,True,-0.0728777945041656
Mike Mularkey,BUF,2005,-0.0728777945041656,False,-0.11506505971908562
Rex Ryan,BUF,2015,-0.014923095703125,True,-0.1058689951896667
Rex Ryan,BUF,2016,-0.1058689951896667,False,-0.11506505971908562
Sean McDermott,BUF,2017,0.0270555019378662,True,-0.0431574285030365
Sean McDermott,BUF,2018,-0.0431574285030365,True,0.0022515654563903
Sean McDermott,BUF,2019,0.0022515654563903,True,0.1202983260154724
Sean McDermott,BUF,2020,0.1202983260154724,True,0.0226306601524353
Sean McDermott,BUF,2021,0.0226306601524353,True,0.1790683269500732
Sean McDermott,BUF,2022,0.1790683269500732,True,0.0634441061973571
Sean McDermott,BUF,2023,0.0634441061973571,True,0.0385004326820374
Wade Phillips,BUF,1998,0.0530400872230529,True,0.1616877913475036
Wade Phillips,BUF,1999,0.1616877913475036,True,0.0739863216876983
Wade Phillips,BUF,2000,0.0739863216876983,False,-0.11506505971908562
Dom Capers,CAR,1995,-0.024404764175415,True,0.0689929127693176
Dom Capers,CAR,1996,0.0689929127693176,True,-0.0555731952190399
Dom Capers,CAR,1997,-0.0555731952190399,True,-0.1845600306987762
Dom Capers,CAR,1998,-0.1845600306987762,False,-0.11506505971908562
Frank Reich,CAR,2023,-0.2169787227153778,False,-0.11506505971908562
George Seifert,CAR,1999,-0.0452402830123901,True,-0.0319436490535736
George Seifert,CAR,2000,-0.0319436490535736,True,-0.2934702336788177
George Seifert,CAR,2001,-0.2934702336788177,False,-0.11506505971908562
John Fox,CAR,2002,-0.0548388361930847,True,0.1178986430168151
John Fox,CAR,2003,0.1178986430168151,True,-0.173785924911499
John Fox,CAR,2004,-0.173785924911499,True,0.0242099165916442
John Fox,CAR,2005,0.0242099165916442,True,0.142791748046875
John Fox,CAR,2006,0.142791748046875,True,0.1048337519168853
John Fox,CAR,2007,0.1048337519168853,True,0.1759639978408813
John Fox,CAR,2008,0.1759639978408813,True,0.0443744957447052
John Fox,CAR,2009,0.0443744957447052,True,-0.1760964691638946
John Fox,CAR,2010,-0.1760964691638946,False,-0.11506505971908562
Ron Rivera,CAR,2011,-0.1076806783676147,True,0.0397891402244567
Ron Rivera,CAR,2012,0.0397891402244567,True,0.1948777437210083
Ron Rivera,CAR,2013,0.1948777437210083,True,-0.0166516983032226
Ron Rivera,CAR,2014,-0.0166516983032226,True,0.2103834748268127
Ron Rivera,CAR,2015,0.2103834748268127,True,-0.0162971317768096
Ron Rivera,CAR,2016,-0.0162971317768096,True,0.252418965101242
Ron Rivera,CAR,2017,0.252418965101242,True,0.0804075300693512
Ron Rivera,CAR,2018,0.0804075300693512,True,0.0251654386520385
Abe Gibron,CHI,1972,-0.2571384774208068,True,-0.106736696434021
Abe Gibron,CHI,1973,-0.106736696434021,True,-0.0048483245849609
Abe Gibron,CHI,1974,-0.0048483245849609,False,-0.11506505971908562
Dave Wannstedt,CHI,1993,-0.1235890984535217,True,0.1607615351676941
Dave Wannstedt,CHI,1994,0.1607615351676941,True,-0.021876037120819
Dave Wannstedt,CHI,1995,-0.021876037120819,True,0.0442931354045867
Dave Wannstedt,CHI,1996,0.0442931354045867,True,-0.0305189490318298
Dave Wannstedt,CHI,1997,-0.0305189490318298,True,-0.0656212270259857
Dave Wannstedt,CHI,1998,-0.0656212270259857,False,-0.11506505971908562
Dick Jauron,CHI,1999,0.0993021130561828,True,0.011359304189682
Dick Jauron,CHI,2000,0.011359304189682,True,0.2133519053459167
Dick Jauron,CHI,2001,0.2133519053459167,True,0.068918764591217
Dick Jauron,CHI,2002,0.068918764591217,True,0.1286326944828033
Dick Jauron,CHI,2003,0.1286326944828033,False,-0.11506505971908562
Jack Pardee,CHI,1975,0.0554571069002151,True,-0.0939857363700866
Jack Pardee,CHI,1976,-0.0939857363700866,True,0.0532986620903015
Jack Pardee,CHI,1977,0.0532986620903015,False,-0.11506505971908562
Jim Dooley,CHI,1970,0.0413948462963104,True,0.0262216197013854
Jim Dooley,CHI,1971,0.0262216197013854,False,-0.11506505971908562
John Fox,CHI,2015,0.0113876163959503,True,0.0082677602767944
John Fox,CHI,2016,0.0082677602767944,True,0.0161482095718383
John Fox,CHI,2017,0.0161482095718383,False,-0.11506505971908562
Lovie Smith,CHI,2004,-0.0542795956134796,True,0.0227873921394348
Lovie Smith,CHI,2004,-0.0542795956134796,True,0.0227873921394348
Lovie Smith,CHI,2004,-0.0542795956134796,True,0.0227873921394348
Lovie Smith,CHI,2004,-0.0542795956134796,True,0.0227873921394348
Lovie Smith,CHI,2005,0.0227873921394348,True,0.1367897987365722
Lovie Smith,CHI,2005,0.0227873921394348,True,0.1367897987365722
Lovie Smith,CHI,2005,0.0227873921394348,True,0.1367897987365722
Lovie Smith,CHI,2005,0.0227873921394348,True,0.1367897987365722
Lovie Smith,CHI,2006,0.1367897987365722,True,-0.0188328027725219
Lovie Smith,CHI,2006,0.1367897987365722,True,-0.0188328027725219
Lovie Smith,CHI,2006,0.1367897987365722,True,-0.0188328027725219
Lovie Smith,CHI,2006,0.1367897987365722,True,-0.0188328027725219
Lovie Smith,CHI,2007,-0.0188328027725219,True,-0.0548926591873168
Lovie Smith,CHI,2007,-0.0188328027725219,True,-0.0548926591873168
Lovie Smith,CHI,2007,-0.0188328027725219,True,-0.0548926591873168
Lovie Smith,CHI,2007,-0.0188328027725219,True,-0.0548926591873168
Lovie Smith,CHI,2008,-0.0548926591873168,True,-0.038648635149002
Lovie Smith,CHI,2008,-0.0548926591873168,True,-0.038648635149002
Lovie Smith,CHI,2008,-0.0548926591873168,True,-0.038648635149002
Lovie Smith,CHI,2008,-0.0548926591873168,True,-0.038648635149002
Lovie Smith,CHI,2009,-0.038648635149002,True,0.0431961417198181
Lovie Smith,CHI,2009,-0.038648635149002,True,0.0431961417198181
Lovie Smith,CHI,2009,-0.038648635149002,True,0.0431961417198181
Lovie Smith,CHI,2009,-0.038648635149002,True,0.0431961417198181
Lovie Smith,CHI,2010,0.0431961417198181,True,0.0087937116622924
Lovie Smith,CHI,2010,0.0431961417198181,True,0.0087937116622924
Lovie Smith,CHI,2010,0.0431961417198181,True,0.0087937116622924
Lovie Smith,CHI,2010,0.0431961417198181,True,0.0087937116622924
Lovie Smith,CHI,2011,0.0087937116622924,True,0.0493233799934387
Lovie Smith,CHI,2011,0.0087937116622924,True,0.0493233799934387
Lovie Smith,CHI,2011,0.0087937116622924,True,0.0493233799934387
Lovie Smith,CHI,2011,0.0087937116622924,True,0.0493233799934387
Lovie Smith,CHI,2012,0.0493233799934387,False,-0.11506505971908562
Lovie Smith,CHI,2012,0.0493233799934387,False,-0.11506505971908562
Lovie Smith,CHI,2012,0.0493233799934387,False,-0.11506505971908562
Lovie Smith,CHI,2012,0.0493233799934387,False,-0.11506505971908562
Marc Trestman,CHI,2013,-0.0673003196716308,True,0.0049664378166198
Marc Trestman,CHI,2014,0.0049664378166198,False,-0.11506505971908562
Matt Eberflus,CHI,2022,-0.1308740601539612,True,-0.1151233584403991
Matt Eberflus,CHI,2023,-0.1151233584403991,True,-0.3057488664627075
Matt Nagy,CHI,2018,0.1139147281646728,True,-0.0138585567474365
Matt Nagy,CHI,2019,-0.0138585567474365,True,0.0862030684947967
Matt Nagy,CHI,2020,0.0862030684947967,True,0.0656445340156555
Matt Nagy,CHI,2021,0.0656445340156555,False,-0.11506505971908562
Mike Ditka,CHI,1982,-0.047116065454483,True,-0.0693815946578979
Mike Ditka,CHI,1983,-0.0693815946578979,True,0.0575737357139587
Mike Ditka,CHI,1984,0.0575737357139587,True,0.2060942649841308
Mike Ditka,CHI,1985,0.2060942649841308,True,0.2199572324752807
Mike Ditka,CHI,1986,0.2199572324752807,True,0.413111418056488
Mike Ditka,CHI,1987,0.413111418056488,True,0.1378674507141113
Mike Ditka,CHI,1988,0.1378674507141113,True,-0.1036767363548278
Mike Ditka,CHI,1989,-0.1036767363548278,True,-0.0223504900932312
Mike Ditka,CHI,1990,-0.0223504900932312,True,0.0317503213882446
Mike Ditka,CHI,1991,0.0317503213882446,True,-0.084230899810791
Mike Ditka,CHI,1992,-0.084230899810791,False,-0.11506505971908562
Neill Armstrong,CHI,1978,0.023244708776474,True,-0.0127127766609191
Neill Armstrong,CHI,1978,0.023244708776474,True,-0.0127127766609191
Neill Armstrong,CHI,1979,-0.0127127766609191,True,-0.0352760851383209
Neill Armstrong,CHI,1979,-0.0127127766609191,True,-0.0352760851383209
Neill Armstrong,CHI,1980,-0.0352760851383209,True,-0.1270794868469238
Neill Armstrong,CHI,1980,-0.0352760851383209,True,-0.1270794868469238
Neill Armstrong,CHI,1981,-0.1270794868469238,False,-0.11506505971908562
Neill Armstrong,CHI,1981,-0.1270794868469238,False,-0.11506505971908562
Bill Johnson,CIN,1976,-0.0113802320480346,True,0.086798770570755
Bill Johnson,CIN,1976,-0.0113802320480346,True,0.086798770570755
Bill Johnson,CIN,1977,0.086798770570755,True,-0.0559508204460144
Bill Johnson,CIN,1977,0.086798770570755,True,-0.0559508204460144
Bill Johnson,CIN,1978,-0.0559508204460144,False,-0.11506505971908562
Bill Johnson,CIN,1978,-0.0771645307540893,False,-0.11506505971908562
Bill Johnson,CIN,1978,-0.0559508204460144,False,-0.11506505971908562
Bill Johnson,CIN,1978,-0.0771645307540893,False,-0.11506505971908562
Bruce Coslet,CIN,1997,0.0097599029541015,True,-0.1865969002246856
Bruce Coslet,CIN,1998,-0.1865969002246856,True,-0.0378934741020202
Bruce Coslet,CIN,1999,-0.0378934741020202,True,-0.0412310659885406
Bruce Coslet,CIN,2000,-0.0412310659885406,False,-0.11506505971908562
David Shula,CIN,1992,-0.0279119610786438,True,-0.214304506778717
David Shula,CIN,1993,-0.214304506778717,True,-0.0386853814125061
David Shula,CIN,1994,-0.0386853814125061,True,0.0232883393764495
David Shula,CIN,1995,0.0232883393764495,True,-0.0938530564308166
David Shula,CIN,1996,-0.0938530564308166,False,-0.11506505971908562
Dick LeBeau,CIN,2001,-0.0226128101348876,True,-0.0687313377857208
Dick LeBeau,CIN,2002,-0.0687313377857208,False,-0.11506505971908562
Forrest Gregg,CIN,1980,-0.048505425453186,True,0.0740371942520141
Forrest Gregg,CIN,1981,0.0740371942520141,True,0.1092611315727234
Forrest Gregg,CIN,1982,0.1092611315727234,True,-0.1288474202156067
Forrest Gregg,CIN,1983,-0.1288474202156067,False,-0.11506505971908562
Homer Rice,CIN,1979,-0.2111718654632568,False,-0.11506505971908562
Marvin Lewis,CIN,2003,-0.043936014175415,True,0.0617480874061584
Marvin Lewis,CIN,2003,-0.043936014175415,True,0.0617480874061584
Marvin Lewis,CIN,2004,0.0617480874061584,True,0.0068439245223999
Marvin Lewis,CIN,2004,0.0617480874061584,True,0.0068439245223999
Marvin Lewis,CIN,2005,0.0068439245223999,True,-0.0678163170814514
Marvin Lewis,CIN,2005,0.0068439245223999,True,-0.0678163170814514
Marvin Lewis,CIN,2006,-0.0678163170814514,True,-0.1297336816787719
Marvin Lewis,CIN,2006,-0.0678163170814514,True,-0.1297336816787719
Marvin Lewis,CIN,2007,-0.1297336816787719,True,0.0065014147281646
Marvin Lewis,CIN,2007,-0.1297336816787719,True,0.0065014147281646
Marvin Lewis,CIN,2008,0.0065014147281646,True,0.0864518284797668
Marvin Lewis,CIN,2008,0.0065014147281646,True,0.0864518284797668
Marvin Lewis,CIN,2009,0.0864518284797668,True,-0.1289589405059814
Marvin Lewis,CIN,2009,0.0864518284797668,True,-0.1289589405059814
Marvin Lewis,CIN,2010,-0.1289589405059814,True,0.010454773902893
Marvin Lewis,CIN,2010,-0.1289589405059814,True,0.010454773902893
Marvin Lewis,CIN,2011,0.010454773902893,True,0.1318109035491943
Marvin Lewis,CIN,2011,0.010454773902893,True,0.1318109035491943
Marvin Lewis,CIN,2012,0.1318109035491943,True,0.1823827624320984
Marvin Lewis,CIN,2012,0.1318109035491943,True,0.1823827624320984
Marvin Lewis,CIN,2013,0.1823827624320984,True,0.0184123599052429
Marvin Lewis,CIN,2013,0.1823827624320984,True,0.0184123599052429
Marvin Lewis,CIN,2014,0.0184123599052429,True,0.0705985426902771
Marvin Lewis,CIN,2014,0.0184123599052429,True,0.0705985426902771
Marvin Lewis,CIN,2015,0.0705985426902771,True,-0.1441937005996704
Marvin Lewis,CIN,2015,0.0705985426902771,True,-0.1441937005996704
Marvin Lewis,CIN,2016,-0.1441937005996704,True,-0.0138654112815856
Marvin Lewis,CIN,2016,-0.1441937005996704,True,-0.0138654112815856
Marvin Lewis,CIN,2017,-0.0138654112815856,True,0.0218864679336547
Marvin Lewis,CIN,2017,-0.0138654112815856,True,0.0218864679336547
Marvin Lewis,CIN,2018,0.0218864679336547,False,-0.11506505971908562
Marvin Lewis,CIN,2018,0.0218864679336547,False,-0.11506505971908562
Paul Brown,CIN,1970,-0.0421439872741699,True,-0.2602489226341247
Paul Brown,CIN,1970,-0.0421439872741699,True,-0.2602489226341247
Paul Brown,CIN,1971,-0.2602489226341247,True,-0.0252030955314636
Paul Brown,CIN,1971,-0.2602489226341247,True,-0.0252030955314636
Paul Brown,CIN,1972,-0.0252030955314636,True,0.100270950126648
Paul Brown,CIN,1972,-0.0252030955314636,True,0.100270950126648
Paul Brown,CIN,1973,0.100270950126648,True,0.0572832524776458
Paul Brown,CIN,1973,0.100270950126648,True,0.0572832524776458
Paul Brown,CIN,1974,0.0572832524776458,True,0.1533450252532958
Paul Brown,CIN,1974,0.0572832524776458,True,0.1533450252532958
Paul Brown,CIN,1975,0.1533450252532958,False,-0.11506505971908562
Paul Brown,CIN,1975,0.1533450252532958,False,-0.11506505971908562
Sam Wyche,CIN,1984,0.0429961383342742,True,-0.1040970087051391
Sam Wyche,CIN,1985,-0.1040970087051391,True,0.0979370474815368
Sam Wyche,CIN,1986,0.0979370474815368,True,-0.0150474603652954
Sam Wyche,CIN,1987,-0.0150474603652954,True,0.0317127108573913
Sam Wyche,CIN,1988,0.0317127108573913,True,-0.1114680767059326
Sam Wyche,CIN,1989,-0.1114680767059326,True,0.0594111084938049
Sam Wyche,CIN,1990,0.0594111084938049,True,-0.1409378051757812
Sam Wyche,CIN,1991,-0.1409378051757812,False,-0.11506505971908562
Zac Taylor,CIN,2019,-0.1574345529079437,True,-0.0345076239585876
Zac Taylor,CIN,2019,-0.1574345529079437,True,-0.0345076239585876
Zac Taylor,CIN,2020,-0.0345076239585876,True,0.0067112714767455
Zac Taylor,CIN,2020,-0.0345076239585876,True,0.0067112714767455
Zac Taylor,CIN,2021,0.0067112714767455,True,0.1501323580741882
Zac Taylor,CIN,2021,0.0067112714767455,True,0.1501323580741882
Zac Taylor,CIN,2022,0.1501323580741882,True,0.0932575255870818
Zac Taylor,CIN,2022,0.1501323580741882,True,0.0932575255870818
Zac Taylor,CIN,2023,0.0932575255870818,True,-0.0058628827095031
Zac Taylor,CIN,2023,0.0932575255870818,True,-0.0058628827095031
Bill Belichick,CLE,1991,-0.1724200844764709,True,0.0771085023880004
Bill Belichick,CLE,1992,0.0771085023880004,True,0.1214745044708252
Bill Belichick,CLE,1993,0.1214745044708252,True,0.1860961318016052
Bill Belichick,CLE,1994,0.1860961318016052,True,-0.1758075058460235
Blanton Collier,CLE,1970,0.0055460631847381,False,-0.11506505971908562
Blanton Collier,CLE,1970,0.0055460631847381,False,-0.11506505971908562
Bud Carson,CLE,1989,-0.0920160495758056,True,-0.1336589157581329
Bud Carson,CLE,1990,-0.1336589157581329,False,-0.11506505971908562
Butch Davis,CLE,2001,-0.0515040457248687,True,0.027288019657135
Butch Davis,CLE,2001,-0.0515040457248687,True,0.027288019657135
Butch Davis,CLE,2002,0.027288019657135,True,0.0320553183555603
Butch Davis,CLE,2002,0.027288019657135,True,0.0320553183555603
Butch Davis,CLE,2003,0.0320553183555603,True,-0.0062149763107299
Butch Davis,CLE,2003,0.0320553183555603,True,-0.0062149763107299
Butch Davis,CLE,2004,-0.0062149763107299,False,-0.11506505971908562
Butch Davis,CLE,2004,-0.0062149763107299,False,-0.11506505971908562
Chris Palmer,CLE,1999,-0.2565242648124695,True,-0.0246000438928604
Chris Palmer,CLE,1999,-0.2565242648124695,True,-0.0246000438928604
Chris Palmer,CLE,2000,-0.0246000438928604,False,-0.11506505971908562
Chris Palmer,CLE,2000,-0.0246000438928604,False,-0.11506505971908562
Eric Mangini,CLE,2009,-0.0251078605651855,True,-0.0747584700584411
Eric Mangini,CLE,2010,-0.0747584700584411,False,-0.11506505971908562
Forrest Gregg,CLE,1975,-0.0058119363307952,True,0.021448800945282
Forrest Gregg,CLE,1976,0.021448800945282,True,-0.049763573551178
Forrest Gregg,CLE,1977,-0.049763573551178,False,-0.11506505971908562
Freddie Kitchens,CLE,2019,-0.0241791605949401,False,-0.11506505971908562
Hue Jackson,CLE,2016,-0.2310244441032409,True,-0.2624422609806061
Hue Jackson,CLE,2017,-0.2624422609806061,True,-0.0121178113937377
Hue Jackson,CLE,2018,-0.0121178113937377,False,-0.11506505971908562
Kevin Stefanski,CLE,2020,0.1344494819641113,True,0.1022360235214233
Kevin Stefanski,CLE,2021,0.1022360235214233,True,0.0056607454299926
Kevin Stefanski,CLE,2022,0.0056607454299926,True,0.245721517419815
Kevin Stefanski,CLE,2023,0.245721517419815,True,-0.0121149793863296
Marty Schottenheimer,CLE,1985,-0.0168725252151489,True,0.0644196271896362
Marty Schottenheimer,CLE,1985,-0.0168725252151489,True,0.0644196271896362
Marty Schottenheimer,CLE,1986,0.0644196271896362,True,0.0780911986351012
Marty Schottenheimer,CLE,1986,0.0644196271896362,True,0.0780911986351012
Marty Schottenheimer,CLE,1987,0.0780911986351012,True,0.0745962262153625
Marty Schottenheimer,CLE,1987,0.0780911986351012,True,0.0745962262153625
Marty Schottenheimer,CLE,1988,0.0745962262153625,False,-0.11506505971908562
Marty Schottenheimer,CLE,1988,0.0745962262153625,False,-0.11506505971908562
Mike Pettine,CLE,2014,0.0081090033054351,True,-0.113263726234436
Mike Pettine,CLE,2015,-0.113263726234436,False,-0.11506505971908562
Nick Skorich,CLE,1971,0.1127705077171326,True,0.2231057518005371
Nick Skorich,CLE,1972,0.2231057518005371,True,0.0372411145210266
Nick Skorich,CLE,1973,0.0372411145210266,True,-0.0700783365249633
Nick Skorich,CLE,1974,-0.0700783365249633,False,-0.11506505971908562
Pat Shurmur,CLE,2011,-0.2592514753341675,True,-0.1459237933158874
Pat Shurmur,CLE,2012,-0.1459237933158874,False,-0.11506505971908562
Rob Chudzinski,CLE,2013,-0.0378002226352691,False,-0.11506505971908562
Romeo Crennel,CLE,2005,0.0205235183238983,True,0.004844307899475
Romeo Crennel,CLE,2006,0.004844307899475,True,0.1389946341514587
Romeo Crennel,CLE,2007,0.1389946341514587,True,-0.1324357092380523
Romeo Crennel,CLE,2008,-0.1324357092380523,False,-0.11506505971908562
Sam Rutigliano,CLE,1978,-0.1049140691757202,True,0.0358190536499023
Sam Rutigliano,CLE,1979,0.0358190536499023,True,-0.0126898884773254
Sam Rutigliano,CLE,1980,-0.0126898884773254,True,-0.083634614944458
Sam Rutigliano,CLE,1981,-0.083634614944458,True,0.0302316719532013
Sam Rutigliano,CLE,1982,0.0302316719532013,True,-0.0371107459068298
Sam Rutigliano,CLE,1983,-0.0371107459068298,True,-0.1991220116615295
Sam Rutigliano,CLE,1984,-0.1991220116615295,False,-0.11506505971908562
Chuck Pagano,CLT,2012,0.2143034934997558,True,0.1397282481193542
Chuck Pagano,CLT,2013,0.1397282481193542,True,0.2114036679267883
Chuck Pagano,CLT,2014,0.2114036679267883,True,0.0686695575714111
Chuck Pagano,CLT,2015,0.0686695575714111,True,0.1394398808479309
Chuck Pagano,CLT,2016,0.1394398808479309,True,-0.1399561166763305
Chuck Pagano,CLT,2017,-0.1399561166763305,False,-0.11506505971908562
Don McCafferty,CLT,1970,0.1584073437690735,True,0.0372835629463196
Don McCafferty,CLT,1971,0.0372835629463196,True,-0.2465854386329651
Don McCafferty,CLT,1972,-0.2465854386329651,False,-0.11506505971908562
Frank Kush,CLT,1982,-0.1190727973222732,True,0.0066427886486053
Frank Kush,CLT,1983,0.0066427886486053,True,-0.080521672964096
Frank Kush,CLT,1984,-0.080521672964096,False,-0.11506505971908562
Frank Kush,CLT,1984,-0.0850684344768524,False,-0.11506505971908562
Frank Reich,CLT,2018,0.0909519791603088,True,-0.1385720372200012
Frank Reich,CLT,2019,-0.1385720372200012,True,0.0588294267654418
Frank Reich,CLT,2020,0.0588294267654418,True,-0.1069447904586792
Frank Reich,CLT,2021,-0.1069447904586792,True,0.0110501989841461
Frank Reich,CLT,2022,0.0110501989841461,False,-0.11506505971908562
Howard Schnellenberger,CLT,1973,0.0272779531002044,True,-0.1109868486881256
Howard Schnellenberger,CLT,1974,-0.1109868486881256,False,-0.11506505971908562
Jim Caldwell,CLT,2009,0.4235977232456207,True,0.2579626142978668
Jim Caldwell,CLT,2010,0.2579626142978668,True,-0.1784209311008453
Jim Caldwell,CLT,2011,-0.1784209311008453,False,-0.11506505971908562
Jim Mora Sr,CLT,1998,-0.1684530675411224,True,0.3124259114265442
Jim Mora Sr,CLT,1999,0.3124259114265442,True,0.039928138256073
Jim Mora Sr,CLT,2000,0.039928138256073,True,-0.0921922326087951
Jim Mora Sr,CLT,2001,-0.0921922326087951,False,-0.11506505971908562
Lindy Infante,CLT,1996,0.0774239599704742,True,-0.0899717509746551
Lindy Infante,CLT,1997,-0.0899717509746551,False,-0.11506505971908562
Mike McCormack,CLT,1980,-0.0177976787090301,True,-0.2681464254856109
Mike McCormack,CLT,1981,-0.2681464254856109,False,-0.11506505971908562
Rod Dowhower,CLT,1985,-0.0828658640384674,True,-0.0699183642864227
Rod Dowhower,CLT,1986,-0.0699183642864227,False,-0.11506505971908562
Rod Dowhower,CLT,1986,-0.0760301053524017,False,-0.11506505971908562
Ron Meyer,CLT,1987,0.1737301707267761,True,0.1646271049976349
Ron Meyer,CLT,1988,0.1646271049976349,True,0.0030698180198669
Ron Meyer,CLT,1989,0.0030698180198669,True,0.2074401676654815
Ron Meyer,CLT,1990,0.2074401676654815,True,-0.3015071153640747
Ron Meyer,CLT,1991,-0.3015071153640747,False,-0.11506505971908562
Shane Steichen,CLT,2023,-0.0167652874946594,True,0.0446145742893219
Ted Marchibroda,CLT,1975,-0.0147039658546447,True,0.1153929597854613
Ted Marchibroda,CLT,1976,0.1153929597854613,True,-0.0108520156860351
Ted Marchibroda,CLT,1977,-0.0108520156860351,True,-0.0824033915996551
Ted Marchibroda,CLT,1978,-0.0824033915996551,True,-0.2069522738456726
Ted Marchibroda,CLT,1979,-0.2069522738456726,False,-0.11506505971908562
Ted Marchibroda,CLT,1992,0.170919120311737,True,-0.1788870096206665
Ted Marchibroda,CLT,1993,-0.1788870096206665,True,-0.076316237449646
Ted Marchibroda,CLT,1994,-0.076316237449646,True,0.0785202383995056
Ted Marchibroda,CLT,1995,0.0785202383995056,False,-0.11506505971908562
Tony Dungy,CLT,2002,0.1418914794921875,True,0.1170722246170044
Tony Dungy,CLT,2003,0.1170722246170044,True,0.1053619980812072
Tony Dungy,CLT,2004,0.1053619980812072,True,0.1986486315727234
Tony Dungy,CLT,2005,0.1986486315727234,True,0.1374541521072387
Tony Dungy,CLT,2006,0.1374541521072387,True,0.1859096884727478
Tony Dungy,CLT,2007,0.1859096884727478,True,0.2601978778839111
Tony Dungy,CLT,2008,0.2601978778839111,False,-0.11506505971908562
Bob Hollway,CRD,1971,-0.0508888529300689,True,0.0722220672607422
Bob Hollway,CRD,1972,0.0722220672607422,False,-0.11506505971908562
Bruce Arians,CRD,2013,0.1089076995849609,True,0.1939639151096344
Bruce Arians,CRD,2014,0.1939639151096344,True,0.1688503623008728
Bruce Arians,CRD,2015,0.1688503623008728,True,0.003646007823944
Bruce Arians,CRD,2016,0.003646007823944,True,0.1322992444038391
Bruce Arians,CRD,2017,0.1322992444038391,False,-0.11506505971908562
Bud Wilkinson,CRD,1978,-0.0880486369132995,True,-0.0915412604808807
Bud Wilkinson,CRD,1978,-0.0880486369132995,True,-0.0915412604808807
Bud Wilkinson,CRD,1979,-0.0915412604808807,False,-0.11506505971908562
Bud Wilkinson,CRD,1979,-0.0915412604808807,False,-0.11506505971908562
Buddy Ryan,CRD,1994,-0.0405284762382507,True,-0.0904097855091095
Buddy Ryan,CRD,1995,-0.0904097855091095,False,-0.11506505971908562
Charley Winner,CRD,1970,0.0115728279113769,False,-0.11506505971908562
Dave McGinnis,CRD,2001,-0.1286483407020568,True,-0.0370118916034698
Dave McGinnis,CRD,2002,-0.0370118916034698,True,-0.0646274089813232
Dave McGinnis,CRD,2003,-0.0646274089813232,False,-0.11506505971908562
Dennis Green,CRD,2004,0.0614791512489318,True,0.0188149809837341
Dennis Green,CRD,2005,0.0188149809837341,True,-0.0337385535240173
Dennis Green,CRD,2006,-0.0337385535240173,False,-0.11506505971908562
Don Coryell,CRD,1973,-0.0557105110645294,True,0.1216243141174316
Don Coryell,CRD,1974,0.1216243141174316,True,0.1212248570442199
Don Coryell,CRD,1975,0.1212248570442199,True,0.107144021320343
Don Coryell,CRD,1976,0.107144021320343,True,0.0193610489368438
Don Coryell,CRD,1977,0.0193610489368438,False,-0.11506505971908562
Gene Stallings,CRD,1986,-0.1174180126667022,True,0.124688965511322
Gene Stallings,CRD,1987,0.124688965511322,True,-0.0525052547454834
Gene Stallings,CRD,1988,-0.0525052547454834,True,-0.0650038421154022
Gene Stallings,CRD,1989,-0.0650038421154022,False,-0.11506505971908562
Gene Stallings,CRD,1989,-0.0833373963832855,False,-0.11506505971908562
Jim Hanifan,CRD,1980,-0.0993522405624389,True,0.1265003383159637
Jim Hanifan,CRD,1981,0.1265003383159637,True,0.194950026845932
Jim Hanifan,CRD,1982,0.194950026845932,True,0.0201860153198242
Jim Hanifan,CRD,1983,0.0201860153198242,True,-0.0376655459403991
Jim Hanifan,CRD,1984,-0.0376655459403991,True,-0.1682772040367126
Jim Hanifan,CRD,1985,-0.1682772040367126,False,-0.11506505971908562
Joe Bugel,CRD,1990,-0.1701317727565765,True,-0.0149844586849212
Joe Bugel,CRD,1991,-0.0149844586849212,True,-0.0671834945678711
Joe Bugel,CRD,1992,-0.0671834945678711,True,-0.0596147179603576
Joe Bugel,CRD,1993,-0.0596147179603576,False,-0.11506505971908562
Jonathan Gannon,CRD,2023,-0.0241749331474304,True,0.0919653981685638
Ken Whisenhunt,CRD,2007,0.123250275850296,True,-0.0061612129211425
Ken Whisenhunt,CRD,2008,-0.0061612129211425,True,-0.0315861701965332
Ken Whisenhunt,CRD,2009,-0.0315861701965332,True,-0.065575897693634
Ken Whisenhunt,CRD,2010,-0.065575897693634,True,0.0518349111080169
Ken Whisenhunt,CRD,2011,0.0518349111080169,True,-0.0653468072414398
Ken Whisenhunt,CRD,2012,-0.0653468072414398,False,-0.11506505971908562
Kliff Kingsbury,CRD,2019,-0.0038601839065551,True,0.1257965564727783
Kliff Kingsbury,CRD,2020,0.1257965564727783,True,0.0516198559761047
Kliff Kingsbury,CRD,2021,0.0516198559761047,True,-0.0962629065036773
Kliff Kingsbury,CRD,2022,-0.0962629065036773,False,-0.11506505971908562
Steve Wilks,CRD,2018,-0.0867259800434112,False,-0.11506505971908562
Vince Tobin,CRD,1996,0.1046189665794372,True,-0.039432942867279
Vince Tobin,CRD,1996,0.1046189665794372,True,-0.039432942867279
Vince Tobin,CRD,1997,-0.039432942867279,True,-0.0073409080505371
Vince Tobin,CRD,1997,-0.039432942867279,True,-0.0073409080505371
Vince Tobin,CRD,1998,-0.0073409080505371,True,0.111040860414505
Vince Tobin,CRD,1998,-0.0073409080505371,True,0.111040860414505
Vince Tobin,CRD,1999,0.111040860414505,True,-0.1533108651638031
Vince Tobin,CRD,1999,0.111040860414505,True,-0.1533108651638031
Vince Tobin,CRD,2000,-0.1533108651638031,False,-0.11506505971908562
Vince Tobin,CRD,2000,-0.1533108651638031,False,-0.11506505971908562
Barry Switzer,DAL,1994,0.0657380819320678,True,0.1133139133453369
Barry Switzer,DAL,1994,0.0657380819320678,True,0.1133139133453369
Barry Switzer,DAL,1994,0.0657380819320678,True,0.1133139133453369
Barry Switzer,DAL,1995,0.1133139133453369,True,0.0394827127456665
Barry Switzer,DAL,1995,0.1133139133453369,True,0.0394827127456665
Barry Switzer,DAL,1995,0.1133139133453369,True,0.0394827127456665
Barry Switzer,DAL,1996,0.0394827127456665,True,0.0104693472385406
Barry Switzer,DAL,1996,0.0394827127456665,True,0.0104693472385406
Barry Switzer,DAL,1996,0.0394827127456665,True,0.0104693472385406
Barry Switzer,DAL,1997,0.0104693472385406,False,-0.11506505971908562
Barry Switzer,DAL,1997,0.0104693472385406,False,-0.11506505971908562
Barry Switzer,DAL,1997,0.0104693472385406,False,-0.11506505971908562
Bill Parcells,DAL,2003,0.1795099377632141,True,0.084935188293457
Bill Parcells,DAL,2004,0.084935188293457,True,0.0897007882595062
Bill Parcells,DAL,2005,0.0897007882595062,True,0.0060490369796752
Bill Parcells,DAL,2006,0.0060490369796752,False,-0.11506505971908562
Chan Gailey,DAL,1998,0.1941768527030944,True,-0.1436059474945068
Chan Gailey,DAL,1999,-0.1436059474945068,False,-0.11506505971908562
Dave Campo,DAL,2000,-0.1129288077354431,True,0.0147340893745422
Dave Campo,DAL,2001,0.0147340893745422,True,-0.0630014240741729
Dave Campo,DAL,2002,-0.0630014240741729,False,-0.11506505971908562
Jason Garrett,DAL,2011,-0.1162878274917602,True,0.0678978562355041
Jason Garrett,DAL,2011,-0.1162878274917602,True,0.0678978562355041
Jason Garrett,DAL,2012,0.0678978562355041,True,0.0187443196773529
Jason Garrett,DAL,2012,0.0678978562355041,True,0.0187443196773529
Jason Garrett,DAL,2013,0.0187443196773529,True,0.0874674320220947
Jason Garrett,DAL,2013,0.0187443196773529,True,0.0874674320220947
Jason Garrett,DAL,2014,0.0874674320220947,True,0.0285462737083435
Jason Garrett,DAL,2014,0.0874674320220947,True,0.0285462737083435
Jason Garrett,DAL,2015,0.0285462737083435,True,0.2049099802970886
Jason Garrett,DAL,2015,0.0285462737083435,True,0.2049099802970886
Jason Garrett,DAL,2016,0.2049099802970886,True,0.1010433435440063
Jason Garrett,DAL,2016,0.2049099802970886,True,0.1010433435440063
Jason Garrett,DAL,2017,0.1010433435440063,True,0.110389232635498
Jason Garrett,DAL,2017,0.1010433435440063,True,0.110389232635498
Jason Garrett,DAL,2018,0.110389232635498,True,0.0364120602607727
Jason Garrett,DAL,2018,0.110389232635498,True,0.0364120602607727
Jason Garrett,DAL,2019,0.0364120602607727,False,-0.11506505971908562
Jason Garrett,DAL,2019,0.0364120602607727,False,-0.11506505971908562
Jimmy Johnson,DAL,1989,-0.1059170365333557,True,0.08981654047966
Jimmy Johnson,DAL,1989,-0.1059170365333557,True,0.08981654047966
Jimmy Johnson,DAL,1990,0.08981654047966,True,0.2305487096309662
Jimmy Johnson,DAL,1990,0.08981654047966,True,0.2305487096309662
Jimmy Johnson,DAL,1991,0.2305487096309662,True,0.1984288692474365
Jimmy Johnson,DAL,1991,0.2305487096309662,True,0.1984288692474365
Jimmy Johnson,DAL,1992,0.1984288692474365,True,0.1084698438644409
Jimmy Johnson,DAL,1992,0.1984288692474365,True,0.1084698438644409
Jimmy Johnson,DAL,1993,0.1084698438644409,False,-0.11506505971908562
Jimmy Johnson,DAL,1993,0.1084698438644409,False,-0.11506505971908562
Mike McCarthy,DAL,2020,0.1220980584621429,True,0.0466936692237853
Mike McCarthy,DAL,2021,0.0466936692237853,True,0.2226025327682494
Mike McCarthy,DAL,2022,0.2226025327682494,True,0.0445127352714538
Mike McCarthy,DAL,2023,0.0445127352714538,True,0.1174345641613006
Tom Landry,DAL,1970,0.1348669164657593,True,0.1245134837150573
Tom Landry,DAL,1971,0.1245134837150573,True,0.1941986315727234
Tom Landry,DAL,1972,0.1941986315727234,True,0.0742268198013306
Tom Landry,DAL,1973,0.0742268198013306,True,0.1130838526725769
Tom Landry,DAL,1974,0.1130838526725769,True,0.1037913196563721
Tom Landry,DAL,1975,0.1037913196563721,True,0.1385035283088683
Tom Landry,DAL,1976,0.1385035283088683,True,0.1412432690620422
Tom Landry,DAL,1977,0.1412432690620422,True,0.0918723940849304
Tom Landry,DAL,1978,0.0918723940849304,True,0.1258757710456848
Tom Landry,DAL,1979,0.1258757710456848,True,0.1149934530258178
Tom Landry,DAL,1980,0.1149934530258178,True,0.0262667536735534
Tom Landry,DAL,1981,0.0262667536735534,True,0.1729648952007293
Tom Landry,DAL,1982,0.1729648952007293,True,0.1366828680038452
Tom Landry,DAL,1983,0.1366828680038452,True,0.1523424088954925
Tom Landry,DAL,1984,0.1523424088954925,True,0.068055510520935
Tom Landry,DAL,1985,0.068055510520935,True,0.0975944399833679
Tom Landry,DAL,1986,0.0975944399833679,True,0.0775502149581909
Tom Landry,DAL,1987,0.0775502149581909,True,-0.0593340545892715
Tom Landry,DAL,1988,-0.0593340545892715,False,-0.11506505971908562
Wade Phillips,DAL,2007,0.2080133557319641,True,0.0985513627529144
Wade Phillips,DAL,2008,0.0985513627529144,True,0.0417529940605163
Wade Phillips,DAL,2009,0.0417529940605163,True,-0.0248996913433074
Wade Phillips,DAL,2010,-0.0248996913433074,False,-0.11506505971908562
Wade Phillips,DAL,2010,-0.0355119705200195,False,-0.11506505971908562
Dan Reeves,DEN,1981,-0.0327177643775939,True,-0.056304341840744
Dan Reeves,DEN,1982,-0.056304341840744,True,0.0507702827453613
Dan Reeves,DEN,1983,0.0507702827453613,True,0.1383978724479675
Dan Reeves,DEN,1984,0.1383978724479675,True,0.0022028684616088
Dan Reeves,DEN,1985,0.0022028684616088,True,0.0134081840515136
Dan Reeves,DEN,1986,0.0134081840515136,True,0.1698496460914611
Dan Reeves,DEN,1987,0.1698496460914611,True,-0.0183447003364563
Dan Reeves,DEN,1988,-0.0183447003364563,True,0.0986599326133728
Dan Reeves,DEN,1989,0.0986599326133728,True,-0.1153725981712341
Dan Reeves,DEN,1990,-0.1153725981712341,True,0.0455195307731628
Dan Reeves,DEN,1991,0.0455195307731628,True,0.1239692568778991
Dan Reeves,DEN,1992,0.1239692568778991,False,-0.11506505971908562
Gary Kubiak,DEN,2015,0.216434359550476,True,0.0569547414779663
Gary Kubiak,DEN,2016,0.0569547414779663,False,-0.11506505971908562
John Fox,DEN,2011,-0.0282119512557983,True,0.1685001850128173
John Fox,DEN,2012,0.1685001850128173,True,0.2249226570129394
John Fox,DEN,2013,0.2249226570129394,True,0.1598554253578186
John Fox,DEN,2014,0.1598554253578186,False,-0.11506505971908562
John Ralston,DEN,1972,0.1066475113391876,True,0.0546702279090881
John Ralston,DEN,1973,0.0546702279090881,True,-0.0174270503997803
John Ralston,DEN,1974,-0.0174270503997803,True,0.1213757561206817
John Ralston,DEN,1975,0.1213757561206817,True,0.1727508405685425
John Ralston,DEN,1976,0.1727508405685425,False,-0.11506505971908562
Josh McDaniels,DEN,2009,-0.1263979077339172,True,-0.1571444869041443
Josh McDaniels,DEN,2010,-0.1571444869041443,False,-0.11506505971908562
Lou Saban,DEN,1970,0.0843772689342499,True,-0.0402907000541686
Lou Saban,DEN,1971,-0.0402907000541686,False,-0.11506505971908562
Lou Saban,DEN,1971,-0.0517929659843444,False,-0.11506505971908562
Mike Shanahan,DEN,1995,-0.0469604134559631,True,0.0756165981292724
Mike Shanahan,DEN,1996,0.0756165981292724,True,0.0390145182609558
Mike Shanahan,DEN,1997,0.0390145182609558,True,0.1731883287429809
Mike Shanahan,DEN,1998,0.1731883287429809,True,-0.029146134853363
Mike Shanahan,DEN,1999,-0.029146134853363,True,0.0319669842720031
Mike Shanahan,DEN,2000,0.0319669842720031,True,-0.0735156536102294
Mike Shanahan,DEN,2001,-0.0735156536102294,True,0.088447093963623
Mike Shanahan,DEN,2002,0.088447093963623,True,0.131049633026123
Mike Shanahan,DEN,2003,0.131049633026123,True,0.0923178791999816
Mike Shanahan,DEN,2004,0.0923178791999816,True,0.0866628289222717
Mike Shanahan,DEN,2005,0.0866628289222717,True,0.0169375538825988
Mike Shanahan,DEN,2006,0.0169375538825988,True,-0.100647747516632
Mike Shanahan,DEN,2007,-0.100647747516632,True,0.0332412421703338
Mike Shanahan,DEN,2008,0.0332412421703338,False,-0.11506505971908562
Nathaniel Hackett,DEN,2022,-0.0680813356876373,False,-0.11506505971908562
Red Miller,DEN,1977,0.1916845341682433,True,-0.0488843321800231
Red Miller,DEN,1978,-0.0488843321800231,True,0.1342592537403106
Red Miller,DEN,1979,0.1342592537403106,True,0.0725427269935607
Red Miller,DEN,1980,0.0725427269935607,False,-0.11506505971908562
Sean Payton,DEN,2023,-0.1106062621116638,True,-0.0258027642250061
Vance Joseph,DEN,2017,0.0232104659080505,True,-0.0504013299942016
Vance Joseph,DEN,2018,-0.0504013299942016,False,-0.11506505971908562
Vic Fangio,DEN,2019,0.0910021662712097,True,0.0396233201026916
Vic Fangio,DEN,2020,0.0396233201026916,True,-0.0619338423728942
Vic Fangio,DEN,2021,-0.0619338423728942,False,-0.11506505971908562
Wade Phillips,DEN,1993,-0.1175081133842468,True,-0.1082901358604431
Wade Phillips,DEN,1994,-0.1082901358604431,False,-0.11506505971908562
Bobby Ross,DET,1997,0.0019729137420654,True,-0.0249386727809906
Bobby Ross,DET,1998,-0.0249386727809906,True,0.0420968532562255
Bobby Ross,DET,1999,0.0420968532562255,True,0.065851479768753
Bobby Ross,DET,2000,0.065851479768753,False,-0.11506505971908562
Bobby Ross,DET,2000,0.0403061509132385,False,-0.11506505971908562
Dan Campbell,DET,2021,-0.109539760684967,True,-0.0623626023292541
Dan Campbell,DET,2021,-0.109539760684967,True,-0.0623626023292541
Dan Campbell,DET,2022,-0.0623626023292541,True,0.1058292850494384
Dan Campbell,DET,2022,-0.0623626023292541,True,0.1058292850494384
Dan Campbell,DET,2023,0.1058292850494384,True,0.2949624895095825
Dan Campbell,DET,2023,0.1058292850494384,True,0.2949624895095825
Darryl Rogers,DET,1985,0.0660932958126068,True,-0.1104759275913238
Darryl Rogers,DET,1985,0.0660932958126068,True,-0.1104759275913238
Darryl Rogers,DET,1986,-0.1104759275913238,True,-0.028129785823822
Darryl Rogers,DET,1986,-0.1104759275913238,True,-0.028129785823822
Darryl Rogers,DET,1987,-0.028129785823822,True,-0.0545510351657867
Darryl Rogers,DET,1987,-0.028129785823822,True,-0.0545510351657867
Darryl Rogers,DET,1988,-0.0545510351657867,False,-0.11506505971908562
Darryl Rogers,DET,1988,-0.0545510351657867,False,-0.11506505971908562
Don McCafferty,DET,1973,0.036252074766159,False,-0.11506505971908562
Jim Caldwell,DET,2014,0.0727991461753845,True,0.0330283045768737
Jim Caldwell,DET,2015,0.0330283045768737,True,-0.0091892480850219
Jim Caldwell,DET,2016,-0.0091892480850219,True,0.0018449425697326
Jim Caldwell,DET,2017,0.0018449425697326,False,-0.11506505971908562
Jim Schwartz,DET,2009,-0.1027437150478363,True,-0.0135884284973144
Jim Schwartz,DET,2010,-0.0135884284973144,True,-0.0482129454612731
Jim Schwartz,DET,2011,-0.0482129454612731,True,-0.1860190629959106
Jim Schwartz,DET,2012,-0.1860190629959106,True,-0.1086503863334655
Jim Schwartz,DET,2013,-0.1086503863334655,False,-0.11506505971908562
Joe Schmidt,DET,1970,0.0675978296279907,True,-0.0916942589759827
Joe Schmidt,DET,1971,-0.0916942589759827,True,0.1248694261074065
Joe Schmidt,DET,1972,0.1248694261074065,False,-0.11506505971908562
Marty Mornhinweg,DET,2001,-0.29019695520401,True,-0.1217983365058898
Marty Mornhinweg,DET,2002,-0.1217983365058898,False,-0.11506505971908562
Matt Patricia,DET,2018,0.0368552505970001,True,-0.0002711051225662
Matt Patricia,DET,2019,-0.0002711051225662,True,-0.015820562839508
Matt Patricia,DET,2020,-0.015820562839508,False,-0.11506505971908562
Monte Clark,DET,1978,0.0018594861030578,True,-0.1467171609401703
Monte Clark,DET,1978,0.0018594861030578,True,-0.1467171609401703
Monte Clark,DET,1978,0.0018594861030578,True,-0.1467171609401703
Monte Clark,DET,1978,0.0018594861030578,True,-0.1467171609401703
Monte Clark,DET,1979,-0.1467171609401703,True,-0.07855886220932
Monte Clark,DET,1979,-0.1467171609401703,True,-0.07855886220932
Monte Clark,DET,1979,-0.1467171609401703,True,-0.07855886220932
Monte Clark,DET,1979,-0.1467171609401703,True,-0.07855886220932
Monte Clark,DET,1980,-0.07855886220932,True,-0.005192220211029
Monte Clark,DET,1980,-0.07855886220932,True,-0.005192220211029
Monte Clark,DET,1980,-0.07855886220932,True,-0.005192220211029
Monte Clark,DET,1980,-0.07855886220932,True,-0.005192220211029
Monte Clark,DET,1981,-0.005192220211029,True,0.0505628758907318
Monte Clark,DET,1981,-0.005192220211029,True,0.0505628758907318
Monte Clark,DET,1981,-0.005192220211029,True,0.0505628758907318
Monte Clark,DET,1981,-0.005192220211029,True,0.0505628758907318
Monte Clark,DET,1982,0.0505628758907318,True,0.0126330852508544
Monte Clark,DET,1982,0.0505628758907318,True,0.0126330852508544
Monte Clark,DET,1982,0.0505628758907318,True,0.0126330852508544
Monte Clark,DET,1982,0.0505628758907318,True,0.0126330852508544
Monte Clark,DET,1983,0.0126330852508544,True,-0.0271592355251312
Monte Clark,DET,1983,0.0126330852508544,True,-0.0271592355251312
Monte Clark,DET,1983,0.0126330852508544,True,-0.0271592355251312
Monte Clark,DET,1983,0.0126330852508544,True,-0.0271592355251312
Monte Clark,DET,1984,-0.0271592355251312,False,-0.11506505971908562
Monte Clark,DET,1984,-0.0271592355251312,False,-0.11506505971908562
Monte Clark,DET,1984,-0.0271592355251312,False,-0.11506505971908562
Monte Clark,DET,1984,-0.0271592355251312,False,-0.11506505971908562
Rick Forzano,DET,1974,0.0548647940158844,True,-0.0289923548698425
Rick Forzano,DET,1975,-0.0289923548698425,True,-0.194896949672699
Rick Forzano,DET,1976,-0.194896949672699,False,-0.11506505971908562
Rick Forzano,DET,1976,-0.2001174224853515,False,-0.11506505971908562
Rod Marinelli,DET,2006,-0.2611162960529327,True,0.0759594440460205
Rod Marinelli,DET,2007,0.0759594440460205,True,-0.1813236474990844
Rod Marinelli,DET,2008,-0.1813236474990844,False,-0.11506505971908562
Steve Mariucci,DET,2003,-0.0167991518974304,True,-0.1145120859146118
Steve Mariucci,DET,2004,-0.1145120859146118,True,-0.0422914028167724
Steve Mariucci,DET,2005,-0.0422914028167724,False,-0.11506505971908562
Tommy Hudspeth,DET,1977,-0.0387004150390625,False,-0.11506505971908562
Wayne Fontes,DET,1989,0.0405289530754089,True,-0.1089867055416107
Wayne Fontes,DET,1990,-0.1089867055416107,True,0.1708613634109497
Wayne Fontes,DET,1991,0.1708613634109497,True,-0.1689020991325378
Wayne Fontes,DET,1992,-0.1689020991325378,True,0.0710171461105346
Wayne Fontes,DET,1993,0.0710171461105346,True,0.0377603769302368
Wayne Fontes,DET,1994,0.0377603769302368,True,-0.0688406825065612
Wayne Fontes,DET,1995,-0.0688406825065612,True,-0.1303335428237915
Wayne Fontes,DET,1996,-0.1303335428237915,False,-0.11506505971908562
Bart Starr,GNB,1975,-0.0345830851078033,True,0.0630741616249084
Bart Starr,GNB,1976,0.0630741616249084,True,-0.0871231787681579
Bart Starr,GNB,1977,-0.0871231787681579,True,-0.0808399832725524
Bart Starr,GNB,1978,-0.0808399832725524,True,-0.0408093035221099
Bart Starr,GNB,1979,-0.0408093035221099,True,-0.0482592963695526
Bart Starr,GNB,1980,-0.0482592963695526,True,-0.0786392092704773
Bart Starr,GNB,1981,-0.0786392092704773,True,0.1606522320270538
Bart Starr,GNB,1982,0.1606522320270538,True,0.0411007702350616
Bart Starr,GNB,1983,0.0411007702350616,False,-0.11506505971908562
Dan Devine,GNB,1971,-0.0640119413375854,True,0.0714775555610657
Dan Devine,GNB,1972,0.0714775555610657,True,0.0922613011360168
Dan Devine,GNB,1973,0.0922613011360168,True,0.004576401567459
Dan Devine,GNB,1974,0.004576401567459,False,-0.11506505971908562
Forrest Gregg,GNB,1984,-0.0658900141716003,True,0.1883432269096374
Forrest Gregg,GNB,1985,0.1883432269096374,True,-0.0647008419036865
Forrest Gregg,GNB,1986,-0.0647008419036865,True,0.0326776866436004
Forrest Gregg,GNB,1987,0.0326776866436004,False,-0.11506505971908562
Lindy Infante,GNB,1988,-0.0338563621044158,True,-0.0589022040367126
Lindy Infante,GNB,1989,-0.0589022040367126,True,-0.0756641030311584
Lindy Infante,GNB,1990,-0.0756641030311584,True,-0.1095494925975799
Lindy Infante,GNB,1991,-0.1095494925975799,False,-0.11506505971908562
Matt LaFleur,GNB,2019,0.1076443195343017,True,0.1494752168655395
Matt LaFleur,GNB,2020,0.1494752168655395,True,0.03759217710495
Matt LaFleur,GNB,2021,0.03759217710495,True,-0.1369047254562377
Matt LaFleur,GNB,2022,-0.1369047254562377,True,0.1160132080554962
Matt LaFleur,GNB,2023,0.1160132080554962,True,0.1270619317054748
Mike Holmgren,GNB,1992,0.1343647837638855,True,0.0772297978401184
Mike Holmgren,GNB,1993,0.0772297978401184,True,-0.0868176817893982
Mike Holmgren,GNB,1994,-0.0868176817893982,True,0.2525897622108459
Mike Holmgren,GNB,1995,0.2525897622108459,True,0.1328459978103637
Mike Holmgren,GNB,1996,0.1328459978103637,True,0.1760599017143249
Mike Holmgren,GNB,1997,0.1760599017143249,True,0.212456077337265
Mike Holmgren,GNB,1998,0.212456077337265,False,-0.11506505971908562
Mike McCarthy,GNB,2006,0.0662349164485931,True,0.153591513633728
Mike McCarthy,GNB,2007,0.153591513633728,True,-0.2615795731544494
Mike McCarthy,GNB,2008,-0.2615795731544494,True,-0.0612978339195251
Mike McCarthy,GNB,2009,-0.0612978339195251,True,0.0024433135986328
Mike McCarthy,GNB,2010,0.0024433135986328,True,0.2004786133766174
Mike McCarthy,GNB,2011,0.2004786133766174,True,0.0074267387390136
Mike McCarthy,GNB,2012,0.0074267387390136,True,0.1464073740959167
Mike McCarthy,GNB,2013,0.1464073740959167,True,0.0306079387664794
Mike McCarthy,GNB,2014,0.0306079387664794,True,-0.0279616117477417
Mike McCarthy,GNB,2015,-0.0279616117477417,True,-0.0018889307975769
Mike McCarthy,GNB,2016,-0.0018889307975769,True,0.1769407391548156
Mike McCarthy,GNB,2017,0.1769407391548156,True,-0.027616909790039
Mike McCarthy,GNB,2018,-0.027616909790039,False,-0.11506505971908562
Mike Sherman,GNB,2000,0.0015409588813781,True,0.1295978426933288
Mike Sherman,GNB,2000,0.0015409588813781,True,0.1295978426933288
Mike Sherman,GNB,2001,0.1295978426933288,True,0.1632043123245239
Mike Sherman,GNB,2001,0.1295978426933288,True,0.1632043123245239
Mike Sherman,GNB,2002,0.1632043123245239,True,0.0047484040260314
Mike Sherman,GNB,2002,0.1632043123245239,True,0.0047484040260314
Mike Sherman,GNB,2003,0.0047484040260314,True,0.2547722160816192
Mike Sherman,GNB,2003,0.0047484040260314,True,0.2547722160816192
Mike Sherman,GNB,2004,0.2547722160816192,True,-0.0579138696193695
Mike Sherman,GNB,2004,0.2547722160816192,True,-0.0579138696193695
Mike Sherman,GNB,2005,-0.0579138696193695,False,-0.11506505971908562
Mike Sherman,GNB,2005,-0.0579138696193695,False,-0.11506505971908562
Phil Bengtson,GNB,1970,0.0070156918525695,False,-0.11506505971908562
Ray Rhodes,GNB,1999,-0.0073441267013549,False,-0.11506505971908562
Bill O'Brien,HTX,2014,0.0142108798027038,True,0.1612250804901123
Bill O'Brien,HTX,2015,0.1612250804901123,True,0.2037162482738495
Bill O'Brien,HTX,2016,0.2037162482738495,True,-0.005694568157196
Bill O'Brien,HTX,2017,-0.005694568157196,True,0.0846332311630249
Bill O'Brien,HTX,2018,0.0846332311630249,True,0.2341343462467193
Bill O'Brien,HTX,2019,0.2341343462467193,True,-0.106326550245285
Bill O'Brien,HTX,2020,-0.106326550245285,False,-0.11506505971908562
David Culley,HTX,2021,-0.1608126804351806,False,-0.11506505971908562
DeMeco Ryans,HTX,2023,0.0187025339126586,True,-0.001794490146637
Dom Capers,HTX,2002,-0.1776935458183288,True,0.0108096599578857
Dom Capers,HTX,2003,0.0108096599578857,True,-0.196723461151123
Dom Capers,HTX,2004,-0.196723461151123,True,-0.2529902458190918
Dom Capers,HTX,2005,-0.2529902458190918,False,-0.11506505971908562
Gary Kubiak,HTX,2006,-0.0816206336021423,True,0.211000770330429
Gary Kubiak,HTX,2007,0.211000770330429,True,0.0925385355949401
Gary Kubiak,HTX,2008,0.0925385355949401,True,-0.0016368627548217
Gary Kubiak,HTX,2009,-0.0016368627548217,True,-0.1269054412841797
Gary Kubiak,HTX,2010,-0.1269054412841797,True,-0.0292525291442871
Gary Kubiak,HTX,2011,-0.0292525291442871,True,0.1483245491981506
Gary Kubiak,HTX,2012,0.1483245491981506,True,-0.0282242596149444
Gary Kubiak,HTX,2013,-0.0282242596149444,False,-0.11506505971908562
Lovie Smith,HTX,2022,-0.2504049077987671,False,-0.11506505971908562
Lovie Smith,HTX,2022,-0.2504049077987671,False,-0.11506505971908562
Lovie Smith,HTX,2022,-0.2504049077987671,False,-0.11506505971908562
Lovie Smith,HTX,2022,-0.2504049077987671,False,-0.11506505971908562
Doug Marrone,JAX,2017,0.0219966769218444,True,-0.0206863582134246
Doug Marrone,JAX,2018,-0.0206863582134246,True,-0.0052898824214935
Doug Marrone,JAX,2019,-0.0052898824214935,True,-0.137452557682991
Doug Marrone,JAX,2020,-0.137452557682991,False,-0.11506505971908562
Doug Pederson,JAX,2022,-0.1088167935371399,True,-0.0695582538604736
Doug Pederson,JAX,2023,-0.0695582538604736,True,-0.0183720037460327
Gus Bradley,JAX,2013,-0.0499331653118133,True,-0.079876959323883
Gus Bradley,JAX,2014,-0.079876959323883,True,-0.054890364408493
Gus Bradley,JAX,2015,-0.054890364408493,True,-0.0722585618495941
Gus Bradley,JAX,2016,-0.0722585618495941,False,-0.11506505971908562
Jack Del Rio,JAX,2003,-0.1206624507904052,True,-0.012501060962677
Jack Del Rio,JAX,2004,-0.012501060962677,True,0.0690478682518005
Jack Del Rio,JAX,2005,0.0690478682518005,True,-0.0768477916717529
Jack Del Rio,JAX,2006,-0.0768477916717529,True,0.0714247822761535
Jack Del Rio,JAX,2007,0.0714247822761535,True,-0.0505295991897583
Jack Del Rio,JAX,2008,-0.0505295991897583,True,-0.1177777051925659
Jack Del Rio,JAX,2009,-0.1177777051925659,True,0.1625389456748962
Jack Del Rio,JAX,2010,0.1625389456748962,True,-0.1684973537921905
Jack Del Rio,JAX,2011,-0.1684973537921905,False,-0.11506505971908562
Mike Mularkey,JAX,2012,-0.1019148975610733,False,-0.11506505971908562
Tom Coughlin,JAX,1995,-0.1333253979682922,True,0.1010565161705017
Tom Coughlin,JAX,1995,-0.1333253979682922,True,0.1010565161705017
Tom Coughlin,JAX,1996,0.1010565161705017,True,0.0762402415275573
Tom Coughlin,JAX,1996,0.1010565161705017,True,0.0762402415275573
Tom Coughlin,JAX,1997,0.0762402415275573,True,0.2190446555614471
Tom Coughlin,JAX,1997,0.0762402415275573,True,0.2190446555614471
Tom Coughlin,JAX,1998,0.2190446555614471,True,0.2099475264549255
Tom Coughlin,JAX,1998,0.2190446555614471,True,0.2099475264549255
Tom Coughlin,JAX,1999,0.2099475264549255,True,-0.0587474107742309
Tom Coughlin,JAX,1999,0.2099475264549255,True,-0.0587474107742309
Tom Coughlin,JAX,2000,-0.0587474107742309,True,-0.1130068004131317
Tom Coughlin,JAX,2000,-0.0587474107742309,True,-0.1130068004131317
Tom Coughlin,JAX,2001,-0.1130068004131317,True,-0.1942041516304016
Tom Coughlin,JAX,2001,-0.1130068004131317,True,-0.1942041516304016
Tom Coughlin,JAX,2002,-0.1942041516304016,False,-0.11506505971908562
Tom Coughlin,JAX,2002,-0.1942041516304016,False,-0.11506505971908562
Urban Meyer,JAX,2021,-0.1513179168701172,False,-0.11506505971908562
Andy Reid,KAN,2013,0.0460328459739685,True,0.185929924249649
Andy Reid,KAN,2014,0.185929924249649,True,0.1064928174018859
Andy Reid,KAN,2015,0.1064928174018859,True,0.1688436865806579
Andy Reid,KAN,2016,0.1688436865806579,True,-0.0153173804283142
Andy Reid,KAN,2017,-0.0153173804283142,True,0.1474276185035705
Andy Reid,KAN,2018,0.1474276185035705,True,0.112948477268219
Andy Reid,KAN,2019,0.112948477268219,True,0.1928472518920898
Andy Reid,KAN,2020,0.1928472518920898,True,0.0937151178359985
Andy Reid,KAN,2021,0.0937151178359985,True,0.2165234909057617
Andy Reid,KAN,2022,0.2165234909057617,True,0.1257135554313659
Andy Reid,KAN,2023,0.1257135554313659,True,0.2518284558296203
Dick Vermeil,KAN,2001,-0.0664205849170684,True,-0.0664928555488586
Dick Vermeil,KAN,2002,-0.0664928555488586,True,0.0944037437438964
Dick Vermeil,KAN,2003,0.0944037437438964,True,0.0125430822372436
Dick Vermeil,KAN,2004,0.0125430822372436,True,0.0105407834053039
Dick Vermeil,KAN,2005,0.0105407834053039,False,-0.11506505971908562
Frank Gansz,KAN,1987,0.0192812238454818,True,-0.022644928741455
Frank Gansz,KAN,1988,-0.022644928741455,False,-0.11506505971908562
Gunther Cunningham,KAN,1999,-0.0553556084632873,True,-0.1145486235618591
Gunther Cunningham,KAN,2000,-0.1145486235618591,False,-0.11506505971908562
Hank Stram,KAN,1970,-0.0474328266143798,True,0.0268337726593017
Hank Stram,KAN,1971,0.0268337726593017,True,-0.0259044633865356
Hank Stram,KAN,1972,-0.0259044633865356,True,-0.0289207564353942
Hank Stram,KAN,1973,-0.0289207564353942,True,-0.0548572341442108
Hank Stram,KAN,1974,-0.0548572341442108,False,-0.11506505971908562
Herm Edwards,KAN,2006,0.0478010773658752,True,-0.1084356009960174
Herm Edwards,KAN,2006,0.0478010773658752,True,-0.1084356009960174
Herm Edwards,KAN,2006,0.0478010773658752,True,-0.1084356009960174
Herm Edwards,KAN,2006,0.0478010773658752,True,-0.1084356009960174
Herm Edwards,KAN,2007,-0.1084356009960174,True,-0.1299646496772766
Herm Edwards,KAN,2007,-0.1084356009960174,True,-0.1299646496772766
Herm Edwards,KAN,2007,-0.1084356009960174,True,-0.1299646496772766
Herm Edwards,KAN,2007,-0.1084356009960174,True,-0.1299646496772766
Herm Edwards,KAN,2008,-0.1299646496772766,False,-0.11506505971908562
Herm Edwards,KAN,2008,-0.1299646496772766,False,-0.11506505971908562
Herm Edwards,KAN,2008,-0.1299646496772766,False,-0.11506505971908562
Herm Edwards,KAN,2008,-0.1299646496772766,False,-0.11506505971908562
John Mackovic,KAN,1983,-0.1760135293006897,True,-0.0065153241157531
John Mackovic,KAN,1984,-0.0065153241157531,True,-0.0073928236961364
John Mackovic,KAN,1985,-0.0073928236961364,True,-0.0044627785682678
John Mackovic,KAN,1986,-0.0044627785682678,False,-0.11506505971908562
Marty Schottenheimer,KAN,1989,0.0932640814304351,True,-0.0155529379844665
Marty Schottenheimer,KAN,1989,0.0932640814304351,True,-0.0155529379844665
Marty Schottenheimer,KAN,1990,-0.0155529379844665,True,0.0832006931304931
Marty Schottenheimer,KAN,1990,-0.0155529379844665,True,0.0832006931304931
Marty Schottenheimer,KAN,1991,0.0832006931304931,True,-0.0015763640403747
Marty Schottenheimer,KAN,1991,0.0832006931304931,True,-0.0015763640403747
Marty Schottenheimer,KAN,1992,-0.0015763640403747,True,0.0585152506828308
Marty Schottenheimer,KAN,1992,-0.0015763640403747,True,0.0585152506828308
Marty Schottenheimer,KAN,1993,0.0585152506828308,True,0.095472514629364
Marty Schottenheimer,KAN,1993,0.0585152506828308,True,0.095472514629364
Marty Schottenheimer,KAN,1994,0.095472514629364,True,0.1277154684066772
Marty Schottenheimer,KAN,1994,0.095472514629364,True,0.1277154684066772
Marty Schottenheimer,KAN,1995,0.1277154684066772,True,0.0091106295585632
Marty Schottenheimer,KAN,1995,0.1277154684066772,True,0.0091106295585632
Marty Schottenheimer,KAN,1996,0.0091106295585632,True,0.1313314437866211
Marty Schottenheimer,KAN,1996,0.0091106295585632,True,0.1313314437866211
Marty Schottenheimer,KAN,1997,0.1313314437866211,True,0.0247989892959594
Marty Schottenheimer,KAN,1997,0.1313314437866211,True,0.0247989892959594
Marty Schottenheimer,KAN,1998,0.0247989892959594,False,-0.11506505971908562
Marty Schottenheimer,KAN,1998,0.0247989892959594,False,-0.11506505971908562
Marv Levy,KAN,1978,-0.265699565410614,True,0.0042721033096313
Marv Levy,KAN,1979,0.0042721033096313,True,-0.0347678661346435
Marv Levy,KAN,1980,-0.0347678661346435,True,0.0086981058120727
Marv Levy,KAN,1981,0.0086981058120727,True,-0.0777378324985504
Marv Levy,KAN,1982,-0.0777378324985504,False,-0.11506505971908562
Paul Wiggin,KAN,1975,-0.1177435020446777,True,-0.1617717246055603
Paul Wiggin,KAN,1976,-0.1617717246055603,True,-0.1069143315315246
Paul Wiggin,KAN,1977,-0.1069143315315246,False,-0.11506505971908562
Romeo Crennel,KAN,2012,-0.0929707586765289,False,-0.11506505971908562
Todd Haley,KAN,2009,-0.1391665339469909,True,0.0149505734443664
Todd Haley,KAN,2009,-0.1391665339469909,True,0.0149505734443664
Todd Haley,KAN,2010,0.0149505734443664,True,-0.1052415966987609
Todd Haley,KAN,2010,0.0149505734443664,True,-0.1052415966987609
Todd Haley,KAN,2011,-0.1052415966987609,False,-0.11506505971908562
Todd Haley,KAN,2011,-0.1052415966987609,False,-0.11506505971908562
Adam Gase,MIA,2016,0.1837621331214904,True,0.0689048171043396
Adam Gase,MIA,2017,0.0689048171043396,True,-0.0749264359474182
Adam Gase,MIA,2018,-0.0749264359474182,False,-0.11506505971908562
Brian Flores,MIA,2019,-0.0126131772994995,True,0.0347917675971984
Brian Flores,MIA,2020,0.0347917675971984,True,0.0288075298309326
Brian Flores,MIA,2021,0.0288075298309326,False,-0.11506505971908562
Cam Cameron,MIA,2007,-0.1871809065341949,False,-0.11506505971908562
Dave Wannstedt,MIA,2000,0.0440582633018493,True,0.1674001216888427
Dave Wannstedt,MIA,2001,0.1674001216888427,True,-0.0700977444648742
Dave Wannstedt,MIA,2002,-0.0700977444648742,True,0.0064443349838256
Dave Wannstedt,MIA,2003,0.0064443349838256,True,-0.0180442929267883
Dave Wannstedt,MIA,2004,-0.0180442929267883,False,-0.11506505971908562
Don Shula,MIA,1970,0.135572873878479,True,0.1709240674972534
Don Shula,MIA,1971,0.1709240674972534,True,0.2932520508766174
Don Shula,MIA,1972,0.2932520508766174,True,0.1746384998321533
Don Shula,MIA,1973,0.1746384998321533,True,0.2937021023750304
Don Shula,MIA,1974,0.2937021023750304,True,0.1534398429870606
Don Shula,MIA,1975,0.1534398429870606,True,-0.0500134362220764
Don Shula,MIA,1976,-0.0500134362220764,True,0.1178966396331787
Don Shula,MIA,1976,-0.0593841804504394,True,0.1178966396331787
Don Shula,MIA,1977,0.1178966396331787,True,0.0711780190467834
Don Shula,MIA,1978,0.0711780190467834,True,0.2300320565700531
Don Shula,MIA,1979,0.2300320565700531,True,0.0807980597019195
Don Shula,MIA,1980,0.0807980597019195,True,0.1570734298706054
Don Shula,MIA,1981,0.1570734298706054,True,0.2767489316940308
Don Shula,MIA,1982,0.2767489316940308,True,0.0603031516075134
Don Shula,MIA,1983,0.0603031516075134,True,0.1892844438552856
Don Shula,MIA,1984,0.1892844438552856,True,0.1798482537269592
Don Shula,MIA,1985,0.1798482537269592,True,-0.0275784134864807
Don Shula,MIA,1986,-0.0275784134864807,True,0.2394486542224884
Don Shula,MIA,1987,0.2394486542224884,True,0.0279176235198974
Don Shula,MIA,1988,0.0279176235198974,True,-0.0220014452934265
Don Shula,MIA,1989,-0.0220014452934265,True,0.0778620839118957
Don Shula,MIA,1990,0.0778620839118957,True,-0.0492638945579528
Don Shula,MIA,1991,-0.0492638945579528,True,0.0710963010787963
Don Shula,MIA,1992,0.0710963010787963,True,0.2825201153755188
Don Shula,MIA,1993,0.2825201153755188,True,-0.0066868662834167
Don Shula,MIA,1994,-0.0066868662834167,True,0.1964971125125885
Don Shula,MIA,1995,0.1964971125125885,False,-0.11506505971908562
Jimmy Johnson,MIA,1996,-0.084596574306488,True,0.1150746643543243
Jimmy Johnson,MIA,1996,-0.084596574306488,True,0.1150746643543243
Jimmy Johnson,MIA,1997,0.1150746643543243,True,0.0093487501144409
Jimmy Johnson,MIA,1997,0.1150746643543243,True,0.0093487501144409
Jimmy Johnson,MIA,1998,0.0093487501144409,True,0.144603431224823
Jimmy Johnson,MIA,1998,0.0093487501144409,True,0.144603431224823
Jimmy Johnson,MIA,1999,0.144603431224823,False,-0.11506505971908562
Jimmy Johnson,MIA,1999,0.144603431224823,False,-0.11506505971908562
Joe Philbin,MIA,2012,0.0346055924892425,True,0.0024924278259277
Joe Philbin,MIA,2013,0.0024924278259277,True,0.0443100035190582
Joe Philbin,MIA,2014,0.0443100035190582,True,-0.1033034324645996
Joe Philbin,MIA,2015,-0.1033034324645996,False,-0.11506505971908562
Mike McDaniel,MIA,2022,0.231428751373291,True,0.1180098935127258
Mike McDaniel,MIA,2023,0.1180098935127258,True,0.0294003695011139
Nick Saban,MIA,2005,0.0189859271049499,True,0.0188560187816619
Nick Saban,MIA,2006,0.0188560187816619,False,-0.11506505971908562
Tony Sparano,MIA,2008,-0.0067726373672485,True,0.195006638765335
Tony Sparano,MIA,2009,0.195006638765335,True,0.1049865186214447
Tony Sparano,MIA,2010,0.1049865186214447,True,-0.2091035842895507
Tony Sparano,MIA,2011,-0.2091035842895507,False,-0.11506505971908562
Brad Childress,MIN,2006,-0.147984504699707,True,-0.0728533267974853
Brad Childress,MIN,2007,-0.0728533267974853,True,0.1217831373214721
Brad Childress,MIN,2008,0.1217831373214721,True,0.0934768319129943
Brad Childress,MIN,2009,0.0934768319129943,True,-0.0520532131195068
Brad Childress,MIN,2010,-0.0520532131195068,False,-0.11506505971908562
Brad Childress,MIN,2010,-0.0635959804058075,False,-0.11506505971908562
Bud Grant,MIN,1970,0.1336734791755676,True,0.1435882217407226
Bud Grant,MIN,1971,0.1435882217407226,True,-0.1201900839805603
Bud Grant,MIN,1972,-0.1201900839805603,True,0.1625844141006469
Bud Grant,MIN,1973,0.1625844141006469,True,0.0650729768753052
Bud Grant,MIN,1974,0.0650729768753052,True,0.0775174399375915
Bud Grant,MIN,1975,0.0775174399375915,True,0.0815925730705261
Bud Grant,MIN,1976,0.0815925730705261,True,0.2405445078849792
Bud Grant,MIN,1977,0.2405445078849792,True,0.0346031271934509
Bud Grant,MIN,1978,0.0346031271934509,True,-0.1139807701110839
Bud Grant,MIN,1979,-0.1139807701110839,True,-0.0772953629493713
Bud Grant,MIN,1980,-0.0772953629493713,True,-0.0061556100845336
Bud Grant,MIN,1981,-0.0061556100845336,True,0.1366225009918212
Bud Grant,MIN,1982,0.1366225009918212,True,-0.0016565322875976
Bud Grant,MIN,1983,-0.0016565322875976,False,-0.11506505971908562
Bud Grant,MIN,1985,-0.0863441228866577,False,-0.11506505971908562
Dennis Green,MIN,1992,-0.0053849816322326,True,-0.0865226984024047
Dennis Green,MIN,1993,-0.0865226984024047,True,0.0836424827575683
Dennis Green,MIN,1994,0.0836424827575683,True,-0.0856198072433471
Dennis Green,MIN,1995,-0.0856198072433471,True,0.0677316784858703
Dennis Green,MIN,1996,0.0677316784858703,True,0.1602707207202911
Dennis Green,MIN,1997,0.1602707207202911,True,0.2673327922821045
Dennis Green,MIN,1998,0.2673327922821045,True,0.1673060655593872
Dennis Green,MIN,1999,0.1673060655593872,True,0.2129282057285308
Dennis Green,MIN,2000,0.2129282057285308,True,0.0324837863445282
Dennis Green,MIN,2001,0.0324837863445282,False,-0.11506505971908562
Jerry Burns,MIN,1986,-0.0477787256240844,True,0.0972557838439941
Jerry Burns,MIN,1987,0.0972557838439941,True,0.0461395978927612
Jerry Burns,MIN,1988,0.0461395978927612,True,0.0663970708847045
Jerry Burns,MIN,1989,0.0663970708847045,True,-0.1238927543163299
Jerry Burns,MIN,1990,-0.1238927543163299,True,-0.0519055128097534
Jerry Burns,MIN,1991,-0.0519055128097534,False,-0.11506505971908562
Kevin O'Connell,MIN,2022,0.1725843593597412,True,0.1197344689846038
Kevin O'Connell,MIN,2023,0.1197344689846038,True,0.1507369503974914
Les Steckel,MIN,1984,-0.0096137225627899,False,-0.11506505971908562
Leslie Frazier,MIN,2011,-0.1744060814380645,True,0.0895213484764099
Leslie Frazier,MIN,2012,0.0895213484764099,True,-0.0767347895622253
Leslie Frazier,MIN,2013,-0.0767347895622253,False,-0.11506505971908562
Mike Tice,MIN,2002,-0.1100669801235199,True,-0.0808272957801818
Mike Tice,MIN,2003,-0.0808272957801818,True,-0.0820708274841308
Mike Tice,MIN,2004,-0.0820708274841308,True,0.06559818983078
Mike Tice,MIN,2005,0.06559818983078,False,-0.11506505971908562
Mike Zimmer,MIN,2014,0.1153611242771148,True,0.10679292678833
Mike Zimmer,MIN,2015,0.10679292678833,True,-0.0421806573867797
Mike Zimmer,MIN,2016,-0.0421806573867797,True,0.2446217536926269
Mike Zimmer,MIN,2017,0.2446217536926269,True,-0.0468568718910217
Mike Zimmer,MIN,2018,-0.0468568718910217,True,-0.0485433936119079
Mike Zimmer,MIN,2019,-0.0485433936119079,True,-0.0036543309688568
Mike Zimmer,MIN,2020,-0.0036543309688568,True,-0.0348129362106323
Mike Zimmer,MIN,2021,-0.0348129362106323,False,-0.11506505971908562
Bum Phillips,NOR,1981,-0.0594803392887115,True,0.1630514437198639
Bum Phillips,NOR,1982,0.1630514437198639,True,-0.0028685331344604
Bum Phillips,NOR,1983,-0.0028685331344604,True,0.0512506961822509
Bum Phillips,NOR,1984,0.0512506961822509,True,-0.0087727606296539
Bum Phillips,NOR,1985,-0.0087727606296539,False,-0.11506505971908562
Dennis Allen,NOR,2022,0.0590198069095611,True,-0.0148656278610229
Dennis Allen,NOR,2023,-0.0148656278610229,True,-0.0795782073974609
Dick Nolan,NOR,1978,-0.1184195876121521,True,-0.0577796101570129
Dick Nolan,NOR,1979,-0.0577796101570129,True,-0.1952955722808838
Dick Nolan,NOR,1980,-0.1952955722808838,False,-0.11506505971908562
Hank Stram,NOR,1976,-0.0605138473987579,True,-0.100784308385849
Hank Stram,NOR,1977,-0.100784308385849,False,-0.11506505971908562
J.D. Roberts,NOR,1970,-0.2031571699619293,True,-0.1080832282543182
J.D. Roberts,NOR,1970,-0.2031571699619293,True,-0.1080832282543182
J.D. Roberts,NOR,1971,-0.1080832282543182,True,-0.1375210417747497
J.D. Roberts,NOR,1972,-0.1375210417747497,False,-0.11506505971908562
Jim Haslett,NOR,2000,-0.0034833550453186,True,-0.0590770244598388
Jim Haslett,NOR,2001,-0.0590770244598388,True,-0.0435758829116821
Jim Haslett,NOR,2002,-0.0435758829116821,True,-0.0996102094650268
Jim Haslett,NOR,2003,-0.0996102094650268,True,-0.0507495403289794
Jim Haslett,NOR,2004,-0.0507495403289794,True,-0.141180545091629
Jim Haslett,NOR,2005,-0.141180545091629,False,-0.11506505971908562
Jim Mora Sr,NOR,1986,-0.0999694466590881,True,0.2203901290893555
Jim Mora Sr,NOR,1987,0.2203901290893555,True,0.118155300617218
Jim Mora Sr,NOR,1988,0.118155300617218,True,0.0256018638610839
Jim Mora Sr,NOR,1989,0.0256018638610839,True,0.1261515319347381
Jim Mora Sr,NOR,1990,0.1261515319347381,True,0.0812047123908996
Jim Mora Sr,NOR,1991,0.0812047123908996,True,0.1526158452033996
Jim Mora Sr,NOR,1992,0.1526158452033996,True,0.0889287590980529
Jim Mora Sr,NOR,1993,0.0889287590980529,True,-0.1184484362602233
Jim Mora Sr,NOR,1994,-0.1184484362602233,True,-0.1503846049308776
Jim Mora Sr,NOR,1995,-0.1503846049308776,True,-0.3137986660003662
Jim Mora Sr,NOR,1996,-0.3137986660003662,False,-0.11506505971908562
Joe Vitt,NOR,2012,0.0184697806835174,False,-0.11506505971908562
John North,NOR,1973,0.0389145811557769,True,0.0948044558525085
John North,NOR,1974,0.0948044558525085,True,-0.1972523232460022
John North,NOR,1975,-0.1972523232460022,False,-0.11506505971908562
John North,NOR,1975,-0.2067041893959045,False,-0.11506505971908562
Mike Ditka,NOR,1997,0.0915285944938659,True,0.0471880435943603
Mike Ditka,NOR,1998,0.0471880435943603,True,-0.1034558415412902
Mike Ditka,NOR,1999,-0.1034558415412902,False,-0.11506505971908562
Sean Payton,NOR,2006,0.0571320056915283,True,0.025928258895874
Sean Payton,NOR,2007,0.025928258895874,True,0.0241083800792694
Sean Payton,NOR,2008,0.0241083800792694,True,0.1327009797096252
Sean Payton,NOR,2009,0.1327009797096252,True,0.1850913166999817
Sean Payton,NOR,2010,0.1850913166999817,True,0.2982296347618103
Sean Payton,NOR,2011,0.2982296347618103,False,-0.11506505971908562
Sean Payton,NOR,2013,0.1905082166194915,True,-0.0651036500930786
Sean Payton,NOR,2014,-0.0651036500930786,True,-0.0295770168304443
Sean Payton,NOR,2015,-0.0295770168304443,True,0.035695344209671
Sean Payton,NOR,2016,0.035695344209671,True,0.144080638885498
Sean Payton,NOR,2017,0.144080638885498,True,0.1851485967636108
Sean Payton,NOR,2018,0.1851485967636108,True,0.1598312258720398
Sean Payton,NOR,2019,0.1598312258720398,True,0.0950605869293212
Sean Payton,NOR,2020,0.0950605869293212,True,0.0542902738094329
Sean Payton,NOR,2021,0.0542902738094329,False,-0.11506505971908562
Bill Belichick,NWE,2000,-0.0454975366592407,True,-0.0005698204040527
Bill Belichick,NWE,2001,-0.0005698204040527,True,0.0084684491157531
Bill Belichick,NWE,2002,0.0084684491157531,True,0.1642156839370727
Bill Belichick,NWE,2003,0.1642156839370727,True,0.2758229374885559
Bill Belichick,NWE,2004,0.2758229374885559,True,0.141708105802536
Bill Belichick,NWE,2005,0.141708105802536,True,0.1008124351501464
Bill Belichick,NWE,2006,0.1008124351501464,True,0.3391543626785278
Bill Belichick,NWE,2007,0.3391543626785278,True,0.0900567770004272
Bill Belichick,NWE,2008,0.0900567770004272,True,0.0586604475975036
Bill Belichick,NWE,2009,0.0586604475975036,True,0.2343922853469848
Bill Belichick,NWE,2010,0.2343922853469848,True,0.131676971912384
Bill Belichick,NWE,2011,0.131676971912384,True,0.0683372616767883
Bill Belichick,NWE,2012,0.0683372616767883,True,0.2391536235809326
Bill Belichick,NWE,2013,0.2391536235809326,True,0.0774849653244018
Bill Belichick,NWE,2014,0.0774849653244018,True,0.1777485013008117
Bill Belichick,NWE,2015,0.1777485013008117,True,0.2134175896644592
Bill Belichick,NWE,2016,0.2134175896644592,True,0.2409262061119079
Bill Belichick,NWE,2017,0.2409262061119079,True,-0.0017618536949157
Bill Belichick,NWE,2018,-0.0017618536949157,True,0.077516496181488
Bill Belichick,NWE,2019,0.077516496181488,True,-0.0353943705558776
Bill Belichick,NWE,2020,-0.0353943705558776,True,-0.0469052522659302
Bill Belichick,NWE,2021,-0.0469052522659302,True,-0.0304815262794494
Bill Belichick,NWE,2022,-0.0304815262794494,True,-0.0412829861164092
Bill Belichick,NWE,2023,-0.0412829861164092,False,-0.11506505971908562
Bill Parcells,NWE,1993,0.0181779265403747,True,0.1906072497367859
Bill Parcells,NWE,1994,0.1906072497367859,True,-0.0472720861434936
Bill Parcells,NWE,1995,-0.0472720861434936,True,0.0699173212051391
Bill Parcells,NWE,1996,0.0699173212051391,False,-0.11506505971908562
Chuck Fairbanks,NWE,1973,-0.1174040237903595,True,-0.0450139045715332
Chuck Fairbanks,NWE,1974,-0.0450139045715332,True,0.0103312813520431
Chuck Fairbanks,NWE,1975,0.0103312813520431,True,0.1941541201591491
Chuck Fairbanks,NWE,1976,0.1941541201591491,True,0.0595874885559082
Chuck Fairbanks,NWE,1977,0.0595874885559082,True,0.0841656923294067
Chuck Fairbanks,NWE,1978,0.0841656923294067,False,-0.11506505971908562
Clive Rush,NWE,1970,-0.104245876288414,False,-0.11506505971908562
Dick MacPherson,NWE,1991,0.011086106300354,True,-0.1458955109119415
Dick MacPherson,NWE,1992,-0.1458955109119415,False,-0.11506505971908562
John Mazur,NWE,1971,-0.0103534890651703,True,-0.0085390127420425
John Mazur,NWE,1972,-0.0085390127420425,False,-0.11506505971908562
John Mazur,NWE,1972,-0.0177651710033416,False,-0.11506505971908562
Pete Carroll,NWE,1997,0.0473638176918029,True,0.0871711373329162
Pete Carroll,NWE,1998,0.0871711373329162,True,0.0188119113445281
Pete Carroll,NWE,1999,0.0188119113445281,False,-0.11506505971908562
Raymond Berry,NWE,1985,0.1569182276725769,True,0.0423568487167358
Raymond Berry,NWE,1986,0.0423568487167358,True,0.1476702268600463
Raymond Berry,NWE,1987,0.1476702268600463,True,0.1393032073974609
Raymond Berry,NWE,1988,0.1393032073974609,True,0.0247727334499359
Raymond Berry,NWE,1989,0.0247727334499359,False,-0.11506505971908562
Rod Rust,NWE,1990,-0.1473405361175537,False,-0.11506505971908562
Ron Erhardt,NWE,1979,0.0828061401844024,True,0.0365645289421081
Ron Erhardt,NWE,1980,0.0365645289421081,True,-0.1277995705604553
Ron Erhardt,NWE,1981,-0.1277995705604553,False,-0.11506505971908562
Ron Meyer,NWE,1982,0.077547294473648,True,0.0466537177562713
Ron Meyer,NWE,1983,0.0466537177562713,True,-0.0026339888572692
Ron Meyer,NWE,1984,-0.0026339888572692,False,-0.11506505971908562
Ron Meyer,NWE,1984,-0.0474278330802917,False,-0.11506505971908562
Alex Webster,NYG,1970,0.0556442836761474,True,-0.0243055158138275
Alex Webster,NYG,1971,-0.0243055158138275,True,-0.0367637740135192
Alex Webster,NYG,1972,-0.0367637740135192,True,-0.0995514525413513
Alex Webster,NYG,1973,-0.0995514525413513,False,-0.11506505971908562
Ben McAdoo,NYG,2016,0.0820463895797729,True,-0.1042069792747497
Ben McAdoo,NYG,2017,-0.1042069792747497,False,-0.11506505971908562
Bill Arnsparger,NYG,1974,-0.0778889854907989,True,-0.0862871209621429
Bill Arnsparger,NYG,1975,-0.0862871209621429,False,-0.11506505971908562
Bill Parcells,NYG,1983,-0.0587861620903015,True,0.0180130004882812
Bill Parcells,NYG,1984,0.0180130004882812,True,0.0202343463897705
Bill Parcells,NYG,1985,0.0202343463897705,True,0.2414925098419189
Bill Parcells,NYG,1986,0.2414925098419189,True,0.1150321304798126
Bill Parcells,NYG,1987,0.1150321304798126,True,0.1084775924682617
Bill Parcells,NYG,1988,0.1084775924682617,True,0.1303440332412719
Bill Parcells,NYG,1989,0.1303440332412719,True,0.0979689359664917
Bill Parcells,NYG,1990,0.0979689359664917,False,-0.11506505971908562
Brian Daboll,NYG,2022,0.055305856513977,True,-0.1122455581188202
Brian Daboll,NYG,2023,-0.1122455581188202,True,-0.0627139434814453
Dan Reeves,NYG,1993,0.0241749882698059,True,0.0371468067169189
Dan Reeves,NYG,1994,0.0371468067169189,True,-0.2681156396865845
Dan Reeves,NYG,1995,-0.2681156396865845,True,-0.1858510971069336
Dan Reeves,NYG,1996,-0.1858510971069336,False,-0.11506505971908562
Jim Fassel,NYG,1997,0.0406656348228454,True,-0.1337353587150573
Jim Fassel,NYG,1997,0.0406656348228454,True,-0.1337353587150573
Jim Fassel,NYG,1998,-0.1337353587150573,True,0.0189677774906158
Jim Fassel,NYG,1998,-0.1337353587150573,True,0.0189677774906158
Jim Fassel,NYG,1999,0.0189677774906158,True,0.0436558127403259
Jim Fassel,NYG,1999,0.0189677774906158,True,0.0436558127403259
Jim Fassel,NYG,2000,0.0436558127403259,True,-0.117333710193634
Jim Fassel,NYG,2000,0.0436558127403259,True,-0.117333710193634
Jim Fassel,NYG,2001,-0.117333710193634,True,0.0734886527061462
Jim Fassel,NYG,2001,-0.117333710193634,True,0.0734886527061462
Jim Fassel,NYG,2002,0.0734886527061462,True,-0.0159810781478881
Jim Fassel,NYG,2002,0.0734886527061462,True,-0.0159810781478881
Jim Fassel,NYG,2003,-0.0159810781478881,False,-0.11506505971908562
Jim Fassel,NYG,2003,-0.0159810781478881,False,-0.11506505971908562
Joe Judge,NYG,2020,-0.1026636958122253,True,-0.0241632804393768
Joe Judge,NYG,2021,-0.0241632804393768,False,-0.11506505971908562
John McVay,NYG,1976,-0.0150935120105743,True,0.0822962721347808
John McVay,NYG,1977,0.0822962721347808,True,-0.0276357531547546
John McVay,NYG,1978,-0.0276357531547546,False,-0.11506505971908562
Pat Shurmur,NYG,2018,-0.2661507129669189,True,-0.1405422687530517
Pat Shurmur,NYG,2019,-0.1405422687530517,False,-0.11506505971908562
Ray Handley,NYG,1991,0.0911292731761932,True,-0.0415048897266387
Ray Handley,NYG,1992,-0.0415048897266387,False,-0.11506505971908562
Ray Perkins,NYG,1979,0.0092280209064483,True,0.0062823891639709
Ray Perkins,NYG,1980,0.0062823891639709,True,0.1370032727718353
Ray Perkins,NYG,1981,0.1370032727718353,True,-0.0309292798995971
Ray Perkins,NYG,1982,-0.0309292798995971,False,-0.11506505971908562
Tom Coughlin,NYG,2004,0.0298094153404235,True,0.0993016958236694
Tom Coughlin,NYG,2004,0.0298094153404235,True,0.0993016958236694
Tom Coughlin,NYG,2005,0.0993016958236694,True,-0.0403532981872558
Tom Coughlin,NYG,2005,0.0993016958236694,True,-0.0403532981872558
Tom Coughlin,NYG,2006,-0.0403532981872558,True,0.1291653513908386
Tom Coughlin,NYG,2006,-0.0403532981872558,True,0.1291653513908386
Tom Coughlin,NYG,2007,0.1291653513908386,True,0.0668830275535583
Tom Coughlin,NYG,2007,0.1291653513908386,True,0.0668830275535583
Tom Coughlin,NYG,2008,0.0668830275535583,True,0.0919608175754547
Tom Coughlin,NYG,2008,0.0668830275535583,True,0.0919608175754547
Tom Coughlin,NYG,2009,0.0919608175754547,True,0.1174155473709106
Tom Coughlin,NYG,2009,0.0919608175754547,True,0.1174155473709106
Tom Coughlin,NYG,2010,0.1174155473709106,True,-0.0275850892066955
Tom Coughlin,NYG,2010,0.1174155473709106,True,-0.0275850892066955
Tom Coughlin,NYG,2011,-0.0275850892066955,True,-0.0274798274040222
Tom Coughlin,NYG,2011,-0.0275850892066955,True,-0.0274798274040222
Tom Coughlin,NYG,2012,-0.0274798274040222,True,0.1075565814971923
Tom Coughlin,NYG,2012,-0.0274798274040222,True,0.1075565814971923
Tom Coughlin,NYG,2013,0.1075565814971923,True,-0.0570738315582275
Tom Coughlin,NYG,2013,0.1075565814971923,True,-0.0570738315582275
Tom Coughlin,NYG,2014,-0.0570738315582275,True,-0.0652183294296264
Tom Coughlin,NYG,2014,-0.0570738315582275,True,-0.0652183294296264
Tom Coughlin,NYG,2015,-0.0652183294296264,False,-0.11506505971908562
Tom Coughlin,NYG,2015,-0.0652183294296264,False,-0.11506505971908562
Adam Gase,NYJ,2019,0.1284429132938385,True,-0.0925837904214859
Adam Gase,NYJ,2020,-0.0925837904214859,False,-0.11506505971908562
Al Groh,NYJ,2000,0.0877609848976135,False,-0.11506505971908562
Bill Parcells,NYJ,1997,-0.052857220172882,True,0.1385045051574707
Bill Parcells,NYJ,1998,0.1385045051574707,True,0.0540104210376739
Bill Parcells,NYJ,1999,0.0540104210376739,False,-0.11506505971908562
Bruce Coslet,NYJ,1990,-0.1994678378105163,True,-0.166218101978302
Bruce Coslet,NYJ,1991,-0.166218101978302,True,-0.2325395345687866
Bruce Coslet,NYJ,1992,-0.2325395345687866,True,-0.1414525508880615
Bruce Coslet,NYJ,1993,-0.1414525508880615,False,-0.11506505971908562
Charley Winner,NYJ,1974,0.0752809643745422,True,-0.0514343745231628
Charley Winner,NYJ,1975,-0.0514343745231628,False,-0.11506505971908562
Eric Mangini,NYJ,2006,0.0652983784675598,True,-0.0880290269851684
Eric Mangini,NYJ,2007,-0.0880290269851684,True,0.0277628898620605
Eric Mangini,NYJ,2008,0.0277628898620605,False,-0.11506505971908562
Herm Edwards,NYJ,2001,0.0125618577003479,True,-0.0055719017982482
Herm Edwards,NYJ,2001,0.0125618577003479,True,-0.0055719017982482
Herm Edwards,NYJ,2001,0.0125618577003479,True,-0.0055719017982482
Herm Edwards,NYJ,2001,0.0125618577003479,True,-0.0055719017982482
Herm Edwards,NYJ,2002,-0.0055719017982482,True,-0.028797835111618
Herm Edwards,NYJ,2002,-0.0055719017982482,True,-0.028797835111618
Herm Edwards,NYJ,2002,-0.0055719017982482,True,-0.028797835111618
Herm Edwards,NYJ,2002,-0.0055719017982482,True,-0.028797835111618
Herm Edwards,NYJ,2003,-0.028797835111618,True,0.0061304569244384
Herm Edwards,NYJ,2003,-0.028797835111618,True,0.0061304569244384
Herm Edwards,NYJ,2003,-0.028797835111618,True,0.0061304569244384
Herm Edwards,NYJ,2003,-0.028797835111618,True,0.0061304569244384
Herm Edwards,NYJ,2004,0.0061304569244384,True,-0.1322383284568786
Herm Edwards,NYJ,2004,0.0061304569244384,True,-0.1322383284568786
Herm Edwards,NYJ,2004,0.0061304569244384,True,-0.1322383284568786
Herm Edwards,NYJ,2004,0.0061304569244384,True,-0.1322383284568786
Herm Edwards,NYJ,2005,-0.1322383284568786,False,-0.11506505971908562
Herm Edwards,NYJ,2005,-0.1322383284568786,False,-0.11506505971908562
Herm Edwards,NYJ,2005,-0.1322383284568786,False,-0.11506505971908562
Herm Edwards,NYJ,2005,-0.1322383284568786,False,-0.11506505971908562
Joe Walton,NYJ,1983,-0.1000837087631225,True,0.0853123366832733
Joe Walton,NYJ,1984,0.0853123366832733,True,0.0494069457054138
Joe Walton,NYJ,1985,0.0494069457054138,True,0.1471472084522247
Joe Walton,NYJ,1986,0.1471472084522247,True,0.0258174180984497
Joe Walton,NYJ,1987,0.0258174180984497,True,-0.0466607726097106
Joe Walton,NYJ,1988,-0.0466607726097106,True,-0.0562710165977478
Joe Walton,NYJ,1989,-0.0562710165977478,False,-0.11506505971908562
Lou Holtz,NYJ,1976,0.0475641869783401,False,-0.11506505971908562
Lou Holtz,NYJ,1976,0.0475641869783401,False,-0.11506505971908562
Pete Carroll,NYJ,1994,-0.0415445268154144,False,-0.11506505971908562
Rex Ryan,NYJ,2009,0.0140596032142639,True,0.1689998507499694
Rex Ryan,NYJ,2010,0.1689998507499694,True,-0.1401905417442321
Rex Ryan,NYJ,2011,-0.1401905417442321,True,-0.0186376571655273
Rex Ryan,NYJ,2012,-0.0186376571655273,True,0.0835389792919159
Rex Ryan,NYJ,2013,0.0835389792919159,True,-0.1240991353988647
Rex Ryan,NYJ,2014,-0.1240991353988647,False,-0.11506505971908562
Rich Kotite,NYJ,1995,-0.1033311188220977,True,-0.2064315378665924
Rich Kotite,NYJ,1996,-0.2064315378665924,False,-0.11506505971908562
Robert Saleh,NYJ,2021,0.0339217439174652,True,0.0459128945350647
Robert Saleh,NYJ,2022,0.0459128945350647,True,0.0024250476837158
Robert Saleh,NYJ,2023,0.0024250476837158,True,-0.1485521062850952
Todd Bowles,NYJ,2015,-0.0519337058067321,True,0.1022849678993225
Todd Bowles,NYJ,2015,-0.0519337058067321,True,0.1022849678993225
Todd Bowles,NYJ,2016,0.1022849678993225,True,-0.0929575264453888
Todd Bowles,NYJ,2016,0.1022849678993225,True,-0.0929575264453888
Todd Bowles,NYJ,2017,-0.0929575264453888,True,-0.0511579513549804
Todd Bowles,NYJ,2017,-0.0929575264453888,True,-0.0511579513549804
Todd Bowles,NYJ,2018,-0.0511579513549804,False,-0.11506505971908562
Todd Bowles,NYJ,2018,-0.0511579513549804,False,-0.11506505971908562
Walt Michaels,NYJ,1977,0.0405137621641158,True,0.0484528839588165
Walt Michaels,NYJ,1978,0.0484528839588165,True,-0.0320014953613281
Walt Michaels,NYJ,1979,-0.0320014953613281,True,-0.2252725660800933
Walt Michaels,NYJ,1980,-0.2252725660800933,True,0.0291757666587829
Walt Michaels,NYJ,1981,0.0291757666587829,True,0.0630929414749145
Walt Michaels,NYJ,1982,0.0630929414749145,False,-0.11506505971908562
Weeb Ewbank,NYJ,1970,-0.2270872228622436,True,0.1449791060447692
Weeb Ewbank,NYJ,1971,0.1449791060447692,True,0.0388803482055664
Weeb Ewbank,NYJ,1972,0.0388803482055664,True,0.0255630976676941
Weeb Ewbank,NYJ,1973,0.0255630976676941,False,-0.11506505971908562
Bill Peterson,OTI,1972,-0.0990951226711273,True,-0.1691505776405334
Bill Peterson,OTI,1973,-0.1691505776405334,False,-0.11506505971908562
Bum Phillips,OTI,1975,0.0748057001113892,True,-0.0172533492088318
Bum Phillips,OTI,1976,-0.0172533492088318,True,0.0520767702102661
Bum Phillips,OTI,1977,0.0520767702102661,True,0.1027442216873169
Bum Phillips,OTI,1978,0.1027442216873169,True,0.0408635139465332
Bum Phillips,OTI,1979,0.0408635139465332,True,0.062703788280487
Bum Phillips,OTI,1980,0.062703788280487,False,-0.11506505971908562
Ed Biles,OTI,1981,0.0322491228580474,True,-0.0409557850599288
Ed Biles,OTI,1982,-0.0409557850599288,True,-0.0749112963676452
Ed Biles,OTI,1983,-0.0749112963676452,False,-0.11506505971908562
Ed Hughes,OTI,1971,-0.024051146364212,False,-0.11506505971908562
Hugh Campbell,OTI,1984,-0.1996875703334808,True,-0.1286540329456329
Hugh Campbell,OTI,1984,-0.1996875703334808,True,-0.1286540329456329
Hugh Campbell,OTI,1985,-0.1286540329456329,False,-0.11506505971908562
Hugh Campbell,OTI,1985,-0.1286540329456329,False,-0.11506505971908562
Jack Pardee,OTI,1990,-0.0996243953704834,True,0.0615280866622924
Jack Pardee,OTI,1991,0.0615280866622924,True,0.0413945317268371
Jack Pardee,OTI,1992,0.0413945317268371,True,0.1085538268089294
Jack Pardee,OTI,1993,0.1085538268089294,True,-0.2413723766803741
Jack Pardee,OTI,1994,-0.2413723766803741,False,-0.11506505971908562
Jeff Fisher,OTI,1995,-0.0867066979408264,True,-0.0599184036254882
Jeff Fisher,OTI,1995,-0.0867066979408264,True,-0.0599184036254882
Jeff Fisher,OTI,1996,-0.0599184036254882,True,-0.0024108290672302
Jeff Fisher,OTI,1996,-0.0599184036254882,True,-0.0024108290672302
Jeff Fisher,OTI,1997,-0.0024108290672302,True,-0.082800805568695
Jeff Fisher,OTI,1997,-0.0024108290672302,True,-0.082800805568695
Jeff Fisher,OTI,1998,-0.082800805568695,True,0.1602702736854553
Jeff Fisher,OTI,1998,-0.082800805568695,True,0.1602702736854553
Jeff Fisher,OTI,1999,0.1602702736854553,True,0.1445175409317016
Jeff Fisher,OTI,1999,0.1602702736854553,True,0.1445175409317016
Jeff Fisher,OTI,2000,0.1445175409317016,True,0.0425888001918792
Jeff Fisher,OTI,2000,0.1445175409317016,True,0.0425888001918792
Jeff Fisher,OTI,2001,0.0425888001918792,True,0.0621323585510253
Jeff Fisher,OTI,2001,0.0425888001918792,True,0.0621323585510253
Jeff Fisher,OTI,2002,0.0621323585510253,True,0.0698381066322326
Jeff Fisher,OTI,2002,0.0621323585510253,True,0.0698381066322326
Jeff Fisher,OTI,2003,0.0698381066322326,True,0.0047149658203125
Jeff Fisher,OTI,2003,0.0698381066322326,True,0.0047149658203125
Jeff Fisher,OTI,2004,0.0047149658203125,True,-0.1081801950931549
Jeff Fisher,OTI,2004,0.0047149658203125,True,-0.1081801950931549
Jeff Fisher,OTI,2005,-0.1081801950931549,True,0.1642214953899383
Jeff Fisher,OTI,2005,-0.1081801950931549,True,0.1642214953899383
Jeff Fisher,OTI,2006,0.1642214953899383,True,0.009374976158142
Jeff Fisher,OTI,2006,0.1642214953899383,True,0.009374976158142
Jeff Fisher,OTI,2007,0.009374976158142,True,0.1002990007400512
Jeff Fisher,OTI,2007,0.009374976158142,True,0.1002990007400512
Jeff Fisher,OTI,2008,0.1002990007400512,True,-0.048738420009613
Jeff Fisher,OTI,2008,0.1002990007400512,True,-0.048738420009613
Jeff Fisher,OTI,2009,-0.048738420009613,True,-0.0002135038375854
Jeff Fisher,OTI,2009,-0.048738420009613,True,-0.0002135038375854
Jeff Fisher,OTI,2010,-0.0002135038375854,False,-0.11506505971908562
Jeff Fisher,OTI,2010,-0.0002135038375854,False,-0.11506505971908562
Jerry Glanville,OTI,1986,-0.0557269752025604,True,0.1756927728652954
Jerry Glanville,OTI,1987,0.1756927728652954,True,0.0877077579498291
Jerry Glanville,OTI,1988,0.0877077579498291,True,-0.076541006565094
Jerry Glanville,OTI,1989,-0.076541006565094,False,-0.11506505971908562
Ken Whisenhunt,OTI,2014,-0.1083601266145706,True,-0.0970318019390106
Ken Whisenhunt,OTI,2015,-0.0970318019390106,False,-0.11506505971908562
Mike Mularkey,OTI,2016,0.0129764080047607,True,-0.0184478163719177
Mike Mularkey,OTI,2017,-0.0184478163719177,False,-0.11506505971908562
Mike Munchak,OTI,2011,-0.0052020549774169,True,-0.0133837163448333
Mike Munchak,OTI,2012,-0.0133837163448333,True,-0.0184733569622039
Mike Munchak,OTI,2013,-0.0184733569622039,False,-0.11506505971908562
Mike Vrabel,OTI,2018,0.1493598520755767,True,0.0162470340728759
Mike Vrabel,OTI,2019,0.0162470340728759,True,0.1457099318504333
Mike Vrabel,OTI,2020,0.1457099318504333,True,0.110960052871704
Mike Vrabel,OTI,2021,0.110960052871704,True,-0.009256717634201
Mike Vrabel,OTI,2022,-0.009256717634201,True,0.071440996313095
Mike Vrabel,OTI,2023,0.071440996313095,False,-0.11506505971908562
Sid Gillman,OTI,1974,0.1373714804649353,False,-0.11506505971908562
Wally Lemm,OTI,1970,-0.116496056318283,False,-0.11506505971908562
Andy Reid,PHI,1999,-0.111120730638504,True,-0.0120290517807006
Andy Reid,PHI,2000,-0.0120290517807006,True,0.0736968517303466
Andy Reid,PHI,2001,0.0736968517303466,True,0.0752068161964416
Andy Reid,PHI,2002,0.0752068161964416,True,0.1531270146369934
Andy Reid,PHI,2003,0.1531270146369934,True,0.1376733779907226
Andy Reid,PHI,2004,0.1376733779907226,True,0.0916328132152557
Andy Reid,PHI,2005,0.0916328132152557,True,-0.0212975740432739
Andy Reid,PHI,2006,-0.0212975740432739,True,0.0599039494991302
Andy Reid,PHI,2007,0.0599039494991302,True,-0.001031109046936
Andy Reid,PHI,2008,-0.001031109046936,True,0.0827701687812805
Andy Reid,PHI,2009,0.0827701687812805,True,0.0424322485923767
Andy Reid,PHI,2010,0.0424322485923767,True,-0.0257619619369506
Andy Reid,PHI,2011,-0.0257619619369506,True,-0.0375019013881683
Andy Reid,PHI,2012,-0.0375019013881683,False,-0.11506505971908562
Buddy Ryan,PHI,1986,-0.1297099673271179,True,0.0535133902549743
Buddy Ryan,PHI,1987,0.0535133902549743,True,-0.0399266481399536
Buddy Ryan,PHI,1988,-0.0399266481399536,True,-0.0046683549880981
Buddy Ryan,PHI,1989,-0.0046683549880981,True,0.0043227672576904
Buddy Ryan,PHI,1990,0.0043227672576904,False,-0.11506505971908562
Chip Kelly,PHI,2013,-0.0331718921661376,True,0.1844472587108612
Chip Kelly,PHI,2014,0.1844472587108612,True,-0.1051886677742004
Chip Kelly,PHI,2015,-0.1051886677742004,False,-0.11506505971908562
Dick Vermeil,PHI,1976,-0.080463432598114,True,-0.1949161986351013
Dick Vermeil,PHI,1977,-0.1949161986351013,True,-0.1031838655471801
Dick Vermeil,PHI,1978,-0.1031838655471801,True,-0.0167761445045471
Dick Vermeil,PHI,1979,-0.0167761445045471,True,0.0369438529014587
Dick Vermeil,PHI,1980,0.0369438529014587,True,-0.0166746377944946
Dick Vermeil,PHI,1981,-0.0166746377944946,True,-0.0788997654438019
Dick Vermeil,PHI,1982,-0.0788997654438019,False,-0.11506505971908562
Doug Pederson,PHI,2016,-0.051257699728012,True,0.2021051049232483
Doug Pederson,PHI,2017,0.2021051049232483,True,0.0972174704074859
Doug Pederson,PHI,2018,0.0972174704074859,True,0.046747863292694
Doug Pederson,PHI,2019,0.046747863292694,True,0.0240040504455566
Doug Pederson,PHI,2020,0.0240040504455566,False,-0.11506505971908562
Ed Khayat,PHI,1972,-0.1429238153934478,False,-0.11506505971908562
Jerry Williams,PHI,1970,-0.1325374543666839,True,0.0325640671730041
Jerry Williams,PHI,1971,0.0325640671730041,False,-0.11506505971908562
Jerry Williams,PHI,1971,0.0283854239463806,False,-0.11506505971908562
Marion Campbell,PHI,1983,-0.0881056487560272,True,-0.0624956107616424
Marion Campbell,PHI,1983,-0.0881056487560272,True,-0.0624956107616424
Marion Campbell,PHI,1984,-0.0624956107616424,True,-0.0282104015350341
Marion Campbell,PHI,1984,-0.0624956107616424,True,-0.0282104015350341
Marion Campbell,PHI,1985,-0.0282104015350341,False,-0.11506505971908562
Marion Campbell,PHI,1985,-0.048251450061798,False,-0.11506505971908562
Marion Campbell,PHI,1985,-0.0282104015350341,False,-0.11506505971908562
Marion Campbell,PHI,1985,-0.048251450061798,False,-0.11506505971908562
Mike McCormack,PHI,1973,-0.0579963227272033,True,0.0098856985569
Mike McCormack,PHI,1974,0.0098856985569,True,-0.2379902236938476
Mike McCormack,PHI,1975,-0.2379902236938476,False,-0.11506505971908562
Nick Sirianni,PHI,2021,-0.0162764698028564,True,0.0878187642097473
Nick Sirianni,PHI,2022,0.0878187642097473,True,0.0993057175636291
Nick Sirianni,PHI,2023,0.0993057175636291,True,0.1445020065307617
Ray Rhodes,PHI,1995,0.0969193577766418,True,0.1220346093177795
Ray Rhodes,PHI,1996,0.1220346093177795,True,0.0462682926177978
Ray Rhodes,PHI,1997,0.0462682926177978,True,-0.0280144214630126
Ray Rhodes,PHI,1998,-0.0280144214630126,False,-0.11506505971908562
Rich Kotite,PHI,1991,0.1277133822441101,True,0.034675657749176
Rich Kotite,PHI,1992,0.034675657749176,True,0.0531786382198333
Rich Kotite,PHI,1993,0.0531786382198333,True,-0.1725538372993469
Rich Kotite,PHI,1994,-0.1725538372993469,False,-0.11506505971908562
Bill Cowher,PIT,1992,0.0575842857360839,True,-0.0871264934539794
Bill Cowher,PIT,1993,-0.0871264934539794,True,0.0808163285255432
Bill Cowher,PIT,1994,0.0808163285255432,True,0.2136977314949035
Bill Cowher,PIT,1995,0.2136977314949035,True,-0.0196378827095031
Bill Cowher,PIT,1996,-0.0196378827095031,True,0.0624855756759643
Bill Cowher,PIT,1997,0.0624855756759643,True,-0.0847400426864624
Bill Cowher,PIT,1998,-0.0847400426864624,True,-0.0202395915985107
Bill Cowher,PIT,1999,-0.0202395915985107,True,-0.0245293378829956
Bill Cowher,PIT,2000,-0.0245293378829956,True,0.1854937672615051
Bill Cowher,PIT,2001,0.1854937672615051,True,0.1136091434478759
Bill Cowher,PIT,2002,0.1136091434478759,True,-0.1292704939842224
Bill Cowher,PIT,2003,-0.1292704939842224,True,0.2796980738639831
Bill Cowher,PIT,2004,0.2796980738639831,True,0.111625850200653
Bill Cowher,PIT,2005,0.111625850200653,True,-0.0215824842453002
Bill Cowher,PIT,2006,-0.0215824842453002,False,-0.11506505971908562
Chuck Noll,PIT,1970,0.0156660576820373,True,-0.0351080430984497
Chuck Noll,PIT,1971,-0.0351080430984497,True,0.0727420217514037
Chuck Noll,PIT,1972,0.0727420217514037,True,0.0747056835174561
Chuck Noll,PIT,1973,0.0747056835174561,True,0.1354183554649353
Chuck Noll,PIT,1974,0.1354183554649353,True,0.086753239250183
Chuck Noll,PIT,1975,0.086753239250183,True,0.027631663608551
Chuck Noll,PIT,1976,0.027631663608551,True,0.1071115831375122
Chuck Noll,PIT,1977,0.1071115831375122,True,0.1943057775497436
Chuck Noll,PIT,1978,0.1943057775497436,True,0.0836681723594665
Chuck Noll,PIT,1979,0.0836681723594665,True,0.0853511095046997
Chuck Noll,PIT,1980,0.0853511095046997,True,-0.1567068099975586
Chuck Noll,PIT,1981,-0.1567068099975586,True,0.1286038105010986
Chuck Noll,PIT,1982,0.1286038105010986,True,0.009809136390686
Chuck Noll,PIT,1983,0.009809136390686,True,0.0533526539802551
Chuck Noll,PIT,1984,0.0533526539802551,True,0.0895307064056396
Chuck Noll,PIT,1985,0.0895307064056396,True,-0.1077699065208435
Chuck Noll,PIT,1986,-0.1077699065208435,True,0.1471893663883209
Chuck Noll,PIT,1987,0.1471893663883209,True,-0.037111759185791
Chuck Noll,PIT,1988,-0.037111759185791,True,-0.0050796866416931
Chuck Noll,PIT,1989,-0.0050796866416931,True,-0.0705050826072692
Chuck Noll,PIT,1990,-0.0705050826072692,True,0.0393303632736206
Chuck Noll,PIT,1991,0.0393303632736206,False,-0.11506505971908562
Mike Tomlin,PIT,2007,0.102012038230896,True,0.2046875357627868
Mike Tomlin,PIT,2008,0.2046875357627868,True,-0.0072672367095947
Mike Tomlin,PIT,2009,-0.0072672367095947,True,0.0813319683074951
Mike Tomlin,PIT,2010,0.0813319683074951,True,0.151716411113739
Mike Tomlin,PIT,2011,0.151716411113739,True,0.0693389177322387
Mike Tomlin,PIT,2012,0.0693389177322387,True,0.0122178792953491
Mike Tomlin,PIT,2013,0.0122178792953491,True,0.0228846669197082
Mike Tomlin,PIT,2014,0.0228846669197082,True,0.1964010298252105
Mike Tomlin,PIT,2015,0.1964010298252105,True,0.1933532953262329
Mike Tomlin,PIT,2016,0.1933532953262329,True,0.2220772504806518
Mike Tomlin,PIT,2017,0.2220772504806518,True,0.1340878522872924
Mike Tomlin,PIT,2018,0.1340878522872924,True,0.0790355205535888
Mike Tomlin,PIT,2019,0.0790355205535888,True,0.1086020469665527
Mike Tomlin,PIT,2020,0.1086020469665527,True,-0.0194917737960815
Mike Tomlin,PIT,2021,-0.0194917737960815,True,0.0054661125183105
Mike Tomlin,PIT,2022,0.0054661125183105,True,-0.0483935802459717
Mike Tomlin,PIT,2023,-0.0483935802459717,True,-0.0261438220024109
Art Shell,RAI,1990,0.1381733417510986,True,0.0947418808937072
Art Shell,RAI,1991,0.0947418808937072,True,0.0454250574111938
Art Shell,RAI,1992,0.0454250574111938,True,0.0247775316238403
Art Shell,RAI,1993,0.0247775316238403,True,0.015593409538269
Art Shell,RAI,1994,0.015593409538269,False,-0.11506505971908562
Art Shell,RAI,2006,-0.1083932220935821,False,-0.11506505971908562
Bill Callahan,RAI,2002,0.0350890755653381,True,-0.0598123371601104
Bill Callahan,RAI,2003,-0.0598123371601104,False,-0.11506505971908562
Dennis Allen,RAI,2012,-0.1389122605323791,True,-0.0355584621429443
Dennis Allen,RAI,2013,-0.0355584621429443,True,-0.0903038084506988
Dennis Allen,RAI,2014,-0.0903038084506988,False,-0.11506505971908562
Hue Jackson,RAI,2011,0.0782632529735565,False,-0.11506505971908562
Jack Del Rio,RAI,2015,0.0066141188144683,True,0.0972744226455688
Jack Del Rio,RAI,2016,0.0972744226455688,True,-0.0942406058311462
Jack Del Rio,RAI,2017,-0.0942406058311462,False,-0.11506505971908562
Joe Bugel,RAI,1997,-0.2771438360214233,False,-0.11506505971908562
John Madden,RAI,1970,0.0980610946655273,True,0.0648551682472229
John Madden,RAI,1971,0.0648551682472229,True,0.0586117506027221
John Madden,RAI,1972,0.0586117506027221,True,0.0658051239013671
John Madden,RAI,1973,0.0658051239013671,True,0.1929553647994994
John Madden,RAI,1974,0.1929553647994994,True,0.083699083995819
John Madden,RAI,1975,0.083699083995819,True,0.2632205949783325
John Madden,RAI,1976,0.2632205949783325,True,0.1506958968162536
John Madden,RAI,1977,0.1506958968162536,True,-0.0221006870269775
John Madden,RAI,1978,-0.0221006870269775,False,-0.11506505971908562
Jon Gruden,RAI,1998,-0.0240848064422607,True,-0.0890385508537292
Jon Gruden,RAI,1999,-0.0890385508537292,True,0.0339551568031311
Jon Gruden,RAI,2000,0.0339551568031311,True,-0.0262385010719299
Jon Gruden,RAI,2001,-0.0262385010719299,False,-0.11506505971908562
Jon Gruden,RAI,2018,-0.1517524421215057,True,-0.0006174445152282
Jon Gruden,RAI,2019,-0.0006174445152282,True,0.0438441932201385
Jon Gruden,RAI,2020,0.0438441932201385,True,0.1265503437042235
Jon Gruden,RAI,2021,0.1265503437042235,False,-0.11506505971908562
Josh McDaniels,RAI,2022,-0.014107315158844,True,0.0298920184135437
Josh McDaniels,RAI,2023,0.0298920184135437,False,-0.11506505971908562
Lane Kiffin,RAI,2007,-0.0404192805290222,True,-0.1481283605098724
Lane Kiffin,RAI,2008,-0.1481283605098724,False,-0.11506505971908562
Mike Shanahan,RAI,1988,0.0312237739562988,True,0.0791904032230377
Mike Shanahan,RAI,1989,0.0791904032230377,False,-0.11506505971908562
Mike Shanahan,RAI,1989,0.0703921914100647,False,-0.11506505971908562
Mike White,RAI,1995,0.1814094483852386,True,0.012366384267807
Mike White,RAI,1996,0.012366384267807,False,-0.11506505971908562
Norv Turner,RAI,2004,-0.0063810348510742,True,-0.07167249917984
Norv Turner,RAI,2004,-0.0063810348510742,True,-0.07167249917984
Norv Turner,RAI,2005,-0.07167249917984,False,-0.11506505971908562
Norv Turner,RAI,2005,-0.07167249917984,False,-0.11506505971908562
Tom Cable,RAI,2009,0.0858747661113739,True,0.0649139285087585
Tom Cable,RAI,2010,0.0649139285087585,False,-0.11506505971908562
Tom Flores,RAI,1979,-0.0417413711547851,True,-0.0150848627090454
Tom Flores,RAI,1980,-0.0150848627090454,True,-0.0104638636112213
Tom Flores,RAI,1981,-0.0104638636112213,True,0.2946844281196594
Tom Flores,RAI,1982,0.2946844281196594,True,0.1368043422698974
Tom Flores,RAI,1983,0.1368043422698974,True,0.1421509981155395
Tom Flores,RAI,1984,0.1421509981155395,True,0.1764169335365295
Tom Flores,RAI,1985,0.1764169335365295,True,-0.0214002132415771
Tom Flores,RAI,1986,-0.0214002132415771,True,0.0466982479572296
Tom Flores,RAI,1987,0.0466982479572296,False,-0.11506505971908562
Chuck Knox,RAM,1973,0.1225977440834045,True,0.0650443070411682
Chuck Knox,RAM,1973,0.1193061967849731,True,0.0650443070411682
Chuck Knox,RAM,1974,0.0650443070411682,True,0.1674771209716796
Chuck Knox,RAM,1974,0.0610060327529907,True,0.1674771209716796
Chuck Knox,RAM,1975,0.1674771209716796,True,0.0675752162933349
Chuck Knox,RAM,1975,0.1663753291130065,True,0.0675752162933349
Chuck Knox,RAM,1976,0.0675752162933349,True,0.056271755027771
Chuck Knox,RAM,1976,0.0586548447608947,True,0.056271755027771
Chuck Knox,RAM,1977,0.056271755027771,False,-0.11506505971908562
Chuck Knox,RAM,1977,0.056271755027771,False,-0.11506505971908562
Chuck Knox,RAM,1992,0.0019034147262573,True,0.0041394829750061
Chuck Knox,RAM,1993,0.0041394829750061,True,-0.0672870874404907
Chuck Knox,RAM,1994,-0.0672870874404907,False,-0.11506505971908562
Dick Vermeil,RAM,1997,-0.1714715659618377,True,-0.1013228297233581
Dick Vermeil,RAM,1998,-0.1013228297233581,True,0.0982386469841003
Dick Vermeil,RAM,1999,0.0982386469841003,False,-0.11506505971908562
George Allen,RAM,1970,0.040974722957611,False,-0.11506505971908562
George Allen,RAM,1970,0.040974722957611,False,-0.11506505971908562
Jeff Fisher,RAM,2012,-0.0378118836402893,True,0.0639269351959228
Jeff Fisher,RAM,2012,-0.0378118836402893,True,0.0639269351959228
Jeff Fisher,RAM,2013,0.0639269351959228,True,0.1375434547662735
Jeff Fisher,RAM,2013,0.0639269351959228,True,0.1375434547662735
Jeff Fisher,RAM,2014,0.1375434547662735,True,0.0616032481193542
Jeff Fisher,RAM,2014,0.1375434547662735,True,0.0616032481193542
Jeff Fisher,RAM,2015,0.0616032481193542,True,-0.0724098682403564
Jeff Fisher,RAM,2015,0.0616032481193542,True,-0.0724098682403564
Jeff Fisher,RAM,2016,-0.0724098682403564,False,-0.11506505971908562
Jeff Fisher,RAM,2016,-0.0724098682403564,False,-0.11506505971908562
John Robinson,RAM,1983,0.0913705825805664,True,0.1053557395935058
John Robinson,RAM,1983,0.0744010806083679,True,0.1053557395935058
John Robinson,RAM,1983,0.0913705825805664,True,0.1053557395935058
John Robinson,RAM,1983,0.0744010806083679,True,0.1053557395935058
John Robinson,RAM,1984,0.1053557395935058,True,-0.0426115989685058
John Robinson,RAM,1984,0.0905634760856628,True,-0.0426115989685058
John Robinson,RAM,1984,0.1053557395935058,True,-0.0426115989685058
John Robinson,RAM,1984,0.0905634760856628,True,-0.0426115989685058
John Robinson,RAM,1985,-0.0426115989685058,True,-0.0105529427528381
John Robinson,RAM,1985,-0.0451971292495727,True,-0.0105529427528381
John Robinson,RAM,1985,-0.0426115989685058,True,-0.0105529427528381
John Robinson,RAM,1985,-0.0451971292495727,True,-0.0105529427528381
John Robinson,RAM,1986,-0.0105529427528381,True,0.0703443825244903
John Robinson,RAM,1986,-0.0432981848716735,True,0.0703443825244903
John Robinson,RAM,1986,-0.0105529427528381,True,0.0703443825244903
John Robinson,RAM,1986,-0.0432981848716735,True,0.0703443825244903
John Robinson,RAM,1987,0.0703443825244903,True,0.036742091178894
John Robinson,RAM,1987,0.0703443825244903,True,0.036742091178894
John Robinson,RAM,1987,0.0703443825244903,True,0.036742091178894
John Robinson,RAM,1987,0.0703443825244903,True,0.036742091178894
John Robinson,RAM,1988,0.036742091178894,True,0.1084082722663879
John Robinson,RAM,1988,0.036742091178894,True,0.1084082722663879
John Robinson,RAM,1989,0.1084082722663879,True,-0.1088052988052368
John Robinson,RAM,1989,0.1084082722663879,True,-0.1088052988052368
John Robinson,RAM,1990,-0.1088052988052368,True,-0.0989235639572143
John Robinson,RAM,1990,-0.1088052988052368,True,-0.0989235639572143
John Robinson,RAM,1991,-0.0989235639572143,False,-0.11506505971908562
John Robinson,RAM,1991,-0.0989235639572143,False,-0.11506505971908562
Mike Martz,RAM,2000,0.0761780142784118,True,0.2250474691390991
Mike Martz,RAM,2001,0.2250474691390991,True,0.1453277170658111
Mike Martz,RAM,2002,0.1453277170658111,True,0.1530056595802307
Mike Martz,RAM,2003,0.1530056595802307,True,0.1239800751209259
Mike Martz,RAM,2004,0.1239800751209259,True,0.0880644917488098
Mike Martz,RAM,2005,0.0880644917488098,False,-0.11506505971908562
Ray Malavasi,RAM,1978,0.0726248025894165,True,0.1002410054206848
Ray Malavasi,RAM,1978,0.0726248025894165,True,0.1002410054206848
Ray Malavasi,RAM,1979,0.1002410054206848,True,0.0823619961738586
Ray Malavasi,RAM,1979,0.1002410054206848,True,0.0823619961738586
Ray Malavasi,RAM,1979,0.1002410054206848,True,0.0823619961738586
Ray Malavasi,RAM,1980,0.0823619961738586,True,0.0617320835590362
Ray Malavasi,RAM,1980,0.0730268955230712,True,0.0617320835590362
Ray Malavasi,RAM,1981,0.0617320835590362,True,-0.0499633613109588
Ray Malavasi,RAM,1981,0.0617320835590362,True,-0.0499633613109588
Ray Malavasi,RAM,1982,-0.0499633613109588,False,-0.11506505971908562
Ray Malavasi,RAM,1982,-0.0499633613109588,False,-0.11506505971908562
Rich Brooks,RAM,1995,0.0005328655242919,True,-0.0459038913249969
Rich Brooks,RAM,1996,-0.0459038913249969,False,-0.11506505971908562
Scott Linehan,RAM,2006,-0.0805084109306335,True,-0.1603696346282959
Scott Linehan,RAM,2006,-0.0805084109306335,True,-0.1603696346282959
Scott Linehan,RAM,2006,-0.0805084109306335,True,-0.1603696346282959
Scott Linehan,RAM,2007,-0.1603696346282959,True,-0.2194076478481292
Scott Linehan,RAM,2007,-0.1603696346282959,True,-0.2194076478481292
Scott Linehan,RAM,2007,-0.1603696346282959,True,-0.2194076478481292
Scott Linehan,RAM,2008,-0.2194076478481292,False,-0.11506505971908562
Scott Linehan,RAM,2008,-0.2194076478481292,False,-0.11506505971908562
Scott Linehan,RAM,2008,-0.2194076478481292,False,-0.11506505971908562
Sean McVay,RAM,2017,0.0220277905464172,True,0.1191326975822448
Sean McVay,RAM,2018,0.1191326975822448,True,0.0409071445465087
Sean McVay,RAM,2019,0.0409071445465087,True,0.0495465993881225
Sean McVay,RAM,2020,0.0495465993881225,True,0.1407518848419189
Sean McVay,RAM,2021,0.1407518848419189,True,-0.0938601955413818
Sean McVay,RAM,2022,-0.0938601955413818,True,0.1069224149703979
Sean McVay,RAM,2023,0.1069224149703979,True,-0.0129314392089844
Steve Spagnuolo,RAM,2009,-0.1108022630214691,True,-0.0447339415550231
Steve Spagnuolo,RAM,2010,-0.0447339415550231,True,-0.2401375472545623
Steve Spagnuolo,RAM,2011,-0.2401375472545623,False,-0.11506505971908562
Tommy Prothro,RAM,1971,-0.0137189725875854,True,0.0416529708385467
Tommy Prothro,RAM,1971,-0.0444399813652038,True,0.0416529708385467
Tommy Prothro,RAM,1972,0.0416529708385467,False,-0.11506505971908562
Tommy Prothro,RAM,1972,0.0376146369457244,False,-0.11506505971908562
Brian Billick,RAV,1999,-0.0067852139472961,True,0.0909035801887512
Brian Billick,RAV,2000,0.0909035801887512,True,0.2326322793960571
Brian Billick,RAV,2001,0.2326322793960571,True,-0.0688005089759826
Brian Billick,RAV,2002,-0.0688005089759826,True,0.0444321036338806
Brian Billick,RAV,2003,0.0444321036338806,True,-0.0605697631835937
Brian Billick,RAV,2004,-0.0605697631835937,True,-0.0324870645999908
Brian Billick,RAV,2005,-0.0324870645999908,True,0.122791588306427
Brian Billick,RAV,2006,0.122791588306427,True,-0.1146944761276245
Brian Billick,RAV,2007,-0.1146944761276245,False,-0.11506505971908562
John Harbaugh,RAV,2008,0.0603861808776855,True,-0.0670795440673828
John Harbaugh,RAV,2008,0.0603861808776855,True,-0.0670795440673828
John Harbaugh,RAV,2009,-0.0670795440673828,True,0.065644085407257
John Harbaugh,RAV,2009,-0.0670795440673828,True,0.065644085407257
John Harbaugh,RAV,2010,0.065644085407257,True,0.1324813961982727
John Harbaugh,RAV,2010,0.065644085407257,True,0.1324813961982727
John Harbaugh,RAV,2011,0.1324813961982727,True,0.0785080790519714
John Harbaugh,RAV,2011,0.1324813961982727,True,0.0785080790519714
John Harbaugh,RAV,2012,0.0785080790519714,True,-0.071601927280426
John Harbaugh,RAV,2012,0.0785080790519714,True,-0.071601927280426
John Harbaugh,RAV,2013,-0.071601927280426,True,0.0892189741134643
John Harbaugh,RAV,2013,-0.071601927280426,True,0.0892189741134643
John Harbaugh,RAV,2014,0.0892189741134643,True,0.1290327608585357
John Harbaugh,RAV,2014,0.0892189741134643,True,0.1290327608585357
John Harbaugh,RAV,2015,0.1290327608585357,True,-0.0146718025207519
John Harbaugh,RAV,2015,0.1290327608585357,True,-0.0146718025207519
John Harbaugh,RAV,2016,-0.0146718025207519,True,0.0081261992454528
John Harbaugh,RAV,2016,-0.0146718025207519,True,0.0081261992454528
John Harbaugh,RAV,2017,0.0081261992454528,True,0.0642595291137695
John Harbaugh,RAV,2017,0.0081261992454528,True,0.0642595291137695
John Harbaugh,RAV,2018,0.0642595291137695,True,0.2510948777198791
John Harbaugh,RAV,2018,0.0642595291137695,True,0.2510948777198791
John Harbaugh,RAV,2019,0.2510948777198791,True,0.1775333881378173
John Harbaugh,RAV,2019,0.2510948777198791,True,0.1775333881378173
John Harbaugh,RAV,2020,0.1775333881378173,True,0.114095500087738
John Harbaugh,RAV,2020,0.1775333881378173,True,0.114095500087738
John Harbaugh,RAV,2021,0.114095500087738,True,0.0706246168136596
John Harbaugh,RAV,2021,0.114095500087738,True,0.0706246168136596
John Harbaugh,RAV,2022,0.0706246168136596,True,0.0973722979545593
John Harbaugh,RAV,2022,0.0706246168136596,True,0.0973722979545593
John Harbaugh,RAV,2023,0.0973722979545593,True,0.0420955881118774
John Harbaugh,RAV,2023,0.0973722979545593,True,0.0420955881118774
Ted Marchibroda,RAV,1996,-0.1598885357379913,True,-0.1304412997245788
Ted Marchibroda,RAV,1997,-0.1304412997245788,True,-0.1624324917793274
Ted Marchibroda,RAV,1998,-0.1624324917793274,False,-0.11506505971908562
Al Saunders,SDG,1987,0.2473316665172577,True,0.0589169561862945
Al Saunders,SDG,1988,0.0589169561862945,False,-0.11506505971908562
Anthony Lynn,SDG,2017,-0.0876912474632263,True,0.1471469402313232
Anthony Lynn,SDG,2018,0.1471469402313232,True,-0.1787177622318267
Anthony Lynn,SDG,2019,-0.1787177622318267,True,0.016895592212677
Anthony Lynn,SDG,2020,0.016895592212677,False,-0.11506505971908562
Bobby Ross,SDG,1992,0.0279362797737121,True,0.0132742524147033
Bobby Ross,SDG,1993,0.0132742524147033,True,0.0667913556098938
Bobby Ross,SDG,1994,0.0667913556098938,True,0.2013804614543914
Bobby Ross,SDG,1995,0.2013804614543914,True,0.1257798075675964
Bobby Ross,SDG,1996,0.1257798075675964,False,-0.11506505971908562
Brandon Staley,SDG,2021,0.0183987707138061,True,-0.0325108497619629
Brandon Staley,SDG,2022,-0.0325108497619629,True,-0.0628456338882446
Brandon Staley,SDG,2023,-0.0628456338882446,False,-0.11506505971908562
Charlie Waller,SDG,1970,0.0457842879772186,False,-0.11506505971908562
Charlie Waller,SDG,1970,0.0457842879772186,False,-0.11506505971908562
Dan Henning,SDG,1989,-0.1250641345977783,True,-0.0985873341560363
Dan Henning,SDG,1990,-0.0985873341560363,True,-0.2708532810211181
Dan Henning,SDG,1991,-0.2708532810211181,False,-0.11506505971908562
Don Coryell,SDG,1979,0.1360858678817749,True,0.1480672955513
Don Coryell,SDG,1980,0.1480672955513,True,-0.014946699142456
Don Coryell,SDG,1981,-0.014946699142456,True,0.1621331517219543
Don Coryell,SDG,1982,0.1621331517219543,True,0.0526632368564605
Don Coryell,SDG,1983,0.0526632368564605,True,-0.0169731080532073
Don Coryell,SDG,1984,-0.0169731080532073,True,0.042887806892395
Don Coryell,SDG,1985,0.042887806892395,True,0.0262614488601684
Don Coryell,SDG,1986,0.0262614488601684,False,-0.11506505971908562
Don Coryell,SDG,1986,0.0134850889444351,False,-0.11506505971908562
Harland Svare,SDG,1972,-0.1616946028232574,True,-0.0563657416343688
Harland Svare,SDG,1973,-0.0563657416343688,False,-0.11506505971908562
Harland Svare,SDG,1973,-0.0580158962249755,False,-0.11506505971908562
Kevin Gilbride,SDG,1997,0.0112420916557312,True,-0.1148318648338317
Kevin Gilbride,SDG,1998,-0.1148318648338317,False,-0.11506505971908562
Marty Schottenheimer,SDG,2002,-0.0745674967765808,True,0.006594568490982
Marty Schottenheimer,SDG,2002,-0.0745674967765808,True,0.006594568490982
Marty Schottenheimer,SDG,2003,0.006594568490982,True,0.0939691662788391
Marty Schottenheimer,SDG,2003,0.006594568490982,True,0.0939691662788391
Marty Schottenheimer,SDG,2004,0.0939691662788391,True,0.0676512122154235
Marty Schottenheimer,SDG,2004,0.0939691662788391,True,0.0676512122154235
Marty Schottenheimer,SDG,2005,0.0676512122154235,True,0.2058294415473938
Marty Schottenheimer,SDG,2005,0.0676512122154235,True,0.2058294415473938
Marty Schottenheimer,SDG,2006,0.2058294415473938,False,-0.11506505971908562
Marty Schottenheimer,SDG,2006,0.2058294415473938,False,-0.11506505971908562
Mike McCoy,SDG,2013,0.1021033823490142,True,0.2584995627403259
Mike McCoy,SDG,2014,0.2584995627403259,True,-0.1008516550064086
Mike McCoy,SDG,2015,-0.1008516550064086,True,-0.0950345396995544
Mike McCoy,SDG,2016,-0.0950345396995544,False,-0.11506505971908562
Mike Riley,SDG,1999,0.1126810908317565,True,-0.2195827662944793
Mike Riley,SDG,2000,-0.2195827662944793,True,-0.2375108003616333
Mike Riley,SDG,2001,-0.2375108003616333,False,-0.11506505971908562
Norv Turner,SDG,2007,0.0859226584434509,True,-0.1543156504631042
Norv Turner,SDG,2007,0.0859226584434509,True,-0.1543156504631042
Norv Turner,SDG,2008,-0.1543156504631042,True,0.1913338899612426
Norv Turner,SDG,2008,-0.1543156504631042,True,0.1913338899612426
Norv Turner,SDG,2009,0.1913338899612426,True,-0.0337269902229309
Norv Turner,SDG,2009,0.1913338899612426,True,-0.0337269902229309
Norv Turner,SDG,2010,-0.0337269902229309,True,-0.0911751985549926
Norv Turner,SDG,2010,-0.0337269902229309,True,-0.0911751985549926
Norv Turner,SDG,2011,-0.0911751985549926,True,-0.0122744739055633
Norv Turner,SDG,2011,-0.0911751985549926,True,-0.0122744739055633
Norv Turner,SDG,2012,-0.0122744739055633,False,-0.11506505971908562
Norv Turner,SDG,2012,-0.0122744739055633,False,-0.11506505971908562
Sid Gillman,SDG,1971,-0.1110648049354553,False,-0.11506505971908562
Sid Gillman,SDG,1971,-0.122876240158081,False,-0.11506505971908562
Tommy Prothro,SDG,1974,0.0212009449958801,True,-0.1885917385578155
Tommy Prothro,SDG,1975,-0.1885917385578155,True,0.002611206626892
Tommy Prothro,SDG,1976,0.002611206626892,True,0.1253329515457153
Tommy Prothro,SDG,1977,0.1253329515457153,True,0.0313896536827087
Tommy Prothro,SDG,1978,0.0313896536827087,False,-0.11506505971908562
Tommy Prothro,SDG,1978,0.0299999117851257,False,-0.11506505971908562
Chuck Knox,SEA,1983,0.0668292343616485,True,0.1012309193611145
Chuck Knox,SEA,1984,0.1012309193611145,True,-0.0865468382835388
Chuck Knox,SEA,1985,-0.0865468382835388,True,-0.0058744549751281
Chuck Knox,SEA,1986,-0.0058744549751281,True,0.2377118229866027
Chuck Knox,SEA,1987,0.2377118229866027,True,0.042464792728424
Chuck Knox,SEA,1988,0.042464792728424,True,0.0880438089370727
Chuck Knox,SEA,1989,0.0880438089370727,True,0.1078478991985321
Chuck Knox,SEA,1990,0.1078478991985321,True,0.0772912800312042
Chuck Knox,SEA,1991,0.0772912800312042,False,-0.11506505971908562
Dennis Erickson,SEA,1995,0.0714676082134246,True,0.0955283045768737
Dennis Erickson,SEA,1995,0.0714676082134246,True,0.0955283045768737
Dennis Erickson,SEA,1996,0.0955283045768737,True,0.1250036060810089
Dennis Erickson,SEA,1996,0.0955283045768737,True,0.1250036060810089
Dennis Erickson,SEA,1997,0.1250036060810089,True,0.0007789731025695
Dennis Erickson,SEA,1997,0.1250036060810089,True,0.0007789731025695
Dennis Erickson,SEA,1998,0.0007789731025695,False,-0.11506505971908562
Dennis Erickson,SEA,1998,0.0007789731025695,False,-0.11506505971908562
Jack Patera,SEA,1976,-0.3269694348335266,True,-0.0228260258674621
Jack Patera,SEA,1977,-0.0228260258674621,True,-0.0481852889060974
Jack Patera,SEA,1978,-0.0481852889060974,True,0.1374097466468811
Jack Patera,SEA,1979,0.1374097466468811,True,-0.2547653317451477
Jack Patera,SEA,1980,-0.2547653317451477,True,-0.1574547290802002
Jack Patera,SEA,1981,-0.1574547290802002,True,0.0577354604244232
Jack Patera,SEA,1982,0.0577354604244232,False,-0.11506505971908562
Jack Patera,SEA,1982,0.0577354604244232,False,-0.11506505971908562
Jim Mora Jr,SEA,2009,-0.1335119307041168,False,-0.11506505971908562
Mike Holmgren,SEA,1999,-0.0473984479904174,True,0.0523676574230194
Mike Holmgren,SEA,2000,0.0523676574230194,True,0.1223204433917999
Mike Holmgren,SEA,2001,0.1223204433917999,True,-0.0423977077007293
Mike Holmgren,SEA,2002,-0.0423977077007293,True,0.089823305606842
Mike Holmgren,SEA,2003,0.089823305606842,True,-0.0028917789459228
Mike Holmgren,SEA,2004,-0.0028917789459228,True,0.1808812618255615
Mike Holmgren,SEA,2005,0.1808812618255615,True,0.1756330132484436
Mike Holmgren,SEA,2006,0.1756330132484436,True,-0.0525366067886352
Mike Holmgren,SEA,2007,-0.0525366067886352,True,-0.0747087895870208
Mike Holmgren,SEA,2008,-0.0747087895870208,False,-0.11506505971908562
Pete Carroll,SEA,2010,-8.64863395690918e-05,True,-0.1193843483924865
Pete Carroll,SEA,2011,-0.1193843483924865,True,0.0683403015136718
Pete Carroll,SEA,2012,0.0683403015136718,True,0.2627688646316528
Pete Carroll,SEA,2013,0.2627688646316528,True,0.1663883328437805
Pete Carroll,SEA,2014,0.1663883328437805,True,0.0285922884941101
Pete Carroll,SEA,2015,0.0285922884941101,True,0.1142571055412292
Pete Carroll,SEA,2016,0.1142571055412292,True,0.078679472208023
Pete Carroll,SEA,2017,0.078679472208023,True,0.0383563041687011
Pete Carroll,SEA,2018,0.0383563041687011,True,0.0750914812088012
Pete Carroll,SEA,2019,0.0750914812088012,True,0.1498217582702636
Pete Carroll,SEA,2020,0.1498217582702636,True,-0.0883627802848815
Pete Carroll,SEA,2021,-0.0883627802848815,True,0.0847118288516998
Pete Carroll,SEA,2022,0.0847118288516998,True,0.0733693927764892
Pete Carroll,SEA,2023,0.0733693927764892,False,-0.11506505971908562
Tom Flores,SEA,1992,-0.3111679553985595,True,-0.1976598501205444
Tom Flores,SEA,1993,-0.1976598501205444,True,-0.2032581567764282
Tom Flores,SEA,1994,-0.2032581567764282,False,-0.11506505971908562
Bill Walsh,SFO,1979,-0.2364960312843322,True,0.0785320401191711
Bill Walsh,SFO,1979,-0.2364960312843322,True,0.0785320401191711
Bill Walsh,SFO,1979,-0.2364960312843322,True,0.0785320401191711
Bill Walsh,SFO,1980,0.0785320401191711,True,0.1478388905525207
Bill Walsh,SFO,1980,0.0785320401191711,True,0.1478388905525207
Bill Walsh,SFO,1980,0.0785320401191711,True,0.1478388905525207
Bill Walsh,SFO,1981,0.1478388905525207,True,-0.1103728358268738
Bill Walsh,SFO,1981,0.1478388905525207,True,-0.1103728358268738
Bill Walsh,SFO,1981,0.1478388905525207,True,-0.1103728358268738
Bill Walsh,SFO,1982,-0.1103728358268738,True,-0.0444162487983703
Bill Walsh,SFO,1982,-0.1103728358268738,True,-0.0444162487983703
Bill Walsh,SFO,1982,-0.1103728358268738,True,-0.0444162487983703
Bill Walsh,SFO,1983,-0.0444162487983703,True,0.2078668475151062
Bill Walsh,SFO,1983,-0.0444162487983703,True,0.2078668475151062
Bill Walsh,SFO,1983,-0.0444162487983703,True,0.2078668475151062
Bill Walsh,SFO,1984,0.2078668475151062,True,-0.0079097151756286
Bill Walsh,SFO,1984,0.2078668475151062,True,-0.0079097151756286
Bill Walsh,SFO,1984,0.2078668475151062,True,-0.0079097151756286
Bill Walsh,SFO,1985,-0.0079097151756286,True,0.0881784641265869
Bill Walsh,SFO,1985,-0.0079097151756286,True,0.0881784641265869
Bill Walsh,SFO,1985,-0.0079097151756286,True,0.0881784641265869
Bill Walsh,SFO,1986,0.0881784641265869,True,0.2936980192184448
Bill Walsh,SFO,1986,0.0881784641265869,True,0.2936980192184448
Bill Walsh,SFO,1986,0.0881784641265869,True,0.2936980192184448
Bill Walsh,SFO,1987,0.2936980192184448,True,-0.0021203160285949
Bill Walsh,SFO,1987,0.2936980192184448,True,-0.0021203160285949
Bill Walsh,SFO,1987,0.2936980192184448,True,-0.0021203160285949
Bill Walsh,SFO,1988,-0.0021203160285949,False,-0.11506505971908562
Bill Walsh,SFO,1988,-0.0021203160285949,False,-0.11506505971908562
Bill Walsh,SFO,1988,-0.0021203160285949,False,-0.11506505971908562
Chip Kelly,SFO,2016,-0.2548157870769501,False,-0.11506505971908562
Dennis Erickson,SFO,2003,-0.0226835012435913,True,-0.0499437600374221
Dennis Erickson,SFO,2003,-0.0226835012435913,True,-0.0499437600374221
Dennis Erickson,SFO,2004,-0.0499437600374221,False,-0.11506505971908562
Dennis Erickson,SFO,2004,-0.0499437600374221,False,-0.11506505971908562
Dick Nolan,SFO,1970,0.0827727317810058,True,0.0839621523857117
Dick Nolan,SFO,1971,0.0839621523857117,True,0.1068910261154174
Dick Nolan,SFO,1972,0.1068910261154174,True,0.0352405210494994
Dick Nolan,SFO,1973,0.0352405210494994,True,0.0561503039360046
Dick Nolan,SFO,1974,0.0561503039360046,True,0.025203277683258
Dick Nolan,SFO,1975,0.025203277683258,False,-0.11506505971908562
George Seifert,SFO,1989,0.1861029863357544,True,0.2286592721939087
George Seifert,SFO,1990,0.2286592721939087,True,0.1340532600879669
George Seifert,SFO,1991,0.1340532600879669,True,0.1717790961265564
George Seifert,SFO,1992,0.1717790961265564,True,-0.0003270506858825
George Seifert,SFO,1993,-0.0003270506858825,True,0.0854139328002929
George Seifert,SFO,1994,0.0854139328002929,True,0.016215443611145
George Seifert,SFO,1995,0.016215443611145,True,0.1116864085197448
George Seifert,SFO,1996,0.1116864085197448,False,-0.11506505971908562
Jim Harbaugh,SFO,2011,0.1242758631706237,True,0.0650395668029785
Jim Harbaugh,SFO,2011,0.1242758631706237,True,0.0650395668029785
Jim Harbaugh,SFO,2012,0.0650395668029785,True,0.120275855064392
Jim Harbaugh,SFO,2012,0.0650395668029785,True,0.120275855064392
Jim Harbaugh,SFO,2013,0.120275855064392,True,-0.0468955636024475
Jim Harbaugh,SFO,2013,0.120275855064392,True,-0.0468955636024475
Jim Harbaugh,SFO,2014,-0.0468955636024475,False,-0.11506505971908562
Jim Harbaugh,SFO,2014,-0.0468955636024475,False,-0.11506505971908562
Jim Tomsula,SFO,2015,0.0118720233440399,False,-0.11506505971908562
Ken Meyer,SFO,1977,-0.1051289538383484,False,-0.11506505971908562
Kyle Shanahan,SFO,2017,0.1108040511608123,True,0.0367238670587539
Kyle Shanahan,SFO,2018,0.0367238670587539,True,0.2464338541030883
Kyle Shanahan,SFO,2019,0.2464338541030883,True,0.1089309453964233
Kyle Shanahan,SFO,2020,0.1089309453964233,True,0.1532986433029174
Kyle Shanahan,SFO,2021,0.1532986433029174,True,0.0581467792510986
Kyle Shanahan,SFO,2022,0.0581467792510986,True,0.0187682374954223
Kyle Shanahan,SFO,2023,0.0187682374954223,True,0.0159362272262573
Mike Nolan,SFO,2005,-0.0093220472335815,True,-0.0889949202537536
Mike Nolan,SFO,2006,-0.0889949202537536,True,-0.068077802658081
Mike Nolan,SFO,2007,-0.068077802658081,True,-0.0716511011123657
Mike Nolan,SFO,2008,-0.0716511011123657,False,-0.11506505971908562
Mike Singletary,SFO,2009,-0.1173297762870788,True,-0.0394377708435058
Mike Singletary,SFO,2010,-0.0394377708435058,False,-0.11506505971908562
Monte Clark,SFO,1976,0.1431640221118927,False,-0.11506505971908562
Monte Clark,SFO,1976,0.1431640221118927,False,-0.11506505971908562
Monte Clark,SFO,1976,0.1431640221118927,False,-0.11506505971908562
Monte Clark,SFO,1976,0.1431640221118927,False,-0.11506505971908562
Pete McCulley,SFO,1978,-0.1271968781948089,False,-0.11506505971908562
Steve Mariucci,SFO,1997,0.099818468093872,True,0.1607421636581421
Steve Mariucci,SFO,1998,0.1607421636581421,True,-0.0571808516979217
Steve Mariucci,SFO,1999,-0.0571808516979217,True,-0.1542026996612548
Steve Mariucci,SFO,2000,-0.1542026996612548,True,0.0791977047920227
Steve Mariucci,SFO,2001,0.0791977047920227,True,0.0407172441482543
Steve Mariucci,SFO,2002,0.0407172441482543,False,-0.11506505971908562
Bruce Arians,TAM,2019,0.0441473722457885,True,0.0220595002174377
Bruce Arians,TAM,2020,0.0220595002174377,True,0.1544395730018616
Bruce Arians,TAM,2021,0.1544395730018616,False,-0.11506505971908562
Dirk Koetter,TAM,2016,0.0821190774440765,True,-0.0619073510169982
Dirk Koetter,TAM,2017,-0.0619073510169982,True,-0.0227854251861572
Dirk Koetter,TAM,2018,-0.0227854251861572,False,-0.11506505971908562
Greg Schiano,TAM,2012,0.0240034759044647,True,-0.2581673860549927
Greg Schiano,TAM,2013,-0.2581673860549927,False,-0.11506505971908562
John McKay,TAM,1976,-0.2457793653011322,True,-0.2139987250328064
John McKay,TAM,1977,-0.2139987250328064,True,-0.1726046800613403
John McKay,TAM,1978,-0.1726046800613403,True,0.115627646446228
John McKay,TAM,1979,0.115627646446228,True,-0.1641522132873535
John McKay,TAM,1980,-0.1641522132873535,True,-0.1114646792411804
John McKay,TAM,1981,-0.1114646792411804,True,0.1565151339530944
John McKay,TAM,1982,0.1565151339530944,True,-0.2103057205677032
John McKay,TAM,1983,-0.2103057205677032,True,-0.0288086235523223
John McKay,TAM,1984,-0.0288086235523223,False,-0.11506505971908562
Jon Gruden,TAM,2002,0.0455942153930664,True,-0.1460981965065002
Jon Gruden,TAM,2003,-0.1460981965065002,True,-0.1744147837162017
Jon Gruden,TAM,2004,-0.1744147837162017,True,0.0858478546142578
Jon Gruden,TAM,2005,0.0858478546142578,True,-0.0099435448646545
Jon Gruden,TAM,2006,-0.0099435448646545,True,-0.0916956663131713
Jon Gruden,TAM,2007,-0.0916956663131713,True,-0.0226259231567382
Jon Gruden,TAM,2008,-0.0226259231567382,False,-0.11506505971908562
Leeman Bennett,TAM,1985,-0.2023285627365112,True,-0.162365436553955
Leeman Bennett,TAM,1986,-0.162365436553955,False,-0.11506505971908562
Lovie Smith,TAM,2014,-0.1495803594589233,True,-0.0104350447654724
Lovie Smith,TAM,2014,-0.1495803594589233,True,-0.0104350447654724
Lovie Smith,TAM,2014,-0.1495803594589233,True,-0.0104350447654724
Lovie Smith,TAM,2014,-0.1495803594589233,True,-0.0104350447654724
Lovie Smith,TAM,2015,-0.0104350447654724,False,-0.11506505971908562
Lovie Smith,TAM,2015,-0.0104350447654724,False,-0.11506505971908562
Lovie Smith,TAM,2015,-0.0104350447654724,False,-0.11506505971908562
Lovie Smith,TAM,2015,-0.0104350447654724,False,-0.11506505971908562
Raheem Morris,TAM,2009,-0.0935703217983245,True,0.044786512851715
Raheem Morris,TAM,2010,0.044786512851715,True,-0.1356542110443115
Raheem Morris,TAM,2011,-0.1356542110443115,False,-0.11506505971908562
Ray Perkins,TAM,1987,-0.0083930488109588,True,-0.0415602028369903
Ray Perkins,TAM,1988,-0.0415602028369903,True,-0.0730546712875366
Ray Perkins,TAM,1989,-0.0730546712875366,True,-0.0536074638366699
Ray Perkins,TAM,1990,-0.0536074638366699,False,-0.11506505971908562
Ray Perkins,TAM,1990,-0.057579219341278,False,-0.11506505971908562
Richard Williamson,TAM,1991,-0.1130712926387786,False,-0.11506505971908562
Sam Wyche,TAM,1992,-0.029290348291397,True,0.0312201678752899
Sam Wyche,TAM,1993,0.0312201678752899,True,-0.0763557851314544
Sam Wyche,TAM,1994,-0.0763557851314544,True,0.0058353245258331
Sam Wyche,TAM,1995,0.0058353245258331,False,-0.11506505971908562
Todd Bowles,TAM,2022,-0.0762760728836059,True,-0.0437745958328247
Todd Bowles,TAM,2022,-0.0762760728836059,True,-0.0437745958328247
Todd Bowles,TAM,2023,-0.0437745958328247,True,0.1900120646476745
Todd Bowles,TAM,2023,-0.0437745958328247,True,0.1900120646476745
Tony Dungy,TAM,1996,-0.0818915367126464,True,0.0319071412086486
Tony Dungy,TAM,1997,0.0319071412086486,True,0.0164012908935546
Tony Dungy,TAM,1998,0.0164012908935546,True,0.0841182470321655
Tony Dungy,TAM,1999,0.0841182470321655,True,-0.0471720695495605
Tony Dungy,TAM,2000,-0.0471720695495605,True,-0.094609797000885
Tony Dungy,TAM,2001,-0.094609797000885,False,-0.11506505971908562
Bill Austin,WAS,1970,-0.1021639837265014,False,-0.11506505971908562
George Allen,WAS,1971,-0.0309255851745605,True,0.0887097484588622
George Allen,WAS,1972,0.0887097484588622,True,0.0176809065818787
George Allen,WAS,1973,0.0176809065818787,True,0.0554892056465149
George Allen,WAS,1974,0.0554892056465149,True,-0.0070188508987426
George Allen,WAS,1975,-0.0070188508987426,True,0.0503460996627808
George Allen,WAS,1976,0.0503460996627808,True,0.048896561050415
George Allen,WAS,1977,0.048896561050415,False,-0.11506505971908562
Jack Pardee,WAS,1978,-0.0127873420715332,True,-0.0732486844062805
Jack Pardee,WAS,1979,-0.0732486844062805,True,-0.2431056499481201
Jack Pardee,WAS,1980,-0.2431056499481201,False,-0.11506505971908562
Jay Gruden,WAS,2014,-0.0098353624343872,True,0.0629093647003173
Jay Gruden,WAS,2015,0.0629093647003173,True,-0.0366856968879699
Jay Gruden,WAS,2016,-0.0366856968879699,True,-0.0045691132545471
Jay Gruden,WAS,2017,-0.0045691132545471,True,0.0901196897029876
Jay Gruden,WAS,2018,0.0901196897029876,True,-0.1461754739284515
Jay Gruden,WAS,2019,-0.1461754739284515,False,-0.11506505971908562
Jim Zorn,WAS,2008,-0.1196461915969848,True,-0.1503776013851165
Jim Zorn,WAS,2009,-0.1503776013851165,False,-0.11506505971908562
Joe Gibbs,WAS,1981,-0.0174021124839782,True,0.3729940833091736
Joe Gibbs,WAS,1982,0.3729940833091736,True,0.1821175217628479
Joe Gibbs,WAS,1983,0.1821175217628479,True,0.0587701201438903
Joe Gibbs,WAS,1984,0.0587701201438903,True,0.1682158410549163
Joe Gibbs,WAS,1985,0.1682158410549163,True,0.2366724610328674
Joe Gibbs,WAS,1986,0.2366724610328674,True,0.2092380221366881
Joe Gibbs,WAS,1987,0.2092380221366881,True,0.1072456240653991
Joe Gibbs,WAS,1988,0.1072456240653991,True,0.0415233969688415
Joe Gibbs,WAS,1989,0.0415233969688415,True,0.0426155924797058
Joe Gibbs,WAS,1990,0.0426155924797058,True,0.1492524743080139
Joe Gibbs,WAS,1991,0.1492524743080139,True,-0.0354593396186828
Joe Gibbs,WAS,1992,-0.0354593396186828,False,-0.11506505971908562
Joe Gibbs,WAS,2004,-0.0555777847766876,True,-0.0066253542900085
Joe Gibbs,WAS,2005,-0.0066253542900085,True,-0.101423293352127
Joe Gibbs,WAS,2006,-0.101423293352127,True,0.0413009524345397
Joe Gibbs,WAS,2007,0.0413009524345397,False,-0.11506505971908562
Marty Schottenheimer,WAS,2001,-0.0767412185668945,False,-0.11506505971908562
Marty Schottenheimer,WAS,2001,-0.0767412185668945,False,-0.11506505971908562
Mike Shanahan,WAS,2010,-0.015699565410614,True,-0.134270429611206
Mike Shanahan,WAS,2011,-0.134270429611206,True,-0.0227150917053222
Mike Shanahan,WAS,2012,-0.0227150917053222,True,-0.2504034042358398
Mike Shanahan,WAS,2013,-0.2504034042358398,False,-0.11506505971908562
Norv Turner,WAS,1994,-0.2728570401668548,True,-0.0085586905479431
Norv Turner,WAS,1994,-0.2728570401668548,True,-0.0085586905479431
Norv Turner,WAS,1995,-0.0085586905479431,True,-0.0622074604034423
Norv Turner,WAS,1995,-0.0085586905479431,True,-0.0622074604034423
Norv Turner,WAS,1996,-0.0622074604034423,True,0.0192686998367309
Norv Turner,WAS,1996,-0.0622074604034423,True,0.0192686998367309
Norv Turner,WAS,1997,0.0192686998367309,True,-0.1423189043998718
Norv Turner,WAS,1997,0.0192686998367309,True,-0.1423189043998718
Norv Turner,WAS,1998,-0.1423189043998718,True,-0.0488590002059936
Norv Turner,WAS,1998,-0.1423189043998718,True,-0.0488590002059936
Norv Turner,WAS,1999,-0.0488590002059936,True,-0.0235123634338378
Norv Turner,WAS,1999,-0.0488590002059936,True,-0.0235123634338378
Norv Turner,WAS,2000,-0.0235123634338378,False,-0.11506505971908562
Norv Turner,WAS,2000,-0.0235123634338378,False,-0.11506505971908562
Richie Petitbon,WAS,1993,-0.1467964947223663,False,-0.11506505971908562
Ron Rivera,WAS,2020,0.0278918445110321,True,0.0698791175365448
Ron Rivera,WAS,2021,0.0698791175365448,True,0.1273235380649566
Ron Rivera,WAS,2022,0.1273235380649566,True,-0.1053741619110107
Ron Rivera,WAS,2023,-0.1053741619110107,False,-0.11506505971908562
Steve Spurrier,WAS,2002,0.0993386805057525,True,-0.0168389976024627
Steve Spurrier,WAS,2003,-0.0168389976024627,False,-0.11506505971908562
