Team,Coach,Year_N,Year_N_Plus_1,Year_N_WAR,Year_N_Plus_1_WAR,Year_N_Win_Pct,Year_N_Plus_1_Win_Pct,Background,Same_Team,WAR_Category,WAR_Quintile
ATL,Arthur Smith,2021,2022,-0.0932663352012634,-0.0615256995677948,0.4118,0.4118,Offensive,True,Below Replacement,Q1 (Worst)
ATL,Arthur Smith,2022,2023,-0.0615256995677948,0.0757377474784851,0.4118,0.4118,Offensive,True,Below Replacement,Q2
ATL,Dan Henning,1983,1984,-0.0563190579414367,-0.0824334025382995,0.4375,0.25,Offensive,True,Below Replacement,Q2
ATL,Dan Henning,1984,1985,-0.0824334025382995,-0.0976823568344116,0.25,0.25,Offensive,True,Below Replacement,Q1 (Worst)
ATL,Dan Henning,1985,1986,-0.0976823568344116,-0.0106742465019226,0.25,0.4688,Offensive,True,Below Replacement,Q1 (Worst)
ATL,Dan Quinn,2015,2016,-0.0109771490097045,0.0863693952560424,0.5,0.6875,Defensive,True,Replacement Level,Q2
ATL,Dan Quinn,2016,2017,0.0863693952560424,0.0361671447753906,0.6875,0.625,Defensive,True,Above Replacement,Q4
ATL,Dan Quinn,2017,2018,0.0361671447753906,-0.1667084693908691,0.625,0.4375,Defensive,True,Replacement Level,Q3
ATL,Dan Quinn,2018,2019,-0.1667084693908691,0.0193182229995727,0.4375,0.4375,Defensive,True,Below Replacement,Q1 (Worst)
ATL,Dan Quinn,2019,2020,0.0193182229995727,-0.5228279829025269,0.4375,0.0,Defensive,True,Replacement Level,Q3
ATL,Dan Reeves,1997,1998,-0.1566668152809143,0.2195534706115722,0.4375,0.875,Offensive,True,Below Replacement,Q1 (Worst)
ATL,Dan Reeves,1998,1999,0.2195534706115722,-0.0431936085224151,0.875,0.3125,Offensive,True,Above Replacement,Q5 (Best)
ATL,Dan Reeves,1999,2000,-0.0431936085224151,-0.0378905832767486,0.3125,0.25,Offensive,True,Replacement Level,Q2
ATL,Dan Reeves,2000,2001,-0.0378905832767486,-0.0831152200698852,0.25,0.4375,Offensive,True,Replacement Level,Q2
ATL,Dan Reeves,2001,2002,-0.0831152200698852,-0.0119144403457641,0.4375,0.5938,Offensive,True,Below Replacement,Q1 (Worst)
ATL,Dan Reeves,2002,2003,-0.0119144403457641,-0.0385951427936553,0.5938,0.2308,Offensive,True,Replacement Level,Q2
ATL,Jerry Glanville,1990,1991,-0.1292301416397094,0.0823863744735717,0.3125,0.625,Defensive,True,Below Replacement,Q1 (Worst)
ATL,Jerry Glanville,1991,1992,0.0823863744735717,-0.0214777290821075,0.625,0.375,Defensive,True,Above Replacement,Q4
ATL,Jerry Glanville,1992,1993,-0.0214777290821075,-0.0234642922878265,0.375,0.375,Defensive,True,Replacement Level,Q2
ATL,Jim Mora Jr,2004,2005,0.0578242540359497,-0.1110882759094238,0.6875,0.5,Defensive,True,Above Replacement,Q3
ATL,Jim Mora Jr,2005,2006,-0.1110882759094238,-0.0941271781921386,0.5,0.4375,Defensive,True,Below Replacement,Q1 (Worst)
ATL,June Jones,1994,1995,-0.131818950176239,-0.074214220046997,0.4375,0.5625,Offensive,True,Below Replacement,Q1 (Worst)
ATL,June Jones,1995,1996,-0.074214220046997,-0.1568431556224823,0.5625,0.1875,Offensive,True,Below Replacement,Q1 (Worst)
ATL,Leeman Bennett,1977,1978,-0.113684594631195,0.0868442356586456,0.5,0.5625,Offensive,True,Below Replacement,Q1 (Worst)
ATL,Leeman Bennett,1978,1979,0.0868442356586456,-0.0587242245674133,0.5625,0.375,Offensive,True,Above Replacement,Q4
ATL,Leeman Bennett,1979,1980,-0.0587242245674133,0.0690431594848632,0.375,0.75,Offensive,True,Below Replacement,Q2
ATL,Leeman Bennett,1980,1981,0.0690431594848632,-0.0786671638488769,0.75,0.4375,Offensive,True,Above Replacement,Q4
ATL,Leeman Bennett,1981,1982,-0.0786671638488769,0.1210584467411041,0.4375,0.5556,Offensive,True,Below Replacement,Q1 (Worst)
ATL,Marion Campbell,1975,1976,-0.0908819370746612,-0.0925554811954498,0.2857,0.2,Defensive,True,Below Replacement,Q1 (Worst)
ATL,Marion Campbell,1987,1988,-0.0315590381622314,-0.1348737180233001,0.2,0.3125,Defensive,True,Replacement Level,Q2
ATL,Marion Campbell,1988,1989,-0.1348737180233001,-0.1935255527496338,0.3125,0.25,Defensive,True,Below Replacement,Q1 (Worst)
ATL,Mike Smith,2008,2009,0.1159762144088745,0.1439352929592132,0.6875,0.5625,Defensive,True,Above Replacement,Q4
ATL,Mike Smith,2009,2010,0.1439352929592132,0.0479935407638549,0.5625,0.8125,Defensive,True,Above Replacement,Q5 (Best)
ATL,Mike Smith,2010,2011,0.0479935407638549,-0.0121704936027526,0.8125,0.625,Defensive,True,Replacement Level,Q3
ATL,Mike Smith,2011,2012,-0.0121704936027526,0.216293454170227,0.625,0.8125,Defensive,True,Replacement Level,Q2
ATL,Mike Smith,2012,2013,0.216293454170227,-0.1383779048919677,0.8125,0.25,Defensive,True,Above Replacement,Q5 (Best)
ATL,Mike Smith,2013,2014,-0.1383779048919677,-0.0743514597415924,0.25,0.375,Defensive,True,Below Replacement,Q1 (Worst)
ATL,Norm Van Brocklin,1970,1971,0.0217269857883453,0.1012107498168944,0.3571,0.5357,Offensive,True,Replacement Level,Q3
ATL,Norm Van Brocklin,1971,1972,0.1012107498168944,-0.0857398509979248,0.5357,0.5,Offensive,True,Above Replacement,Q4
ATL,Norm Van Brocklin,1972,1973,-0.0857398509979248,0.013393471622467,0.5,0.6429,Offensive,True,Below Replacement,Q1 (Worst)
ATL,Norm Van Brocklin,1973,1974,0.013393471622467,-0.0148441791534423,0.6429,0.25,Offensive,True,Replacement Level,Q3
BUF,Chuck Knox,1978,1979,-0.1656346023082733,-0.2062050104141235,0.3125,0.4375,Offensive,True,Below Replacement,Q1 (Worst)
BUF,Chuck Knox,1979,1980,-0.2062050104141235,0.0583255290985107,0.4375,0.6875,Offensive,True,Below Replacement,Q1 (Worst)
BUF,Chuck Knox,1980,1981,0.0583255290985107,0.089012324810028,0.6875,0.625,Offensive,True,Above Replacement,Q3
BUF,Chuck Knox,1981,1982,0.089012324810028,0.0812302702903747,0.625,0.4444,Offensive,True,Above Replacement,Q4
BUF,Dick Jauron,2006,2007,-0.0390550792217254,-0.0239140093326568,0.4375,0.4375,Defensive,True,Replacement Level,Q2
BUF,Dick Jauron,2007,2008,-0.0239140093326568,-0.0442433357238769,0.4375,0.4375,Defensive,True,Replacement Level,Q2
BUF,Dick Jauron,2008,2009,-0.0442433357238769,-0.0056295637607574,0.4375,0.3333,Defensive,True,Replacement Level,Q2
BUF,Doug Marrone,2013,2014,-0.0968475937843322,0.0177081823348999,0.375,0.5625,Offensive,True,Below Replacement,Q1 (Worst)
BUF,Gregg Williams,2001,2002,-0.0501247346401214,0.0164859294891357,0.1875,0.5,Defensive,True,Below Replacement,Q2
BUF,Gregg Williams,2002,2003,0.0164859294891357,-0.0033035278320312,0.5,0.375,Defensive,True,Replacement Level,Q3
BUF,Kay Stephenson,1983,1984,-5.6862831115722656e-05,-0.2004263997077942,0.5,0.125,Offensive,True,Replacement Level,Q2
BUF,Kay Stephenson,1984,1985,-0.2004263997077942,-0.251604676246643,0.125,0.0,Offensive,True,Below Replacement,Q1 (Worst)
BUF,Lou Saban,1972,1973,-0.0564578639030456,0.1565922299861908,0.3214,0.6429,Other,True,Below Replacement,Q2
BUF,Lou Saban,1973,1974,0.1565922299861908,0.1229569415092468,0.6429,0.6429,Other,True,Above Replacement,Q5 (Best)
BUF,Lou Saban,1974,1975,0.1229569415092468,-0.0248069630622863,0.6429,0.5714,Other,True,Above Replacement,Q4
BUF,Lou Saban,1975,1976,-0.0248069630622863,0.0213692426681518,0.5714,0.4,Other,True,Replacement Level,Q2
BUF,Marv Levy,1987,1988,0.1540571574687957,0.1776657104492187,0.4667,0.75,Other,True,Above Replacement,Q5 (Best)
BUF,Marv Levy,1988,1989,0.1776657104492187,-0.0568150281906127,0.75,0.5625,Other,True,Above Replacement,Q5 (Best)
BUF,Marv Levy,1989,1990,-0.0568150281906127,0.1256396770477295,0.5625,0.8125,Other,True,Below Replacement,Q2
BUF,Marv Levy,1990,1991,0.1256396770477295,0.0862542390823364,0.8125,0.8125,Other,True,Above Replacement,Q5 (Best)
BUF,Marv Levy,1991,1992,0.0862542390823364,-0.0040563344955444,0.8125,0.6875,Other,True,Above Replacement,Q4
BUF,Marv Levy,1992,1993,-0.0040563344955444,0.1375715136528015,0.6875,0.75,Other,True,Replacement Level,Q2
BUF,Marv Levy,1993,1994,0.1375715136528015,-0.0570392310619354,0.75,0.4375,Other,True,Above Replacement,Q5 (Best)
BUF,Marv Levy,1994,1995,-0.0570392310619354,0.0659317374229431,0.4375,0.625,Other,True,Below Replacement,Q2
BUF,Marv Levy,1995,1996,0.0659317374229431,0.1468126773834228,0.625,0.625,Other,True,Above Replacement,Q4
BUF,Marv Levy,1996,1997,0.1468126773834228,0.0279609560966491,0.625,0.375,Other,True,Above Replacement,Q5 (Best)
BUF,Mike Mularkey,2004,2005,-0.0443925261497497,-0.0978909432888031,0.5625,0.3125,Offensive,True,Replacement Level,Q2
BUF,Rex Ryan,2015,2016,-0.0046133399009704,-0.0685498888969421,0.5,0.4667,Defensive,True,Replacement Level,Q2
BUF,Sean McDermott,2017,2018,0.03174489736557,-0.0437730848789215,0.5625,0.375,Defensive,True,Replacement Level,Q3
BUF,Sean McDermott,2018,2019,-0.0437730848789215,-0.0236680507659912,0.375,0.625,Defensive,True,Replacement Level,Q2
BUF,Sean McDermott,2019,2020,-0.0236680507659912,0.1031807661056518,0.625,0.8125,Defensive,True,Replacement Level,Q2
BUF,Sean McDermott,2020,2021,0.1031807661056518,-0.0139724925994872,0.8125,0.6471,Defensive,True,Above Replacement,Q4
BUF,Sean McDermott,2021,2022,-0.0139724925994872,0.1782289147377014,0.6471,0.8125,Defensive,True,Replacement Level,Q2
BUF,Sean McDermott,2022,2023,0.1782289147377014,0.0602161570549011,0.8125,0.6471,Defensive,True,Above Replacement,Q5 (Best)
BUF,Sean McDermott,2023,2024,0.0602161570549011,0.0196669742584228,0.6471,0.7647,Defensive,True,Above Replacement,Q3
BUF,Wade Phillips,1998,1999,0.0630110502243042,0.1431476473808288,0.625,0.6875,Defensive,True,Above Replacement,Q4
BUF,Wade Phillips,1999,2000,0.1431476473808288,-0.0012153983116149,0.6875,0.5,Defensive,True,Above Replacement,Q5 (Best)
CAR,Dom Capers,1995,1996,-0.0418789684772491,0.0664264559745788,0.4375,0.75,Defensive,True,Replacement Level,Q2
CAR,Dom Capers,1996,1997,0.0664264559745788,-0.0220711827278137,0.75,0.4375,Defensive,True,Above Replacement,Q4
CAR,Dom Capers,1997,1998,-0.0220711827278137,-0.1453734636306762,0.4375,0.25,Defensive,True,Replacement Level,Q2
CAR,George Seifert,1999,2000,-0.0350247025489807,-0.0171429514884948,0.5,0.4375,Defensive,True,Replacement Level,Q2
CAR,George Seifert,2000,2001,-0.0171429514884948,-0.3037513792514801,0.4375,0.0625,Defensive,True,Replacement Level,Q2
CAR,John Fox,2002,2003,-0.0222543179988861,0.1068063974380493,0.4375,0.6875,Defensive,True,Replacement Level,Q2
CAR,John Fox,2003,2004,0.1068063974380493,-0.2067168354988098,0.6875,0.4375,Defensive,True,Above Replacement,Q4
CAR,John Fox,2004,2005,-0.2067168354988098,0.0164676308631896,0.4375,0.6875,Defensive,True,Below Replacement,Q1 (Worst)
CAR,John Fox,2005,2006,0.0164676308631896,0.1121270358562469,0.6875,0.5,Defensive,True,Replacement Level,Q3
CAR,John Fox,2006,2007,0.1121270358562469,0.1451126039028167,0.5,0.4375,Defensive,True,Above Replacement,Q4
CAR,John Fox,2007,2008,0.1451126039028167,0.160696268081665,0.4375,0.75,Defensive,True,Above Replacement,Q5 (Best)
CAR,John Fox,2008,2009,0.160696268081665,-0.000910460948944,0.75,0.5,Defensive,True,Above Replacement,Q5 (Best)
CAR,John Fox,2009,2010,-0.000910460948944,-0.1519150733947754,0.5,0.125,Defensive,True,Replacement Level,Q2
CAR,Ron Rivera,2011,2012,-0.089009553194046,0.0249098539352417,0.375,0.4375,Defensive,True,Below Replacement,Q1 (Worst)
CAR,Ron Rivera,2012,2013,0.0249098539352417,0.2141039967536926,0.4375,0.75,Defensive,True,Replacement Level,Q3
CAR,Ron Rivera,2013,2014,0.2141039967536926,0.0084215021610259,0.75,0.4688,Defensive,True,Above Replacement,Q5 (Best)
CAR,Ron Rivera,2014,2015,0.0084215021610259,0.2092655301094055,0.4688,0.9375,Defensive,True,Replacement Level,Q3
CAR,Ron Rivera,2015,2016,0.2092655301094055,-0.0366073846817016,0.9375,0.375,Defensive,True,Above Replacement,Q5 (Best)
CAR,Ron Rivera,2016,2017,-0.0366073846817016,0.2059080004692077,0.375,0.6875,Defensive,True,Replacement Level,Q2
CAR,Ron Rivera,2017,2018,0.2059080004692077,0.0400606393814086,0.6875,0.4375,Defensive,True,Above Replacement,Q5 (Best)
CAR,Ron Rivera,2018,2019,0.0400606393814086,0.0725041870594024,0.4375,0.4167,Defensive,True,Replacement Level,Q3
CHI,Dave Wannstedt,1993,1994,-0.0981367230415344,0.1791876554489135,0.4375,0.5625,Defensive,True,Below Replacement,Q1 (Worst)
CHI,Dave Wannstedt,1994,1995,0.1791876554489135,-0.0366451740264892,0.5625,0.5625,Defensive,True,Above Replacement,Q5 (Best)
CHI,Dave Wannstedt,1995,1996,-0.0366451740264892,0.0607776641845703,0.5625,0.4375,Defensive,True,Replacement Level,Q2
CHI,Dave Wannstedt,1996,1997,0.0607776641845703,-0.0389961004257202,0.4375,0.25,Defensive,True,Above Replacement,Q3
CHI,Dave Wannstedt,1997,1998,-0.0389961004257202,-0.0728939473628997,0.25,0.25,Defensive,True,Replacement Level,Q2
CHI,Dick Jauron,1999,2000,0.0848791897296905,0.0092570185661315,0.375,0.3125,Defensive,True,Above Replacement,Q4
CHI,Dick Jauron,2000,2001,0.0092570185661315,0.212961196899414,0.3125,0.8125,Defensive,True,Replacement Level,Q3
CHI,Dick Jauron,2001,2002,0.212961196899414,0.0393735021352767,0.8125,0.25,Defensive,True,Above Replacement,Q5 (Best)
CHI,Dick Jauron,2002,2003,0.0393735021352767,0.1482287049293518,0.25,0.4375,Defensive,True,Replacement Level,Q3
CHI,Jack Pardee,1975,1976,0.0474231905460357,-0.0198224782943725,0.2857,0.5,Defensive,True,Replacement Level,Q3
CHI,Jack Pardee,1976,1977,-0.0198224782943725,0.0569645861625671,0.5,0.6429,Defensive,True,Replacement Level,Q2
CHI,John Fox,2015,2016,0.0141976177692413,-0.0449680835008621,0.375,0.1875,Defensive,True,Replacement Level,Q3
CHI,John Fox,2016,2017,-0.0449680835008621,-0.0285700857639312,0.1875,0.3125,Defensive,True,Replacement Level,Q2
CHI,Lovie Smith,2004,2005,-0.0434096455574035,0.03592050075531,0.3125,0.6875,Defensive,True,Replacement Level,Q2
CHI,Lovie Smith,2005,2006,0.03592050075531,0.0907202959060669,0.6875,0.8125,Defensive,True,Replacement Level,Q3
CHI,Lovie Smith,2006,2007,0.0907202959060669,0.0159643292427063,0.8125,0.4375,Defensive,True,Above Replacement,Q4
CHI,Lovie Smith,2007,2008,0.0159643292427063,-0.0801148414611816,0.4375,0.5625,Defensive,True,Replacement Level,Q3
CHI,Lovie Smith,2008,2009,-0.0801148414611816,-0.030653566122055,0.5625,0.4375,Defensive,True,Below Replacement,Q1 (Worst)
CHI,Lovie Smith,2009,2010,-0.030653566122055,0.0373313426971435,0.4375,0.6875,Defensive,True,Replacement Level,Q2
CHI,Lovie Smith,2010,2011,0.0373313426971435,0.0137560367584228,0.6875,0.5,Defensive,True,Replacement Level,Q3
CHI,Lovie Smith,2011,2012,0.0137560367584228,0.0348352193832397,0.5,0.625,Defensive,True,Replacement Level,Q3
CHI,Marc Trestman,2013,2014,-0.0306273102760314,-0.0095600187778472,0.5,0.3125,Offensive,True,Replacement Level,Q2
CHI,Matt Eberflus,2022,2023,-0.148616366147995,-0.1394449741363525,0.1765,0.4118,Defensive,True,Below Replacement,Q1 (Worst)
CHI,Matt Eberflus,2023,2024,-0.1394449741363525,-0.2843221370697021,0.4118,0.3333,Defensive,True,Below Replacement,Q1 (Worst)
CHI,Matt Nagy,2018,2019,0.1204354763031005,0.0378531217575073,0.75,0.5,Offensive,True,Above Replacement,Q4
CHI,Matt Nagy,2019,2020,0.0378531217575073,0.097957819700241,0.5,0.5,Offensive,True,Replacement Level,Q3
CHI,Matt Nagy,2020,2021,0.097957819700241,0.0493451074600219,0.5,0.3529,Offensive,True,Above Replacement,Q4
CHI,Mike Ditka,1982,1983,-0.0873275641918182,0.0012940466403961,0.3333,0.5,Offensive,True,Below Replacement,Q1 (Worst)
CHI,Mike Ditka,1983,1984,0.0012940466403961,0.0581478476524353,0.5,0.625,Offensive,True,Replacement Level,Q2
CHI,Mike Ditka,1984,1985,0.0581478476524353,0.2463740110397339,0.625,0.9375,Offensive,True,Above Replacement,Q3
CHI,Mike Ditka,1985,1986,0.2463740110397339,0.2352794408798217,0.9375,0.875,Offensive,True,Above Replacement,Q5 (Best)
CHI,Mike Ditka,1986,1987,0.2352794408798217,0.4420360024452209,0.875,0.7333,Offensive,True,Above Replacement,Q5 (Best)
CHI,Mike Ditka,1987,1988,0.4420360024452209,0.1232998967170715,0.7333,0.75,Offensive,True,Above Replacement,Q5 (Best)
CHI,Mike Ditka,1988,1989,0.1232998967170715,-0.1182998418807983,0.75,0.375,Offensive,True,Above Replacement,Q4
CHI,Mike Ditka,1989,1990,-0.1182998418807983,-0.0195860266685485,0.375,0.6875,Offensive,True,Below Replacement,Q1 (Worst)
CHI,Mike Ditka,1990,1991,-0.0195860266685485,0.0483308434486389,0.6875,0.6875,Offensive,True,Replacement Level,Q2
CHI,Mike Ditka,1991,1992,0.0483308434486389,-0.0519842505455017,0.6875,0.3125,Offensive,True,Replacement Level,Q3
CHI,Neill Armstrong,1978,1979,0.0558253228664398,-0.0130859613418579,0.4375,0.625,Defensive,True,Above Replacement,Q3
CHI,Neill Armstrong,1979,1980,-0.0130859613418579,-0.0475191473960876,0.625,0.4375,Defensive,True,Replacement Level,Q2
CHI,Neill Armstrong,1980,1981,-0.0475191473960876,-0.0788258910179138,0.4375,0.375,Defensive,True,Replacement Level,Q2
CIN,Bill Johnson,1976,1977,0.0023688905715942,0.1065175963878631,0.7143,0.5714,Offensive,True,Replacement Level,Q3
CIN,Bill Johnson,1977,1978,0.1065175963878631,-0.2689843773841858,0.5714,0.0,Offensive,True,Above Replacement,Q4
CIN,Bruce Coslet,1997,1998,0.0028091967105865,-0.2132176756858825,0.4375,0.1875,Offensive,True,Replacement Level,Q3
CIN,Bruce Coslet,1998,1999,-0.2132176756858825,-0.0672738850116729,0.1875,0.25,Offensive,True,Below Replacement,Q1 (Worst)
CIN,Bruce Coslet,1999,2000,-0.0672738850116729,-0.2972222864627838,0.25,0.0,Offensive,True,Below Replacement,Q1 (Worst)
CIN,David Shula,1992,1993,-0.102486252784729,-0.1901988983154297,0.3125,0.1875,Offensive,True,Below Replacement,Q1 (Worst)
CIN,David Shula,1993,1994,-0.1901988983154297,-0.0429866909980773,0.1875,0.1875,Offensive,True,Below Replacement,Q1 (Worst)
CIN,David Shula,1994,1995,-0.0429866909980773,0.0044647753238677,0.1875,0.4375,Offensive,True,Replacement Level,Q2
CIN,David Shula,1995,1996,0.0044647753238677,-0.4316445489883422,0.4375,0.1429,Offensive,True,Replacement Level,Q3
CIN,Dick LeBeau,2001,2002,0.023996889591217,-0.1176870018243789,0.375,0.125,Defensive,True,Replacement Level,Q3
CIN,Forrest Gregg,1980,1981,0.0327334702014923,0.1304632425308227,0.375,0.75,Offensive,True,Replacement Level,Q3
CIN,Forrest Gregg,1981,1982,0.1304632425308227,0.1645377042770386,0.75,0.7778,Offensive,True,Above Replacement,Q5 (Best)
CIN,Forrest Gregg,1982,1983,0.1645377042770386,-0.146111249923706,0.7778,0.4375,Offensive,True,Above Replacement,Q5 (Best)
CIN,Marvin Lewis,2003,2004,-0.0386126637458801,0.0258184373378753,0.5,0.5,Defensive,True,Replacement Level,Q2
CIN,Marvin Lewis,2004,2005,0.0258184373378753,-0.0343033075332641,0.5,0.6875,Defensive,True,Replacement Level,Q3
CIN,Marvin Lewis,2005,2006,-0.0343033075332641,-0.0992222428321838,0.6875,0.5,Defensive,True,Replacement Level,Q2
CIN,Marvin Lewis,2006,2007,-0.0992222428321838,-0.1301227211952209,0.5,0.4375,Defensive,True,Below Replacement,Q1 (Worst)
CIN,Marvin Lewis,2007,2008,-0.1301227211952209,0.0089203798294067,0.4375,0.2812,Defensive,True,Below Replacement,Q1 (Worst)
CIN,Marvin Lewis,2008,2009,0.0089203798294067,0.0928616523742675,0.2812,0.625,Defensive,True,Replacement Level,Q3
CIN,Marvin Lewis,2009,2010,0.0928616523742675,-0.1650431454181671,0.625,0.25,Defensive,True,Above Replacement,Q4
CIN,Marvin Lewis,2010,2011,-0.1650431454181671,0.0105824470520019,0.25,0.5625,Defensive,True,Below Replacement,Q1 (Worst)
CIN,Marvin Lewis,2011,2012,0.0105824470520019,0.1321407258510589,0.5625,0.625,Defensive,True,Replacement Level,Q3
CIN,Marvin Lewis,2012,2013,0.1321407258510589,0.1776032447814941,0.625,0.6875,Defensive,True,Above Replacement,Q5 (Best)
CIN,Marvin Lewis,2013,2014,0.1776032447814941,0.0027750813484191,0.6875,0.6562,Defensive,True,Above Replacement,Q5 (Best)
CIN,Marvin Lewis,2014,2015,0.0027750813484191,0.0246802568435668,0.6562,0.75,Defensive,True,Replacement Level,Q3
CIN,Marvin Lewis,2015,2016,0.0246802568435668,-0.1667385018348693,0.75,0.4062,Defensive,True,Replacement Level,Q3
CIN,Marvin Lewis,2016,2017,-0.1667385018348693,-0.0242506265640258,0.4062,0.4375,Defensive,True,Below Replacement,Q1 (Worst)
CIN,Marvin Lewis,2017,2018,-0.0242506265640258,0.0650155842304229,0.4375,0.375,Defensive,True,Replacement Level,Q2
CIN,Paul Brown,1970,1971,-0.0328305827140807,-0.3097409837722778,0.5714,0.2857,Other,True,Replacement Level,Q2
CIN,Paul Brown,1971,1972,-0.3097409837722778,-0.0277299152374267,0.2857,0.5714,Other,True,Below Replacement,Q1 (Worst)
CIN,Paul Brown,1972,1973,-0.0277299152374267,0.0723181002616882,0.5714,0.7143,Other,True,Replacement Level,Q2
CIN,Paul Brown,1973,1974,0.0723181002616882,0.0172235965728759,0.7143,0.5,Other,True,Above Replacement,Q4
CIN,Paul Brown,1974,1975,0.0172235965728759,0.1292992002487182,0.5,0.7857,Other,True,Replacement Level,Q3
CIN,Sam Wyche,1984,1985,0.0480599701404571,-0.1259368658065796,0.5,0.4375,Offensive,True,Replacement Level,Q3
CIN,Sam Wyche,1985,1986,-0.1259368658065796,0.1322312355041504,0.4375,0.625,Offensive,True,Below Replacement,Q1 (Worst)
CIN,Sam Wyche,1986,1987,0.1322312355041504,-0.0043432410240173,0.625,0.2667,Offensive,True,Above Replacement,Q5 (Best)
CIN,Sam Wyche,1987,1988,-0.0043432410240173,0.0806859135627746,0.2667,0.75,Offensive,True,Replacement Level,Q2
CIN,Sam Wyche,1988,1989,0.0806859135627746,-0.1112647056579589,0.75,0.5,Offensive,True,Above Replacement,Q4
CIN,Sam Wyche,1989,1990,-0.1112647056579589,0.0604481697082519,0.5,0.5625,Offensive,True,Below Replacement,Q1 (Worst)
CIN,Sam Wyche,1990,1991,0.0604481697082519,-0.1474383473396301,0.5625,0.1875,Offensive,True,Above Replacement,Q3
CIN,Zac Taylor,2019,2020,-0.1436249613761901,-0.0589915431022644,0.125,0.2812,Offensive,True,Below Replacement,Q1 (Worst)
CIN,Zac Taylor,2020,2021,-0.0589915431022644,-0.0114019840240479,0.2812,0.5882,Offensive,True,Below Replacement,Q2
CIN,Zac Taylor,2021,2022,-0.0114019840240479,0.1382172703742981,0.5882,0.75,Offensive,True,Replacement Level,Q2
CIN,Zac Taylor,2022,2023,0.1382172703742981,0.0944182664394378,0.75,0.5294,Offensive,True,Above Replacement,Q5 (Best)
CIN,Zac Taylor,2023,2024,0.0944182664394378,-0.0297583251953125,0.5294,0.5294,Offensive,True,Above Replacement,Q4
CLE,Bill Belichick,1991,1992,-0.1522586345672607,0.0973309874534607,0.375,0.4375,Defensive,True,Below Replacement,Q1 (Worst)
CLE,Bill Belichick,1992,1993,0.0973309874534607,0.1537988185882568,0.4375,0.4375,Defensive,True,Above Replacement,Q4
CLE,Bill Belichick,1993,1994,0.1537988185882568,0.1954544186592102,0.4375,0.6875,Defensive,True,Above Replacement,Q5 (Best)
CLE,Bill Belichick,1994,1995,0.1954544186592102,-0.1677587032318115,0.6875,0.3125,Defensive,True,Above Replacement,Q5 (Best)
CLE,Bud Carson,1989,1990,-0.1079255425453186,-0.1075035694122314,0.5938,0.2222,Defensive,True,Below Replacement,Q1 (Worst)
CLE,Chris Palmer,1999,2000,-0.2069385349750518,-0.0264560431241989,0.125,0.1875,Offensive,True,Below Replacement,Q1 (Worst)
CLE,Eric Mangini,2009,2010,0.0033718645572662,-0.070296436548233,0.3125,0.3125,Defensive,True,Replacement Level,Q3
CLE,Forrest Gregg,1975,1976,0.001289539861679,0.0520896414756775,0.2143,0.6429,Offensive,True,Replacement Level,Q2
CLE,Forrest Gregg,1976,1977,0.0520896414756775,-0.0377687106132507,0.6429,0.4615,Offensive,True,Above Replacement,Q3
CLE,Hue Jackson,2016,2017,-0.257923811674118,-0.265716940164566,0.0625,0.0,Offensive,True,Below Replacement,Q1 (Worst)
CLE,Hue Jackson,2017,2018,-0.265716940164566,-0.1669608652591705,0.0,0.3125,Offensive,True,Below Replacement,Q1 (Worst)
CLE,Kevin Stefanski,2020,2021,0.1232447624206543,0.0923942833900451,0.6875,0.4706,Offensive,True,Above Replacement,Q4
CLE,Kevin Stefanski,2021,2022,0.0923942833900451,0.0140889614105224,0.4706,0.4118,Offensive,True,Above Replacement,Q4
CLE,Kevin Stefanski,2022,2023,0.0140889614105224,0.2919929905891418,0.4118,0.6471,Offensive,True,Replacement Level,Q3
CLE,Kevin Stefanski,2023,2024,0.2919929905891418,-0.0161595568656921,0.6471,0.1765,Offensive,True,Above Replacement,Q5 (Best)
CLE,Marty Schottenheimer,1985,1986,-0.0477024912834167,0.0894935727119445,0.5,0.75,Defensive,True,Replacement Level,Q2
CLE,Marty Schottenheimer,1986,1987,0.0894935727119445,0.0996142570495605,0.75,0.6667,Defensive,True,Above Replacement,Q4
CLE,Marty Schottenheimer,1987,1988,0.0996142570495605,0.0542296171188354,0.6667,0.625,Defensive,True,Above Replacement,Q4
CLE,Mike Pettine,2014,2015,-0.0281154811382293,-0.1180334687232971,0.4375,0.1875,Defensive,True,Replacement Level,Q2
CLE,Pat Shurmur,2011,2012,-0.22982257604599,-0.1379212737083435,0.25,0.3125,Offensive,True,Below Replacement,Q1 (Worst)
CLE,Romeo Crennel,2005,2006,-0.0178542435169219,-0.064960241317749,0.375,0.25,Defensive,True,Replacement Level,Q2
CLE,Romeo Crennel,2006,2007,-0.064960241317749,0.1429101824760437,0.25,0.625,Defensive,True,Below Replacement,Q1 (Worst)
CLE,Romeo Crennel,2007,2008,0.1429101824760437,-0.1000698804855346,0.625,0.25,Defensive,True,Above Replacement,Q5 (Best)
CLT,Chuck Pagano,2012,2013,0.2503040730953216,0.1230864524841308,0.6875,0.6875,Defensive,True,Above Replacement,Q5 (Best)
CLT,Chuck Pagano,2013,2014,0.1230864524841308,0.1974012851715088,0.6875,0.6875,Defensive,True,Above Replacement,Q4
CLT,Chuck Pagano,2014,2015,0.1974012851715088,0.0368654727935791,0.6875,0.5,Defensive,True,Above Replacement,Q5 (Best)
CLT,Chuck Pagano,2015,2016,0.0368654727935791,0.1315011084079742,0.5,0.5,Defensive,True,Replacement Level,Q3
CLT,Chuck Pagano,2016,2017,0.1315011084079742,-0.17544686794281,0.5,0.25,Defensive,True,Above Replacement,Q5 (Best)
CLT,Don McCafferty,1970,1971,0.2172514332771301,0.0318550103187561,0.8214,0.7143,Offensive,True,Above Replacement,Q5 (Best)
CLT,Don McCafferty,1971,1972,0.0318550103187561,-0.3421733260154724,0.7143,0.2,Offensive,True,Replacement Level,Q3
CLT,Frank Kush,1982,1983,-0.1367529356718063,0.0522833466529846,0.0556,0.4375,Offensive,True,Below Replacement,Q1 (Worst)
CLT,Frank Kush,1983,1984,0.0522833466529846,0.017837301325798,0.4375,0.2667,Offensive,True,Above Replacement,Q3
CLT,Frank Reich,2018,2019,0.1206147670745849,-0.1178104281425476,0.625,0.4375,Offensive,True,Above Replacement,Q4
CLT,Frank Reich,2019,2020,-0.1178104281425476,0.0479685068130493,0.4375,0.6875,Offensive,True,Below Replacement,Q1 (Worst)
CLT,Frank Reich,2020,2021,0.0479685068130493,-0.1382621437072754,0.6875,0.5294,Offensive,True,Replacement Level,Q3
CLT,Frank Reich,2021,2022,-0.1382621437072754,0.099079477930069,0.5294,0.3889,Offensive,True,Below Replacement,Q1 (Worst)
CLT,Howard Schnellenberger,1973,1974,0.0346678263664245,-0.1922874748706817,0.2857,0.0,Offensive,True,Replacement Level,Q3
CLT,Jim Caldwell,2009,2010,0.4094136655330658,0.2419063448905944,0.875,0.625,Offensive,True,Above Replacement,Q5 (Best)
CLT,Jim Caldwell,2010,2011,0.2419063448905944,-0.2398099601268768,0.625,0.125,Offensive,True,Above Replacement,Q5 (Best)
CLT,Jim Mora Sr,1998,1999,-0.0613436102867126,0.2784002423286438,0.1875,0.8125,Defensive,True,Below Replacement,Q2
CLT,Jim Mora Sr,1999,2000,0.2784002423286438,0.030689001083374,0.8125,0.625,Defensive,True,Above Replacement,Q5 (Best)
CLT,Jim Mora Sr,2000,2001,0.030689001083374,-0.0805995464324951,0.625,0.375,Defensive,True,Replacement Level,Q3
CLT,Lindy Infante,1996,1997,0.1046392023563385,-0.0914804935455322,0.5625,0.1875,Offensive,True,Above Replacement,Q4
CLT,Mike McCormack,1980,1981,-0.0535228252410888,-0.2469664514064788,0.4375,0.125,Offensive,True,Below Replacement,Q2
CLT,Rod Dowhower,1985,1986,-0.0405037105083465,-0.2031786888837814,0.3125,0.0,Offensive,True,Replacement Level,Q2
CLT,Ron Meyer,1987,1988,0.1838405489921569,0.15232914686203,0.6,0.5625,Other,True,Above Replacement,Q5 (Best)
CLT,Ron Meyer,1988,1989,0.15232914686203,0.0337697565555572,0.5625,0.5,Other,True,Above Replacement,Q5 (Best)
CLT,Ron Meyer,1989,1990,0.0337697565555572,0.200159415602684,0.5,0.4375,Other,True,Replacement Level,Q3
CLT,Ron Meyer,1990,1991,0.200159415602684,-0.3567081689834595,0.4375,0.0,Other,True,Above Replacement,Q5 (Best)
CLT,Shane Steichen,2023,2024,-0.0195559173583984,-0.001730093383789,0.5294,0.4706,Offensive,True,Replacement Level,Q2
CLT,Ted Marchibroda,1975,1976,0.0326765411376953,0.115495479774475,0.7143,0.7857,Offensive,True,Replacement Level,Q3
CLT,Ted Marchibroda,1976,1977,0.115495479774475,0.0094891422271728,0.7857,0.7143,Offensive,True,Above Replacement,Q4
CLT,Ted Marchibroda,1977,1978,0.0094891422271728,0.049566626548767,0.7143,0.3125,Offensive,True,Replacement Level,Q3
CLT,Ted Marchibroda,1978,1979,0.049566626548767,-0.1133312582969665,0.3125,0.3125,Offensive,True,Replacement Level,Q3
CLT,Ted Marchibroda,1992,1993,0.1312995553016662,-0.1267593502998352,0.5625,0.25,Offensive,True,Above Replacement,Q5 (Best)
CLT,Ted Marchibroda,1993,1994,-0.1267593502998352,-0.0034566521644592,0.25,0.5,Offensive,True,Below Replacement,Q1 (Worst)
CLT,Ted Marchibroda,1994,1995,-0.0034566521644592,0.0494763255119323,0.5,0.5625,Offensive,True,Replacement Level,Q2
CLT,Tony Dungy,2002,2003,0.1210983991622924,0.1177814006805419,0.625,0.75,Defensive,True,Above Replacement,Q4
CLT,Tony Dungy,2003,2004,0.1177814006805419,0.0732537508010864,0.75,0.75,Defensive,True,Above Replacement,Q4
CLT,Tony Dungy,2004,2005,0.0732537508010864,0.1715419888496399,0.75,0.875,Defensive,True,Above Replacement,Q4
CLT,Tony Dungy,2005,2006,0.1715419888496399,0.1017810106277465,0.875,0.75,Defensive,True,Above Replacement,Q5 (Best)
CLT,Tony Dungy,2006,2007,0.1017810106277465,0.1672366857528686,0.75,0.8125,Defensive,True,Above Replacement,Q4
CLT,Tony Dungy,2007,2008,0.1672366857528686,0.239617645740509,0.8125,0.75,Defensive,True,Above Replacement,Q5 (Best)
CRD,Bob Hollway,1971,1972,-0.0756663249492645,0.1017046107292175,0.3214,0.3214,Defensive,True,Below Replacement,Q1 (Worst)
CRD,Bruce Arians,2013,2014,0.0887134671211242,0.1982492208480835,0.625,0.6875,Offensive,True,Above Replacement,Q4
CRD,Bruce Arians,2014,2015,0.1982492208480835,0.1608957648277282,0.6875,0.8125,Offensive,True,Above Replacement,Q5 (Best)
CRD,Bruce Arians,2015,2016,0.1608957648277282,-0.0145974242210388,0.8125,0.4688,Offensive,True,Above Replacement,Q5 (Best)
CRD,Bruce Arians,2016,2017,-0.0145974242210388,0.1177040636539459,0.4688,0.5,Offensive,True,Replacement Level,Q2
CRD,Bud Wilkinson,1978,1979,-0.0802686512470245,-0.171770366859436,0.375,0.2308,Other,True,Below Replacement,Q1 (Worst)
CRD,Buddy Ryan,1994,1995,-0.0466289520263671,-0.0847042202949523,0.5,0.25,Defensive,True,Replacement Level,Q2
CRD,Dave McGinnis,2001,2002,-0.1456651091575622,-0.0217610001564025,0.4375,0.3125,Defensive,True,Below Replacement,Q1 (Worst)
CRD,Dave McGinnis,2002,2003,-0.0217610001564025,-0.028654932975769,0.3125,0.25,Defensive,True,Replacement Level,Q2
CRD,Dennis Green,2004,2005,0.0763207077980041,0.0472952425479888,0.375,0.3125,Offensive,True,Above Replacement,Q4
CRD,Dennis Green,2005,2006,0.0472952425479888,-0.0123156905174255,0.3125,0.3125,Offensive,True,Replacement Level,Q3
CRD,Don Coryell,1973,1974,-0.0099608467578887,0.1548782222747803,0.3214,0.7143,Other,True,Replacement Level,Q2
CRD,Don Coryell,1974,1975,0.1548782222747803,0.1298694974899291,0.7143,0.7857,Other,True,Above Replacement,Q5 (Best)
CRD,Don Coryell,1975,1976,0.1298694974899291,0.1030143135070801,0.7857,0.7143,Other,True,Above Replacement,Q5 (Best)
CRD,Don Coryell,1976,1977,0.1030143135070801,0.039766788482666,0.7143,0.5,Other,True,Above Replacement,Q4
CRD,Gene Stallings,1986,1987,-0.0966310120105743,0.1122030441284179,0.2812,0.4667,Defensive,True,Below Replacement,Q1 (Worst)
CRD,Gene Stallings,1987,1988,0.1122030441284179,0.0424490571022033,0.4667,0.4375,Defensive,True,Above Replacement,Q4
CRD,Gene Stallings,1988,1989,0.0424490571022033,0.2104569478034973,0.4375,0.4545,Defensive,True,Replacement Level,Q3
CRD,Jim Hanifan,1980,1981,-0.0754230320453643,0.1539896428585052,0.3125,0.4375,Offensive,True,Below Replacement,Q1 (Worst)
CRD,Jim Hanifan,1981,1982,0.1539896428585052,0.2151451831817626,0.4375,0.5556,Offensive,True,Above Replacement,Q5 (Best)
CRD,Jim Hanifan,1982,1983,0.2151451831817626,-0.0090687788009643,0.5556,0.5312,Offensive,True,Above Replacement,Q5 (Best)
CRD,Jim Hanifan,1983,1984,-0.0090687788009643,-0.0450137853622436,0.5312,0.5625,Offensive,True,Replacement Level,Q2
CRD,Jim Hanifan,1984,1985,-0.0450137853622436,-0.1488301157951355,0.5625,0.3125,Offensive,True,Replacement Level,Q2
CRD,Joe Bugel,1990,1991,-0.1519111394882202,-0.0223786234855651,0.3125,0.25,Offensive,True,Below Replacement,Q1 (Worst)
CRD,Joe Bugel,1991,1992,-0.0223786234855651,-0.0633160173892974,0.25,0.25,Offensive,True,Replacement Level,Q2
CRD,Joe Bugel,1992,1993,-0.0633160173892974,-0.0680910348892211,0.25,0.4375,Offensive,True,Below Replacement,Q1 (Worst)
CRD,Jonathan Gannon,2023,2024,-0.059795533132553,0.0702208786964416,0.2353,0.4706,Defensive,True,Below Replacement,Q2
CRD,Ken Whisenhunt,2007,2008,0.1103193759918212,-0.0220372676849365,0.5,0.5625,Offensive,True,Above Replacement,Q4
CRD,Ken Whisenhunt,2008,2009,-0.0220372676849365,-0.0551199316978454,0.5625,0.625,Offensive,True,Replacement Level,Q2
CRD,Ken Whisenhunt,2009,2010,-0.0551199316978454,-0.1054273545742034,0.625,0.3125,Offensive,True,Below Replacement,Q2
CRD,Ken Whisenhunt,2010,2011,-0.1054273545742034,0.0356436967849731,0.3125,0.5,Offensive,True,Below Replacement,Q1 (Worst)
CRD,Ken Whisenhunt,2011,2012,0.0356436967849731,-0.0831724405288696,0.5,0.3125,Offensive,True,Replacement Level,Q3
CRD,Kliff Kingsbury,2019,2020,-0.0495980166912078,0.1250730454921722,0.3438,0.5,Offensive,True,Replacement Level,Q2
CRD,Kliff Kingsbury,2020,2021,0.1250730454921722,0.0453489109039306,0.5,0.6471,Offensive,True,Above Replacement,Q5 (Best)
CRD,Kliff Kingsbury,2021,2022,0.0453489109039306,-0.0385934755325317,0.6471,0.2353,Offensive,True,Replacement Level,Q3
CRD,Vince Tobin,1996,1997,0.1288361549377441,-0.0079376995563507,0.4375,0.25,Defensive,True,Above Replacement,Q5 (Best)
CRD,Vince Tobin,1997,1998,-0.0079376995563507,0.0062373876571655,0.25,0.5625,Defensive,True,Replacement Level,Q2
CRD,Vince Tobin,1998,1999,0.0062373876571655,0.1082549095153808,0.5625,0.375,Defensive,True,Replacement Level,Q3
CRD,Vince Tobin,1999,2000,0.1082549095153808,-0.0762459867477416,0.375,0.2857,Defensive,True,Above Replacement,Q4
DAL,Barry Switzer,1994,1995,0.0787726044654846,0.1037912368774414,0.75,0.75,Offensive,True,Above Replacement,Q4
DAL,Barry Switzer,1995,1996,0.1037912368774414,-0.0258209705352783,0.75,0.625,Offensive,True,Above Replacement,Q4
DAL,Barry Switzer,1996,1997,-0.0258209705352783,-0.0773963034152984,0.625,0.375,Offensive,True,Replacement Level,Q2
DAL,Bill Parcells,2003,2004,0.1773173511028289,0.0701153576374054,0.625,0.375,Defensive,True,Above Replacement,Q5 (Best)
DAL,Bill Parcells,2004,2005,0.0701153576374054,0.0798941552639007,0.375,0.5625,Defensive,True,Above Replacement,Q4
DAL,Bill Parcells,2005,2006,0.0798941552639007,0.0538215637207031,0.5625,0.5625,Defensive,True,Above Replacement,Q4
DAL,Dave Campo,2000,2001,-0.0955690145492553,0.0320673286914825,0.3125,0.3125,Defensive,True,Below Replacement,Q1 (Worst)
DAL,Dave Campo,2001,2002,0.0320673286914825,-0.0491284430027008,0.3125,0.3125,Defensive,True,Replacement Level,Q3
DAL,Jason Garrett,2011,2012,-0.0929344296455383,0.0434249341487884,0.5,0.5,Offensive,True,Below Replacement,Q1 (Worst)
DAL,Jason Garrett,2012,2013,0.0434249341487884,0.0022810697555541,0.5,0.5,Offensive,True,Replacement Level,Q3
DAL,Jason Garrett,2013,2014,0.0022810697555541,0.0530071258544921,0.5,0.75,Offensive,True,Replacement Level,Q3
DAL,Jason Garrett,2014,2015,0.0530071258544921,-0.0048215091228485,0.75,0.25,Offensive,True,Above Replacement,Q3
DAL,Jason Garrett,2015,2016,-0.0048215091228485,0.1645064949989318,0.25,0.8125,Offensive,True,Replacement Level,Q2
DAL,Jason Garrett,2016,2017,0.1645064949989318,0.0802430808544159,0.8125,0.5625,Offensive,True,Above Replacement,Q5 (Best)
DAL,Jason Garrett,2017,2018,0.0802430808544159,0.0667092204093933,0.5625,0.625,Offensive,True,Above Replacement,Q4
DAL,Jason Garrett,2018,2019,0.0667092204093933,-0.0094454288482666,0.625,0.5,Offensive,True,Above Replacement,Q4
DAL,Jimmy Johnson,1989,1990,-0.1234000772237777,0.054695039987564,0.0625,0.4375,Defensive,True,Below Replacement,Q1 (Worst)
DAL,Jimmy Johnson,1990,1991,0.054695039987564,0.2320685684680938,0.4375,0.6875,Defensive,True,Above Replacement,Q3
DAL,Jimmy Johnson,1991,1992,0.2320685684680938,0.1879312992095947,0.6875,0.8125,Defensive,True,Above Replacement,Q5 (Best)
DAL,Jimmy Johnson,1992,1993,0.1879312992095947,0.1227315068244934,0.8125,0.75,Defensive,True,Above Replacement,Q5 (Best)
DAL,Mike McCarthy,2020,2021,0.1370631456375122,0.0387145742416381,0.375,0.7059,Offensive,True,Above Replacement,Q5 (Best)
DAL,Mike McCarthy,2021,2022,0.0387145742416381,0.2022728785514831,0.7059,0.7059,Offensive,True,Replacement Level,Q3
DAL,Mike McCarthy,2022,2023,0.2022728785514831,0.0177723630905151,0.7059,0.7059,Offensive,True,Above Replacement,Q5 (Best)
DAL,Mike McCarthy,2023,2024,0.0177723630905151,0.0791060357570648,0.7059,0.4118,Offensive,True,Replacement Level,Q3
DAL,Tom Landry,1970,1971,0.0907981031417847,0.088021970462799,0.7143,0.7857,Defensive,True,Above Replacement,Q4
DAL,Tom Landry,1971,1972,0.088021970462799,0.1693329446792603,0.7857,0.7143,Defensive,True,Above Replacement,Q4
DAL,Tom Landry,1972,1973,0.1693329446792603,0.0810522668838501,0.7143,0.7143,Defensive,True,Above Replacement,Q5 (Best)
DAL,Tom Landry,1973,1974,0.0810522668838501,0.1324419511795044,0.7143,0.5714,Defensive,True,Above Replacement,Q4
DAL,Tom Landry,1974,1975,0.1324419511795044,0.0964151256561279,0.5714,0.7143,Defensive,True,Above Replacement,Q5 (Best)
DAL,Tom Landry,1975,1976,0.0964151256561279,0.1723993188858031,0.7143,0.7857,Defensive,True,Above Replacement,Q4
DAL,Tom Landry,1976,1977,0.1723993188858031,0.1495668192863464,0.7857,0.8571,Defensive,True,Above Replacement,Q5 (Best)
DAL,Tom Landry,1977,1978,0.1495668192863464,0.1202865242958068,0.8571,0.75,Defensive,True,Above Replacement,Q5 (Best)
DAL,Tom Landry,1978,1979,0.1202865242958068,0.1170142292976379,0.75,0.6875,Defensive,True,Above Replacement,Q4
DAL,Tom Landry,1979,1980,0.1170142292976379,0.1211779713630676,0.6875,0.75,Defensive,True,Above Replacement,Q4
DAL,Tom Landry,1980,1981,0.1211779713630676,0.002179741859436,0.75,0.75,Defensive,True,Above Replacement,Q4
DAL,Tom Landry,1981,1982,0.002179741859436,0.1587746088027953,0.75,0.6667,Defensive,True,Replacement Level,Q2
DAL,Tom Landry,1982,1983,0.1587746088027953,0.1121235489845275,0.6667,0.75,Defensive,True,Above Replacement,Q5 (Best)
DAL,Tom Landry,1983,1984,0.1121235489845275,0.127986341714859,0.75,0.5625,Defensive,True,Above Replacement,Q4
DAL,Tom Landry,1984,1985,0.127986341714859,0.0477036237716674,0.5625,0.625,Defensive,True,Above Replacement,Q5 (Best)
DAL,Tom Landry,1985,1986,0.0477036237716674,0.0905025601387023,0.625,0.4375,Defensive,True,Replacement Level,Q3
DAL,Tom Landry,1986,1987,0.0905025601387023,0.0501183096885681,0.4375,0.4667,Defensive,True,Above Replacement,Q4
DAL,Tom Landry,1987,1988,0.0501183096885681,-0.1176768839359283,0.4667,0.1875,Defensive,True,Above Replacement,Q3
DAL,Wade Phillips,2007,2008,0.1736662983894348,0.1361657977104187,0.8125,0.5625,Defensive,True,Above Replacement,Q5 (Best)
DAL,Wade Phillips,2008,2009,0.1361657977104187,0.0371819138526916,0.5625,0.6875,Defensive,True,Above Replacement,Q5 (Best)
DAL,Wade Phillips,2009,2010,0.0371819138526916,-0.28138267993927,0.6875,0.125,Defensive,True,Replacement Level,Q3
DEN,Dan Reeves,1981,1982,-0.0394853949546813,-0.0740476313114166,0.625,0.2222,Offensive,True,Replacement Level,Q2
DEN,Dan Reeves,1982,1983,-0.0740476313114166,0.0184852480888366,0.2222,0.5625,Offensive,True,Below Replacement,Q1 (Worst)
DEN,Dan Reeves,1983,1984,0.0184852480888366,0.1556794047355651,0.5625,0.8125,Offensive,True,Replacement Level,Q3
DEN,Dan Reeves,1984,1985,0.1556794047355651,0.0056301355361938,0.8125,0.6875,Offensive,True,Above Replacement,Q5 (Best)
DEN,Dan Reeves,1985,1986,0.0056301355361938,0.0357349514961242,0.6875,0.6875,Offensive,True,Replacement Level,Q3
DEN,Dan Reeves,1986,1987,0.0357349514961242,0.1823796749114989,0.6875,0.7,Offensive,True,Replacement Level,Q3
DEN,Dan Reeves,1987,1988,0.1823796749114989,-0.0010533928871154,0.7,0.5,Offensive,True,Above Replacement,Q5 (Best)
DEN,Dan Reeves,1988,1989,-0.0010533928871154,0.0948954224586486,0.5,0.6875,Offensive,True,Replacement Level,Q2
DEN,Dan Reeves,1989,1990,0.0948954224586486,-0.1196423172950744,0.6875,0.3125,Offensive,True,Above Replacement,Q4
DEN,Dan Reeves,1990,1991,-0.1196423172950744,0.0686466097831726,0.3125,0.75,Offensive,True,Below Replacement,Q1 (Worst)
DEN,Dan Reeves,1991,1992,0.0686466097831726,0.1536066830158233,0.75,0.5,Offensive,True,Above Replacement,Q4
DEN,Gary Kubiak,2015,2016,0.2066831588745117,0.0616956353187561,0.75,0.5625,Offensive,True,Above Replacement,Q5 (Best)
DEN,John Fox,2011,2012,0.0029965043067932,0.1322402954101562,0.5,0.8125,Defensive,True,Replacement Level,Q3
DEN,John Fox,2012,2013,0.1322402954101562,0.2221384048461914,0.8125,0.8125,Defensive,True,Above Replacement,Q5 (Best)
DEN,John Fox,2013,2014,0.2221384048461914,0.1145110130310058,0.8125,0.75,Defensive,True,Above Replacement,Q5 (Best)
DEN,John Ralston,1972,1973,0.0937811335086822,0.0893555416107177,0.3571,0.5714,Offensive,True,Above Replacement,Q4
DEN,John Ralston,1973,1974,0.0893555416107177,0.0583328372955321,0.5714,0.5357,Offensive,True,Above Replacement,Q4
DEN,John Ralston,1974,1975,0.0583328372955321,0.1494466529846191,0.5357,0.4286,Offensive,True,Above Replacement,Q3
DEN,John Ralston,1975,1976,0.1494466529846191,0.160274187707901,0.4286,0.6429,Offensive,True,Above Replacement,Q5 (Best)
DEN,Josh McDaniels,2009,2010,-0.1037310361862182,-0.1710371375083923,0.5,0.25,Offensive,True,Below Replacement,Q1 (Worst)
DEN,Lou Saban,1970,1971,0.0903096596240997,-0.0351068613052368,0.3929,0.2778,Other,True,Above Replacement,Q4
DEN,Mike Shanahan,1995,1996,-0.0290662050247192,0.1127891540527343,0.5,0.8125,Offensive,True,Replacement Level,Q2
DEN,Mike Shanahan,1996,1997,0.1127891540527343,0.0472987294197082,0.8125,0.75,Offensive,True,Above Replacement,Q4
DEN,Mike Shanahan,1997,1998,0.0472987294197082,0.1846916675567627,0.75,0.875,Offensive,True,Replacement Level,Q3
DEN,Mike Shanahan,1998,1999,0.1846916675567627,-0.0378972291946411,0.875,0.375,Offensive,True,Above Replacement,Q5 (Best)
DEN,Mike Shanahan,1999,2000,-0.0378972291946411,0.0206156969070434,0.375,0.6875,Offensive,True,Replacement Level,Q2
DEN,Mike Shanahan,2000,2001,0.0206156969070434,-0.0917589664459228,0.6875,0.5,Offensive,True,Replacement Level,Q3
DEN,Mike Shanahan,2001,2002,-0.0917589664459228,0.0973755419254303,0.5,0.5625,Offensive,True,Below Replacement,Q1 (Worst)
DEN,Mike Shanahan,2002,2003,0.0973755419254303,0.1358838081359863,0.5625,0.625,Offensive,True,Above Replacement,Q4
DEN,Mike Shanahan,2003,2004,0.1358838081359863,0.0297311544418334,0.625,0.625,Offensive,True,Above Replacement,Q5 (Best)
DEN,Mike Shanahan,2004,2005,0.0297311544418334,0.0866772532463073,0.625,0.8125,Offensive,True,Replacement Level,Q3
DEN,Mike Shanahan,2005,2006,0.0866772532463073,0.012447714805603,0.8125,0.5625,Offensive,True,Above Replacement,Q4
DEN,Mike Shanahan,2006,2007,0.012447714805603,-0.0811802744865417,0.5625,0.4375,Offensive,True,Replacement Level,Q3
DEN,Mike Shanahan,2007,2008,-0.0811802744865417,0.0359131097793579,0.4375,0.5,Offensive,True,Below Replacement,Q1 (Worst)
DEN,Red Miller,1977,1978,0.1768250366210937,-0.0850433111190795,0.8571,0.625,Offensive,True,Above Replacement,Q5 (Best)
DEN,Red Miller,1978,1979,-0.0850433111190795,0.1635887324810028,0.625,0.625,Offensive,True,Below Replacement,Q1 (Worst)
DEN,Red Miller,1979,1980,0.1635887324810028,0.1108463406562805,0.625,0.5,Offensive,True,Above Replacement,Q5 (Best)
DEN,Sean Payton,2023,2024,-0.0940795630455016,-0.0159437387466431,0.4706,0.5882,Offensive,True,Below Replacement,Q1 (Worst)
DEN,Vance Joseph,2017,2018,0.0050357580184936,-0.0238868594169616,0.3125,0.375,Defensive,True,Replacement Level,Q3
DEN,Vic Fangio,2019,2020,0.1129625141620636,0.0689851194620132,0.4375,0.3125,Defensive,True,Above Replacement,Q4
DEN,Vic Fangio,2020,2021,0.0689851194620132,-0.054086116027832,0.3125,0.4118,Defensive,True,Above Replacement,Q4
DEN,Wade Phillips,1993,1994,-0.1191542744636535,-0.1019365787506103,0.5625,0.4375,Defensive,True,Below Replacement,Q1 (Worst)
DET,Bobby Ross,1997,1998,-0.0037329196929931,-0.0462994575500488,0.5625,0.3125,Offensive,True,Replacement Level,Q2
DET,Bobby Ross,1998,1999,-0.0462994575500488,0.0318581461906433,0.3125,0.5,Offensive,True,Replacement Level,Q2
DET,Bobby Ross,1999,2000,0.0318581461906433,0.0676602250099182,0.5,0.5556,Offensive,True,Replacement Level,Q3
DET,Dan Campbell,2021,2022,-0.1069353953361511,-0.0647801071166992,0.2059,0.5294,Offensive,True,Below Replacement,Q1 (Worst)
DET,Dan Campbell,2022,2023,-0.0647801071166992,0.0987674459457397,0.5294,0.7059,Offensive,True,Below Replacement,Q1 (Worst)
DET,Dan Campbell,2023,2024,0.0987674459457397,0.3115754961013793,0.7059,0.8824,Offensive,True,Above Replacement,Q4
DET,Darryl Rogers,1985,1986,0.0334265828132629,-0.1341293156147003,0.4375,0.3125,Defensive,True,Replacement Level,Q3
DET,Darryl Rogers,1986,1987,-0.1341293156147003,-0.0077632065296173,0.3125,0.2667,Defensive,True,Below Replacement,Q1 (Worst)
DET,Darryl Rogers,1987,1988,-0.0077632065296173,-0.1807576496124267,0.2667,0.1818,Defensive,True,Replacement Level,Q2
DET,Jim Caldwell,2014,2015,0.021930456161499,-0.0335756838321685,0.6875,0.4375,Offensive,True,Replacement Level,Q3
DET,Jim Caldwell,2015,2016,-0.0335756838321685,-0.0141166448593139,0.4375,0.5625,Offensive,True,Replacement Level,Q2
DET,Jim Caldwell,2016,2017,-0.0141166448593139,-0.0287446975708007,0.5625,0.5625,Offensive,True,Replacement Level,Q2
DET,Jim Schwartz,2009,2010,-0.119100272655487,-0.0035315155982971,0.125,0.375,Defensive,True,Below Replacement,Q1 (Worst)
DET,Jim Schwartz,2010,2011,-0.0035315155982971,-0.0185188651084899,0.375,0.625,Defensive,True,Replacement Level,Q2
DET,Jim Schwartz,2011,2012,-0.0185188651084899,-0.206411063671112,0.625,0.25,Defensive,True,Replacement Level,Q2
DET,Jim Schwartz,2012,2013,-0.206411063671112,-0.13489431142807,0.25,0.4375,Defensive,True,Below Replacement,Q1 (Worst)
DET,Joe Schmidt,1970,1971,0.0750519268989563,-0.1465484731674194,0.7143,0.5357,Defensive,True,Above Replacement,Q4
DET,Joe Schmidt,1971,1972,-0.1465484731674194,0.0817002554893493,0.5357,0.6071,Defensive,True,Below Replacement,Q1 (Worst)
DET,Marty Mornhinweg,2001,2002,-0.2318530082702636,-0.0778852403163909,0.125,0.1875,Offensive,True,Below Replacement,Q1 (Worst)
DET,Monte Clark,1978,1979,-0.0015999674797058,-0.1296245455741882,0.4375,0.125,Offensive,True,Replacement Level,Q2
DET,Monte Clark,1979,1980,-0.1296245455741882,-0.0924263596534729,0.125,0.5625,Offensive,True,Below Replacement,Q1 (Worst)
DET,Monte Clark,1980,1981,-0.0924263596534729,-0.0022155046463012,0.5625,0.5,Offensive,True,Below Replacement,Q1 (Worst)
DET,Monte Clark,1981,1982,-0.0022155046463012,0.01357604804039,0.5,0.4444,Offensive,True,Replacement Level,Q2
DET,Monte Clark,1982,1983,0.01357604804039,0.0193999409675598,0.4444,0.5625,Offensive,True,Replacement Level,Q3
DET,Monte Clark,1983,1984,0.0193999409675598,-0.0445376253604888,0.5625,0.2812,Offensive,True,Replacement Level,Q3
DET,Rick Forzano,1974,1975,0.0447677969932556,0.0153617858886718,0.5,0.5,Offensive,True,Replacement Level,Q3
DET,Rick Forzano,1975,1976,0.0153617858886718,-0.3140096664428711,0.5,0.25,Offensive,True,Replacement Level,Q3
DET,Rod Marinelli,2006,2007,-0.2255050539970398,-6.836652755737305e-05,0.1875,0.4375,Defensive,True,Below Replacement,Q1 (Worst)
DET,Rod Marinelli,2007,2008,-6.836652755737305e-05,-0.1979072391986847,0.4375,0.0,Defensive,True,Replacement Level,Q2
DET,Steve Mariucci,2003,2004,-0.0598448514938354,-0.1078379154205322,0.3125,0.375,Offensive,True,Below Replacement,Q2
DET,Steve Mariucci,2004,2005,-0.1078379154205322,0.0411577962398528,0.375,0.3636,Offensive,True,Below Replacement,Q1 (Worst)
DET,Wayne Fontes,1989,1990,0.0707157850265502,-0.0845931470394134,0.4375,0.375,Defensive,True,Above Replacement,Q4
DET,Wayne Fontes,1990,1991,-0.0845931470394134,0.1771190166473388,0.375,0.75,Defensive,True,Below Replacement,Q1 (Worst)
DET,Wayne Fontes,1991,1992,0.1771190166473388,-0.1207583546638488,0.75,0.3125,Defensive,True,Above Replacement,Q5 (Best)
DET,Wayne Fontes,1992,1993,-0.1207583546638488,0.0803178548812866,0.3125,0.625,Defensive,True,Below Replacement,Q1 (Worst)
DET,Wayne Fontes,1993,1994,0.0803178548812866,0.0530353784561157,0.625,0.5625,Defensive,True,Above Replacement,Q4
DET,Wayne Fontes,1994,1995,0.0530353784561157,-0.0892034173011779,0.5625,0.625,Defensive,True,Above Replacement,Q3
DET,Wayne Fontes,1995,1996,-0.0892034173011779,-0.1462866961956024,0.625,0.3125,Defensive,True,Below Replacement,Q1 (Worst)
GNB,Bart Starr,1975,1976,-0.0303839974880218,0.0834514399528503,0.2857,0.3571,Offensive,True,Replacement Level,Q2
GNB,Bart Starr,1976,1977,0.0834514399528503,-0.083356224822998,0.3571,0.2857,Offensive,True,Above Replacement,Q4
GNB,Bart Starr,1977,1978,-0.083356224822998,-0.0778786457061767,0.2857,0.5312,Offensive,True,Below Replacement,Q1 (Worst)
GNB,Bart Starr,1978,1979,-0.0778786457061767,-0.0184166729450225,0.5312,0.3125,Offensive,True,Below Replacement,Q1 (Worst)
GNB,Bart Starr,1979,1980,-0.0184166729450225,-0.0049207293510437,0.3125,0.3438,Offensive,True,Replacement Level,Q2
GNB,Bart Starr,1980,1981,-0.0049207293510437,-0.0243662595748901,0.3438,0.5,Offensive,True,Replacement Level,Q2
GNB,Bart Starr,1981,1982,-0.0243662595748901,0.164550733423233,0.5,0.6111,Offensive,True,Replacement Level,Q2
GNB,Bart Starr,1982,1983,0.164550733423233,0.0772540569305419,0.6111,0.5,Offensive,True,Above Replacement,Q5 (Best)
GNB,Dan Devine,1971,1972,-0.0473186770915985,0.1282870405197144,0.3571,0.7143,Other,True,Replacement Level,Q2
GNB,Dan Devine,1972,1973,0.1282870405197144,0.1215068565368652,0.7143,0.4286,Other,True,Above Replacement,Q5 (Best)
GNB,Dan Devine,1973,1974,0.1215068565368652,0.0131235288143157,0.4286,0.4286,Other,True,Above Replacement,Q4
GNB,Forrest Gregg,1984,1985,-0.0827325582504272,0.2128425538539886,0.5,0.5,Offensive,True,Below Replacement,Q1 (Worst)
GNB,Forrest Gregg,1985,1986,0.2128425538539886,-0.05576953291893,0.5,0.25,Offensive,True,Above Replacement,Q5 (Best)
GNB,Forrest Gregg,1986,1987,-0.05576953291893,0.0391457442760467,0.25,0.3667,Offensive,True,Below Replacement,Q2
GNB,Lindy Infante,1988,1989,-0.1002302467823028,-0.0630226731300354,0.25,0.625,Offensive,True,Below Replacement,Q1 (Worst)
GNB,Lindy Infante,1989,1990,-0.0630226731300354,-0.0063312053680419,0.625,0.375,Offensive,True,Below Replacement,Q1 (Worst)
GNB,Lindy Infante,1990,1991,-0.0063312053680419,-0.0973779261112213,0.375,0.25,Offensive,True,Replacement Level,Q2
GNB,Matt LaFleur,2019,2020,0.0708688497543335,0.1681680679321289,0.8125,0.8125,Offensive,True,Above Replacement,Q4
GNB,Matt LaFleur,2020,2021,0.1681680679321289,0.0257446810722351,0.8125,0.7647,Offensive,True,Above Replacement,Q5 (Best)
GNB,Matt LaFleur,2021,2022,0.0257446810722351,-0.1525955289840698,0.7647,0.4706,Offensive,True,Replacement Level,Q3
GNB,Matt LaFleur,2022,2023,-0.1525955289840698,0.1158447355270385,0.4706,0.5294,Offensive,True,Below Replacement,Q1 (Worst)
GNB,Matt LaFleur,2023,2024,0.1158447355270385,0.1311285181999206,0.5294,0.6471,Offensive,True,Above Replacement,Q4
GNB,Mike Holmgren,1992,1993,0.1629644632339477,0.0937210023403167,0.5625,0.5625,Offensive,True,Above Replacement,Q5 (Best)
GNB,Mike Holmgren,1993,1994,0.0937210023403167,-0.0473824143409729,0.5625,0.5625,Offensive,True,Above Replacement,Q4
GNB,Mike Holmgren,1994,1995,-0.0473824143409729,0.2565470337867737,0.5625,0.6875,Offensive,True,Replacement Level,Q2
GNB,Mike Holmgren,1995,1996,0.2565470337867737,0.1046294569969177,0.6875,0.8125,Offensive,True,Above Replacement,Q5 (Best)
GNB,Mike Holmgren,1996,1997,0.1046294569969177,0.1745715737342834,0.8125,0.8125,Offensive,True,Above Replacement,Q4
GNB,Mike Holmgren,1997,1998,0.1745715737342834,0.2197755277156829,0.8125,0.6875,Offensive,True,Above Replacement,Q5 (Best)
GNB,Mike McCarthy,2006,2007,0.0509364306926727,0.1579788923263549,0.5,0.8125,Offensive,True,Above Replacement,Q3
GNB,Mike McCarthy,2007,2008,0.1579788923263549,-0.261350929737091,0.8125,0.375,Offensive,True,Above Replacement,Q5 (Best)
GNB,Mike McCarthy,2008,2009,-0.261350929737091,-0.0405797958374023,0.375,0.6875,Offensive,True,Below Replacement,Q1 (Worst)
GNB,Mike McCarthy,2009,2010,-0.0405797958374023,-0.0528153181076049,0.6875,0.625,Offensive,True,Replacement Level,Q2
GNB,Mike McCarthy,2010,2011,-0.0528153181076049,0.1800931096076965,0.625,0.9375,Offensive,True,Below Replacement,Q2
GNB,Mike McCarthy,2011,2012,0.1800931096076965,0.0180970430374145,0.9375,0.6875,Offensive,True,Above Replacement,Q5 (Best)
GNB,Mike McCarthy,2012,2013,0.0180970430374145,0.1241146111011505,0.6875,0.5312,Offensive,True,Replacement Level,Q3
GNB,Mike McCarthy,2013,2014,0.1241146111011505,0.0092355608940124,0.5312,0.75,Offensive,True,Above Replacement,Q4
GNB,Mike McCarthy,2014,2015,0.0092355608940124,-0.0509642362594604,0.75,0.625,Offensive,True,Replacement Level,Q3
GNB,Mike McCarthy,2015,2016,-0.0509642362594604,0.0012275576591491,0.625,0.625,Offensive,True,Below Replacement,Q2
GNB,Mike McCarthy,2016,2017,0.0012275576591491,0.1561732292175293,0.625,0.4375,Offensive,True,Replacement Level,Q2
GNB,Mike McCarthy,2017,2018,0.1561732292175293,-0.0597479045391082,0.4375,0.375,Offensive,True,Above Replacement,Q5 (Best)
GNB,Mike Sherman,2000,2001,-0.0117520689964294,0.0820873379707336,0.5625,0.75,Offensive,True,Replacement Level,Q2
GNB,Mike Sherman,2001,2002,0.0820873379707336,0.1583663821220398,0.75,0.75,Offensive,True,Above Replacement,Q4
GNB,Mike Sherman,2002,2003,0.1583663821220398,-0.0131039023399353,0.75,0.625,Offensive,True,Above Replacement,Q5 (Best)
GNB,Mike Sherman,2003,2004,-0.0131039023399353,0.2039892971515655,0.625,0.625,Offensive,True,Replacement Level,Q2
GNB,Mike Sherman,2004,2005,0.2039892971515655,-0.0841953456401825,0.625,0.25,Offensive,True,Above Replacement,Q5 (Best)
HTX,Bill O'Brien,2014,2015,0.0269444584846496,0.1645122170448303,0.5625,0.5625,Offensive,True,Replacement Level,Q3
HTX,Bill O'Brien,2015,2016,0.1645122170448303,0.1907728016376495,0.5625,0.5625,Offensive,True,Above Replacement,Q5 (Best)
HTX,Bill O'Brien,2016,2017,0.1907728016376495,0.0205314457416534,0.5625,0.25,Offensive,True,Above Replacement,Q5 (Best)
HTX,Bill O'Brien,2017,2018,0.0205314457416534,0.0908309817314148,0.25,0.6875,Offensive,True,Replacement Level,Q3
HTX,Bill O'Brien,2018,2019,0.0908309817314148,0.2062468826770782,0.6875,0.625,Offensive,True,Above Replacement,Q4
HTX,Bill O'Brien,2019,2020,0.2062468826770782,-0.4151263535022735,0.625,0.0,Offensive,True,Above Replacement,Q5 (Best)
HTX,DeMeco Ryans,2023,2024,0.0029908091545104,-0.0486088126182556,0.5882,0.5882,Defensive,True,Replacement Level,Q3
HTX,Dom Capers,2002,2003,-0.1850499510765075,0.0145530104637146,0.25,0.3125,Defensive,True,Below Replacement,Q1 (Worst)
HTX,Dom Capers,2003,2004,0.0145530104637146,-0.2166309952735901,0.3125,0.4375,Defensive,True,Replacement Level,Q3
HTX,Dom Capers,2004,2005,-0.2166309952735901,-0.2626279294490814,0.4375,0.125,Defensive,True,Below Replacement,Q1 (Worst)
HTX,Gary Kubiak,2006,2007,-0.0411381423473358,0.2415005564689636,0.375,0.5,Offensive,True,Replacement Level,Q2
HTX,Gary Kubiak,2007,2008,0.2415005564689636,0.1068191230297088,0.5,0.5,Offensive,True,Above Replacement,Q5 (Best)
HTX,Gary Kubiak,2008,2009,0.1068191230297088,0.0135183334350585,0.5,0.5625,Offensive,True,Above Replacement,Q4
HTX,Gary Kubiak,2009,2010,0.0135183334350585,-0.1323015689849853,0.5625,0.375,Offensive,True,Replacement Level,Q3
HTX,Gary Kubiak,2010,2011,-0.1323015689849853,-0.0522257089614868,0.375,0.625,Offensive,True,Below Replacement,Q1 (Worst)
HTX,Gary Kubiak,2011,2012,-0.0522257089614868,0.1360134482383728,0.625,0.75,Offensive,True,Below Replacement,Q2
HTX,Gary Kubiak,2012,2013,0.1360134482383728,-0.045580561709404,0.75,0.1538,Offensive,True,Above Replacement,Q5 (Best)
JAX,Doug Marrone,2017,2018,-0.0104761719703674,-0.0109129250049591,0.625,0.3125,Offensive,True,Replacement Level,Q2
JAX,Doug Marrone,2018,2019,-0.0109129250049591,-0.024169772863388,0.3125,0.375,Offensive,True,Replacement Level,Q2
JAX,Doug Marrone,2019,2020,-0.024169772863388,-0.1520242542028427,0.375,0.0625,Offensive,True,Replacement Level,Q2
JAX,Doug Pederson,2022,2023,-0.1221071392059326,-0.1039383321762085,0.5294,0.5294,Offensive,True,Below Replacement,Q1 (Worst)
JAX,Doug Pederson,2023,2024,-0.1039383321762085,-0.0538049683094024,0.5294,0.2353,Offensive,True,Below Replacement,Q1 (Worst)
JAX,Gus Bradley,2013,2014,-0.0415919721126556,-0.0772319138050079,0.25,0.1875,Defensive,True,Replacement Level,Q2
JAX,Gus Bradley,2014,2015,-0.0772319138050079,-0.1262791752815246,0.1875,0.3125,Defensive,True,Below Replacement,Q1 (Worst)
JAX,Gus Bradley,2015,2016,-0.1262791752815246,-0.1494685610294342,0.3125,0.1429,Defensive,True,Below Replacement,Q1 (Worst)
JAX,Jack Del Rio,2003,2004,-0.1026464700698852,-0.0083882212638854,0.3125,0.5625,Defensive,True,Below Replacement,Q1 (Worst)
JAX,Jack Del Rio,2004,2005,-0.0083882212638854,0.127301275730133,0.5625,0.75,Defensive,True,Replacement Level,Q2
JAX,Jack Del Rio,2005,2006,0.127301275730133,-0.0684476494789123,0.75,0.5,Defensive,True,Above Replacement,Q5 (Best)
JAX,Jack Del Rio,2006,2007,-0.0684476494789123,0.0688713788986206,0.5,0.6875,Defensive,True,Below Replacement,Q1 (Worst)
JAX,Jack Del Rio,2007,2008,0.0688713788986206,-0.0482977032661438,0.6875,0.3125,Defensive,True,Above Replacement,Q4
JAX,Jack Del Rio,2008,2009,-0.0482977032661438,-0.0627475380897522,0.3125,0.4375,Defensive,True,Replacement Level,Q2
JAX,Jack Del Rio,2009,2010,-0.0627475380897522,0.1726709604263305,0.4375,0.5,Defensive,True,Below Replacement,Q1 (Worst)
JAX,Jack Del Rio,2010,2011,0.1726709604263305,-0.2177162287712097,0.5,0.2727,Defensive,True,Above Replacement,Q5 (Best)
JAX,Tom Coughlin,1995,1996,-0.1170466542243957,0.0942252874374389,0.25,0.5625,Offensive,True,Below Replacement,Q1 (Worst)
JAX,Tom Coughlin,1996,1997,0.0942252874374389,0.0784311890602111,0.5625,0.6875,Offensive,True,Above Replacement,Q4
JAX,Tom Coughlin,1997,1998,0.0784311890602111,0.1705577373504638,0.6875,0.6875,Offensive,True,Above Replacement,Q4
JAX,Tom Coughlin,1998,1999,0.1705577373504638,0.1458984017372131,0.6875,0.875,Offensive,True,Above Replacement,Q5 (Best)
JAX,Tom Coughlin,1999,2000,0.1458984017372131,-0.0451869368553161,0.875,0.4375,Offensive,True,Above Replacement,Q5 (Best)
JAX,Tom Coughlin,2000,2001,-0.0451869368553161,-0.1296270489692688,0.4375,0.375,Offensive,True,Replacement Level,Q2
JAX,Tom Coughlin,2001,2002,-0.1296270489692688,-0.1927619576454162,0.375,0.375,Offensive,True,Below Replacement,Q1 (Worst)
KAN,Andy Reid,2013,2014,0.0135403871536254,0.1124255657196044,0.6875,0.5625,Offensive,True,Replacement Level,Q3
KAN,Andy Reid,2014,2015,0.1124255657196044,0.0740337371826171,0.5625,0.6875,Offensive,True,Above Replacement,Q4
KAN,Andy Reid,2015,2016,0.0740337371826171,0.1612536907196045,0.6875,0.75,Offensive,True,Above Replacement,Q4
KAN,Andy Reid,2016,2017,0.1612536907196045,-0.0494844913482666,0.75,0.625,Offensive,True,Above Replacement,Q5 (Best)
KAN,Andy Reid,2017,2018,-0.0494844913482666,0.1263326406478881,0.625,0.75,Offensive,True,Replacement Level,Q2
KAN,Andy Reid,2018,2019,0.1263326406478881,0.0588746666908264,0.75,0.75,Offensive,True,Above Replacement,Q5 (Best)
KAN,Andy Reid,2019,2020,0.0588746666908264,0.1820154786109924,0.75,0.875,Offensive,True,Above Replacement,Q3
KAN,Andy Reid,2020,2021,0.1820154786109924,0.076519237422943,0.875,0.7059,Offensive,True,Above Replacement,Q5 (Best)
KAN,Andy Reid,2021,2022,0.076519237422943,0.2170854434967041,0.7059,0.8235,Offensive,True,Above Replacement,Q4
KAN,Andy Reid,2022,2023,0.2170854434967041,0.1073879285812378,0.8235,0.6471,Offensive,True,Above Replacement,Q5 (Best)
KAN,Andy Reid,2023,2024,0.1073879285812378,0.2188718556404113,0.6471,0.8824,Offensive,True,Above Replacement,Q4
KAN,Dick Vermeil,2001,2002,-0.035038411617279,-0.1030334830284118,0.375,0.5,Offensive,True,Replacement Level,Q2
KAN,Dick Vermeil,2002,2003,-0.1030334830284118,0.0526302456855773,0.5,0.8125,Offensive,True,Below Replacement,Q1 (Worst)
KAN,Dick Vermeil,2003,2004,0.0526302456855773,-0.0260942578315734,0.8125,0.4375,Offensive,True,Above Replacement,Q3
KAN,Dick Vermeil,2004,2005,-0.0260942578315734,0.0140939950942993,0.4375,0.625,Offensive,True,Replacement Level,Q2
KAN,Frank Gansz,1987,1988,-0.0231409366607666,-0.0300094104290008,0.2667,0.2812,Offensive,True,Replacement Level,Q2
KAN,Gunther Cunningham,1999,2000,-0.1065543293952941,-0.1193010807037353,0.5625,0.4375,Defensive,True,Below Replacement,Q1 (Worst)
KAN,Hank Stram,1970,1971,-0.045642601108551,0.015998899936676,0.5714,0.75,Other,True,Replacement Level,Q2
KAN,Hank Stram,1971,1972,0.015998899936676,-0.0278916822433471,0.75,0.5714,Other,True,Replacement Level,Q3
KAN,Hank Stram,1972,1973,-0.0278916822433471,-0.0080348716735839,0.5714,0.5714,Other,True,Replacement Level,Q2
KAN,Hank Stram,1973,1974,-0.0080348716735839,-0.0592877964019775,0.5714,0.3571,Other,True,Replacement Level,Q2
KAN,John Mackovic,1983,1984,-0.1584424972534179,-0.017450213432312,0.375,0.5,Offensive,True,Below Replacement,Q1 (Worst)
KAN,John Mackovic,1984,1985,-0.017450213432312,-0.0533133149147033,0.5,0.375,Offensive,True,Replacement Level,Q2
KAN,John Mackovic,1985,1986,-0.0533133149147033,0.0634496212005615,0.375,0.625,Offensive,True,Below Replacement,Q2
KAN,Marty Schottenheimer,1989,1990,0.1381682836532592,0.0188362598419189,0.5312,0.6875,Defensive,True,Above Replacement,Q5 (Best)
KAN,Marty Schottenheimer,1990,1991,0.0188362598419189,0.1002194285392761,0.6875,0.625,Defensive,True,Replacement Level,Q3
KAN,Marty Schottenheimer,1991,1992,0.1002194285392761,-0.0047914385795593,0.625,0.625,Defensive,True,Above Replacement,Q4
KAN,Marty Schottenheimer,1992,1993,-0.0047914385795593,0.113724410533905,0.625,0.6875,Defensive,True,Replacement Level,Q2
KAN,Marty Schottenheimer,1993,1994,0.113724410533905,0.0824163258075714,0.6875,0.5625,Defensive,True,Above Replacement,Q4
KAN,Marty Schottenheimer,1994,1995,0.0824163258075714,0.1212485432624816,0.5625,0.8125,Defensive,True,Above Replacement,Q4
KAN,Marty Schottenheimer,1995,1996,0.1212485432624816,0.0328920483589172,0.8125,0.5625,Defensive,True,Above Replacement,Q4
KAN,Marty Schottenheimer,1996,1997,0.0328920483589172,0.166793942451477,0.5625,0.8125,Defensive,True,Replacement Level,Q3
KAN,Marty Schottenheimer,1997,1998,0.166793942451477,0.0563419759273529,0.8125,0.4375,Defensive,True,Above Replacement,Q5 (Best)
KAN,Marv Levy,1978,1979,-0.259921669960022,-0.0055562853813171,0.25,0.4375,Other,True,Below Replacement,Q1 (Worst)
KAN,Marv Levy,1979,1980,-0.0055562853813171,-0.0163879990577697,0.4375,0.5,Other,True,Replacement Level,Q2
KAN,Marv Levy,1980,1981,-0.0163879990577697,0.0308811068534851,0.5,0.5625,Other,True,Replacement Level,Q2
KAN,Marv Levy,1981,1982,0.0308811068534851,-0.1157429759025573,0.5625,0.3333,Other,True,Replacement Level,Q3
KAN,Paul Wiggin,1975,1976,-0.1006311873435974,-0.1651443342208862,0.3571,0.3571,Defensive,True,Below Replacement,Q1 (Worst)
KAN,Paul Wiggin,1976,1977,-0.1651443342208862,-0.148187806224823,0.3571,0.1429,Defensive,True,Below Replacement,Q1 (Worst)
KAN,Todd Haley,2009,2010,-0.1003378629684448,0.0509567260742187,0.25,0.625,Offensive,True,Below Replacement,Q1 (Worst)
KAN,Todd Haley,2010,2011,0.0509567260742187,-0.1480866507530212,0.625,0.3846,Offensive,True,Above Replacement,Q3
MIA,Adam Gase,2016,2017,0.1592300534248352,0.0667300820350647,0.625,0.375,Offensive,True,Above Replacement,Q5 (Best)
MIA,Adam Gase,2017,2018,0.0667300820350647,-0.0545814335346221,0.375,0.4375,Offensive,True,Above Replacement,Q4
MIA,Brian Flores,2019,2020,0.0009063184261322,0.0650136470794677,0.3125,0.625,Defensive,True,Replacement Level,Q2
MIA,Brian Flores,2020,2021,0.0650136470794677,0.0264307350158691,0.625,0.5294,Defensive,True,Above Replacement,Q4
MIA,Dave Wannstedt,2000,2001,0.0295854806900024,0.1699161529541015,0.6875,0.6875,Defensive,True,Replacement Level,Q3
MIA,Dave Wannstedt,2001,2002,0.1699161529541015,-0.0466952919960022,0.6875,0.5625,Defensive,True,Above Replacement,Q5 (Best)
MIA,Dave Wannstedt,2002,2003,-0.0466952919960022,0.0502792000770568,0.5625,0.625,Defensive,True,Replacement Level,Q2
MIA,Dave Wannstedt,2003,2004,0.0502792000770568,-0.1336031438350677,0.625,0.1111,Defensive,True,Above Replacement,Q3
MIA,Don Shula,1970,1971,0.1007570260047913,0.1469539403915405,0.7143,0.75,Defensive,True,Above Replacement,Q4
MIA,Don Shula,1971,1972,0.1469539403915405,0.2768758535385132,0.75,1.0,Defensive,True,Above Replacement,Q5 (Best)
MIA,Don Shula,1972,1973,0.2768758535385132,0.1440808673858642,1.0,0.8571,Defensive,True,Above Replacement,Q5 (Best)
MIA,Don Shula,1973,1974,0.1440808673858642,0.2273732192039489,0.8571,0.7857,Defensive,True,Above Replacement,Q5 (Best)
MIA,Don Shula,1974,1975,0.2273732192039489,0.1822956436157227,0.7857,0.7143,Defensive,True,Above Replacement,Q5 (Best)
MIA,Don Shula,1975,1976,0.1822956436157227,-0.0062709881305694,0.7143,0.4286,Defensive,True,Above Replacement,Q5 (Best)
MIA,Don Shula,1976,1977,-0.0062709881305694,0.1758548849105835,0.4286,0.7143,Defensive,True,Replacement Level,Q2
MIA,Don Shula,1977,1978,0.1758548849105835,0.1484174132347107,0.7143,0.6875,Defensive,True,Above Replacement,Q5 (Best)
MIA,Don Shula,1978,1979,0.1484174132347107,0.1803686022758484,0.6875,0.625,Defensive,True,Above Replacement,Q5 (Best)
MIA,Don Shula,1979,1980,0.1803686022758484,0.1218719482421875,0.625,0.5,Defensive,True,Above Replacement,Q5 (Best)
MIA,Don Shula,1980,1981,0.1218719482421875,0.1941689765930175,0.5,0.7188,Defensive,True,Above Replacement,Q4
MIA,Don Shula,1981,1982,0.1941689765930175,0.250894642162323,0.7188,0.7778,Defensive,True,Above Replacement,Q5 (Best)
MIA,Don Shula,1982,1983,0.250894642162323,0.1350550055503845,0.7778,0.75,Defensive,True,Above Replacement,Q5 (Best)
MIA,Don Shula,1983,1984,0.1350550055503845,0.2046034932136535,0.75,0.875,Defensive,True,Above Replacement,Q5 (Best)
MIA,Don Shula,1984,1985,0.2046034932136535,0.1923648118972778,0.875,0.75,Defensive,True,Above Replacement,Q5 (Best)
MIA,Don Shula,1985,1986,0.1923648118972778,0.0254080891609191,0.75,0.5,Defensive,True,Above Replacement,Q5 (Best)
MIA,Don Shula,1986,1987,0.0254080891609191,0.2149179156303405,0.5,0.5333,Defensive,True,Replacement Level,Q3
MIA,Don Shula,1987,1988,0.2149179156303405,0.0271554589271545,0.5333,0.375,Defensive,True,Above Replacement,Q5 (Best)
MIA,Don Shula,1988,1989,0.0271554589271545,0.011573314666748,0.375,0.5,Defensive,True,Replacement Level,Q3
MIA,Don Shula,1989,1990,0.011573314666748,0.0831344723701477,0.5,0.75,Defensive,True,Replacement Level,Q3
MIA,Don Shula,1990,1991,0.0831344723701477,0.0192899107933044,0.75,0.5,Defensive,True,Above Replacement,Q4
MIA,Don Shula,1991,1992,0.0192899107933044,0.0658789277076721,0.5,0.6875,Defensive,True,Replacement Level,Q3
MIA,Don Shula,1992,1993,0.0658789277076721,0.2953055202960968,0.6875,0.5625,Defensive,True,Above Replacement,Q4
MIA,Don Shula,1993,1994,0.2953055202960968,0.0105149149894714,0.5625,0.625,Defensive,True,Above Replacement,Q5 (Best)
MIA,Don Shula,1994,1995,0.0105149149894714,0.1870486736297607,0.625,0.5625,Defensive,True,Replacement Level,Q3
MIA,Jimmy Johnson,1996,1997,-0.0829115509986877,0.0809656977653503,0.5,0.5625,Defensive,True,Below Replacement,Q1 (Worst)
MIA,Jimmy Johnson,1997,1998,0.0809656977653503,0.0160317420959472,0.5625,0.625,Defensive,True,Above Replacement,Q4
MIA,Jimmy Johnson,1998,1999,0.0160317420959472,0.1108273565769195,0.625,0.5625,Defensive,True,Replacement Level,Q3
MIA,Joe Philbin,2012,2013,0.0312223434448242,0.0201236307621002,0.4375,0.5,Offensive,True,Replacement Level,Q3
MIA,Joe Philbin,2013,2014,0.0201236307621002,0.0310637354850769,0.5,0.5,Offensive,True,Replacement Level,Q3
MIA,Joe Philbin,2014,2015,0.0310637354850769,-0.2246941030025482,0.5,0.25,Offensive,True,Replacement Level,Q3
MIA,Mike McDaniel,2022,2023,0.1980113774776458,0.1093776508331298,0.5294,0.6471,Offensive,True,Above Replacement,Q5 (Best)
MIA,Mike McDaniel,2023,2024,0.1093776508331298,0.0454350918292999,0.6471,0.4706,Offensive,True,Above Replacement,Q4
MIA,Nick Saban,2005,2006,-0.0034986734390258,0.0177639126777648,0.5625,0.375,Defensive,True,Replacement Level,Q2
MIA,Tony Sparano,2008,2009,0.014499008655548,0.150238811969757,0.6875,0.4375,Offensive,True,Replacement Level,Q3
MIA,Tony Sparano,2009,2010,0.150238811969757,0.142875075340271,0.4375,0.4375,Offensive,True,Above Replacement,Q5 (Best)
MIA,Tony Sparano,2010,2011,0.142875075340271,-0.256143309879303,0.4375,0.3077,Offensive,True,Above Replacement,Q5 (Best)
MIN,Brad Childress,2006,2007,-0.1607482433319091,-0.0388106107711792,0.375,0.5,Offensive,True,Below Replacement,Q1 (Worst)
MIN,Brad Childress,2007,2008,-0.0388106107711792,0.117030382156372,0.5,0.625,Offensive,True,Replacement Level,Q2
MIN,Brad Childress,2008,2009,0.117030382156372,0.0770907998085022,0.625,0.75,Offensive,True,Above Replacement,Q4
MIN,Brad Childress,2009,2010,0.0770907998085022,-0.1142630696296692,0.75,0.3,Offensive,True,Above Replacement,Q4
MIN,Bud Grant,1970,1971,0.157894243812561,0.126019275856018,0.8571,0.7857,Other,True,Above Replacement,Q5 (Best)
MIN,Bud Grant,1971,1972,0.126019275856018,-0.1470852494239807,0.7857,0.5,Other,True,Above Replacement,Q5 (Best)
MIN,Bud Grant,1972,1973,-0.1470852494239807,0.1353567143440246,0.5,0.8571,Other,True,Below Replacement,Q1 (Worst)
MIN,Bud Grant,1973,1974,0.1353567143440246,0.039625608253479,0.8571,0.7143,Other,True,Above Replacement,Q5 (Best)
MIN,Bud Grant,1974,1975,0.039625608253479,0.0647383233070373,0.7143,0.8571,Other,True,Replacement Level,Q3
MIN,Bud Grant,1975,1976,0.0647383233070373,0.1489845646858215,0.8571,0.8214,Other,True,Above Replacement,Q4
MIN,Bud Grant,1976,1977,0.1489845646858215,0.2677020827770233,0.8214,0.6429,Other,True,Above Replacement,Q5 (Best)
MIN,Bud Grant,1977,1978,0.2677020827770233,0.0620392345905304,0.6429,0.5312,Other,True,Above Replacement,Q5 (Best)
MIN,Bud Grant,1978,1979,0.0620392345905304,-0.0511358678340911,0.5312,0.4375,Other,True,Above Replacement,Q3
MIN,Bud Grant,1979,1980,-0.0511358678340911,-0.0665040612220764,0.4375,0.5625,Other,True,Below Replacement,Q2
MIN,Bud Grant,1980,1981,-0.0665040612220764,0.0042178928852081,0.5625,0.4375,Other,True,Below Replacement,Q1 (Worst)
MIN,Bud Grant,1981,1982,0.0042178928852081,0.1179676776885986,0.4375,0.5556,Other,True,Replacement Level,Q3
MIN,Bud Grant,1982,1983,0.1179676776885986,-0.0046479701995849,0.5556,0.5,Other,True,Above Replacement,Q4
MIN,Dennis Green,1992,1993,0.0408433079719543,-0.0571296215057373,0.6875,0.5625,Offensive,True,Replacement Level,Q3
MIN,Dennis Green,1993,1994,-0.0571296215057373,0.0460681915283203,0.5625,0.625,Offensive,True,Below Replacement,Q2
MIN,Dennis Green,1994,1995,0.0460681915283203,-0.0943053364753723,0.625,0.5,Offensive,True,Replacement Level,Q3
MIN,Dennis Green,1995,1996,-0.0943053364753723,0.0699301660060882,0.5,0.5625,Offensive,True,Below Replacement,Q1 (Worst)
MIN,Dennis Green,1996,1997,0.0699301660060882,0.1603250205516815,0.5625,0.5625,Offensive,True,Above Replacement,Q4
MIN,Dennis Green,1997,1998,0.1603250205516815,0.2485513687133789,0.5625,0.9375,Offensive,True,Above Replacement,Q5 (Best)
MIN,Dennis Green,1998,1999,0.2485513687133789,0.1527819335460662,0.9375,0.625,Offensive,True,Above Replacement,Q5 (Best)
MIN,Dennis Green,1999,2000,0.1527819335460662,0.1676689982414245,0.625,0.6875,Offensive,True,Above Replacement,Q5 (Best)
MIN,Dennis Green,2000,2001,0.1676689982414245,0.0594181771755218,0.6875,0.3333,Offensive,True,Above Replacement,Q5 (Best)
MIN,Kevin O'Connell,2022,2023,0.1838980361938477,0.136826249885559,0.7647,0.4118,Offensive,True,Above Replacement,Q5 (Best)
MIN,Kevin O'Connell,2023,2024,0.136826249885559,0.1650939211845398,0.4118,0.8235,Offensive,True,Above Replacement,Q5 (Best)
MIN,Leslie Frazier,2011,2012,-0.1865828335285186,0.091298222541809,0.1875,0.625,Defensive,True,Below Replacement,Q1 (Worst)
MIN,Leslie Frazier,2012,2013,0.091298222541809,-0.0589289450168609,0.625,0.3438,Defensive,True,Above Replacement,Q4
MIN,Mike Tice,2002,2003,-0.0960308909416198,-0.0836774706840515,0.375,0.5625,Offensive,True,Below Replacement,Q1 (Worst)
MIN,Mike Tice,2003,2004,-0.0836774706840515,-0.0749602317810058,0.5625,0.5,Offensive,True,Below Replacement,Q1 (Worst)
MIN,Mike Tice,2004,2005,-0.0749602317810058,0.1027762293815612,0.5,0.5625,Offensive,True,Below Replacement,Q1 (Worst)
NOR,Bum Phillips,1981,1982,-0.0694144666194915,0.1309615546703338,0.25,0.4444,Defensive,True,Below Replacement,Q1 (Worst)
NOR,Bum Phillips,1982,1983,0.1309615546703338,-0.0152243971824646,0.4444,0.5,Defensive,True,Above Replacement,Q5 (Best)
NOR,Bum Phillips,1983,1984,-0.0152243971824646,0.0584537088871002,0.5,0.4375,Defensive,True,Replacement Level,Q2
NOR,Bum Phillips,1984,1985,0.0584537088871002,0.038779472875595,0.4375,0.3333,Defensive,True,Above Replacement,Q3
NOR,Dennis Allen,2022,2023,0.0381743340969085,-0.0196341782569885,0.4118,0.5294,Defensive,True,Replacement Level,Q3
NOR,Dennis Allen,2023,2024,-0.0196341782569885,-0.1432667139053344,0.5294,0.2222,Defensive,True,Replacement Level,Q2
NOR,Hank Stram,1976,1977,-0.0530662172317504,-0.1055566436767578,0.2857,0.2143,Other,True,Below Replacement,Q2
NOR,J.D. Roberts,1970,1971,-0.2255042692184448,-0.1016638676166534,0.1429,0.3571,Defensive,True,Below Replacement,Q1 (Worst)
NOR,J.D. Roberts,1971,1972,-0.1016638676166534,-0.1098342968463897,0.3571,0.1786,Defensive,True,Below Replacement,Q1 (Worst)
NOR,Jim Haslett,2000,2001,0.0305374860763549,-0.0498071610927581,0.625,0.4375,Defensive,True,Replacement Level,Q3
NOR,Jim Haslett,2001,2002,-0.0498071610927581,-0.0295082926750183,0.4375,0.5625,Defensive,True,Replacement Level,Q2
NOR,Jim Haslett,2002,2003,-0.0295082926750183,-0.0877641439437866,0.5625,0.5,Defensive,True,Replacement Level,Q2
NOR,Jim Haslett,2003,2004,-0.0877641439437866,-0.0225412845611572,0.5,0.5,Defensive,True,Below Replacement,Q1 (Worst)
NOR,Jim Haslett,2004,2005,-0.0225412845611572,-0.1253378987312317,0.5,0.1875,Defensive,True,Replacement Level,Q2
NOR,Jim Mora Sr,1986,1987,-0.1238104104995727,0.1962648510932922,0.4375,0.8,Defensive,True,Below Replacement,Q1 (Worst)
NOR,Jim Mora Sr,1987,1988,0.1962648510932922,0.1095588207244873,0.8,0.625,Defensive,True,Above Replacement,Q5 (Best)
NOR,Jim Mora Sr,1988,1989,0.1095588207244873,0.0131226181983947,0.625,0.5625,Defensive,True,Above Replacement,Q4
NOR,Jim Mora Sr,1989,1990,0.0131226181983947,0.1388633549213409,0.5625,0.5,Defensive,True,Replacement Level,Q3
NOR,Jim Mora Sr,1990,1991,0.1388633549213409,0.0953373312950134,0.5,0.6875,Defensive,True,Above Replacement,Q5 (Best)
NOR,Jim Mora Sr,1991,1992,0.0953373312950134,0.1279053688049316,0.6875,0.75,Defensive,True,Above Replacement,Q4
NOR,Jim Mora Sr,1992,1993,0.1279053688049316,0.0431188941001892,0.75,0.5,Defensive,True,Above Replacement,Q5 (Best)
NOR,Jim Mora Sr,1993,1994,0.0431188941001892,-0.0390925705432891,0.5,0.4375,Defensive,True,Replacement Level,Q3
NOR,Jim Mora Sr,1994,1995,-0.0390925705432891,-0.1724331974983215,0.4375,0.4375,Defensive,True,Replacement Level,Q2
NOR,Jim Mora Sr,1995,1996,-0.1724331974983215,-0.1582254469394683,0.4375,0.25,Defensive,True,Below Replacement,Q1 (Worst)
NOR,John North,1973,1974,0.013888557767868,0.1092180063486099,0.3571,0.3571,Offensive,True,Replacement Level,Q3
NOR,John North,1974,1975,0.1092180063486099,-0.1540594752311706,0.3571,0.1667,Offensive,True,Above Replacement,Q4
NOR,Mike Ditka,1997,1998,0.0752646923065185,0.0236201286315917,0.375,0.375,Offensive,True,Above Replacement,Q4
NOR,Mike Ditka,1998,1999,0.0236201286315917,-0.101844847202301,0.375,0.1875,Offensive,True,Replacement Level,Q3
NOR,Sean Payton,2006,2007,0.0826739072799682,-0.045002281665802,0.625,0.4375,Offensive,True,Above Replacement,Q4
NOR,Sean Payton,2007,2008,-0.045002281665802,0.0050075054168701,0.4375,0.5,Offensive,True,Replacement Level,Q2
NOR,Sean Payton,2008,2009,0.0050075054168701,0.0944340229034423,0.5,0.8125,Offensive,True,Replacement Level,Q3
NOR,Sean Payton,2009,2010,0.0944340229034423,0.1621105670928955,0.8125,0.6875,Offensive,True,Above Replacement,Q4
NOR,Sean Payton,2010,2011,0.1621105670928955,0.2975607514381408,0.6875,0.8125,Offensive,True,Above Replacement,Q5 (Best)
NOR,Sean Payton,2013,2014,0.1949362456798553,-0.0546263456344604,0.6875,0.4375,Offensive,True,Above Replacement,Q5 (Best)
NOR,Sean Payton,2014,2015,-0.0546263456344604,-0.0630683898925781,0.4375,0.4375,Offensive,True,Below Replacement,Q2
NOR,Sean Payton,2015,2016,-0.0630683898925781,0.0124166011810302,0.4375,0.4375,Offensive,True,Below Replacement,Q1 (Worst)
NOR,Sean Payton,2016,2017,0.0124166011810302,0.1402997374534607,0.4375,0.6875,Offensive,True,Replacement Level,Q3
NOR,Sean Payton,2017,2018,0.1402997374534607,0.1942147016525268,0.6875,0.8125,Offensive,True,Above Replacement,Q5 (Best)
NOR,Sean Payton,2018,2019,0.1942147016525268,0.168824553489685,0.8125,0.8125,Offensive,True,Above Replacement,Q5 (Best)
NOR,Sean Payton,2019,2020,0.168824553489685,0.0895717144012451,0.8125,0.75,Offensive,True,Above Replacement,Q5 (Best)
NOR,Sean Payton,2020,2021,0.0895717144012451,0.0613040119647979,0.75,0.5294,Offensive,True,Above Replacement,Q4
NWE,Bill Belichick,2000,2001,-0.0725440680980682,0.0360330343246459,0.3125,0.6875,Defensive,True,Below Replacement,Q1 (Worst)
NWE,Bill Belichick,2001,2002,0.0360330343246459,0.0230097770690917,0.6875,0.5625,Defensive,True,Replacement Level,Q3
NWE,Bill Belichick,2002,2003,0.0230097770690917,0.1873311996459961,0.5625,0.875,Defensive,True,Replacement Level,Q3
NWE,Bill Belichick,2003,2004,0.1873311996459961,0.2784485220909118,0.875,0.875,Defensive,True,Above Replacement,Q5 (Best)
NWE,Bill Belichick,2004,2005,0.2784485220909118,0.2083537578582763,0.875,0.625,Defensive,True,Above Replacement,Q5 (Best)
NWE,Bill Belichick,2005,2006,0.2083537578582763,0.1590925455093383,0.625,0.75,Defensive,True,Above Replacement,Q5 (Best)
NWE,Bill Belichick,2006,2007,0.1590925455093383,0.2960909605026245,0.75,1.0,Defensive,True,Above Replacement,Q5 (Best)
NWE,Bill Belichick,2007,2008,0.2960909605026245,0.1435558795928955,1.0,0.6875,Defensive,True,Above Replacement,Q5 (Best)
NWE,Bill Belichick,2008,2009,0.1435558795928955,0.0641613602638244,0.6875,0.625,Defensive,True,Above Replacement,Q5 (Best)
NWE,Bill Belichick,2009,2010,0.0641613602638244,0.2408297657966613,0.625,0.875,Defensive,True,Above Replacement,Q4
NWE,Bill Belichick,2010,2011,0.2408297657966613,0.0981603264808654,0.875,0.8125,Defensive,True,Above Replacement,Q5 (Best)
NWE,Bill Belichick,2011,2012,0.0981603264808654,0.017679214477539,0.8125,0.75,Defensive,True,Above Replacement,Q4
NWE,Bill Belichick,2012,2013,0.017679214477539,0.2272276282310485,0.75,0.75,Defensive,True,Replacement Level,Q3
NWE,Bill Belichick,2013,2014,0.2272276282310485,0.0519777536392211,0.75,0.75,Defensive,True,Above Replacement,Q5 (Best)
NWE,Bill Belichick,2014,2015,0.0519777536392211,0.1898364424705505,0.75,0.75,Defensive,True,Above Replacement,Q3
NWE,Bill Belichick,2015,2016,0.1898364424705505,0.269101083278656,0.75,0.875,Defensive,True,Above Replacement,Q5 (Best)
NWE,Bill Belichick,2016,2017,0.269101083278656,0.2588716149330139,0.875,0.8125,Defensive,True,Above Replacement,Q5 (Best)
NWE,Bill Belichick,2017,2018,0.2588716149330139,-0.0234074592590332,0.8125,0.6875,Defensive,True,Above Replacement,Q5 (Best)
NWE,Bill Belichick,2018,2019,-0.0234074592590332,0.0773318409919738,0.6875,0.75,Defensive,True,Replacement Level,Q2
NWE,Bill Belichick,2019,2020,0.0773318409919738,0.0338548719882965,0.75,0.4375,Defensive,True,Above Replacement,Q4
NWE,Bill Belichick,2020,2021,0.0338548719882965,-0.0299233525276184,0.4375,0.5882,Defensive,True,Replacement Level,Q3
NWE,Bill Belichick,2021,2022,-0.0299233525276184,-0.0810077280044555,0.5882,0.4706,Defensive,True,Replacement Level,Q2
NWE,Bill Belichick,2022,2023,-0.0810077280044555,-0.0470108434677123,0.4706,0.2353,Defensive,True,Below Replacement,Q1 (Worst)
NWE,Bill Parcells,1993,1994,0.0180672109127044,0.1715066730976104,0.3125,0.625,Defensive,True,Replacement Level,Q3
NWE,Bill Parcells,1994,1995,0.1715066730976104,-0.0442926287651062,0.625,0.375,Defensive,True,Above Replacement,Q5 (Best)
NWE,Bill Parcells,1995,1996,-0.0442926287651062,0.058609127998352,0.375,0.6875,Defensive,True,Replacement Level,Q2
NWE,Chuck Fairbanks,1973,1974,-0.0935905674934387,-0.0695164203643798,0.3571,0.5,Other,True,Below Replacement,Q1 (Worst)
NWE,Chuck Fairbanks,1974,1975,-0.0695164203643798,0.0186719679117202,0.5,0.2143,Other,True,Below Replacement,Q1 (Worst)
NWE,Chuck Fairbanks,1975,1976,0.0186719679117202,0.1276989347457885,0.2143,0.7857,Other,True,Replacement Level,Q3
NWE,Chuck Fairbanks,1976,1977,0.1276989347457885,0.0977754096031189,0.7857,0.6429,Other,True,Above Replacement,Q5 (Best)
NWE,Chuck Fairbanks,1977,1978,0.0977754096031189,0.1582802231788634,0.6429,0.7333,Other,True,Above Replacement,Q4
NWE,Dick MacPherson,1991,1992,0.0769721269607544,-0.1480717957019806,0.375,0.125,Defensive,True,Above Replacement,Q4
NWE,Pete Carroll,1997,1998,0.0320851802825927,0.0072539448738098,0.625,0.5625,Defensive,True,Replacement Level,Q3
NWE,Pete Carroll,1998,1999,0.0072539448738098,0.0076701939105987,0.5625,0.5,Defensive,True,Replacement Level,Q3
NWE,Raymond Berry,1985,1986,0.1902820467948913,0.0532394051551818,0.6875,0.6875,Offensive,True,Above Replacement,Q5 (Best)
NWE,Raymond Berry,1986,1987,0.0532394051551818,0.1457247610569,0.6875,0.5333,Offensive,True,Above Replacement,Q3
NWE,Raymond Berry,1987,1988,0.1457247610569,0.1566247344017028,0.5333,0.5625,Offensive,True,Above Replacement,Q5 (Best)
NWE,Raymond Berry,1988,1989,0.1566247344017028,-0.0081897377967834,0.5625,0.3125,Offensive,True,Above Replacement,Q5 (Best)
NWE,Ron Erhardt,1979,1980,0.0630255937576294,0.0240601897239685,0.5625,0.625,Offensive,True,Above Replacement,Q4
NWE,Ron Erhardt,1980,1981,0.0240601897239685,-0.1384677290916443,0.625,0.125,Offensive,True,Replacement Level,Q3
NWE,Ron Meyer,1982,1983,0.1311048990249633,0.0685071051120758,0.5556,0.5,Other,True,Above Replacement,Q5 (Best)
NWE,Ron Meyer,1983,1984,0.0685071051120758,0.0922969579696655,0.5,0.625,Other,True,Above Replacement,Q4
NYG,Alex Webster,1970,1971,0.04990763463974,-0.0064965420246124,0.6429,0.2857,Offensive,True,Replacement Level,Q3
NYG,Alex Webster,1971,1972,-0.0064965420246124,-0.0302685366630554,0.2857,0.5714,Offensive,True,Replacement Level,Q2
NYG,Alex Webster,1972,1973,-0.0302685366630554,-0.1255260838508606,0.5714,0.1786,Offensive,True,Replacement Level,Q2
NYG,Ben McAdoo,2016,2017,0.0935624837875366,-0.1484238560676574,0.6875,0.1667,Offensive,True,Above Replacement,Q4
NYG,Bill Arnsparger,1974,1975,-0.0749634256124496,-0.0738852123260498,0.1429,0.3571,Defensive,True,Below Replacement,Q1 (Worst)
NYG,Bill Arnsparger,1975,1976,-0.0738852123260498,-0.2376896142959594,0.3571,0.0,Defensive,True,Below Replacement,Q1 (Worst)
NYG,Bill Parcells,1983,1984,-0.106543370437622,0.039717674255371,0.2188,0.5625,Defensive,True,Below Replacement,Q1 (Worst)
NYG,Bill Parcells,1984,1985,0.039717674255371,0.0094310641288757,0.5625,0.625,Defensive,True,Replacement Level,Q3
NYG,Bill Parcells,1985,1986,0.0094310641288757,0.3055395483970642,0.625,0.875,Defensive,True,Replacement Level,Q3
NYG,Bill Parcells,1986,1987,0.3055395483970642,0.0602352261543274,0.875,0.4,Defensive,True,Above Replacement,Q5 (Best)
NYG,Bill Parcells,1987,1988,0.0602352261543274,0.0819371938705444,0.4,0.625,Defensive,True,Above Replacement,Q3
NYG,Bill Parcells,1988,1989,0.0819371938705444,0.1602241396903991,0.625,0.75,Defensive,True,Above Replacement,Q4
NYG,Bill Parcells,1989,1990,0.1602241396903991,0.1244177222251892,0.75,0.8125,Defensive,True,Above Replacement,Q5 (Best)
NYG,Brian Daboll,2022,2023,0.0693048716068267,-0.1213622375488281,0.5588,0.3529,Offensive,True,Above Replacement,Q4
NYG,Brian Daboll,2023,2024,-0.1213622375488281,-0.0764498934745788,0.3529,0.1765,Offensive,True,Below Replacement,Q1 (Worst)
NYG,Dan Reeves,1993,1994,0.0014042258262634,0.0604224801063537,0.6875,0.5625,Offensive,True,Replacement Level,Q2
NYG,Dan Reeves,1994,1995,0.0604224801063537,-0.2719738483428955,0.5625,0.3125,Offensive,True,Above Replacement,Q3
NYG,Dan Reeves,1995,1996,-0.2719738483428955,-0.1719459891319275,0.3125,0.375,Offensive,True,Below Replacement,Q1 (Worst)
NYG,Jim Fassel,1997,1998,0.0583908044815063,-0.1019794344902038,0.6562,0.5,Offensive,True,Above Replacement,Q3
NYG,Jim Fassel,1998,1999,-0.1019794344902038,0.0676443874835968,0.5,0.4375,Offensive,True,Below Replacement,Q1 (Worst)
NYG,Jim Fassel,1999,2000,0.0676443874835968,0.0431600213050842,0.4375,0.75,Offensive,True,Above Replacement,Q4
NYG,Jim Fassel,2000,2001,0.0431600213050842,-0.1306704878807068,0.75,0.4375,Offensive,True,Replacement Level,Q3
NYG,Jim Fassel,2001,2002,-0.1306704878807068,0.0970590710639953,0.4375,0.625,Offensive,True,Below Replacement,Q1 (Worst)
NYG,Jim Fassel,2002,2003,0.0970590710639953,-0.0358006954193115,0.625,0.25,Offensive,True,Above Replacement,Q4
NYG,Joe Judge,2020,2021,-0.0878435671329498,-0.0365955874443054,0.375,0.2353,Offensive,True,Below Replacement,Q1 (Worst)
NYG,John McVay,1977,1978,0.0879722138404845,0.0067414343357086,0.3571,0.375,Other,True,Above Replacement,Q4
NYG,Pat Shurmur,2018,2019,-0.2531433701515198,-0.1545400321483612,0.3125,0.25,Offensive,True,Below Replacement,Q1 (Worst)
NYG,Ray Perkins,1979,1980,-0.0015024542808532,0.0441479086875915,0.375,0.25,Offensive,True,Replacement Level,Q2
NYG,Ray Perkins,1980,1981,0.0441479086875915,0.1254934072494506,0.25,0.5625,Offensive,True,Replacement Level,Q3
NYG,Ray Perkins,1981,1982,0.1254934072494506,-0.025198889350891,0.5625,0.4444,Offensive,True,Above Replacement,Q5 (Best)
NYG,Tom Coughlin,2004,2005,0.0254112780094146,0.0892892479896545,0.375,0.6875,Offensive,True,Replacement Level,Q3
NYG,Tom Coughlin,2005,2006,0.0892892479896545,-0.0240322947502136,0.6875,0.5,Offensive,True,Above Replacement,Q4
NYG,Tom Coughlin,2006,2007,-0.0240322947502136,0.1192756295204162,0.5,0.625,Offensive,True,Replacement Level,Q2
NYG,Tom Coughlin,2007,2008,0.1192756295204162,0.063827097415924,0.625,0.75,Offensive,True,Above Replacement,Q4
NYG,Tom Coughlin,2008,2009,0.063827097415924,0.0604837238788604,0.75,0.5,Offensive,True,Above Replacement,Q4
NYG,Tom Coughlin,2009,2010,0.0604837238788604,0.1083738803863525,0.5,0.625,Offensive,True,Above Replacement,Q3
NYG,Tom Coughlin,2010,2011,0.1083738803863525,-0.0346789360046386,0.625,0.5625,Offensive,True,Above Replacement,Q4
NYG,Tom Coughlin,2011,2012,-0.0346789360046386,-0.0789854526519775,0.5625,0.5625,Offensive,True,Replacement Level,Q2
NYG,Tom Coughlin,2012,2013,-0.0789854526519775,0.0682859122753143,0.5625,0.4375,Offensive,True,Below Replacement,Q1 (Worst)
NYG,Tom Coughlin,2013,2014,0.0682859122753143,-0.0330895483493804,0.4375,0.375,Offensive,True,Above Replacement,Q4
NYG,Tom Coughlin,2014,2015,-0.0330895483493804,-0.0390235781669616,0.375,0.375,Offensive,True,Replacement Level,Q2
NYJ,Adam Gase,2019,2020,0.1377272009849548,-0.0902864336967468,0.4375,0.125,Offensive,True,Above Replacement,Q5 (Best)
NYJ,Bill Parcells,1997,1998,-0.0364028811454772,0.1213634014129638,0.5625,0.75,Defensive,True,Replacement Level,Q2
NYJ,Bill Parcells,1998,1999,0.1213634014129638,0.0401214063167572,0.75,0.5,Defensive,True,Above Replacement,Q4
NYJ,Bruce Coslet,1990,1991,-0.1852750778198242,-0.1454947590827942,0.375,0.5,Offensive,True,Below Replacement,Q1 (Worst)
NYJ,Bruce Coslet,1991,1992,-0.1454947590827942,-0.2017304301261901,0.5,0.25,Offensive,True,Below Replacement,Q1 (Worst)
NYJ,Bruce Coslet,1992,1993,-0.2017304301261901,-0.1473886966705322,0.25,0.5,Offensive,True,Below Replacement,Q1 (Worst)
NYJ,Charley Winner,1974,1975,0.1185081005096435,-0.027995562839508,0.5,0.2222,Defensive,True,Above Replacement,Q4
NYJ,Eric Mangini,2006,2007,0.096596360206604,-0.1022239327430725,0.625,0.25,Defensive,True,Above Replacement,Q4
NYJ,Eric Mangini,2007,2008,-0.1022239327430725,0.0387173891067504,0.25,0.5625,Defensive,True,Below Replacement,Q1 (Worst)
NYJ,Joe Walton,1983,1984,-0.0535715520381927,0.0939900577068328,0.4375,0.4375,Offensive,True,Below Replacement,Q2
NYJ,Joe Walton,1984,1985,0.0939900577068328,0.0261311531066894,0.4375,0.6875,Offensive,True,Above Replacement,Q4
NYJ,Joe Walton,1985,1986,0.0261311531066894,0.1758463084697723,0.6875,0.625,Offensive,True,Replacement Level,Q3
NYJ,Joe Walton,1986,1987,0.1758463084697723,-0.0397642612457275,0.625,0.4,Offensive,True,Above Replacement,Q5 (Best)
NYJ,Joe Walton,1987,1988,-0.0397642612457275,-0.0527277505874633,0.4,0.5312,Offensive,True,Replacement Level,Q2
NYJ,Joe Walton,1988,1989,-0.0527277505874633,-0.0526180565357208,0.5312,0.25,Offensive,True,Below Replacement,Q2
NYJ,Rex Ryan,2009,2010,0.0036382675170898,0.1969193816184997,0.5625,0.6875,Defensive,True,Replacement Level,Q3
NYJ,Rex Ryan,2010,2011,0.1969193816184997,-0.1762473583221435,0.6875,0.5,Defensive,True,Above Replacement,Q5 (Best)
NYJ,Rex Ryan,2011,2012,-0.1762473583221435,-0.0121442973613739,0.5,0.375,Defensive,True,Below Replacement,Q1 (Worst)
NYJ,Rex Ryan,2012,2013,-0.0121442973613739,0.1163952648639679,0.375,0.5,Defensive,True,Replacement Level,Q2
NYJ,Rex Ryan,2013,2014,0.1163952648639679,-0.1266475021839141,0.5,0.25,Defensive,True,Above Replacement,Q4
NYJ,Rich Kotite,1995,1996,-0.1113533377647399,-0.1778342425823211,0.1875,0.0625,Offensive,True,Below Replacement,Q1 (Worst)
NYJ,Robert Saleh,2021,2022,0.0302641346931457,0.0490970640659332,0.2353,0.4118,Defensive,True,Replacement Level,Q3
NYJ,Robert Saleh,2022,2023,0.0490970640659332,0.0088991253852844,0.4118,0.4118,Defensive,True,Replacement Level,Q3
NYJ,Robert Saleh,2023,2024,0.0088991253852844,-0.0729191660881042,0.4118,0.4,Defensive,True,Replacement Level,Q3
NYJ,Todd Bowles,2015,2016,-0.0279911160469055,0.0779028236865997,0.625,0.3125,Defensive,True,Replacement Level,Q2
NYJ,Todd Bowles,2016,2017,0.0779028236865997,-0.0835267603397369,0.3125,0.3125,Defensive,True,Above Replacement,Q4
NYJ,Todd Bowles,2017,2018,-0.0835267603397369,-0.0667863488197326,0.3125,0.25,Defensive,True,Below Replacement,Q1 (Worst)
NYJ,Walt Michaels,1977,1978,0.0166899793624877,0.1157624423503875,0.2143,0.5,Defensive,True,Replacement Level,Q3
NYJ,Walt Michaels,1978,1979,0.1157624423503875,0.0209433436393737,0.5,0.5,Defensive,True,Above Replacement,Q4
NYJ,Walt Michaels,1979,1980,0.0209433436393737,-0.1768434941768646,0.5,0.25,Defensive,True,Replacement Level,Q3
NYJ,Walt Michaels,1980,1981,-0.1768434941768646,0.0481124603271484,0.25,0.6562,Defensive,True,Below Replacement,Q1 (Worst)
NYJ,Walt Michaels,1981,1982,0.0481124603271484,0.077086562347412,0.6562,0.6667,Defensive,True,Replacement Level,Q3
NYJ,Weeb Ewbank,1970,1971,-0.2373133533477783,0.1023553775310516,0.2857,0.4286,Offensive,True,Below Replacement,Q1 (Worst)
NYJ,Weeb Ewbank,1971,1972,0.1023553775310516,-0.0371314287185668,0.4286,0.5,Offensive,True,Above Replacement,Q4
NYJ,Weeb Ewbank,1972,1973,-0.0371314287185668,0.0064023799419403,0.5,0.2857,Offensive,True,Replacement Level,Q2
OTI,Bill Peterson,1972,1973,-0.1148716972827911,-0.1927835047245025,0.0714,0.0,Offensive,True,Below Replacement,Q1 (Worst)
OTI,Bum Phillips,1975,1976,0.0446853869438171,0.010638703918457,0.7143,0.3571,Defensive,True,Replacement Level,Q3
OTI,Bum Phillips,1976,1977,0.010638703918457,0.096627427482605,0.3571,0.5714,Defensive,True,Replacement Level,Q3
OTI,Bum Phillips,1977,1978,0.096627427482605,0.0728580951690673,0.5714,0.625,Defensive,True,Above Replacement,Q4
OTI,Bum Phillips,1978,1979,0.0728580951690673,0.0222507715225219,0.625,0.6875,Defensive,True,Above Replacement,Q4
OTI,Bum Phillips,1979,1980,0.0222507715225219,0.0482153892517089,0.6875,0.6875,Defensive,True,Replacement Level,Q3
OTI,Ed Biles,1981,1982,-0.0177730619907379,-0.1150135578155517,0.4375,0.1111,Defensive,True,Replacement Level,Q2
OTI,Ed Biles,1982,1983,-0.1150135578155517,-0.2128438353538513,0.1111,0.0,Defensive,True,Below Replacement,Q1 (Worst)
OTI,Hugh Campbell,1984,1985,-0.2689087092876434,-0.063829342508316,0.1875,0.3571,Other,True,Below Replacement,Q1 (Worst)
OTI,Jack Pardee,1990,1991,-0.1126582026481628,0.0480406880378723,0.5625,0.6875,Defensive,True,Below Replacement,Q1 (Worst)
OTI,Jack Pardee,1991,1992,0.0480406880378723,0.0350520610809326,0.6875,0.625,Defensive,True,Replacement Level,Q3
OTI,Jack Pardee,1992,1993,0.0350520610809326,0.1283164024353027,0.625,0.75,Defensive,True,Replacement Level,Q3
OTI,Jack Pardee,1993,1994,0.1283164024353027,-0.2055554330348968,0.75,0.1,Defensive,True,Above Replacement,Q5 (Best)
OTI,Jeff Fisher,1995,1996,-0.0978314876556396,-0.0827376246452331,0.4375,0.5,Defensive,True,Below Replacement,Q1 (Worst)
OTI,Jeff Fisher,1996,1997,-0.0827376246452331,-0.0276094079017639,0.5,0.5,Defensive,True,Below Replacement,Q1 (Worst)
OTI,Jeff Fisher,1997,1998,-0.0276094079017639,-0.1083214282989502,0.5,0.5,Defensive,True,Replacement Level,Q2
OTI,Jeff Fisher,1998,1999,-0.1083214282989502,0.1985742449760437,0.5,0.8125,Defensive,True,Below Replacement,Q1 (Worst)
OTI,Jeff Fisher,1999,2000,0.1985742449760437,0.1360548138618469,0.8125,0.8125,Defensive,True,Above Replacement,Q5 (Best)
OTI,Jeff Fisher,2000,2001,0.1360548138618469,0.0391135215759277,0.8125,0.4375,Defensive,True,Above Replacement,Q5 (Best)
OTI,Jeff Fisher,2001,2002,0.0391135215759277,0.0626176595687866,0.4375,0.6875,Defensive,True,Replacement Level,Q3
OTI,Jeff Fisher,2002,2003,0.0626176595687866,0.0826440453529357,0.6875,0.75,Defensive,True,Above Replacement,Q4
OTI,Jeff Fisher,2003,2004,0.0826440453529357,-0.0248152315616607,0.75,0.3125,Defensive,True,Above Replacement,Q4
OTI,Jeff Fisher,2004,2005,-0.0248152315616607,-0.0902421474456787,0.3125,0.25,Defensive,True,Replacement Level,Q2
OTI,Jeff Fisher,2005,2006,-0.0902421474456787,0.1326897144317627,0.25,0.5,Defensive,True,Below Replacement,Q1 (Worst)
OTI,Jeff Fisher,2006,2007,0.1326897144317627,0.0232452154159545,0.5,0.625,Defensive,True,Above Replacement,Q5 (Best)
OTI,Jeff Fisher,2007,2008,0.0232452154159545,0.0756658911705017,0.625,0.8125,Defensive,True,Replacement Level,Q3
OTI,Jeff Fisher,2008,2009,0.0756658911705017,-0.0247323513031005,0.8125,0.5,Defensive,True,Above Replacement,Q4
OTI,Jeff Fisher,2009,2010,-0.0247323513031005,-0.0454522669315338,0.5,0.375,Defensive,True,Replacement Level,Q2
OTI,Jerry Glanville,1986,1987,-0.0320033431053161,0.1696687698364257,0.3125,0.6,Defensive,True,Replacement Level,Q2
OTI,Jerry Glanville,1987,1988,0.1696687698364257,0.0624051690101623,0.6,0.625,Defensive,True,Above Replacement,Q5 (Best)
OTI,Jerry Glanville,1988,1989,0.0624051690101623,-0.0490283370018005,0.625,0.5625,Defensive,True,Above Replacement,Q4
OTI,Ken Whisenhunt,2014,2015,-0.0886965095996856,-0.1410620411396026,0.125,0.1429,Offensive,True,Below Replacement,Q1 (Worst)
OTI,Mike Mularkey,2016,2017,0.0548672080039978,-0.0371142029762268,0.5625,0.5625,Offensive,True,Above Replacement,Q3
OTI,Mike Munchak,2011,2012,0.0114297866821289,-0.0292353630065917,0.5625,0.375,Offensive,True,Replacement Level,Q3
OTI,Mike Munchak,2012,2013,-0.0292353630065917,-0.0139012038707733,0.375,0.4375,Offensive,True,Replacement Level,Q2
OTI,Mike Vrabel,2018,2019,0.1520743370056152,0.0286364555358886,0.5625,0.5625,Defensive,True,Above Replacement,Q5 (Best)
OTI,Mike Vrabel,2019,2020,0.0286364555358886,0.1239754557609558,0.5625,0.6875,Defensive,True,Replacement Level,Q3
OTI,Mike Vrabel,2020,2021,0.1239754557609558,0.1422115429878234,0.6875,0.7059,Defensive,True,Above Replacement,Q4
OTI,Mike Vrabel,2021,2022,0.1422115429878234,0.0042165248870849,0.7059,0.4118,Defensive,True,Above Replacement,Q5 (Best)
OTI,Mike Vrabel,2022,2023,0.0042165248870849,0.0746451930046081,0.4118,0.3529,Defensive,True,Replacement Level,Q3
PHI,Andy Reid,1999,2000,-0.1124647557735443,-0.0015152096748352,0.3125,0.6875,Offensive,True,Below Replacement,Q1 (Worst)
PHI,Andy Reid,2000,2001,-0.0015152096748352,0.1035159230232238,0.6875,0.6875,Offensive,True,Replacement Level,Q2
PHI,Andy Reid,2001,2002,0.1035159230232238,0.1370901465415954,0.6875,0.75,Offensive,True,Above Replacement,Q4
PHI,Andy Reid,2002,2003,0.1370901465415954,0.1315169930458068,0.75,0.75,Offensive,True,Above Replacement,Q5 (Best)
PHI,Andy Reid,2003,2004,0.1315169930458068,0.090936541557312,0.75,0.8125,Offensive,True,Above Replacement,Q5 (Best)
PHI,Andy Reid,2004,2005,0.090936541557312,0.0699555575847625,0.8125,0.375,Offensive,True,Above Replacement,Q4
PHI,Andy Reid,2005,2006,0.0699555575847625,-0.0070423483848571,0.375,0.625,Offensive,True,Above Replacement,Q4
PHI,Andy Reid,2006,2007,-0.0070423483848571,0.0050652027130126,0.625,0.5,Offensive,True,Replacement Level,Q2
PHI,Andy Reid,2007,2008,0.0050652027130126,-0.0529543840408325,0.5,0.5938,Offensive,True,Replacement Level,Q3
PHI,Andy Reid,2008,2009,-0.0529543840408325,0.0866093039512634,0.5938,0.6875,Offensive,True,Below Replacement,Q2
PHI,Andy Reid,2009,2010,0.0866093039512634,0.0350310802459716,0.6875,0.625,Offensive,True,Above Replacement,Q4
PHI,Andy Reid,2010,2011,0.0350310802459716,-0.0210567116737365,0.625,0.5,Offensive,True,Replacement Level,Q3
PHI,Andy Reid,2011,2012,-0.0210567116737365,-0.0571276545524597,0.5,0.25,Offensive,True,Replacement Level,Q2
PHI,Buddy Ryan,1986,1987,-0.1310147428035736,0.0530707661628723,0.3438,0.4667,Defensive,True,Below Replacement,Q1 (Worst)
PHI,Buddy Ryan,1987,1988,0.0530707661628723,-0.042141318321228,0.4667,0.625,Defensive,True,Above Replacement,Q3
PHI,Buddy Ryan,1988,1989,-0.042141318321228,0.005476176738739,0.625,0.6875,Defensive,True,Replacement Level,Q2
PHI,Buddy Ryan,1989,1990,0.005476176738739,0.0032967329025268,0.6875,0.625,Defensive,True,Replacement Level,Q3
PHI,Dick Vermeil,1976,1977,-0.0546508365154266,-0.236180553817749,0.2857,0.3571,Offensive,True,Below Replacement,Q2
PHI,Dick Vermeil,1977,1978,-0.236180553817749,-0.0740079283714294,0.3571,0.5625,Offensive,True,Below Replacement,Q1 (Worst)
PHI,Dick Vermeil,1978,1979,-0.0740079283714294,-0.0060990452766418,0.5625,0.6875,Offensive,True,Below Replacement,Q1 (Worst)
PHI,Dick Vermeil,1979,1980,-0.0060990452766418,0.0293354392051696,0.6875,0.75,Offensive,True,Replacement Level,Q2
PHI,Dick Vermeil,1980,1981,0.0293354392051696,-0.0199030041694641,0.75,0.625,Offensive,True,Replacement Level,Q3
PHI,Dick Vermeil,1981,1982,-0.0199030041694641,-0.0701139215946197,0.625,0.3333,Offensive,True,Replacement Level,Q2
PHI,Doug Pederson,2016,2017,-0.0632147192955017,0.2011969685554504,0.4375,0.8125,Offensive,True,Below Replacement,Q1 (Worst)
PHI,Doug Pederson,2017,2018,0.2011969685554504,0.086995929479599,0.8125,0.5625,Offensive,True,Above Replacement,Q5 (Best)
PHI,Doug Pederson,2018,2019,0.086995929479599,0.0714720785617828,0.5625,0.5625,Offensive,True,Above Replacement,Q4
PHI,Doug Pederson,2019,2020,0.0714720785617828,-0.0033752239227294,0.5625,0.2812,Offensive,True,Above Replacement,Q4
PHI,Marion Campbell,1983,1984,-0.1137752830982208,-0.0515431976795196,0.3125,0.4062,Defensive,True,Below Replacement,Q1 (Worst)
PHI,Marion Campbell,1984,1985,-0.0515431976795196,-0.010316526889801,0.4062,0.4,Defensive,True,Below Replacement,Q2
PHI,Mike McCormack,1973,1974,-0.0271285375118255,0.0756707489490509,0.3929,0.5,Offensive,True,Replacement Level,Q2
PHI,Mike McCormack,1974,1975,0.0756707489490509,-0.1794210606098175,0.5,0.2857,Offensive,True,Above Replacement,Q4
PHI,Nick Sirianni,2021,2022,-0.0161123782157898,0.0558921918869018,0.5294,0.8235,Offensive,True,Replacement Level,Q2
PHI,Nick Sirianni,2022,2023,0.0558921918869018,0.0658224507331848,0.8235,0.6471,Offensive,True,Above Replacement,Q3
PHI,Nick Sirianni,2023,2024,0.0658224507331848,0.1227276549339294,0.6471,0.8235,Offensive,True,Above Replacement,Q4
PHI,Ray Rhodes,1995,1996,0.1196132898330688,0.0973678231239318,0.625,0.625,Defensive,True,Above Replacement,Q4
PHI,Ray Rhodes,1996,1997,0.0973678231239318,0.0716264032840728,0.625,0.4062,Defensive,True,Above Replacement,Q4
PHI,Ray Rhodes,1997,1998,0.0716264032840728,-0.058683693408966,0.4062,0.1875,Defensive,True,Above Replacement,Q4
PHI,Rich Kotite,1991,1992,0.1004638075828552,-0.0211325883865356,0.625,0.6875,Offensive,True,Above Replacement,Q4
PHI,Rich Kotite,1992,1993,-0.0211325883865356,0.0495240092277526,0.6875,0.5,Offensive,True,Replacement Level,Q2
PHI,Rich Kotite,1993,1994,0.0495240092277526,-0.2122085690498352,0.5,0.4375,Offensive,True,Replacement Level,Q3
PIT,Bill Cowher,1992,1993,0.036530315876007,-0.08246910572052,0.6875,0.5625,Defensive,True,Replacement Level,Q3
PIT,Bill Cowher,1993,1994,-0.08246910572052,0.0729877352714538,0.5625,0.75,Defensive,True,Below Replacement,Q1 (Worst)
PIT,Bill Cowher,1994,1995,0.0729877352714538,0.185441792011261,0.75,0.6875,Defensive,True,Above Replacement,Q4
PIT,Bill Cowher,1995,1996,0.185441792011261,-0.0063735246658325,0.6875,0.625,Defensive,True,Above Replacement,Q5 (Best)
PIT,Bill Cowher,1996,1997,-0.0063735246658325,0.0798873901367187,0.625,0.6875,Defensive,True,Replacement Level,Q2
PIT,Bill Cowher,1997,1998,0.0798873901367187,-0.080861210823059,0.6875,0.4375,Defensive,True,Above Replacement,Q4
PIT,Bill Cowher,1998,1999,-0.080861210823059,-0.0091021955013275,0.4375,0.375,Defensive,True,Below Replacement,Q1 (Worst)
PIT,Bill Cowher,1999,2000,-0.0091021955013275,0.006607711315155,0.375,0.5625,Defensive,True,Replacement Level,Q2
PIT,Bill Cowher,2000,2001,0.006607711315155,0.1945326924324035,0.5625,0.8125,Defensive,True,Replacement Level,Q3
PIT,Bill Cowher,2001,2002,0.1945326924324035,0.1045051896095276,0.8125,0.6562,Defensive,True,Above Replacement,Q5 (Best)
PIT,Bill Cowher,2002,2003,0.1045051896095276,-0.0705185830593109,0.6562,0.375,Defensive,True,Above Replacement,Q4
PIT,Bill Cowher,2003,2004,-0.0705185830593109,0.2963468432426452,0.375,0.9375,Defensive,True,Below Replacement,Q1 (Worst)
PIT,Bill Cowher,2004,2005,0.2963468432426452,0.1764379739761352,0.9375,0.6875,Defensive,True,Above Replacement,Q5 (Best)
PIT,Bill Cowher,2005,2006,0.1764379739761352,-0.0373567938804626,0.6875,0.5,Defensive,True,Above Replacement,Q5 (Best)
PIT,Mike Tomlin,2007,2008,0.0621181726455688,0.1838566064834594,0.625,0.75,Defensive,True,Above Replacement,Q3
PIT,Mike Tomlin,2008,2009,0.1838566064834594,-0.035366415977478,0.75,0.5625,Defensive,True,Above Replacement,Q5 (Best)
PIT,Mike Tomlin,2009,2010,-0.035366415977478,0.0485128164291381,0.5625,0.75,Defensive,True,Replacement Level,Q2
PIT,Mike Tomlin,2010,2011,0.0485128164291381,0.1591216921806335,0.75,0.75,Defensive,True,Replacement Level,Q3
PIT,Mike Tomlin,2011,2012,0.1591216921806335,0.0779435336589813,0.75,0.5,Defensive,True,Above Replacement,Q5 (Best)
PIT,Mike Tomlin,2012,2013,0.0779435336589813,-0.0166566371917724,0.5,0.5,Defensive,True,Above Replacement,Q4
PIT,Mike Tomlin,2013,2014,-0.0166566371917724,-0.0047714710235595,0.5,0.6875,Defensive,True,Replacement Level,Q2
PIT,Mike Tomlin,2014,2015,-0.0047714710235595,0.2010604739189148,0.6875,0.625,Defensive,True,Replacement Level,Q2
PIT,Mike Tomlin,2015,2016,0.2010604739189148,0.1761788725852966,0.625,0.6875,Defensive,True,Above Replacement,Q5 (Best)
PIT,Mike Tomlin,2016,2017,0.1761788725852966,0.1901146173477172,0.6875,0.8125,Defensive,True,Above Replacement,Q5 (Best)
PIT,Mike Tomlin,2017,2018,0.1901146173477172,0.1233231938362121,0.8125,0.5938,Defensive,True,Above Replacement,Q5 (Best)
PIT,Mike Tomlin,2018,2019,0.1233231938362121,0.0972171425819397,0.5938,0.5,Defensive,True,Above Replacement,Q4
PIT,Mike Tomlin,2019,2020,0.0972171425819397,0.1203308701515197,0.5,0.75,Defensive,True,Above Replacement,Q4
PIT,Mike Tomlin,2020,2021,0.1203308701515197,-0.0183990418434143,0.75,0.5588,Defensive,True,Above Replacement,Q4
PIT,Mike Tomlin,2021,2022,-0.0183990418434143,-0.0268443733215332,0.5588,0.5294,Defensive,True,Replacement Level,Q2
PIT,Mike Tomlin,2022,2023,-0.0268443733215332,-0.0594340889930725,0.5294,0.5882,Defensive,True,Replacement Level,Q2
PIT,Mike Tomlin,2023,2024,-0.0594340889930725,0.0050750643730163,0.5882,0.5882,Defensive,True,Below Replacement,Q2
RAI,Art Shell,1990,1991,0.1153621673583984,0.0791268348693847,0.75,0.5625,Offensive,True,Above Replacement,Q4
RAI,Art Shell,1991,1992,0.0791268348693847,0.0727099478244781,0.5625,0.4375,Offensive,True,Above Replacement,Q4
RAI,Art Shell,1992,1993,0.0727099478244781,0.0494245290756225,0.4375,0.625,Offensive,True,Above Replacement,Q4
RAI,Art Shell,1993,1994,0.0494245290756225,0.0381474494934082,0.625,0.5625,Offensive,True,Replacement Level,Q3
RAI,Bill Callahan,2002,2003,0.014348566532135,-0.0528026521205902,0.6875,0.25,Offensive,True,Replacement Level,Q3
RAI,Dennis Allen,2012,2013,-0.1380188167095184,-0.0056869685649871,0.25,0.25,Defensive,True,Below Replacement,Q1 (Worst)
RAI,Dennis Allen,2013,2014,-0.0056869685649871,-0.2774557769298553,0.25,0.0,Defensive,True,Replacement Level,Q2
RAI,Jack Del Rio,2015,2016,0.0317937731742858,0.0908610820770263,0.4375,0.75,Defensive,True,Replacement Level,Q3
RAI,Jack Del Rio,2016,2017,0.0908610820770263,-0.0846636593341827,0.75,0.375,Defensive,True,Above Replacement,Q4
RAI,John Madden,1970,1971,0.121420929813385,0.0463491777420044,0.6429,0.6429,Defensive,True,Above Replacement,Q4
RAI,John Madden,1971,1972,0.0463491777420044,0.0538205504417419,0.6429,0.75,Defensive,True,Replacement Level,Q3
RAI,John Madden,1972,1973,0.0538205504417419,0.1007633076667785,0.75,0.6786,Defensive,True,Above Replacement,Q3
RAI,John Madden,1973,1974,0.1007633076667785,0.1930472155570983,0.6786,0.8571,Defensive,True,Above Replacement,Q4
RAI,John Madden,1974,1975,0.1930472155570983,0.1122012502670287,0.8571,0.7857,Defensive,True,Above Replacement,Q5 (Best)
RAI,John Madden,1975,1976,0.1122012502670287,0.3116193281173706,0.7857,0.9286,Defensive,True,Above Replacement,Q4
RAI,John Madden,1976,1977,0.3116193281173706,0.1517809397697448,0.9286,0.7857,Defensive,True,Above Replacement,Q5 (Best)
RAI,John Madden,1977,1978,0.1517809397697448,-0.0226274132728576,0.7857,0.5625,Defensive,True,Above Replacement,Q5 (Best)
RAI,Jon Gruden,1998,1999,-0.046548306941986,-0.1119974255561828,0.5,0.5,Offensive,True,Replacement Level,Q2
RAI,Jon Gruden,1999,2000,-0.1119974255561828,0.0034005045890808,0.5,0.75,Offensive,True,Below Replacement,Q1 (Worst)
RAI,Jon Gruden,2000,2001,0.0034005045890808,-0.0003856420516967,0.75,0.625,Offensive,True,Replacement Level,Q3
RAI,Jon Gruden,2018,2019,-0.1645794510841369,-0.0236664116382598,0.25,0.4375,Offensive,True,Below Replacement,Q1 (Worst)
RAI,Jon Gruden,2019,2020,-0.0236664116382598,0.025601714849472,0.4375,0.5,Offensive,True,Replacement Level,Q2
RAI,Jon Gruden,2020,2021,0.025601714849472,0.1088706910610198,0.5,0.6,Offensive,True,Replacement Level,Q3
RAI,Josh McDaniels,2022,2023,0.0002713815212249,-0.0255173742771148,0.3529,0.375,Offensive,True,Replacement Level,Q2
RAI,Lane Kiffin,2007,2008,-0.0590349733829498,-0.251487135887146,0.25,0.25,Offensive,True,Below Replacement,Q2
RAI,Mike Shanahan,1988,1989,0.0745873749256134,-0.0846442580223083,0.4375,0.25,Offensive,True,Above Replacement,Q4
RAI,Norv Turner,2004,2005,0.0121087729930877,-0.1185146272182464,0.3125,0.25,Offensive,True,Replacement Level,Q3
RAI,Tom Cable,2009,2010,0.0574301779270172,0.0670109689235687,0.3125,0.5,Offensive,True,Above Replacement,Q3
RAI,Tom Flores,1979,1980,-0.0314216017723083,0.0526117086410522,0.5625,0.6875,Offensive,True,Replacement Level,Q2
RAI,Tom Flores,1980,1981,0.0526117086410522,-0.0028258860111236,0.6875,0.4375,Offensive,True,Above Replacement,Q3
RAI,Tom Flores,1981,1982,-0.0028258860111236,0.3010147990226746,0.4375,0.8889,Offensive,True,Replacement Level,Q2
RAI,Tom Flores,1982,1983,0.3010147990226746,0.1767218708992004,0.8889,0.75,Offensive,True,Above Replacement,Q5 (Best)
RAI,Tom Flores,1983,1984,0.1767218708992004,0.1545218229293823,0.75,0.6875,Offensive,True,Above Replacement,Q5 (Best)
RAI,Tom Flores,1984,1985,0.1545218229293823,0.2268908023834228,0.6875,0.75,Offensive,True,Above Replacement,Q5 (Best)
RAI,Tom Flores,1985,1986,0.2268908023834228,0.0007918775081634,0.75,0.5,Offensive,True,Above Replacement,Q5 (Best)
RAI,Tom Flores,1986,1987,0.0007918775081634,0.031377768087387,0.5,0.3333,Offensive,True,Replacement Level,Q2
RAM,Chuck Knox,1973,1974,0.1221173306465148,0.0625897877693176,0.8571,0.7143,Offensive,True,Above Replacement,Q4
RAM,Chuck Knox,1974,1975,0.0625897877693176,0.1506037016868591,0.7143,0.8571,Offensive,True,Above Replacement,Q4
RAM,Chuck Knox,1975,1976,0.1506037016868591,0.0885455608367919,0.8571,0.75,Offensive,True,Above Replacement,Q5 (Best)
RAM,Chuck Knox,1976,1977,0.0885455608367919,0.0122753613471985,0.75,0.7143,Offensive,True,Above Replacement,Q4
RAM,Chuck Knox,1992,1993,-0.0533561408519744,0.0449406802654266,0.375,0.3125,Offensive,True,Below Replacement,Q2
RAM,Chuck Knox,1993,1994,0.0449406802654266,-0.0482302904129028,0.3125,0.25,Offensive,True,Replacement Level,Q3
RAM,Dick Vermeil,1997,1998,-0.1592374742031097,-0.1071922779083252,0.3125,0.25,Offensive,True,Below Replacement,Q1 (Worst)
RAM,Dick Vermeil,1998,1999,-0.1071922779083252,0.0704011917114257,0.25,0.8125,Offensive,True,Below Replacement,Q1 (Worst)
RAM,Jeff Fisher,2012,2013,-0.0595410549163818,0.0301669538021087,0.4688,0.4375,Defensive,True,Below Replacement,Q2
RAM,Jeff Fisher,2013,2014,0.0301669538021087,0.0866936445236206,0.4375,0.375,Defensive,True,Replacement Level,Q3
RAM,Jeff Fisher,2014,2015,0.0866936445236206,0.0920453965663909,0.375,0.4375,Defensive,True,Above Replacement,Q4
RAM,Jeff Fisher,2015,2016,0.0920453965663909,-0.026799180316925,0.4375,0.3077,Defensive,True,Above Replacement,Q4
RAM,John Robinson,1983,1984,0.0323529243469238,0.1345780193805694,0.5625,0.625,Offensive,True,Replacement Level,Q3
RAM,John Robinson,1984,1985,0.1345780193805694,-0.0389595627784729,0.625,0.6875,Offensive,True,Above Replacement,Q5 (Best)
RAM,John Robinson,1985,1986,-0.0389595627784729,-0.0384256243705749,0.6875,0.625,Offensive,True,Replacement Level,Q2
RAM,John Robinson,1986,1987,-0.0384256243705749,0.1038509249687195,0.625,0.4,Offensive,True,Replacement Level,Q2
RAM,John Robinson,1987,1988,0.1038509249687195,-0.0270217061042785,0.4,0.625,Offensive,True,Above Replacement,Q4
RAM,John Robinson,1988,1989,-0.0270217061042785,0.0655353069305419,0.625,0.6875,Offensive,True,Replacement Level,Q2
RAM,John Robinson,1989,1990,0.0655353069305419,-0.1391818821430206,0.6875,0.3125,Offensive,True,Above Replacement,Q4
RAM,John Robinson,1990,1991,-0.1391818821430206,-0.1056509613990783,0.3125,0.1875,Offensive,True,Below Replacement,Q1 (Worst)
RAM,Mike Martz,2000,2001,0.0565530657768249,0.1862828731536865,0.625,0.875,Offensive,True,Above Replacement,Q3
RAM,Mike Martz,2001,2002,0.1862828731536865,0.1481992304325103,0.875,0.4375,Offensive,True,Above Replacement,Q5 (Best)
RAM,Mike Martz,2002,2003,0.1481992304325103,0.1289967894554138,0.4375,0.75,Offensive,True,Above Replacement,Q5 (Best)
RAM,Mike Martz,2003,2004,0.1289967894554138,0.0759016573429107,0.75,0.5,Offensive,True,Above Replacement,Q5 (Best)
RAM,Mike Martz,2004,2005,0.0759016573429107,0.0993462741374969,0.5,0.4,Offensive,True,Above Replacement,Q4
RAM,Ray Malavasi,1978,1979,0.0740439891815185,0.1496875286102295,0.75,0.5625,Defensive,True,Above Replacement,Q4
RAM,Ray Malavasi,1979,1980,0.1496875286102295,0.1022632718086242,0.5625,0.6875,Defensive,True,Above Replacement,Q5 (Best)
RAM,Ray Malavasi,1980,1981,0.1022632718086242,0.0452301502227783,0.6875,0.375,Defensive,True,Above Replacement,Q4
RAM,Ray Malavasi,1981,1982,0.0452301502227783,-0.0837374094009399,0.375,0.2222,Defensive,True,Replacement Level,Q3
RAM,Rich Brooks,1995,1996,-0.0666497945785522,-0.0934596359729766,0.4375,0.375,Defensive,True,Below Replacement,Q1 (Worst)
RAM,Scott Linehan,2006,2007,-0.097581923007965,-0.1346482336521148,0.5,0.1875,Offensive,True,Below Replacement,Q1 (Worst)
RAM,Scott Linehan,2007,2008,-0.1346482336521148,-0.2988209426403045,0.1875,0.0,Offensive,True,Below Replacement,Q1 (Worst)
RAM,Sean McVay,2017,2018,-0.002335786819458,0.1290907263755798,0.6875,0.8125,Offensive,True,Replacement Level,Q2
RAM,Sean McVay,2018,2019,0.1290907263755798,0.0022154450416564,0.8125,0.5625,Offensive,True,Above Replacement,Q5 (Best)
RAM,Sean McVay,2019,2020,0.0022154450416564,0.0756961703300476,0.5625,0.625,Offensive,True,Replacement Level,Q3
RAM,Sean McVay,2020,2021,0.0756961703300476,0.1337029203414916,0.625,0.7059,Offensive,True,Above Replacement,Q4
RAM,Sean McVay,2021,2022,0.1337029203414916,-0.0737903579711914,0.7059,0.2941,Offensive,True,Above Replacement,Q5 (Best)
RAM,Sean McVay,2022,2023,-0.0737903579711914,0.0944475204467772,0.2941,0.5882,Offensive,True,Below Replacement,Q1 (Worst)
RAM,Sean McVay,2023,2024,0.0944475204467772,-0.0388299553871155,0.5882,0.5882,Offensive,True,Above Replacement,Q4
RAM,Steve Spagnuolo,2009,2010,-0.0922733843326568,-0.0338080525398254,0.0625,0.4375,Defensive,True,Below Replacement,Q1 (Worst)
RAM,Steve Spagnuolo,2010,2011,-0.0338080525398254,-0.2516803443431854,0.4375,0.125,Defensive,True,Replacement Level,Q2
RAM,Tommy Prothro,1971,1972,-0.0893841485023498,-0.0145580536842346,0.6071,0.4643,Other,True,Below Replacement,Q1 (Worst)
RAV,Brian Billick,1999,2000,-0.0163695812225341,0.111515998840332,0.5,0.75,Offensive,True,Replacement Level,Q2
RAV,Brian Billick,2000,2001,0.111515998840332,0.1981191635131836,0.75,0.625,Offensive,True,Above Replacement,Q4
RAV,Brian Billick,2001,2002,0.1981191635131836,-0.0752768516540527,0.625,0.4375,Offensive,True,Above Replacement,Q5 (Best)
RAV,Brian Billick,2002,2003,-0.0752768516540527,0.0461739897727966,0.4375,0.625,Offensive,True,Below Replacement,Q1 (Worst)
RAV,Brian Billick,2003,2004,0.0461739897727966,-0.0751567482948303,0.625,0.5625,Offensive,True,Replacement Level,Q3
RAV,Brian Billick,2004,2005,-0.0751567482948303,0.0154284834861755,0.5625,0.375,Offensive,True,Below Replacement,Q1 (Worst)
RAV,Brian Billick,2005,2006,0.0154284834861755,0.1301382184028625,0.375,0.8125,Offensive,True,Replacement Level,Q3
RAV,Brian Billick,2006,2007,0.1301382184028625,-0.1025527417659759,0.8125,0.3125,Offensive,True,Above Replacement,Q5 (Best)
RAV,Ted Marchibroda,1996,1997,-0.1715594232082367,-0.1193520939826965,0.25,0.4062,Offensive,True,Below Replacement,Q1 (Worst)
RAV,Ted Marchibroda,1997,1998,-0.1193520939826965,-0.1330208778381347,0.4062,0.375,Offensive,True,Below Replacement,Q1 (Worst)
SDG,Al Saunders,1987,1988,0.2478843505859375,0.082607090473175,0.5333,0.375,Offensive,True,Above Replacement,Q5 (Best)
SDG,Anthony Lynn,2017,2018,-0.1048967242240905,0.1734128594398498,0.5625,0.75,Offensive,True,Below Replacement,Q1 (Worst)
SDG,Anthony Lynn,2018,2019,0.1734128594398498,-0.164859652519226,0.75,0.3125,Offensive,True,Above Replacement,Q5 (Best)
SDG,Anthony Lynn,2019,2020,-0.164859652519226,0.0024908781051635,0.3125,0.4375,Offensive,True,Below Replacement,Q1 (Worst)
SDG,Bobby Ross,1992,1993,0.0759105086326599,-0.0282762646675109,0.6875,0.5,Offensive,True,Above Replacement,Q4
SDG,Bobby Ross,1993,1994,-0.0282762646675109,0.0496447682380676,0.5,0.6875,Offensive,True,Replacement Level,Q2
SDG,Bobby Ross,1994,1995,0.0496447682380676,0.0921016037464141,0.6875,0.5625,Offensive,True,Replacement Level,Q3
SDG,Bobby Ross,1995,1996,0.0921016037464141,0.0813982188701629,0.5625,0.5,Offensive,True,Above Replacement,Q4
SDG,Brandon Staley,2021,2022,0.0318404227733611,-0.0560800164222717,0.5294,0.5882,Defensive,True,Replacement Level,Q3
SDG,Brandon Staley,2022,2023,-0.0560800164222717,-0.0499881605148315,0.5882,0.3571,Defensive,True,Below Replacement,Q2
SDG,Dan Henning,1989,1990,-0.075108528137207,0.0073758959770202,0.375,0.375,Offensive,True,Below Replacement,Q1 (Worst)
SDG,Dan Henning,1990,1991,0.0073758959770202,-0.2671331167221069,0.375,0.25,Offensive,True,Replacement Level,Q3
SDG,Don Coryell,1979,1980,0.1544539928436279,0.1778814196586609,0.75,0.6875,Other,True,Above Replacement,Q5 (Best)
SDG,Don Coryell,1980,1981,0.1778814196586609,0.0304128527641296,0.6875,0.625,Other,True,Above Replacement,Q5 (Best)
SDG,Don Coryell,1981,1982,0.0304128527641296,0.1079067532539367,0.625,0.6667,Other,True,Replacement Level,Q3
SDG,Don Coryell,1982,1983,0.1079067532539367,0.0612557530403137,0.6667,0.375,Other,True,Above Replacement,Q4
SDG,Don Coryell,1983,1984,0.0612557530403137,-0.0072533190250396,0.375,0.4375,Other,True,Above Replacement,Q3
SDG,Don Coryell,1984,1985,-0.0072533190250396,0.0055746436119079,0.4375,0.5,Other,True,Replacement Level,Q2
SDG,Don Coryell,1985,1986,0.0055746436119079,-0.1293007135391235,0.5,0.125,Other,True,Replacement Level,Q3
SDG,Harland Svare,1972,1973,-0.1574803756237029,-0.0912995934486389,0.3214,0.1875,Defensive,True,Below Replacement,Q1 (Worst)
SDG,Marty Schottenheimer,2002,2003,-0.062710165977478,-0.0387511551380157,0.5,0.25,Defensive,True,Below Replacement,Q2
SDG,Marty Schottenheimer,2003,2004,-0.0387511551380157,0.0958235263824462,0.25,0.75,Defensive,True,Replacement Level,Q2
SDG,Marty Schottenheimer,2004,2005,0.0958235263824462,0.0774009823799133,0.75,0.5625,Defensive,True,Above Replacement,Q4
SDG,Marty Schottenheimer,2005,2006,0.0774009823799133,0.2195128798484802,0.5625,0.875,Defensive,True,Above Replacement,Q4
SDG,Mike McCoy,2013,2014,0.0473431348800659,0.2026845514774322,0.5625,0.5625,Offensive,True,Replacement Level,Q3
SDG,Mike McCoy,2014,2015,0.2026845514774322,-0.1064594984054565,0.5625,0.25,Offensive,True,Above Replacement,Q5 (Best)
SDG,Mike McCoy,2015,2016,-0.1064594984054565,-0.0900624990463256,0.25,0.3125,Offensive,True,Below Replacement,Q1 (Worst)
SDG,Mike Riley,1999,2000,0.1515233218669891,-0.2312399446964264,0.5,0.0625,Defensive,True,Above Replacement,Q5 (Best)
SDG,Mike Riley,2000,2001,-0.2312399446964264,-0.2223883867263794,0.0625,0.3125,Defensive,True,Below Replacement,Q1 (Worst)
SDG,Norv Turner,2007,2008,0.1280107498168945,-0.1679012775421142,0.6875,0.5,Offensive,True,Above Replacement,Q5 (Best)
SDG,Norv Turner,2008,2009,-0.1679012775421142,0.2025072574615478,0.5,0.8125,Offensive,True,Below Replacement,Q1 (Worst)
SDG,Norv Turner,2009,2010,0.2025072574615478,-0.0440133810043334,0.8125,0.5625,Offensive,True,Above Replacement,Q5 (Best)
SDG,Norv Turner,2010,2011,-0.0440133810043334,-0.1092061996459961,0.5625,0.5,Offensive,True,Replacement Level,Q2
SDG,Norv Turner,2011,2012,-0.1092061996459961,-0.0405542254447937,0.5,0.4375,Offensive,True,Below Replacement,Q1 (Worst)
SDG,Tommy Prothro,1974,1975,0.0684480567932128,-0.1484103699684143,0.3571,0.1429,Other,True,Above Replacement,Q4
SDG,Tommy Prothro,1975,1976,-0.1484103699684143,0.049106078004837,0.1429,0.4286,Other,True,Below Replacement,Q1 (Worst)
SDG,Tommy Prothro,1976,1977,0.049106078004837,0.1342638731002807,0.4286,0.5,Other,True,Replacement Level,Q3
SDG,Tommy Prothro,1977,1978,0.1342638731002807,-0.1753879189491272,0.5,0.25,Other,True,Above Replacement,Q5 (Best)
SEA,Chuck Knox,1983,1984,0.0679900348186492,0.1210676431655883,0.5625,0.75,Offensive,True,Above Replacement,Q4
SEA,Chuck Knox,1984,1985,0.1210676431655883,-0.1013885140419006,0.75,0.5,Offensive,True,Above Replacement,Q4
SEA,Chuck Knox,1985,1986,-0.1013885140419006,-0.0226339697837829,0.5,0.625,Offensive,True,Below Replacement,Q1 (Worst)
SEA,Chuck Knox,1986,1987,-0.0226339697837829,0.2285896897315978,0.625,0.6,Offensive,True,Replacement Level,Q2
SEA,Chuck Knox,1987,1988,0.2285896897315978,0.0730518400669097,0.6,0.5625,Offensive,True,Above Replacement,Q5 (Best)
SEA,Chuck Knox,1988,1989,0.0730518400669097,0.0819076299667358,0.5625,0.4375,Offensive,True,Above Replacement,Q4
SEA,Chuck Knox,1989,1990,0.0819076299667358,0.1091158986091613,0.4375,0.5625,Offensive,True,Above Replacement,Q4
SEA,Chuck Knox,1990,1991,0.1091158986091613,0.0765297412872314,0.5625,0.4375,Offensive,True,Above Replacement,Q4
SEA,Dennis Erickson,1995,1996,0.0444335341453552,0.0708543956279754,0.5,0.4375,Offensive,True,Replacement Level,Q3
SEA,Dennis Erickson,1996,1997,0.0708543956279754,0.1306749582290649,0.4375,0.5,Offensive,True,Above Replacement,Q4
SEA,Dennis Erickson,1997,1998,0.1306749582290649,0.015903502702713,0.5,0.5,Offensive,True,Above Replacement,Q5 (Best)
SEA,Jack Patera,1976,1977,-0.2499690552711486,-0.097641895198822,0.1429,0.3571,Defensive,True,Below Replacement,Q1 (Worst)
SEA,Jack Patera,1977,1978,-0.097641895198822,-0.0704864263534545,0.3571,0.5625,Defensive,True,Below Replacement,Q1 (Worst)
SEA,Jack Patera,1978,1979,-0.0704864263534545,0.0998829305171966,0.5625,0.5625,Defensive,True,Below Replacement,Q1 (Worst)
SEA,Jack Patera,1979,1980,0.0998829305171966,-0.2209930419921875,0.5625,0.25,Defensive,True,Above Replacement,Q4
SEA,Jack Patera,1980,1981,-0.2209930419921875,-0.142258882522583,0.25,0.375,Defensive,True,Below Replacement,Q1 (Worst)
SEA,Jack Patera,1981,1982,-0.142258882522583,-0.3976679444313049,0.375,0.0,Defensive,True,Below Replacement,Q1 (Worst)
SEA,Mike Holmgren,1999,2000,-0.0525062680244445,0.0414412915706634,0.5625,0.375,Offensive,True,Below Replacement,Q2
SEA,Mike Holmgren,2000,2001,0.0414412915706634,0.1018815040588378,0.375,0.5625,Offensive,True,Replacement Level,Q3
SEA,Mike Holmgren,2001,2002,0.1018815040588378,-0.0107185542583465,0.5625,0.4375,Offensive,True,Above Replacement,Q4
SEA,Mike Holmgren,2002,2003,-0.0107185542583465,0.1141848564147949,0.4375,0.625,Offensive,True,Replacement Level,Q2
SEA,Mike Holmgren,2003,2004,0.1141848564147949,-0.0134548544883728,0.625,0.5625,Offensive,True,Above Replacement,Q4
SEA,Mike Holmgren,2004,2005,-0.0134548544883728,0.1849631071090698,0.5625,0.8125,Offensive,True,Replacement Level,Q2
SEA,Mike Holmgren,2005,2006,0.1849631071090698,0.2012432515621185,0.8125,0.5625,Offensive,True,Above Replacement,Q5 (Best)
SEA,Mike Holmgren,2006,2007,0.2012432515621185,-0.1027500629425048,0.5625,0.625,Offensive,True,Above Replacement,Q5 (Best)
SEA,Mike Holmgren,2007,2008,-0.1027500629425048,-0.0734808146953582,0.625,0.25,Offensive,True,Below Replacement,Q1 (Worst)
SEA,Pete Carroll,2010,2011,0.0514774024486541,-0.1468545794486999,0.4375,0.4375,Defensive,True,Above Replacement,Q3
SEA,Pete Carroll,2011,2012,-0.1468545794486999,0.0939627289772033,0.4375,0.6875,Defensive,True,Below Replacement,Q1 (Worst)
SEA,Pete Carroll,2012,2013,0.0939627289772033,0.216345727443695,0.6875,0.8125,Defensive,True,Above Replacement,Q4
SEA,Pete Carroll,2013,2014,0.216345727443695,0.1326233148574829,0.8125,0.75,Defensive,True,Above Replacement,Q5 (Best)
SEA,Pete Carroll,2014,2015,0.1326233148574829,0.0060231089591979,0.75,0.625,Defensive,True,Above Replacement,Q5 (Best)
SEA,Pete Carroll,2015,2016,0.0060231089591979,0.1247146808624267,0.625,0.6562,Defensive,True,Replacement Level,Q3
SEA,Pete Carroll,2016,2017,0.1247146808624267,0.063798189163208,0.6562,0.5625,Defensive,True,Above Replacement,Q4
SEA,Pete Carroll,2017,2018,0.063798189163208,0.0363402366638183,0.5625,0.625,Defensive,True,Above Replacement,Q4
SEA,Pete Carroll,2018,2019,0.0363402366638183,0.0391955375671386,0.625,0.6875,Defensive,True,Replacement Level,Q3
SEA,Pete Carroll,2019,2020,0.0391955375671386,0.1803006529808044,0.6875,0.75,Defensive,True,Replacement Level,Q3
SEA,Pete Carroll,2020,2021,0.1803006529808044,-0.1277417809486389,0.75,0.4118,Defensive,True,Above Replacement,Q5 (Best)
SEA,Pete Carroll,2021,2022,-0.1277417809486389,0.0521908492088317,0.4118,0.5294,Defensive,True,Below Replacement,Q1 (Worst)
SEA,Pete Carroll,2022,2023,0.0521908492088317,0.0476054042816161,0.5294,0.5294,Defensive,True,Above Replacement,Q3
SEA,Tom Flores,1992,1993,-0.2629695534706116,-0.1652307510375976,0.125,0.375,Offensive,True,Below Replacement,Q1 (Worst)
SEA,Tom Flores,1993,1994,-0.1652307510375976,-0.2301424145698547,0.375,0.375,Offensive,True,Below Replacement,Q1 (Worst)
SFO,Bill Walsh,1979,1980,-0.3165964484214782,0.0915928483009338,0.125,0.375,Offensive,True,Below Replacement,Q1 (Worst)
SFO,Bill Walsh,1980,1981,0.0915928483009338,0.1191624402999877,0.375,0.8125,Offensive,True,Above Replacement,Q4
SFO,Bill Walsh,1981,1982,0.1191624402999877,-0.0783019606590271,0.8125,0.3333,Offensive,True,Above Replacement,Q4
SFO,Bill Walsh,1982,1983,-0.0783019606590271,-0.0672637224197387,0.3333,0.625,Offensive,True,Below Replacement,Q1 (Worst)
SFO,Bill Walsh,1983,1984,-0.0672637224197387,0.1680522561073303,0.625,0.9375,Offensive,True,Below Replacement,Q1 (Worst)
SFO,Bill Walsh,1984,1985,0.1680522561073303,-0.0384995937347412,0.9375,0.625,Offensive,True,Above Replacement,Q5 (Best)
SFO,Bill Walsh,1985,1986,-0.0384995937347412,0.0912867271423339,0.625,0.6562,Offensive,True,Replacement Level,Q2
SFO,Bill Walsh,1986,1987,0.0912867271423339,0.3087109987258911,0.6562,0.8667,Offensive,True,Above Replacement,Q4
SFO,Bill Walsh,1987,1988,0.3087109987258911,-0.0504262447357177,0.8667,0.625,Offensive,True,Above Replacement,Q5 (Best)
SFO,Dennis Erickson,2003,2004,-0.0555853545665741,-0.079318031668663,0.4375,0.125,Offensive,True,Below Replacement,Q2
SFO,George Seifert,1989,1990,0.2097073793411255,0.2262404561042785,0.875,0.875,Defensive,True,Above Replacement,Q5 (Best)
SFO,George Seifert,1990,1991,0.2262404561042785,0.1243644952774047,0.875,0.625,Defensive,True,Above Replacement,Q5 (Best)
SFO,George Seifert,1991,1992,0.1243644952774047,0.1646831631660461,0.625,0.875,Defensive,True,Above Replacement,Q4
SFO,George Seifert,1992,1993,0.1646831631660461,-0.0241367220878601,0.875,0.625,Defensive,True,Above Replacement,Q5 (Best)
SFO,George Seifert,1993,1994,-0.0241367220878601,0.0662433505058288,0.625,0.8125,Defensive,True,Replacement Level,Q2
SFO,George Seifert,1994,1995,0.0662433505058288,0.0224815011024475,0.8125,0.6875,Defensive,True,Above Replacement,Q4
SFO,George Seifert,1995,1996,0.0224815011024475,0.121393084526062,0.6875,0.75,Defensive,True,Replacement Level,Q3
SFO,Jim Harbaugh,2011,2012,0.121204674243927,0.1072423375129699,0.8125,0.7188,Offensive,True,Above Replacement,Q4
SFO,Jim Harbaugh,2012,2013,0.1072423375129699,0.0964272618293762,0.7188,0.75,Offensive,True,Above Replacement,Q4
SFO,Jim Harbaugh,2013,2014,0.0964272618293762,-0.0392665863037109,0.75,0.5,Offensive,True,Above Replacement,Q4
SFO,Kyle Shanahan,2017,2018,0.1090436875820159,0.0176451951265335,0.375,0.25,Offensive,True,Above Replacement,Q4
SFO,Kyle Shanahan,2018,2019,0.0176451951265335,0.2736717462539673,0.25,0.8125,Offensive,True,Replacement Level,Q3
SFO,Kyle Shanahan,2019,2020,0.2736717462539673,0.1184731125831604,0.8125,0.375,Offensive,True,Above Replacement,Q5 (Best)
SFO,Kyle Shanahan,2020,2021,0.1184731125831604,0.1237573892593383,0.375,0.5882,Offensive,True,Above Replacement,Q4
SFO,Kyle Shanahan,2021,2022,0.1237573892593383,0.0759025856971741,0.5882,0.7647,Offensive,True,Above Replacement,Q4
SFO,Kyle Shanahan,2022,2023,0.0759025856971741,0.0121976598739623,0.7647,0.7059,Offensive,True,Above Replacement,Q4
SFO,Kyle Shanahan,2023,2024,0.0121976598739623,0.0202855185508727,0.7059,0.3529,Offensive,True,Replacement Level,Q3
SFO,Mike Nolan,2005,2006,0.0028333365917205,-0.0819588899612426,0.25,0.4375,Defensive,True,Replacement Level,Q3
SFO,Mike Nolan,2006,2007,-0.0819588899612426,-0.0255134999752044,0.4375,0.3125,Defensive,True,Below Replacement,Q1 (Worst)
SFO,Mike Nolan,2007,2008,-0.0255134999752044,-0.1380134456634521,0.3125,0.2857,Defensive,True,Replacement Level,Q2
SFO,Mike Singletary,2009,2010,-0.0505173206329345,-0.042734528017044,0.5,0.3333,Defensive,True,Below Replacement,Q2
SFO,Steve Mariucci,1997,1998,0.0658090710639953,0.1105989217758178,0.8125,0.75,Offensive,True,Above Replacement,Q4
SFO,Steve Mariucci,1998,1999,0.1105989217758178,-0.0680150389671325,0.75,0.25,Offensive,True,Above Replacement,Q4
SFO,Steve Mariucci,1999,2000,-0.0680150389671325,-0.173164963722229,0.25,0.375,Offensive,True,Below Replacement,Q1 (Worst)
SFO,Steve Mariucci,2000,2001,-0.173164963722229,0.0642846822738647,0.375,0.75,Offensive,True,Below Replacement,Q1 (Worst)
SFO,Steve Mariucci,2001,2002,0.0642846822738647,0.0190477967262268,0.75,0.625,Offensive,True,Above Replacement,Q4
TAM,Bruce Arians,2019,2020,0.0259563624858856,0.0318143367767334,0.4375,0.6875,Offensive,True,Replacement Level,Q3
TAM,Bruce Arians,2020,2021,0.0318143367767334,0.1262611791610718,0.6875,0.7647,Offensive,True,Replacement Level,Q3
TAM,Dirk Koetter,2016,2017,0.0503212809562683,-0.0779049396514892,0.5625,0.3125,Offensive,True,Above Replacement,Q3
TAM,Dirk Koetter,2017,2018,-0.0779049396514892,-0.0932380259037017,0.3125,0.3125,Offensive,True,Below Replacement,Q1 (Worst)
TAM,Greg Schiano,2012,2013,0.0027753412723541,-0.2513681054115295,0.4375,0.25,Defensive,True,Replacement Level,Q3
TAM,John McKay,1976,1977,-0.19714917242527,-0.2481176157951355,0.0,0.1429,Other,True,Below Replacement,Q1 (Worst)
TAM,John McKay,1977,1978,-0.2481176157951355,-0.211625874042511,0.1429,0.3125,Other,True,Below Replacement,Q1 (Worst)
TAM,John McKay,1978,1979,-0.211625874042511,0.0777701139450073,0.3125,0.625,Other,True,Below Replacement,Q1 (Worst)
TAM,John McKay,1979,1980,0.0777701139450073,-0.1796404802322387,0.625,0.3438,Other,True,Above Replacement,Q4
TAM,John McKay,1980,1981,-0.1796404802322387,-0.1285688281059265,0.3438,0.5625,Other,True,Below Replacement,Q1 (Worst)
TAM,John McKay,1981,1982,-0.1285688281059265,0.1850958889484405,0.5625,0.5556,Other,True,Below Replacement,Q1 (Worst)
TAM,John McKay,1982,1983,0.1850958889484405,-0.2065632939338684,0.5556,0.125,Other,True,Above Replacement,Q5 (Best)
TAM,John McKay,1983,1984,-0.2065632939338684,-0.042478322982788,0.125,0.375,Other,True,Below Replacement,Q1 (Worst)
TAM,Jon Gruden,2002,2003,0.0401561856269836,-0.1584754586219787,0.75,0.4375,Offensive,True,Replacement Level,Q3
TAM,Jon Gruden,2003,2004,-0.1584754586219787,-0.128635823726654,0.4375,0.3125,Offensive,True,Below Replacement,Q1 (Worst)
TAM,Jon Gruden,2004,2005,-0.128635823726654,0.0911829471588134,0.3125,0.6875,Offensive,True,Below Replacement,Q1 (Worst)
TAM,Jon Gruden,2005,2006,0.0911829471588134,-0.048951655626297,0.6875,0.25,Offensive,True,Above Replacement,Q4
TAM,Jon Gruden,2006,2007,-0.048951655626297,-0.0491115450859069,0.25,0.5625,Offensive,True,Replacement Level,Q2
TAM,Jon Gruden,2007,2008,-0.0491115450859069,0.0108136534690856,0.5625,0.5625,Offensive,True,Replacement Level,Q2
TAM,Leeman Bennett,1985,1986,-0.1709643602371215,-0.2041849195957183,0.125,0.125,Offensive,True,Below Replacement,Q1 (Worst)
TAM,Lovie Smith,2014,2015,-0.1589815020561218,-0.0227445662021636,0.125,0.375,Defensive,True,Below Replacement,Q1 (Worst)
TAM,Ray Perkins,1987,1988,-0.0247294898509979,-0.0795035362243652,0.2667,0.3125,Offensive,True,Replacement Level,Q2
TAM,Ray Perkins,1988,1989,-0.0795035362243652,-0.0822589099407196,0.3125,0.3125,Offensive,True,Below Replacement,Q1 (Worst)
TAM,Ray Perkins,1989,1990,-0.0822589099407196,-0.0416535572052002,0.3125,0.3846,Offensive,True,Below Replacement,Q1 (Worst)
TAM,Sam Wyche,1992,1993,-0.0381308197975158,0.0319735705852508,0.3125,0.3125,Offensive,True,Replacement Level,Q2
TAM,Sam Wyche,1993,1994,0.0319735705852508,-0.0510003864765167,0.3125,0.375,Offensive,True,Replacement Level,Q3
TAM,Sam Wyche,1994,1995,-0.0510003864765167,0.0447261929512023,0.375,0.4375,Offensive,True,Below Replacement,Q2
TAM,Todd Bowles,2022,2023,-0.080746480846405,-0.0388764053344726,0.4706,0.5294,Defensive,True,Below Replacement,Q1 (Worst)
TAM,Todd Bowles,2023,2024,-0.0388764053344726,0.1827109128952025,0.5294,0.5882,Defensive,True,Replacement Level,Q2
TAM,Tony Dungy,1996,1997,-0.0623561441898345,0.0132578015327453,0.375,0.625,Defensive,True,Below Replacement,Q2
TAM,Tony Dungy,1997,1998,0.0132578015327453,0.0095442533493042,0.625,0.5,Defensive,True,Replacement Level,Q3
TAM,Tony Dungy,1998,1999,0.0095442533493042,0.1302271485328674,0.5,0.6875,Defensive,True,Replacement Level,Q3
TAM,Tony Dungy,1999,2000,0.1302271485328674,-0.0754709243774414,0.6875,0.625,Defensive,True,Above Replacement,Q5 (Best)
TAM,Tony Dungy,2000,2001,-0.0754709243774414,-0.1341414451599121,0.625,0.5625,Defensive,True,Below Replacement,Q1 (Worst)
WAS,George Allen,1971,1972,-0.0263375176429748,0.1608572370529174,0.6786,0.7857,Defensive,True,Replacement Level,Q2
WAS,George Allen,1972,1973,0.1608572370529174,0.0375243657112122,0.7857,0.7143,Defensive,True,Above Replacement,Q5 (Best)
WAS,George Allen,1973,1974,0.0375243657112122,0.052265726852417,0.7143,0.7143,Defensive,True,Replacement Level,Q3
WAS,George Allen,1974,1975,0.052265726852417,0.030878497505188,0.7143,0.5714,Defensive,True,Above Replacement,Q3
WAS,George Allen,1975,1976,0.030878497505188,0.0834052794456482,0.5714,0.7143,Defensive,True,Replacement Level,Q3
WAS,George Allen,1976,1977,0.0834052794456482,0.0696481565475464,0.7143,0.6429,Defensive,True,Above Replacement,Q4
WAS,Jack Pardee,1978,1979,-0.0092999935150146,-0.0698285698890686,0.5,0.625,Defensive,True,Replacement Level,Q2
WAS,Jack Pardee,1979,1980,-0.0698285698890686,-0.2299859523773193,0.625,0.375,Defensive,True,Below Replacement,Q1 (Worst)
WAS,Jay Gruden,2014,2015,-0.0141014754772186,0.0687596201896667,0.25,0.5625,Offensive,True,Replacement Level,Q2
WAS,Jay Gruden,2015,2016,0.0687596201896667,-0.0642095125198364,0.5625,0.5312,Offensive,True,Above Replacement,Q4
WAS,Jay Gruden,2016,2017,-0.0642095125198364,0.0009445250034332,0.5312,0.4375,Offensive,True,Below Replacement,Q1 (Worst)
WAS,Jay Gruden,2017,2018,0.0009445250034332,0.0943839251995086,0.4375,0.4375,Offensive,True,Replacement Level,Q2
WAS,Jay Gruden,2018,2019,0.0943839251995086,-0.2935709357261657,0.4375,0.0,Offensive,True,Above Replacement,Q4
WAS,Jim Zorn,2008,2009,-0.1054828166961669,-0.1647713482379913,0.5,0.25,Offensive,True,Below Replacement,Q1 (Worst)
WAS,Joe Gibbs,1981,1982,-0.0335914492607116,0.369909304523468,0.5,0.8889,Offensive,True,Replacement Level,Q2
WAS,Joe Gibbs,1982,1983,0.369909304523468,0.154067575931549,0.8889,0.875,Offensive,True,Above Replacement,Q5 (Best)
WAS,Joe Gibbs,1983,1984,0.154067575931549,0.0686972737312316,0.875,0.6875,Offensive,True,Above Replacement,Q5 (Best)
WAS,Joe Gibbs,1984,1985,0.0686972737312316,0.1735844612121582,0.6875,0.625,Offensive,True,Above Replacement,Q4
WAS,Joe Gibbs,1985,1986,0.1735844612121582,0.2356716990470886,0.625,0.75,Offensive,True,Above Replacement,Q5 (Best)
WAS,Joe Gibbs,1986,1987,0.2356716990470886,0.2410148377895354,0.75,0.7333,Offensive,True,Above Replacement,Q5 (Best)
WAS,Joe Gibbs,1987,1988,0.2410148377895354,0.1036803722381591,0.7333,0.4375,Offensive,True,Above Replacement,Q5 (Best)
WAS,Joe Gibbs,1988,1989,0.1036803722381591,0.051706850528717,0.4375,0.625,Offensive,True,Above Replacement,Q4
WAS,Joe Gibbs,1989,1990,0.051706850528717,0.0429840683937072,0.625,0.625,Offensive,True,Above Replacement,Q3
WAS,Joe Gibbs,1990,1991,0.0429840683937072,0.1052461862564086,0.625,0.875,Offensive,True,Replacement Level,Q3
WAS,Joe Gibbs,1991,1992,0.1052461862564086,-0.0251772999763488,0.875,0.5625,Offensive,True,Above Replacement,Q4
WAS,Joe Gibbs,2004,2005,-0.0672680139541626,-0.0304296612739563,0.375,0.625,Offensive,True,Below Replacement,Q1 (Worst)
WAS,Joe Gibbs,2005,2006,-0.0304296612739563,-0.0946885049343109,0.625,0.3125,Offensive,True,Replacement Level,Q2
WAS,Joe Gibbs,2006,2007,-0.0946885049343109,0.0341221094131469,0.3125,0.5625,Offensive,True,Below Replacement,Q1 (Worst)
WAS,Mike Shanahan,2010,2011,-0.0058115124702453,-0.1068054139614105,0.375,0.3125,Offensive,True,Replacement Level,Q2
WAS,Mike Shanahan,2011,2012,-0.1068054139614105,0.0137110352516174,0.3125,0.625,Offensive,True,Below Replacement,Q1 (Worst)
WAS,Mike Shanahan,2012,2013,0.0137110352516174,-0.2921006381511688,0.625,0.1875,Offensive,True,Replacement Level,Q3
WAS,Norv Turner,1994,1995,-0.2223793566226959,-0.025882750749588,0.1875,0.375,Offensive,True,Below Replacement,Q1 (Worst)
WAS,Norv Turner,1995,1996,-0.025882750749588,-0.0942885875701904,0.375,0.5625,Offensive,True,Replacement Level,Q2
WAS,Norv Turner,1996,1997,-0.0942885875701904,0.0298642599105835,0.5625,0.5312,Offensive,True,Below Replacement,Q1 (Worst)
WAS,Norv Turner,1997,1998,0.0298642599105835,-0.133196473121643,0.5312,0.375,Offensive,True,Replacement Level,Q3
WAS,Norv Turner,1998,1999,-0.133196473121643,-0.0464215278625488,0.375,0.625,Offensive,True,Below Replacement,Q1 (Worst)
WAS,Norv Turner,1999,2000,-0.0464215278625488,0.0299676547050475,0.625,0.5385,Offensive,True,Replacement Level,Q2
WAS,Ron Rivera,2020,2021,0.0262286365032196,0.0946860342502594,0.4375,0.4118,Defensive,True,Replacement Level,Q3
WAS,Ron Rivera,2021,2022,0.0946860342502594,0.1173864305019378,0.4118,0.5,Defensive,True,Above Replacement,Q4
WAS,Ron Rivera,2022,2023,0.1173864305019378,-0.108232383441925,0.5,0.2353,Defensive,True,Above Replacement,Q4
WAS,Steve Spurrier,2002,2003,0.091894656419754,-0.0492461621761322,0.4375,0.3125,Offensive,True,Above Replacement,Q4
