Team,Year,Actual_Win_Pct,Predicted_Replacement,Coaching_WAR,Coaching_WAR_Games
ATL,1970,0.3571,0.5369785428083136,-0.1798785428083136,-2.878056684933018
ATL,1971,0.5357,0.38895251929058583,0.14674748070941412,2.347959691350626
ATL,1972,0.5,0.5125800237017931,-0.01258002370179312,-0.2012803792286899
ATL,1973,0.6429,0.49583719888383926,0.14706280111616077,2.3530048178585723
ATL,1974,0.25,0.1558442162548721,0.0941557837451279,1.5064925399220463
ATL,1975,0.2857,0.405060654793577,-0.11936065479357699,-1.9097704766972319
ATL,1976,0.2,0.24796039010156962,-0.047960390101569605,-0.7673662416251137
ATL,1977,0.5,0.7952283396616939,-0.29522833966169393,-4.723653434587103
ATL,1978,0.5625,0.3928434152079966,0.1696565847920034,2.7145053566720545
ATL,1979,0.375,0.3456814499568951,0.029318550043104907,0.4690968006896785
ATL,1980,0.75,0.6479786907454256,0.10202130925457442,1.6323409480731907
ATL,1981,0.4375,0.48874808023752625,-0.05124808023752625,-0.81996928380042
ATL,1982,0.5556,0.5086245748514641,0.04697542514853592,0.7516068023765747
ATL,1983,0.4375,0.5524612126363277,-0.11496121263632775,-1.839379402181244
ATL,1984,0.25,0.47687126246419087,-0.22687126246419087,-3.629940199427054
ATL,1985,0.25,0.34807513434936954,-0.09807513434936954,-1.5692021495899127
ATL,1986,0.4688,0.43305434588481584,0.035745654115184156,0.5719304658429465
ATL,1987,0.2,0.05892782371161398,0.14107217628838603,2.2571548206141765
ATL,1988,0.3125,0.4586291282794982,-0.1461291282794982,-2.338066052471971
ATL,1989,0.25,0.4465112819173419,-0.1965112819173419,-3.1441805106774705
ATL,1990,0.3125,0.46242484866624955,-0.14992484866624955,-2.398797578659993
ATL,1991,0.625,0.4616844199232066,0.16331558007679342,2.6130492812286947
ATL,1992,0.375,0.42965789281314526,-0.05465789281314526,-0.8745262850103241
ATL,1993,0.375,0.4345840827529367,-0.059584082752936696,-0.9533453240469871
ATL,1994,0.4375,0.46241674177215236,-0.024916741772152362,-0.3986678683544378
ATL,1995,0.5625,0.629256120227667,-0.06675612022766697,-1.0680979236426715
ATL,1996,0.1875,0.28697587517439205,-0.09947587517439205,-1.5916140027902728
ATL,1997,0.4375,0.4686126540535431,-0.031112654053543076,-0.4978024648566892
ATL,1998,0.875,0.682491672154645,0.192508327845355,3.08013324552568
ATL,1999,0.3125,0.3512520488027745,-0.0387520488027745,-0.620032780844392
ATL,2000,0.25,0.3255636230204534,-0.07556362302045339,-1.2090179683272542
ATL,2001,0.4375,0.459464209477324,-0.021964209477324026,-0.3514273516371844
ATL,2002,0.5938,0.6594038147395445,-0.06560381473954446,-1.0496610358327114
ATL,2003,0.2308,0.3520990567108606,-0.12129905671086061,-1.9407849073737697
ATL,2004,0.6875,0.6274438509345975,0.060056149065402464,0.9608983850464394
ATL,2005,0.5,0.6307526686334148,-0.13075266863341484,-2.0920426981346374
ATL,2006,0.4375,0.6300810711257847,-0.1925810711257847,-3.0812971380125553
ATL,2007,0.2308,0.3796861041287966,-0.1488861041287966,-2.3821776660607457
ATL,2008,0.6875,0.7505549670551401,-0.06305496705514013,-1.0088794728822421
ATL,2009,0.5625,0.5404212636442625,0.022078736355737538,0.3532597816918006
ATL,2010,0.8125,0.8407491540016765,-0.02824915400167649,-0.45198646402682385
ATL,2011,0.625,0.6771929339919796,-0.05219293399197955,-0.8350869438716728
ATL,2012,0.8125,0.6469991633668006,0.16550083663319937,2.64801338613119
ATL,2013,0.25,0.4644289556691907,-0.21442895566919068,-3.430863290707051
ATL,2014,0.375,0.5662933524526563,-0.19129335245265633,-3.0606936392425013
ATL,2015,0.5,0.6255804943345213,-0.12558049433452134,-2.0092879093523415
ATL,2016,0.6875,0.65828228851515,0.029217711484849973,0.46748338375759957
ATL,2017,0.625,0.7559162672803141,-0.13091626728031414,-2.094660276485026
ATL,2018,0.4375,0.5097033109433096,-0.07220331094330956,-1.155252975092953
ATL,2019,0.4375,0.6273635541820339,-0.18986355418203393,-3.037816866912543
ATL,2020,0.0,0.5436412282747678,-0.5436412282747678,-8.698259652396285
ATL,2021,0.4118,0.6682357469691607,-0.25643574696916066,-4.102971951506571
ATL,2022,0.4118,0.45774480480625135,-0.04594480480625135,-0.7351168769000216
ATL,2023,0.4118,0.5562633583191714,-0.1444633583191714,-2.3114137331067424
ATL,2024,0.4706,0.5869048474736578,-0.11630484747365777,-1.8608775595785243
BUF,1970,0.25,0.49358608373114177,-0.24358608373114177,-3.8973773396982683
BUF,1971,0.0714,0.17868408968536542,-0.10728408968536542,-1.7165454349658467
BUF,1972,0.3214,0.29489902854922206,0.026500971450777955,0.4240155432124473
BUF,1973,0.6429,0.42486348711488947,0.21803651288511056,3.488584206161769
BUF,1974,0.6429,0.3714679617916986,0.2714320382083014,4.342912611332823
BUF,1975,0.5714,0.558068332016643,0.013331667983357054,0.21330668773371286
BUF,1976,0.4,0.35460095521846263,0.04539904478153739,0.7263847165045982
BUF,1977,0.2143,0.2683918420938408,-0.054091842093840825,-0.8654694735014532
BUF,1978,0.3125,0.31006207573969147,0.0024379242603085327,0.03900678816493652
BUF,1979,0.4375,0.3868109625322619,0.05068903746773812,0.8110245994838099
BUF,1980,0.6875,0.5003579885435356,0.18714201145646436,2.99427218330343
BUF,1981,0.625,0.5391494714033428,0.0858505285966572,1.3736084575465153
BUF,1982,0.4444,0.5135920605787495,-0.06919206057874949,-1.1070729692599919
BUF,1983,0.5,0.3401336136722507,0.1598663863277493,2.557862181243989
BUF,1984,0.125,0.1528260004826587,-0.027826000482658708,-0.44521600772253933
BUF,1985,0.0,0.2273657544621926,-0.2273657544621926,-3.6378520713950815
BUF,1986,0.2222,0.4149906479986599,-0.19279064799865991,-3.0846503679785586
BUF,1987,0.4667,0.23022958116677117,0.23647041883322883,3.7835267013316614
BUF,1988,0.75,0.5700173254720247,0.17998267452797534,2.8797227924476054
BUF,1989,0.5625,0.5694989002845571,-0.006998900284557075,-0.1119824045529132
BUF,1990,0.8125,0.6322383986588284,0.18026160134117164,2.8841856214587462
BUF,1991,0.8125,0.7453087212070162,0.06719127879298381,1.075060460687741
BUF,1992,0.6875,0.711221583189712,-0.02372158318971196,-0.37954533103539134
BUF,1993,0.75,0.558361282009506,0.19163871799049403,3.0662194878479045
BUF,1994,0.4375,0.4729701117418012,-0.0354701117418012,-0.5675217878688192
BUF,1995,0.625,0.5142454992763528,0.11075450072364723,1.7720720115783557
BUF,1996,0.625,0.4474242744542657,0.1775757255457343,2.841211608731749
BUF,1997,0.375,0.41508423048743615,-0.040084230487436145,-0.6413476877989783
BUF,1998,0.625,0.5721259355468578,0.052874064453142244,0.8459850312502759
BUF,1999,0.6875,0.6239365669189716,0.06356343308102841,1.0170149292964545
BUF,2000,0.5,0.4892834137298492,0.010716586270150819,0.1714653803224131
BUF,2001,0.1875,0.3297186131723686,-0.1422186131723686,-2.275497810757898
BUF,2002,0.5,0.5792777316951696,-0.0792777316951696,-1.2684437071227137
BUF,2003,0.375,0.39898634468217326,-0.023986344682173255,-0.3837815149147721
BUF,2004,0.5625,0.5311789683299293,0.03132103167007072,0.5011365067211315
BUF,2005,0.3125,0.35328823247738905,-0.04078823247738905,-0.6526117196382248
BUF,2006,0.4375,0.5898212081374379,-0.15232120813743788,-2.437139330199006
BUF,2007,0.4375,0.40683587027790963,0.030664129722090372,0.49062607555344595
BUF,2008,0.4375,0.5887886249493525,-0.15128862494935247,-2.4206179991896395
BUF,2009,0.3333,0.502212369475401,-0.16891236947540106,-2.702597911606417
BUF,2010,0.25,0.3513697778868936,-0.10136977788689361,-1.6219164461902977
BUF,2011,0.375,0.3774495417135717,-0.0024495417135717013,-0.03919266741714722
BUF,2012,0.375,0.44721246533937026,-0.07221246533937026,-1.1553994454299241
BUF,2013,0.375,0.42337511760642954,-0.04837511760642954,-0.7740018817028727
BUF,2014,0.5625,0.578800563834202,-0.016300563834201975,-0.2608090213472316
BUF,2015,0.5,0.5349096766286006,-0.03490967662860056,-0.558554826057609
BUF,2016,0.4667,0.5576370273018867,-0.09093702730188669,-1.454992436830187
BUF,2017,0.5625,0.49989471148336234,0.06260528851663766,1.0016846162662025
BUF,2018,0.375,0.5188241412943825,-0.14382414129438248,-2.3011862607101197
BUF,2019,0.625,0.8285609155198863,-0.2035609155198863,-3.256974648318181
BUF,2020,0.8125,0.7417027199945747,0.07079728000542529,1.1327564800868046
BUF,2021,0.6471,0.7420375415386631,-0.09493754153866307,-1.5190006646186092
BUF,2022,0.8125,0.5440388557534621,0.2684611442465379,4.295378307944606
BUF,2023,0.6471,0.7188256337995553,-0.07172563379955532,-1.1476101407928851
BUF,2024,0.7647,0.8041528271858869,-0.03945282718588683,-0.6312452349741893
CAR,1995,0.4375,0.6068186973953638,-0.16931869739536376,-2.70909915832582
CAR,1996,0.75,0.7940556208058036,-0.04405562080580361,-0.7048899328928577
CAR,1997,0.4375,0.5285044982318717,-0.09100449823187173,-1.4560719717099477
CAR,1998,0.25,0.40010351525214627,-0.15010351525214627,-2.4016562440343403
CAR,1999,0.5,0.613184447071753,-0.11318444707175301,-1.8109511531480482
CAR,2000,0.4375,0.6466117504638415,-0.20911175046384145,-3.345788007421463
CAR,2001,0.0625,0.436637062805222,-0.374137062805222,-5.986193004883552
CAR,2002,0.4375,0.49415826089744014,-0.05665826089744014,-0.9065321743590422
CAR,2003,0.6875,0.6898770626295799,-0.002377062629579929,-0.038033002073278865
CAR,2004,0.4375,0.6804852667515207,-0.24298526675152066,-3.8877642680243305
CAR,2005,0.6875,0.7862918747119558,-0.09879187471195583,-1.5806699953912933
CAR,2006,0.5,0.4953126910820289,0.004687308917971089,0.07499694268753743
CAR,2007,0.4375,0.478312648336081,-0.040812648336081,-0.653002373377296
CAR,2008,0.75,0.7176783596301937,0.03232164036980634,0.5171462459169014
CAR,2009,0.5,0.5365239796767679,-0.036523979676767904,-0.5843836748282865
CAR,2010,0.125,0.49702107001945917,-0.37202107001945917,-5.952337120311347
CAR,2011,0.375,0.6192901252747134,-0.2442901252747134,-3.908642004395414
CAR,2012,0.4375,0.47520533827788297,-0.03770533827788297,-0.6032854124461275
CAR,2013,0.75,0.5301277289258034,0.2198722710741966,3.5179563371871456
CAR,2014,0.4688,0.5085293923078257,-0.039729392307825684,-0.6356702769252109
CAR,2015,0.9375,0.7957872794380845,0.14171272056191553,2.2674035289906485
CAR,2016,0.375,0.43615726998404586,-0.06115726998404586,-0.9785163197447337
CAR,2017,0.6875,0.5898198560971435,0.09768014390285651,1.5628823024457041
CAR,2018,0.4375,0.5136575075062028,-0.07615750750620276,-1.2185201200992442
CAR,2019,0.4167,0.3016650915089861,0.11503490849101389,1.8405585358562222
CAR,2020,0.3125,0.3053104998073235,0.007189500192676501,0.11503200308282402
CAR,2021,0.2941,0.2618988112201538,0.03220118877984618,0.5152190204775389
CAR,2022,0.2,0.3344801555240512,-0.13448015552405118,-2.151682488384819
CAR,2023,0.0909,0.1800960547025624,-0.08919605470256241,-1.4271368752409985
CAR,2024,0.2941,0.33130030791718607,-0.03720030791718609,-0.5952049266749775
CHI,1970,0.4286,0.5475592597753917,-0.11895925977539168,-1.9033481564062669
CHI,1971,0.4286,0.4120999751070077,0.016500024892992293,0.2640003982878767
CHI,1972,0.3214,0.5522099832842544,-0.2308099832842544,-3.6929597325480703
CHI,1973,0.2143,0.33327778731712304,-0.11897778731712305,-1.9036445970739688
CHI,1974,0.2857,0.35040393049628205,-0.06470393049628204,-1.0352628879405126
CHI,1975,0.2857,0.19174610486437765,0.09395389513562236,1.5032623221699577
CHI,1976,0.5,0.45565732640001033,0.04434267359998967,0.7094827775998347
CHI,1977,0.6429,0.5107760257563578,0.1321239742436422,2.113983587898275
CHI,1978,0.4375,0.39991789877202166,0.03758210122797834,0.6013136196476534
CHI,1979,0.625,0.6273572974800024,-0.0023572974800023516,-0.037716759680037626
CHI,1980,0.4375,0.5697488521982658,-0.13224885219826576,-2.1159816351722522
CHI,1981,0.375,0.40354339033441866,-0.02854339033441866,-0.4566942453506986
CHI,1982,0.3333,0.6324984082314713,-0.2991984082314713,-4.787174531703541
CHI,1983,0.5,0.49567966164284727,0.004320338357152731,0.0691254137144437
CHI,1984,0.625,0.7073448404223396,-0.08234484042233958,-1.3175174467574333
CHI,1985,0.9375,0.9095686924938635,0.027931307506136482,0.4469009200981837
CHI,1986,0.875,0.7996321496842778,0.07536785031572224,1.2058856050515558
CHI,1987,0.7333,0.3462854616865315,0.38701453831346844,6.192232613015495
CHI,1988,0.75,0.743309127369932,0.006690872630067957,0.1070539620810873
CHI,1989,0.375,0.5128420392203158,-0.1378420392203158,-2.2054726275250527
CHI,1990,0.6875,0.7176050460236036,-0.030105046023603643,-0.4816807363776583
CHI,1991,0.6875,0.6275872992611302,0.059912700738869784,0.9586032118219165
CHI,1992,0.3125,0.4228261012594039,-0.1103261012594039,-1.7652176201504624
CHI,1993,0.4375,0.48872883368236714,-0.051228833682367136,-0.8196613389178742
CHI,1994,0.5625,0.4300954361445693,0.1324045638554307,2.1184730216868912
CHI,1995,0.5625,0.6905559720673667,-0.12805597206736674,-2.048895553077868
CHI,1996,0.4375,0.42891490668009524,0.008585093319904757,0.13736149311847612
CHI,1997,0.25,0.2684011364753123,-0.018401136475312274,-0.2944181836049964
CHI,1998,0.25,0.39981946964466897,-0.14981946964466897,-2.3971115143147035
CHI,1999,0.375,0.37717732726358943,-0.0021773272635894347,-0.034837236217430956
CHI,2000,0.3125,0.3160264017382171,-0.003526401738217111,-0.056422427811473774
CHI,2001,0.8125,0.8406997514515568,-0.028199751451556843,-0.4511960232249095
CHI,2002,0.25,0.3406132096441774,-0.0906132096441774,-1.4498113543068385
CHI,2003,0.4375,0.38976561192127884,0.04773438807872116,0.7637502092595385
CHI,2004,0.3125,0.43757502963900957,-0.12507502963900957,-2.001200474224153
CHI,2005,0.6875,0.6240754869415739,0.06342451305842611,1.0147922089348178
CHI,2006,0.8125,0.7140228726242515,0.09847712737574854,1.5756340380119767
CHI,2007,0.4375,0.3887931371960818,0.04870686280391823,0.7793098048626916
CHI,2008,0.5625,0.5600400634026798,0.0024599365973202447,0.039358985557123916
CHI,2009,0.4375,0.41530511618197385,0.022194883818026145,0.3551181410884183
CHI,2010,0.6875,0.7637120165201168,-0.07621201652011678,-1.2193922643218684
CHI,2011,0.5,0.4835544212365319,0.016445578763468083,0.2631292602154893
CHI,2012,0.625,0.6122621949712419,0.012737805028758098,0.20380488046012957
CHI,2013,0.5,0.6860148765795302,-0.1860148765795302,-2.976238025272483
CHI,2014,0.3125,0.410654017057674,-0.09815401705767401,-1.5704642729227842
CHI,2015,0.375,0.385306388958642,-0.010306388958641999,-0.16490222333827198
CHI,2016,0.1875,0.16187132265953968,0.025628677340460315,0.41005883744736504
CHI,2017,0.3125,0.23408965917532576,0.07841034082467424,1.2545654531947878
CHI,2018,0.75,0.7568929206489143,-0.006892920648914336,-0.11028673038262937
CHI,2019,0.5,0.5631925727770362,-0.06319257277703616,-1.0110811644325786
CHI,2020,0.5,0.3810736928219347,0.1189263071780653,1.9028209148490447
CHI,2021,0.3529,0.26021695446479665,0.09268304553520335,1.4829287285632535
CHI,2022,0.1765,0.3520779885813336,-0.1755779885813336,-2.8092478173013378
CHI,2023,0.4118,0.5613798300969359,-0.14957983009693593,-2.393277281550975
CHI,2024,0.3333,0.6554512100142682,-0.3221512100142682,-5.1544193602282915
CIN,1970,0.5714,0.7210697468948641,-0.14966974689486412,-2.394715950317826
CIN,1971,0.2857,0.5306041714593125,-0.24490417145931248,-3.9184667433489997
CIN,1972,0.5714,0.6011982656391042,-0.02979826563910415,-0.4767722502256664
CIN,1973,0.7143,0.5596476079539758,0.1546523920460242,2.4744382727363874
CIN,1974,0.5,0.510208042313285,-0.010208042313284982,-0.1633286770125597
CIN,1975,0.7857,0.6508573980764535,0.13484260192354647,2.1574816307767435
CIN,1976,0.7143,0.7824648740057171,-0.06816487400571702,-1.0906379840914724
CIN,1977,0.5714,0.441727667886575,0.129672332113425,2.0747573138148
CIN,1978,0.0,0.31502473090905214,-0.31502473090905214,-5.040395694544834
CIN,1979,0.25,0.28725466414492373,-0.03725466414492373,-0.5960746263187797
CIN,1980,0.375,0.22050391075202208,0.15449608924797792,2.4719374279676467
CIN,1981,0.75,0.5545692737119889,0.19543072628801106,3.126891620608177
CIN,1982,0.7778,0.677192949339828,0.10060705066017206,1.609712810562753
CIN,1983,0.4375,0.5098943247041249,-0.07239432470412488,-1.158309195265998
CIN,1984,0.5,0.5110081143282891,-0.011008114328289076,-0.17612982925262521
CIN,1985,0.4375,0.662660008918125,-0.22516000891812504,-3.6025601426900007
CIN,1986,0.625,0.5893213961285084,0.035678603871491577,0.5708576619438652
CIN,1987,0.2667,0.21751444092216077,0.049185559077839225,0.7869689452454276
CIN,1988,0.75,0.7347024235485173,0.015297576451482664,0.24476122322372262
CIN,1989,0.5,0.6430875243547549,-0.1430875243547549,-2.2894003896760786
CIN,1990,0.5625,0.4365492442487757,0.12595075575122427,2.0152120920195884
CIN,1991,0.1875,0.22210781538556273,-0.034607815385562735,-0.5537250461690038
CIN,1992,0.3125,0.4431444238148087,-0.13064442381480867,-2.090310781036939
CIN,1993,0.1875,0.3219845866043254,-0.13448458660432538,-2.151753385669206
CIN,1994,0.1875,0.3506646051512956,-0.1631646051512956,-2.6106336824207297
CIN,1995,0.4375,0.5087064175140308,-0.07120641751403078,-1.1393026802244925
CIN,1996,0.1429,0.5917516314001827,-0.4488516314001827,-7.181626102402923
CIN,1997,0.4375,0.44383505001842627,-0.006335050018426269,-0.10136080029482031
CIN,1998,0.1875,0.3262462434582619,-0.13874624345826192,-2.2199398953321907
CIN,1999,0.25,0.3414503946075621,-0.0914503946075621,-1.4632063137209936
CIN,2000,0.0,0.28261786664644073,-0.28261786664644073,-4.521885866343052
CIN,2001,0.375,0.24282087131929853,0.13217912868070147,2.1148660588912236
CIN,2002,0.125,0.24730381043493954,-0.12230381043493954,-1.9568609669590327
CIN,2003,0.5,0.6084267962204393,-0.10842679622043927,-1.7348287395270283
CIN,2004,0.5,0.4884844082643569,0.011515591735643094,0.1842494677702895
CIN,2005,0.6875,0.8541478325396498,-0.16664783253964977,-2.6663653206343962
CIN,2006,0.5,0.6333877415914125,-0.13338774159141253,-2.1342038654626005
CIN,2007,0.4375,0.5570771873555088,-0.11957718735550882,-1.913234997688141
CIN,2008,0.2812,0.27301248025239205,0.008187519747607952,0.13100031596172723
CIN,2009,0.625,0.560283261188635,0.06471673881136497,1.0354678209818395
CIN,2010,0.25,0.440088856995939,-0.19008885699593903,-3.0414217119350244
CIN,2011,0.5625,0.6162449923279808,-0.0537449923279808,-0.8599198772476928
CIN,2012,0.625,0.6115782843818524,0.013421715618147645,0.21474744989036232
CIN,2013,0.6875,0.6015098437457692,0.08599015625423079,1.3758425000676926
CIN,2014,0.6562,0.7026396950928369,-0.04643969509283685,-0.7430351214853896
CIN,2015,0.75,0.6856152720291386,0.06438472797086137,1.0301556475337819
CIN,2016,0.4062,0.6239326036884887,-0.21773260368848868,-3.483721659015819
CIN,2017,0.4375,0.5129638545834586,-0.07546385458345861,-1.2074216733353378
CIN,2018,0.375,0.434088158218464,-0.059088158218464026,-0.9454105314954244
CIN,2019,0.125,0.4181367039108954,-0.2931367039108954,-4.690187262574327
CIN,2020,0.2812,0.3969870793890089,-0.1157870793890089,-1.8525932702241423
CIN,2021,0.5882,0.6756433098692256,-0.08744330986922566,-1.3990929579076106
CIN,2022,0.75,0.7436858730492438,0.0063141269507561715,0.10102603121209874
CIN,2023,0.5294,0.4806403466789464,0.048759653321053587,0.7801544531368574
CIN,2024,0.5294,0.6168211628221241,-0.08742116282212409,-1.3987386051539854
CLE,1970,0.5,0.7021603795997117,-0.20216037959971167,-3.2345660735953867
CLE,1971,0.6429,0.5453682255944285,0.09753177440557148,1.5605083904891437
CLE,1972,0.7143,0.4018739483190413,0.31242605168095877,4.99881682689534
CLE,1973,0.5714,0.38115180530156195,0.19024819469843807,3.043971115175009
CLE,1974,0.2857,0.21234610850829216,0.07335389149170785,1.1736622638673255
CLE,1975,0.2143,0.24292711547556822,-0.028627115475568232,-0.4580338476090917
CLE,1976,0.6429,0.4083904284259996,0.23450957157400043,3.752153145184007
CLE,1977,0.4615,0.31290026749274646,0.14859973250725356,2.377595720116057
CLE,1978,0.5,0.5509613967009924,-0.05096139670099242,-0.8153823472158788
CLE,1979,0.5625,0.41889334764528063,0.14360665235471937,2.29770643767551
CLE,1980,0.6875,0.6015274193683344,0.08597258063166557,1.3755612901066492
CLE,1981,0.3125,0.28312712659664685,0.02937287340335315,0.4699659744536504
CLE,1982,0.4444,0.3415186519802055,0.10288134801979454,1.6461015683167126
CLE,1983,0.5625,0.5172692483614277,0.045230751638572264,0.7236920262171562
CLE,1984,0.125,0.4539459077670082,-0.3289459077670082,-5.2631345242721315
CLE,1985,0.5,0.5629363744774922,-0.06293637447749223,-1.0069819916398757
CLE,1986,0.75,0.5831383565674659,0.16686164343253407,2.669786294920545
CLE,1987,0.6667,0.5998385396240857,0.06686146037591423,1.0697833660146276
CLE,1988,0.625,0.5127786061745944,0.11222139382540564,1.7955423012064902
CLE,1989,0.5938,0.8046240300350087,-0.2108240300350087,-3.3731844805601394
CLE,1990,0.2222,0.28251088617747866,-0.06031088617747865,-0.9649741788396584
CLE,1991,0.375,0.5105770195605674,-0.13557701956056745,-2.169232312969079
CLE,1992,0.4375,0.45121259152434456,-0.013712591524344564,-0.21940146438951302
CLE,1993,0.4375,0.4201619036369054,0.01733809636309458,0.27740954180951327
CLE,1994,0.6875,0.6805078497474812,0.0069921502525187584,0.11187440404030013
CLE,1995,0.3125,0.40146409842776676,-0.08896409842776676,-1.4234255748442681
CLE,1999,0.125,0.3413145135763032,-0.2163145135763032,-3.4610322172208514
CLE,2000,0.1875,0.4065328132574585,-0.2190328132574585,-3.504525012119336
CLE,2001,0.4375,0.5294387414595104,-0.09193874145951042,-1.4710198633521667
CLE,2002,0.5625,0.541062898820514,0.02143710117948605,0.3429936188717768
CLE,2003,0.3125,0.4218788094840609,-0.10937880948406092,-1.7500609517449748
CLE,2004,0.2727,0.3450312519241164,-0.07233125192411638,-1.157300030785862
CLE,2005,0.375,0.5036479825982244,-0.1286479825982244,-2.0583677215715905
CLE,2006,0.25,0.4414768013321987,-0.1914768013321987,-3.063628821315179
CLE,2007,0.625,0.6258026082989093,-0.0008026082989093242,-0.012841732782549187
CLE,2008,0.25,0.40146251712400216,-0.15146251712400216,-2.4234002739840346
CLE,2009,0.3125,0.38651312138807714,-0.07401312138807714,-1.1842099422092343
CLE,2010,0.3125,0.363674690949552,-0.051174690949552015,-0.8187950551928322
CLE,2011,0.25,0.5171843389550141,-0.26718433895501414,-4.274949423280226
CLE,2012,0.3125,0.6636812637412254,-0.3511812637412254,-5.618900219859606
CLE,2013,0.25,0.33052628619267516,-0.08052628619267516,-1.2884205790828025
CLE,2014,0.4375,0.5086773619290622,-0.07117736192906221,-1.1388377908649954
CLE,2015,0.1875,0.3125452027253058,-0.12504520272530578,-2.0007232436048925
CLE,2016,0.0625,0.27878711649175614,-0.21628711649175614,-3.460593863868098
CLE,2017,0.0,0.3050023368661822,-0.3050023368661822,-4.8800373898589156
CLE,2018,0.3125,0.4169557990038084,-0.10445579900380841,-1.6712927840609346
CLE,2019,0.375,0.4392563264659939,-0.06425632646599388,-1.0281012234559022
CLE,2020,0.6875,0.5067485059302572,0.18075149406974278,2.8920239051158845
CLE,2021,0.4706,0.36657396270024234,0.10402603729975768,1.6644165967961229
CLE,2022,0.4118,0.3756892785681721,0.03611072143182792,0.5777715429092467
CLE,2023,0.6471,0.31932437251034906,0.32777562748965094,5.244410039834415
CLE,2024,0.1765,0.12831881300696413,0.04818118699303586,0.7708989918885738
CLT,1970,0.8214,0.8713563709183614,-0.04995637091836136,-0.7993019346937817
CLT,1971,0.7143,0.8479603968893928,-0.1336603968893928,-2.1385663502302847
CLT,1972,0.2,0.44659518376773116,-0.24659518376773115,-3.9455229402836984
CLT,1973,0.2857,0.31257699751836915,-0.02687699751836914,-0.4300319602939062
CLT,1974,0.0,0.22254001702531562,-0.22254001702531562,-3.56064027240505
CLT,1975,0.7143,0.6927607437476886,0.021539256252311456,0.3446281000369833
CLT,1976,0.7857,0.697494604029743,0.088205395970257,1.411286335524112
CLT,1977,0.7143,0.6535231007877178,0.06077689921228224,0.9724303873965159
CLT,1978,0.3125,0.17174918352356433,0.14075081647643567,2.2520130636229707
CLT,1979,0.3125,0.3185983641162476,-0.00609836411624759,-0.09757382585996144
CLT,1980,0.4375,0.47281093562972737,-0.03531093562972737,-0.5649749700756379
CLT,1981,0.125,0.24039169549712858,-0.11539169549712858,-1.8462671279540572
CLT,1982,0.0556,0.03352595125054214,0.022074048749457856,0.3531847799913257
CLT,1983,0.4375,0.20174898698273502,0.23575101301726498,3.7720162082762396
CLT,1984,0.2667,0.13568845377629946,0.13101154622370054,2.0961847395792086
CLT,1985,0.3125,0.30551540247060377,0.00698459752939623,0.11175356047033969
CLT,1986,0.0,0.23927499771445904,-0.23927499771445904,-3.8283999634313446
CLT,1987,0.6,0.3532122086107075,0.24678779138929247,3.9486046622286795
CLT,1988,0.5625,0.429132920869531,0.13336707913046902,2.1338732660875044
CLT,1989,0.5,0.49012525193364154,0.009874748066358463,0.1579959690617354
CLT,1990,0.4375,0.19005049044729827,0.24744950955270173,3.9591921528432277
CLT,1991,0.0,0.17562515961144654,-0.17562515961144654,-2.8100025537831446
CLT,1992,0.5625,0.4293602080161037,0.1331397919838963,2.130236671742341
CLT,1993,0.25,0.2922088236161604,-0.04220882361616041,-0.6753411778585665
CLT,1994,0.5,0.4773258668722547,0.0226741331277453,0.3627861300439248
CLT,1995,0.5625,0.5565073853250924,0.005992614674907637,0.09588183479852219
CLT,1996,0.5625,0.39918851747413375,0.16331148252586625,2.61298372041386
CLT,1997,0.1875,0.35396663549915297,-0.16646663549915297,-2.6634661679864475
CLT,1998,0.1875,0.25745177874890257,-0.06995177874890257,-1.1192284599824411
CLT,1999,0.8125,0.6607850695008577,0.1517149304991423,2.427438887986277
CLT,2000,0.625,0.7695558495483357,-0.14455584954833567,-2.3128935927733707
CLT,2001,0.375,0.4301703012914043,-0.05517030129140432,-0.8827248206624692
CLT,2002,0.625,0.5785854973413296,0.04641450265867042,0.7426320425387267
CLT,2003,0.75,0.6823276248186715,0.06767237518132851,1.0827580029012562
CLT,2004,0.75,0.7977213175718061,-0.04772131757180609,-0.7635410811488974
CLT,2005,0.875,0.8836601634873297,-0.008660163487329675,-0.1385626157972748
CLT,2006,0.75,0.7850858827834916,-0.03508588278349156,-0.561374124535865
CLT,2007,0.8125,0.7668509202818468,0.04564907971815324,0.7303852754904518
CLT,2008,0.75,0.584392258803958,0.16560774119604205,2.6497238591366727
CLT,2009,0.875,0.6247159897751602,0.2502840102248398,4.004544163597437
CLT,2010,0.625,0.4904336134051794,0.13456638659482062,2.15306218551713
CLT,2011,0.125,0.4836387980933303,-0.3586387980933303,-5.738220769493285
CLT,2012,0.6875,0.46941777086480074,0.21808222913519926,3.489315666163188
CLT,2013,0.6875,0.6076726623441614,0.0798273376558386,1.2772374024934177
CLT,2014,0.6875,0.5294441238216516,0.15805587617834838,2.528894018853574
CLT,2015,0.5,0.6005791433598553,-0.1005791433598553,-1.6092662937576847
CLT,2016,0.5,0.357926938146081,0.142073061853919,2.273168989662704
CLT,2017,0.25,0.33650073121685453,-0.08650073121685453,-1.3840116994696725
CLT,2018,0.625,0.5937539380374914,0.031246061962508564,0.49993699140013703
CLT,2019,0.4375,0.5246960758711805,-0.0871960758711805,-1.395137213938888
CLT,2020,0.6875,0.7782509677432191,-0.09075096774321911,-1.4520154838915058
CLT,2021,0.5294,0.7714937966061178,-0.24209379660611785,-3.8735007456978856
CLT,2022,0.3889,0.40479326786371866,-0.01589326786371864,-0.25429228581949825
CLT,2023,0.5294,0.5466703357641515,-0.01727033576415149,-0.27632537222642384
CLT,2024,0.4706,0.42064857185222415,0.04995142814777587,0.7992228503644139
CRD,1970,0.6071,0.6962191427034155,-0.08911914270341548,-1.4259062832546476
CRD,1971,0.3214,0.42894999446135085,-0.10754999446135083,-1.7207999113816133
CRD,1972,0.3214,0.27634608275700756,0.04505391724299246,0.7208626758878793
CRD,1973,0.3214,0.32504580154215756,-0.003645801542157545,-0.05833282467452072
CRD,1974,0.7143,0.5004690104093791,0.21383098959062097,3.4212958334499355
CRD,1975,0.7857,0.5850072917086179,0.20069270829138208,3.2110833326621133
CRD,1976,0.7143,0.5349794692756155,0.17932053072438459,2.8691284915901534
CRD,1977,0.5,0.3820335026728381,0.11796649732716191,1.8874639572345906
CRD,1978,0.375,0.3438724807182642,0.031127519281735794,0.4980403085077727
CRD,1979,0.2308,0.40982660427082573,-0.17902660427082573,-2.8644256683332117
CRD,1980,0.3125,0.4059863235452871,-0.09348632354528708,-1.4957811767245932
CRD,1981,0.4375,0.3588299175126712,0.07867008248732882,1.258721319797261
CRD,1982,0.5556,0.4967065397079389,0.058893460292061106,0.9422953646729777
CRD,1983,0.5312,0.42375414747177337,0.10744585252822664,1.7191336404516262
CRD,1984,0.5625,0.5320669703871667,0.03043302961283334,0.48692847380533344
CRD,1985,0.3125,0.28533329839503474,0.02716670160496526,0.43466722567944416
CRD,1986,0.2812,0.20385188455015352,0.07734811544984649,1.2375698471975438
CRD,1987,0.4667,0.3573793793231107,0.1093206206768893,1.7491299308302288
CRD,1988,0.4375,0.4169204839412298,0.020579516058770175,0.3292722569403228
CRD,1989,0.4545,0.2829461635916318,0.1715538364083682,2.744861382533891
CRD,1990,0.3125,0.36238832732701687,-0.04988832732701687,-0.7982132372322699
CRD,1991,0.25,0.20114433431486906,0.048855665685130945,0.7816906509620951
CRD,1992,0.25,0.3207013880791708,-0.07070138807917081,-1.131222209266733
CRD,1993,0.4375,0.556158216613272,-0.11865821661327203,-1.8985314658123524
CRD,1994,0.5,0.5280171191237594,-0.02801711912375937,-0.44827390598014993
CRD,1995,0.25,0.30013766174967627,-0.050137661749676266,-0.8022025879948202
CRD,1996,0.4375,0.4652511992742818,-0.027751199274281824,-0.4440191883885092
CRD,1997,0.25,0.329600515259464,-0.07960051525946399,-1.2736082441514238
CRD,1998,0.5625,0.571183398178027,-0.008683398178026991,-0.13893437084843185
CRD,1999,0.375,0.35821619641656377,0.01678380358343623,0.2685408573349797
CRD,2000,0.2857,0.3107932348545859,-0.025093234854585866,-0.40149175767337386
CRD,2001,0.4375,0.5385591078634119,-0.10105910786341188,-1.61694572581459
CRD,2002,0.3125,0.2975814233764683,0.014918576623531687,0.238697225976507
CRD,2003,0.25,0.29390112707729366,-0.043901127077293656,-0.7024180332366985
CRD,2004,0.375,0.5423739214277788,-0.16737392142777885,-2.6779827428444616
CRD,2005,0.3125,0.3844427764267169,-0.07194277642671693,-1.1510844228274708
CRD,2006,0.3125,0.4849575770889289,-0.1724575770889289,-2.7593212334228623
CRD,2007,0.5,0.4584127651042854,0.04158723489571459,0.6653957583314334
CRD,2008,0.5625,0.6595919078348622,-0.09709190783486221,-1.5534705253577954
CRD,2009,0.625,0.6234054090561767,0.0015945909438233041,0.025513455101172866
CRD,2010,0.3125,0.42942200562531196,-0.11692200562531196,-1.8707520900049914
CRD,2011,0.5,0.35181707303245463,0.14818292696754537,2.370926831480726
CRD,2012,0.3125,0.2675581923085905,0.044941807691409486,0.7190689230625518
CRD,2013,0.625,0.5198778165628669,0.10512218343713309,1.6819549349941294
CRD,2014,0.6875,0.5949846749688089,0.09251532503119109,1.4802452004990574
CRD,2015,0.8125,0.6019189368628304,0.21058106313716962,3.369297010194714
CRD,2016,0.4688,0.5106170252829182,-0.0418170252829182,-0.6690724045266911
CRD,2017,0.5,0.2852258520183141,0.21477414798168593,3.436386367706975
CRD,2018,0.1875,0.4075304373400578,-0.22003043734005778,-3.5204869974409245
CRD,2019,0.3438,0.46727312250666686,-0.12347312250666687,-1.9755699601066699
CRD,2020,0.5,0.4533264902174252,0.046673509782574785,0.7467761565211966
CRD,2021,0.6471,0.5400932522147976,0.10700674778520236,1.7121079645632378
CRD,2022,0.2353,0.32469357745672195,-0.08939357745672194,-1.430297239307551
CRD,2023,0.2353,0.2108839282383157,0.02441607176168431,0.39065714818694897
CRD,2024,0.4706,0.5200371305796516,-0.0494371305796516,-0.7909940892744256
DAL,1970,0.7143,0.7957057737438558,-0.08140577374385571,-1.3024923799016914
DAL,1971,0.7857,0.8449418508817974,-0.05924185088179745,-0.9478696141087593
DAL,1972,0.7143,0.640273136623293,0.07402686337670705,1.1844298140273128
DAL,1973,0.7143,0.6773807235594298,0.03691927644057025,0.590708423049124
DAL,1974,0.5714,0.5357363925295802,0.035663607470419856,0.5706177195267177
DAL,1975,0.7143,0.6233742914984708,0.09092570850152926,1.454811336024468
DAL,1976,0.7857,0.6141173338190955,0.17158266618090445,2.7453226588944712
DAL,1977,0.8571,0.7505065958849066,0.10659340411509333,1.7054944658414932
DAL,1978,0.75,0.7103235185655515,0.03967648143444846,0.6348237029511754
DAL,1979,0.6875,0.6312311703894061,0.05626882961059387,0.900301273769502
DAL,1980,0.75,0.6432897129457915,0.10671028705420849,1.7073645928673358
DAL,1981,0.75,0.728709425776277,0.021290574223723047,0.34064918757956875
DAL,1982,0.6667,0.787597129978807,-0.12089712997880708,-1.9343540796609133
DAL,1983,0.75,0.6213807014459001,0.12861929855409993,2.057908776865599
DAL,1984,0.5625,0.4888480323381336,0.07365196766186638,1.178431482589862
DAL,1985,0.625,0.6312098996050792,-0.006209899605079228,-0.09935839368126764
DAL,1986,0.4375,0.4512006077334125,-0.013700607733412473,-0.21920972373459957
DAL,1987,0.4667,0.3765315833169008,0.09016841668309922,1.4426946669295875
DAL,1988,0.1875,0.2895725262563691,-0.10207252625636909,-1.6331604201019054
DAL,1989,0.0625,0.1887154793145117,-0.1262154793145117,-2.0194476690321874
DAL,1990,0.4375,0.2968202517419485,0.14067974825805152,2.2508759721288243
DAL,1991,0.6875,0.49591088732160615,0.19158911267839385,3.0654258028543016
DAL,1992,0.8125,0.7321598020389111,0.08034019796108893,1.285443167377423
DAL,1993,0.75,0.747232940506319,0.0027670594936809456,0.04427295189889513
DAL,1994,0.75,0.7416188709376232,0.008381129062376758,0.13409806499802812
DAL,1995,0.75,0.5915412935493597,0.1584587064506403,2.535339303210245
DAL,1996,0.625,0.5084533595949572,0.11654664040504281,1.864746246480685
DAL,1997,0.375,0.41707216240529127,-0.04207216240529127,-0.6731545984846603
DAL,1998,0.625,0.7127733715204723,-0.08777337152047227,-1.4043739443275562
DAL,1999,0.5,0.6410829403317956,-0.14108294033179558,-2.2573270453087293
DAL,2000,0.3125,0.3481955152164818,-0.03569551521648179,-0.5711282434637086
DAL,2001,0.3125,0.3136713922976264,-0.0011713922976264168,-0.01874227676202267
DAL,2002,0.3125,0.5171788104681376,-0.20467881046813763,-3.274860967490202
DAL,2003,0.625,0.5722693180717933,0.052730681928206735,0.8436909108513078
DAL,2004,0.375,0.34314016077031995,0.031859839229680054,0.5097574276748809
DAL,2005,0.5625,0.48853905134999814,0.07396094865000186,1.1833751784000297
DAL,2006,0.5625,0.5776540383982455,-0.015154038398245473,-0.24246461437192757
DAL,2007,0.8125,0.5725587950707492,0.23994120492925075,3.839059278868012
DAL,2008,0.5625,0.4252076056738295,0.13729239432617052,2.1966783092187283
DAL,2009,0.6875,0.6483690248934224,0.03913097510657759,0.6260956017052415
DAL,2010,0.125,0.48053839595123904,-0.35553839595123904,-5.688614335219825
DAL,2011,0.5,0.6688421610274521,-0.1688421610274521,-2.7014745764392334
DAL,2012,0.5,0.39818628185153654,0.10181371814846346,1.6290194903754154
DAL,2013,0.5,0.5278392315346915,-0.027839231534691478,-0.44542770455506364
DAL,2014,0.75,0.8137234361242682,-0.06372343612426823,-1.0195749779882917
DAL,2015,0.25,0.35375489224773893,-0.10375489224773893,-1.6600782759638228
DAL,2016,0.8125,0.6855255295209883,0.12697447047901167,2.0315915276641867
DAL,2017,0.5625,0.5611306864481393,0.0013693135518606514,0.021909016829770422
DAL,2018,0.625,0.6378218683213599,-0.012821868321359897,-0.20514989314175835
DAL,2019,0.5,0.5655260833878305,-0.0655260833878305,-1.048417334205288
DAL,2020,0.375,0.3154162538961011,0.05958374610389888,0.9533399376623821
DAL,2021,0.7059,0.8134699157638277,-0.10756991576382768,-1.721118652221243
DAL,2022,0.7059,0.5933104446882175,0.1125895553117825,1.80143288498852
DAL,2023,0.7059,0.8653506720261688,-0.1594506720261688,-2.551210752418701
DAL,2024,0.4118,0.28564248743233167,0.12615751256766833,2.0185202010826933
DEN,1970,0.3929,0.543676838017371,-0.15077683801737096,-2.4124294082779354
DEN,1971,0.2778,0.26700786849045544,0.010792131509544556,0.1726741041527129
DEN,1972,0.3571,0.3336267510376224,0.02347324896237757,0.3755719833980411
DEN,1973,0.5714,0.4680561070085692,0.10334389299143082,1.653502287862893
DEN,1974,0.5357,0.4597953803506412,0.07590461964935874,1.2144739143897398
DEN,1975,0.4286,0.26258883745549144,0.16601116254450854,2.6561786007121366
DEN,1976,0.6429,0.4017701918718682,0.24112980812813184,3.8580769300501094
DEN,1977,0.8571,0.6870345093496889,0.17006549065031107,2.721047850404977
DEN,1978,0.625,0.6296534370734356,-0.0046534370734355734,-0.07445499317496918
DEN,1979,0.625,0.5195373087423696,0.10546269125763041,1.6874030601220866
DEN,1980,0.5,0.3037515864757424,0.1962484135242576,3.1399746163881215
DEN,1981,0.625,0.6148555299272127,0.010144470072787293,0.16231152116459668
DEN,1982,0.2222,0.35151410721487963,-0.12931410721487963,-2.069025715438074
DEN,1983,0.5625,0.48911926595503563,0.07338073404496437,1.17409174471943
DEN,1984,0.8125,0.6802150802363376,0.1322849197636624,2.1165587162185986
DEN,1985,0.6875,0.6324205028538619,0.055079497146138134,0.8812719543382102
DEN,1986,0.6875,0.5712061169075796,0.11629388309242039,1.8607021294787263
DEN,1987,0.7,0.4911199358507377,0.20888006414926225,3.342081026388196
DEN,1988,0.5,0.506581575645572,-0.0065815756455720464,-0.10530521032915274
DEN,1989,0.6875,0.5880996425466782,0.09940035745332176,1.5904057192531482
DEN,1990,0.3125,0.39418782413776443,-0.08168782413776443,-1.307005186204231
DEN,1991,0.75,0.6360340103169949,0.11396598968300509,1.8234558349280814
DEN,1992,0.5,0.40664454872412464,0.09335545127587536,1.4936872204140057
DEN,1993,0.5625,0.6995496293665626,-0.13704962936656262,-2.192794069865002
DEN,1994,0.4375,0.460089734631593,-0.022589734631592973,-0.36143575410548756
DEN,1995,0.5,0.4862281853408785,0.013771814659121473,0.22034903454594357
DEN,1996,0.8125,0.7388607194645662,0.07363928053543378,1.1782284885669405
DEN,1997,0.75,0.8125630171460165,-0.06256301714601653,-1.0010082743362645
DEN,1998,0.875,0.8217478057013585,0.053252194298641475,0.8520351087782636
DEN,1999,0.375,0.49370237618531415,-0.11870237618531415,-1.8992380189650264
DEN,2000,0.6875,0.76206200377884,-0.07456200377884004,-1.1929920604614406
DEN,2001,0.5,0.5889372498365224,-0.0889372498365224,-1.4229959973843584
DEN,2002,0.5625,0.43827823378673425,0.12422176621326575,1.987548259412252
DEN,2003,0.625,0.5422754784012056,0.0827245215987944,1.3235923455807104
DEN,2004,0.625,0.6168796059496139,0.008120394050386115,0.12992630480617784
DEN,2005,0.8125,0.679847914661832,0.13265208533816797,2.1224333654106875
DEN,2006,0.5625,0.5048818973054042,0.057618102694595774,0.9218896431135324
DEN,2007,0.4375,0.4003598266007329,0.03714017339926712,0.5942427743882739
DEN,2008,0.5,0.4620793358682507,0.037920664131749326,0.6067306261079892
DEN,2009,0.5,0.5385522219394172,-0.03855222193941721,-0.6168355510306753
DEN,2010,0.25,0.44710800043119064,-0.19710800043119064,-3.1537280068990503
DEN,2011,0.5,0.567404636787363,-0.06740463678736297,-1.0784741885978075
DEN,2012,0.8125,0.8314115138770074,-0.018911513877007402,-0.30258422203211843
DEN,2013,0.8125,0.670165391143404,0.142334608856596,2.277353741705536
DEN,2014,0.75,0.7006115995891129,0.0493884004108871,0.7902144065741936
DEN,2015,0.75,0.5938986133665941,0.1561013866334059,2.4976221861344943
DEN,2016,0.5625,0.4907110814769019,0.0717889185230981,1.1486226963695696
DEN,2017,0.3125,0.37763774589314125,-0.06513774589314125,-1.04220393429026
DEN,2018,0.375,0.4303609322292236,-0.055360932229223614,-0.8857749156675778
DEN,2019,0.4375,0.3333441194207389,0.10415588057926112,1.6664940892681779
DEN,2020,0.3125,0.26462773193952915,0.047872268060470846,0.7659562889675335
DEN,2021,0.4118,0.4477950692130786,-0.0359950692130786,-0.5759211074092576
DEN,2022,0.2667,0.3516488011219211,-0.0849488011219211,-1.3591808179507376
DEN,2023,0.4706,0.4835594203433107,-0.012959420343310657,-0.2073507254929705
DEN,2024,0.5882,0.6221613285745797,-0.033961328574579785,-0.5433812571932766
DET,1970,0.7143,0.8378774742435691,-0.12357747424356902,-1.9772395878971043
DET,1971,0.5357,0.7255091099849614,-0.18980910998496148,-3.0369457597593836
DET,1972,0.6071,0.4039429321279429,0.20315706787205706,3.250513085952913
DET,1973,0.4643,0.4038698911759376,0.06043010882406241,0.9668817411849986
DET,1974,0.5,0.3674696046859788,0.13253039531402122,2.1204863250243395
DET,1975,0.5,0.43371096938215215,0.06628903061784785,1.0606244898855657
DET,1976,0.25,0.5093581630703348,-0.25935816307033477,-4.149730609125356
DET,1977,0.4286,0.4083649908641531,0.02023500913584686,0.32376014617354976
DET,1978,0.4375,0.35084959417462214,0.08665040582537786,1.3864064932060458
DET,1979,0.125,0.10222171496920113,0.022778285030798873,0.36445256049278196
DET,1980,0.5625,0.5422459170677107,0.020254082932289252,0.32406532691662804
DET,1981,0.5,0.45346798959088563,0.046532010409114366,0.7445121665458299
DET,1982,0.4444,0.5050697849272828,-0.06066978492728281,-0.970716558836525
DET,1983,0.5625,0.5251047965132454,0.037395203486754625,0.598323255788074
DET,1984,0.2812,0.2734778736277163,0.0077221263722837,0.1235540219565392
DET,1985,0.4375,0.30424949327740014,0.13325050672259986,2.1320081075615978
DET,1986,0.3125,0.4124318571116269,-0.09993185711162689,-1.5989097137860302
DET,1987,0.2667,0.19049057086086685,0.07620942913913314,1.2193508662261303
DET,1988,0.1818,0.25212825947110373,-0.07032825947110374,-1.12525215153766
DET,1989,0.4375,0.4655349576596979,-0.02803495765969788,-0.44855932255516606
DET,1990,0.375,0.5182982693206819,-0.1432982693206819,-2.2927723091309105
DET,1991,0.75,0.6037878371065731,0.14621216289342687,2.33939460629483
DET,1992,0.3125,0.5492486332404596,-0.23674863324045958,-3.7879781318473533
DET,1993,0.625,0.5262205019076204,0.09877949809237963,1.580471969478074
DET,1994,0.5625,0.5274287395771905,0.0350712604228095,0.561140166764952
DET,1995,0.625,0.8580543540047296,-0.23305435400472962,-3.728869664075674
DET,1996,0.3125,0.4795183550102495,-0.16701835501024948,-2.6722936801639916
DET,1997,0.5625,0.6154586389259261,-0.052958638925926116,-0.8473382228148179
DET,1998,0.3125,0.32167061690855997,-0.00917061690855997,-0.14672987053695952
DET,1999,0.5,0.5239680193371078,-0.023968019337107793,-0.3834883093937247
DET,2000,0.5556,0.49840054830031516,0.05719945169968482,0.9151912271949572
DET,2001,0.125,0.3854776243392691,-0.2604776243392691,-4.167641989428305
DET,2002,0.1875,0.36962053015468654,-0.18212053015468654,-2.9139284824749847
DET,2003,0.3125,0.31685178715565654,-0.004351787155656539,-0.06962859449050463
DET,2004,0.375,0.5179799305034729,-0.1429799305034729,-2.2876788880555665
DET,2005,0.3636,0.37497202358322307,-0.01137202358322309,-0.18195237733156944
DET,2006,0.1875,0.483334977051482,-0.295834977051482,-4.733359632823712
DET,2007,0.4375,0.4756392901910678,-0.03813929019106782,-0.6102286430570851
DET,2008,0.0,0.2259934834885654,-0.2259934834885654,-3.6158957358170465
DET,2009,0.125,0.23660105602226061,-0.11160105602226061,-1.7856168963561698
DET,2010,0.375,0.4624504165836722,-0.0874504165836722,-1.3992066653387552
DET,2011,0.625,0.6394797415503353,-0.014479741550335268,-0.23167586480536428
DET,2012,0.25,0.5035415273585071,-0.2535415273585071,-4.056664437736114
DET,2013,0.4375,0.6532351456815457,-0.21573514568154573,-3.4517623309047316
DET,2014,0.6875,0.7217603752133995,-0.03426037521339953,-0.5481660034143925
DET,2015,0.4375,0.5387592874272421,-0.1012592874272421,-1.6201485988358737
DET,2016,0.5625,0.5689553598861082,-0.006455359886108236,-0.10328575817773178
DET,2017,0.5625,0.6398659947887178,-0.07736599478871775,-1.237855916619484
DET,2018,0.375,0.5138162630097269,-0.13881626300972694,-2.221060208155631
DET,2019,0.2188,0.28312480562974873,-0.06432480562974874,-1.0291968900759798
DET,2020,0.3636,0.5944139751646333,-0.23081397516463337,-3.693023602634134
DET,2021,0.2059,0.41943920300788545,-0.21353920300788545,-3.4166272481261672
DET,2022,0.5294,0.6266290845279073,-0.09722908452790735,-1.5556653524465176
DET,2023,0.7059,0.6243522337390963,0.08154776626090365,1.3047642601744585
DET,2024,0.8824,0.6673226643959628,0.2150773356040372,3.441237369664595
GNB,1970,0.4286,0.45442894338585993,-0.025828943385859948,-0.41326309417375917
GNB,1971,0.3571,0.33236057023865817,0.024739429761341802,0.39583087618146884
GNB,1972,0.7143,0.5544428726875691,0.15985712731243096,2.5577140369988953
GNB,1973,0.4286,0.28201448777894905,0.14658551222105093,2.345368195536815
GNB,1974,0.4286,0.38548291362930387,0.04311708637069611,0.6898733819311378
GNB,1975,0.2857,0.22261778975259883,0.06308221024740118,1.009315363958419
GNB,1976,0.3571,0.20913340574747707,0.1479665942525229,2.3674655080403664
GNB,1977,0.2857,0.24711911590293079,0.038580884097069224,0.6172941455531076
GNB,1978,0.5312,0.5354171463224253,-0.004217146322425314,-0.06747434115880502
GNB,1979,0.3125,0.36662915293453846,-0.05412915293453846,-0.8660664469526154
GNB,1980,0.3438,0.22926827236891978,0.11453172763108022,1.8325076420972835
GNB,1981,0.5,0.39648067260798675,0.10351932739201325,1.656309238272212
GNB,1982,0.6111,0.5782645045922714,0.032835495407728565,0.525367926523657
GNB,1983,0.5,0.4184713188975385,0.08152868110246148,1.3044588976393836
GNB,1984,0.5,0.4764597145444807,0.023540285455519283,0.37664456728830853
GNB,1985,0.5,0.2958270461764489,0.2041729538235511,3.2667672611768177
GNB,1986,0.25,0.13023648307467328,0.11976351692532672,1.9162162708052275
GNB,1987,0.3667,0.2922860027977252,0.07441399720227482,1.190623955236397
GNB,1988,0.25,0.3531775788116437,-0.10317757881164369,-1.650841260986299
GNB,1989,0.625,0.697991299383278,-0.07299129938327797,-1.1678607901324476
GNB,1990,0.375,0.4625689904565313,-0.08756899045653133,-1.4011038473045012
GNB,1991,0.25,0.4726570811505008,-0.2226570811505008,-3.562513298408013
GNB,1992,0.5625,0.4514002242352381,0.11109977576476188,1.77759641223619
GNB,1993,0.5625,0.5801354982316148,-0.01763549823161481,-0.28216797170583696
GNB,1994,0.5625,0.7037845672829032,-0.14128456728290317,-2.2605530765264508
GNB,1995,0.6875,0.5195992454317266,0.16790075456827336,2.6864120730923737
GNB,1996,0.8125,0.8050256929856234,0.007474307014376569,0.1195889122300251
GNB,1997,0.8125,0.7378255594465404,0.07467444055345962,1.194791048855354
GNB,1998,0.6875,0.5872524424413319,0.1002475575586681,1.6039609209386896
GNB,1999,0.5,0.5249151180128477,-0.024915118012847737,-0.3986418882055638
GNB,2000,0.5625,0.6651268468502423,-0.10262684685024226,-1.6420295496038761
GNB,2001,0.75,0.6226366060754389,0.12736339392456109,2.0378143027929774
GNB,2002,0.75,0.5990956454396261,0.15090435456037388,2.414469672965982
GNB,2003,0.625,0.7150044618581939,-0.09000446185819388,-1.4400713897311022
GNB,2004,0.625,0.5516099423187398,0.07339005768126017,1.1742409229001627
GNB,2005,0.25,0.4120960910256265,-0.1620960910256265,-2.593537456410024
GNB,2006,0.5,0.541989796408719,-0.04198979640871903,-0.6718367425395044
GNB,2007,0.8125,0.7023255418709352,0.11017445812906479,1.7627913300650366
GNB,2008,0.375,0.6335912039645387,-0.2585912039645387,-4.1374592634326195
GNB,2009,0.6875,0.8384107751367166,-0.15091077513671658,-2.4145724021874653
GNB,2010,0.625,0.6377836711426204,-0.012783671142620356,-0.2045387382819257
GNB,2011,0.9375,0.7773270806503698,0.16017291934963018,2.562766709594083
GNB,2012,0.6875,0.6651030505853569,0.022396949414643097,0.35835119063428955
GNB,2013,0.5312,0.5251682114646552,0.006031788535344806,0.0965086165655169
GNB,2014,0.75,0.9215154125269615,-0.17151541252696145,-2.7442466004313832
GNB,2015,0.625,0.6766136883352205,-0.05161368833522051,-0.8258190133635281
GNB,2016,0.625,0.7532830945707716,-0.12828309457077158,-2.0525295131323453
GNB,2017,0.4375,0.23968147244863525,0.19781852755136475,3.165096440821836
GNB,2018,0.375,0.37148511141164986,0.00351488858835014,0.05623821741360224
GNB,2019,0.8125,0.7699246857912365,0.04257531420876348,0.6812050273402157
GNB,2020,0.8125,0.7416994322386647,0.07080056776133525,1.132809084181364
GNB,2021,0.7647,0.6418018474672512,0.12289815253274883,1.9663704405239812
GNB,2022,0.4706,0.588358743160786,-0.11775874316078594,-1.884139890572575
GNB,2023,0.5294,0.49581145719625813,0.03358854280374185,0.5374166848598696
GNB,2024,0.6471,0.5842333732357368,0.06286662676426324,1.005866028228212
HTX,2002,0.25,0.4764804164639194,-0.22648041646391942,-3.6236866634227107
HTX,2003,0.3125,0.43972986072813663,-0.12722986072813663,-2.035677771650186
HTX,2004,0.4375,0.6399415254293133,-0.20244152542931326,-3.239064406869012
HTX,2005,0.125,0.30682750384138724,-0.18182750384138724,-2.909240061462196
HTX,2006,0.375,0.40661799293794654,-0.03161799293794654,-0.5058878870071446
HTX,2007,0.5,0.4057718008666316,0.09422819913336838,1.5076511861338942
HTX,2008,0.5,0.4789417390397879,0.021058260960212127,0.33693217536339404
HTX,2009,0.5625,0.5728358011659387,-0.010335801165938685,-0.16537281865501896
HTX,2010,0.375,0.5578502862946181,-0.18285028629461808,-2.9256045807138893
HTX,2011,0.625,0.7176414050611548,-0.09264140506115481,-1.482262480978477
HTX,2012,0.75,0.6695880541071375,0.08041194589286249,1.2865911342857999
HTX,2013,0.1538,0.24607046071825378,-0.09227046071825379,-1.4763273714920606
HTX,2014,0.5625,0.7205015161553129,-0.15800151615531288,-2.528024258485006
HTX,2015,0.5625,0.4055946086574717,0.1569053913425283,2.5104862614804526
HTX,2016,0.5625,0.31760891552575343,0.24489108447424657,3.918257351587945
HTX,2017,0.25,0.1788438144718213,0.0711561855281787,1.1384989684508593
HTX,2018,0.6875,0.6959468759613638,-0.008446875961363842,-0.13515001538182148
HTX,2019,0.625,0.46256154675494077,0.16243845324505923,2.5990152519209477
HTX,2020,0.0,0.4033242123065364,-0.4033242123065364,-6.453187396904583
HTX,2021,0.2353,0.3592324565258535,-0.1239324565258535,-1.982919304413656
HTX,2022,0.2059,0.5919414670665477,-0.38604146706654774,-6.176663473064764
HTX,2023,0.5882,0.5483451507478088,0.03985484925219118,0.6376775880350589
HTX,2024,0.5882,0.7386679348526052,-0.15046793485260523,-2.4074869576416837
JAX,1995,0.25,0.43830194124633326,-0.18830194124633326,-3.012831059941332
JAX,1996,0.5625,0.5739207652937458,-0.011420765293745805,-0.18273224469993288
JAX,1997,0.6875,0.6210244695549878,0.0664755304450122,1.0636084871201952
JAX,1998,0.6875,0.5887787932478722,0.09872120675212781,1.579539308034045
JAX,1999,0.875,0.7191448788877679,0.1558551211122321,2.4936819377957136
JAX,2000,0.4375,0.5018214845621329,-0.06432148456213294,-1.029143752994127
JAX,2001,0.375,0.46701296417232224,-0.09201296417232224,-1.4722074267571559
JAX,2002,0.375,0.5191750421302013,-0.14417504213020127,-2.3068006740832203
JAX,2003,0.3125,0.4289170723813087,-0.11641707238130872,-1.8626731581009395
JAX,2004,0.5625,0.5224619582374196,0.04003804176258041,0.6406086682012866
JAX,2005,0.75,0.6474712966845231,0.10252870331547692,1.6404592530476307
JAX,2006,0.5,0.5849347821879933,-0.08493478218799333,-1.3589565150078933
JAX,2007,0.6875,0.6567232663337412,0.03077673366625877,0.49242773866014034
JAX,2008,0.3125,0.38411878609425704,-0.07161878609425704,-1.1459005775081126
JAX,2009,0.4375,0.43163370290740294,0.0058662970925970614,0.09386075348155298
JAX,2010,0.5,0.4537309648641781,0.04626903513582192,0.7403045621731508
JAX,2011,0.2727,0.3659355028835294,-0.09323550288352939,-1.4917680461364702
JAX,2012,0.125,0.2961129920081777,-0.1711129920081777,-2.737807872130843
JAX,2013,0.25,0.3750563579034924,-0.1250563579034924,-2.0009017264558784
JAX,2014,0.1875,0.4234898120737207,-0.23598981207372072,-3.7758369931795315
JAX,2015,0.3125,0.5112461421159196,-0.19874614211591957,-3.179938273854713
JAX,2016,0.1429,0.4426565225345713,-0.2997565225345713,-4.796104360553141
JAX,2017,0.625,0.6679363920898265,-0.04293639208982647,-0.6869822734372235
JAX,2018,0.3125,0.412577342580277,-0.100077342580277,-1.601237481284432
JAX,2019,0.375,0.5271701902952765,-0.15217019029527645,-2.4347230447244232
JAX,2020,0.0625,0.19754742937240066,-0.13504742937240066,-2.1607588699584106
JAX,2021,0.1538,0.13571975349531618,0.018080246504683817,0.28928394407494107
JAX,2022,0.5294,0.6767712332767541,-0.14737123327675417,-2.3579397324280666
JAX,2023,0.5294,0.5731861872046163,-0.043786187204616356,-0.7005789952738617
JAX,2024,0.2353,0.2356694608806702,-0.00036946088067019156,-0.005911374090723065
KAN,1970,0.5714,0.6805301959076384,-0.1091301959076384,-1.7460831345222143
KAN,1971,0.75,0.7093077132770256,0.040692286722974425,0.6510765875675908
KAN,1972,0.5714,0.5678996094666963,0.0035003905333037544,0.05600624853286007
KAN,1973,0.5714,0.4766323507353074,0.09476764926469261,1.5162823882350818
KAN,1974,0.3571,0.4364611918901044,-0.07936119189010443,-1.269779070241671
KAN,1975,0.3571,0.27194481908606943,0.08515518091393054,1.3624828946228886
KAN,1976,0.3571,0.49178458297189687,-0.1346845829718969,-2.1549533275503503
KAN,1977,0.1429,0.2732867106556787,-0.13038671065567872,-2.0861873704908596
KAN,1978,0.25,0.3569210753328871,-0.10692107533288708,-1.7107372053261933
KAN,1979,0.4375,0.3023056383527534,0.13519436164724657,2.163109786355945
KAN,1980,0.5,0.4101936907245416,0.0898063092754584,1.4369009484073345
KAN,1981,0.5625,0.507501864345869,0.05499813565413103,0.8799701704660965
KAN,1982,0.3333,0.47331120996525594,-0.14001120996525596,-2.2401793594440953
KAN,1983,0.375,0.563081031791518,-0.18808103179151803,-3.0092965086642884
KAN,1984,0.5,0.49419499800947314,0.005805001990526859,0.09288003184842974
KAN,1985,0.375,0.437224588659366,-0.062224588659365976,-0.9955934185498556
KAN,1986,0.625,0.6447525208861744,-0.019752520886174407,-0.3160403341787905
KAN,1987,0.2667,0.21971961624244474,0.046980383757555255,0.7516861401208841
KAN,1988,0.2812,0.3158990420537142,-0.03469904205371421,-0.5551846728594274
KAN,1989,0.5312,0.3868001223241433,0.1443998776758567,2.3103980428137074
KAN,1990,0.6875,0.7038206357660215,-0.016320635766021496,-0.26113017225634394
KAN,1991,0.625,0.5007321914230062,0.12426780857699382,1.9882849372319011
KAN,1992,0.625,0.5901597789192191,0.03484022108078089,0.5574435372924942
KAN,1993,0.6875,0.47247506774711867,0.21502493225288133,3.4403989160461013
KAN,1994,0.5625,0.46878010568988127,0.09371989431011873,1.4995183089618997
KAN,1995,0.8125,0.6662153569914673,0.14628464300853272,2.3405542881365236
KAN,1996,0.5625,0.47353107412699397,0.08896892587300603,1.4235028139680965
KAN,1997,0.8125,0.5608527381030478,0.2516472618969522,4.026356190351235
KAN,1998,0.4375,0.41516773396769246,0.022332266032307535,0.35731625651692056
KAN,1999,0.5625,0.5849828539353872,-0.02248285393538718,-0.3597256629661949
KAN,2000,0.4375,0.6139518297541581,-0.17645182975415807,-2.823229276066529
KAN,2001,0.375,0.3540269695824906,0.02097303041750942,0.3355684866801507
KAN,2002,0.5,0.5441469409564983,-0.04414694095649829,-0.7063510553039727
KAN,2003,0.8125,0.7603798027065035,0.052120197293496484,0.8339231566959437
KAN,2004,0.4375,0.5533110336916325,-0.11581103369163248,-1.8529765390661197
KAN,2005,0.625,0.6210380222253957,0.003961977774604275,0.0633916443936684
KAN,2006,0.5625,0.5687443266843443,-0.00624432668434427,-0.09990922694950832
KAN,2007,0.25,0.5663342284610062,-0.31633422846100623,-5.0613476553761
KAN,2008,0.125,0.3543317633807317,-0.2293317633807317,-3.669308214091707
KAN,2009,0.25,0.35705921521304773,-0.10705921521304773,-1.7129474434087637
KAN,2010,0.625,0.6861255923246237,-0.06112559232462367,-0.9780094771939787
KAN,2011,0.3846,0.5412332396884045,-0.15663323968840454,-2.5061318350144726
KAN,2012,0.125,0.3153346739637122,-0.19033467396371218,-3.045354783419395
KAN,2013,0.6875,0.6578955439609373,0.0296044560390627,0.4736712966250032
KAN,2014,0.5625,0.5009207418186272,0.061579258181372776,0.9852681309019644
KAN,2015,0.6875,0.6319538286893428,0.0555461713106572,0.8887387409705152
KAN,2016,0.75,0.5373715562399466,0.2126284437600534,3.4020551001608546
KAN,2017,0.625,0.5095411797080627,0.11545882029193733,1.8473411246709972
KAN,2018,0.75,0.5556153994634381,0.19438460053656192,3.110153608584991
KAN,2019,0.75,0.6390222036979366,0.11097779630206339,1.7756447408330143
KAN,2020,0.875,0.6226534847791614,0.2523465152208386,4.037544243533418
KAN,2021,0.7059,0.5228083827403193,0.1830916172596807,2.9294658761548913
KAN,2022,0.8235,0.741938325712294,0.081561674287706,1.304986788603296
KAN,2023,0.6471,0.6403544441493906,0.00674555585060943,0.10792889360975089
KAN,2024,0.8824,0.7574614046403916,0.12493859535960838,1.9990175257537341
MIA,1970,0.7143,0.7481018395685047,-0.03380183956850469,-0.540829433096075
MIA,1971,0.75,0.7320170537176548,0.017982946282345202,0.28772714051752324
MIA,1972,1.0,0.8862689775984622,0.11373102240153776,1.8196963584246042
MIA,1973,0.8571,0.7542614678169586,0.1028385321830414,1.6454165149286624
MIA,1974,0.7857,0.6474358788393695,0.13826412116063047,2.2122259385700875
MIA,1975,0.7143,0.722072362322945,-0.007772362322944981,-0.1243577971671197
MIA,1976,0.4286,0.41805401510898377,0.010545984891016214,0.16873575825625942
MIA,1977,0.7143,0.5373519157218126,0.17694808427818742,2.8311693484509988
MIA,1978,0.6875,0.6014205263404568,0.08607947365954316,1.3772715785526906
MIA,1979,0.625,0.56454278763825,0.060457212361749946,0.9673153977879991
MIA,1980,0.5,0.36193941434008464,0.13806058565991536,2.2089693705586457
MIA,1981,0.7188,0.48878687065017934,0.23001312934982066,3.6802100695971305
MIA,1982,0.7778,0.6223162033835676,0.1554837966164324,2.4877407458629186
MIA,1983,0.75,0.7113175339677624,0.03868246603223757,0.6189194565158012
MIA,1984,0.875,0.8416151682709158,0.03338483172908424,0.5341573076653479
MIA,1985,0.75,0.5987796349621646,0.15122036503783542,2.419525840605367
MIA,1986,0.5,0.5504402268009523,-0.05044022680095228,-0.8070436288152365
MIA,1987,0.5333,0.3135715493738372,0.2197284506261628,3.515655210018605
MIA,1988,0.375,0.45922322909143065,-0.08422322909143065,-1.3475716654628904
MIA,1989,0.5,0.41726108038983617,0.08273891961016383,1.3238227137626213
MIA,1990,0.75,0.5659409580867709,0.18405904191322908,2.9449446706116653
MIA,1991,0.5,0.4400427608994729,0.05995723910052708,0.9593158256084333
MIA,1992,0.6875,0.582674198367761,0.10482580163223898,1.6772128261158237
MIA,1993,0.5625,0.42363705103857274,0.13886294896142726,2.221807183382836
MIA,1994,0.625,0.5713425217579909,0.05365747824200906,0.858519651872145
MIA,1995,0.5625,0.49769720480151014,0.06480279519848986,1.0368447231758378
MIA,1996,0.5,0.5051376291985638,-0.0051376291985637534,-0.08220206717702006
MIA,1997,0.5625,0.4540810326109137,0.1084189673890863,1.7347034782253807
MIA,1998,0.625,0.5956102370193799,0.029389762980620127,0.470236207689922
MIA,1999,0.5625,0.40244022798096246,0.16005977201903754,2.5609563523046006
MIA,2000,0.6875,0.6550349222996272,0.03246507770037277,0.5194412432059643
MIA,2001,0.6875,0.5170613241791111,0.1704386758208889,2.7270188131342223
MIA,2002,0.5625,0.7010932558161381,-0.13859325581613813,-2.21749209305821
MIA,2003,0.625,0.6042083866230588,0.020791613376941243,0.3326658140310599
MIA,2004,0.1111,0.42030655816044743,-0.3092065581604474,-4.947304930567158
MIA,2005,0.5625,0.5446762650666139,0.01782373493338607,0.28517975893417713
MIA,2006,0.375,0.3034441636499727,0.07155583635002732,1.1448933816004372
MIA,2007,0.0625,0.34227202742307755,-0.27977202742307755,-4.476352438769241
MIA,2008,0.6875,0.6254990317510022,0.06200096824899781,0.992015491983965
MIA,2009,0.4375,0.4143028913080936,0.023197108691906387,0.3711537390705022
MIA,2010,0.4375,0.4320204339389256,0.005479566061074415,0.08767305697719063
MIA,2011,0.3077,0.6696347731556291,-0.36193477315562916,-5.790956370490067
MIA,2012,0.4375,0.5663363664351642,-0.12883636643516416,-2.0613818629626266
MIA,2013,0.5,0.5767156377701634,-0.07671563777016344,-1.227450204322615
MIA,2014,0.5,0.5894533181925637,-0.08945331819256375,-1.43125309108102
MIA,2015,0.25,0.5839353152607524,-0.3339353152607524,-5.342965044172038
MIA,2016,0.625,0.5200116569767723,0.10498834302322768,1.679813488371643
MIA,2017,0.375,0.37118802182332244,0.003811978176677555,0.06099165082684088
MIA,2018,0.4375,0.5278004990989841,-0.09030049909898408,-1.4448079855837452
MIA,2019,0.3125,0.23302369484586283,0.07947630515413717,1.2716208824661948
MIA,2020,0.625,0.5335929351388193,0.09140706486118066,1.4625130377788906
MIA,2021,0.5294,0.4235759607850121,0.1058240392149879,1.6931846274398064
MIA,2022,0.5294,0.41718051419162094,0.11221948580837904,1.7955117729340646
MIA,2023,0.6471,0.5496370956702652,0.09746290432973481,1.559406469275757
MIA,2024,0.4706,0.43963936296672096,0.03096063703327906,0.49537019253246495
MIN,1970,0.8571,1.2050154747702788,-0.34791547477027884,-5.5666475963244615
MIN,1971,0.7857,0.7685769714693121,0.01712302853068781,0.273968456491005
MIN,1972,0.5,0.6166433267857017,-0.11664332678570166,-1.8662932285712266
MIN,1973,0.8571,0.838939930501005,0.018160069498994957,0.2905611119839193
MIN,1974,0.7143,0.7943840477910304,-0.0800840477910304,-1.2813447646564864
MIN,1975,0.8571,0.9653867124746538,-0.10828671247465382,-1.7325873995944612
MIN,1976,0.8214,0.6858278466606651,0.13557215333933492,2.1691544534293588
MIN,1977,0.6429,0.4131231959844003,0.22977680401559974,3.676428864249596
MIN,1978,0.5312,0.5377225821791194,-0.006522582179119385,-0.10436131486591016
MIN,1979,0.4375,0.46100561895971104,-0.02350561895971104,-0.3760899033553766
MIN,1980,0.5625,0.6156183401583836,-0.05311834015838357,-0.8498934425341371
MIN,1981,0.4375,0.36657500380650687,0.07092499619349313,1.13479993909589
MIN,1982,0.5556,0.42697693110585955,0.12862306889414044,2.057969102306247
MIN,1983,0.5,0.4078877430621135,0.0921122569378865,1.473796111006184
MIN,1984,0.1875,0.22795060055571492,-0.04045060055571492,-0.6472096088914387
MIN,1985,0.4375,0.47019502014700487,-0.03269502014700487,-0.523120322352078
MIN,1986,0.5625,0.4901646467142411,0.07233535328575891,1.1573656525721425
MIN,1987,0.5333,0.39468725642680136,0.13861274357319864,2.217803897171178
MIN,1988,0.6875,0.6682796631898599,0.019220336810140126,0.307525388962242
MIN,1989,0.625,0.5380990732863996,0.08690092671360039,1.3904148274176062
MIN,1990,0.375,0.43432568765017054,-0.059325687650170544,-0.9492110024027287
MIN,1991,0.5,0.5246553880501942,-0.024655388050194182,-0.3944862088031069
MIN,1992,0.6875,0.7225901032546798,-0.03509010325467976,-0.5614416520748762
MIN,1993,0.5625,0.6991197439601851,-0.13661974396018506,-2.185915903362961
MIN,1994,0.625,0.5175002898691851,0.10749971013081494,1.719995362093039
MIN,1995,0.5,0.6737539959186125,-0.1737539959186125,-2.7800639346978
MIN,1996,0.5625,0.6168623754009679,-0.05436237540096789,-0.8697980064154862
MIN,1997,0.5625,0.4564126190324812,0.1060873809675188,1.6973980954803007
MIN,1998,0.9375,0.8554582059375222,0.0820417940624778,1.3126687049996448
MIN,1999,0.625,0.5774470309761145,0.047552969023885505,0.7608475043821681
MIN,2000,0.6875,0.6125686089958071,0.07493139100419288,1.1989022560670861
MIN,2001,0.3333,0.3729555676294045,-0.03965556762940453,-0.6344890820704725
MIN,2002,0.375,0.4913177416865291,-0.11631774168652909,-1.8610838669844654
MIN,2003,0.5625,0.7086796385286408,-0.1461796385286408,-2.3388742164582528
MIN,2004,0.5,0.7300691224865875,-0.2300691224865875,-3.6811059597854
MIN,2005,0.5625,0.5220214955150446,0.04047850448495538,0.6476560717592861
MIN,2006,0.375,0.6889947801714686,-0.31399478017146865,-5.023916482743498
MIN,2007,0.5,0.6517233731492902,-0.15172337314929019,-2.427573970388643
MIN,2008,0.625,0.6788818457764612,-0.05388184577646116,-0.8621095324233785
MIN,2009,0.75,0.8861806475909961,-0.13618064759099613,-2.178890361455938
MIN,2010,0.3,0.5152913777346814,-0.21529137773468138,-3.444662043754902
MIN,2011,0.1875,0.36603050953214056,-0.17853050953214056,-2.856488152514249
MIN,2012,0.625,0.6094406743682724,0.015559325631727572,0.24894921010764115
MIN,2013,0.3438,0.3475163416390543,-0.0037163416390543214,-0.05946146622486914
MIN,2014,0.4375,0.3452374806338814,0.09226251936611862,1.476200309857898
MIN,2015,0.6875,0.7567626725733818,-0.06926267257338181,-1.108202761174109
MIN,2016,0.5,0.6328535852915625,-0.13285358529156255,-2.1256573646650008
MIN,2017,0.8125,0.6589289660869863,0.15357103391301374,2.45713654260822
MIN,2018,0.5312,0.5313667969166749,-0.00016679691667487173,-0.0026687506667979477
MIN,2019,0.625,0.8085316252183238,-0.18353162521832378,-2.9365060034931805
MIN,2020,0.4375,0.4489301188213156,-0.011430118821315616,-0.18288190114104985
MIN,2021,0.4706,0.5523287418879692,-0.08172874188796919,-1.307659870207507
MIN,2022,0.7647,0.5324988609352019,0.2322011390647981,3.71521822503677
MIN,2023,0.4118,0.42543684219066613,-0.013636842190666132,-0.2181894750506581
MIN,2024,0.8235,0.663751906437266,0.159748093562734,2.555969497003744
NOR,1970,0.1429,0.30798413493527377,-0.16508413493527377,-2.6413461589643803
NOR,1971,0.3571,0.4020234711261833,-0.044923471126183334,-0.7187755380189333
NOR,1972,0.1786,0.21249668330965266,-0.03389668330965265,-0.5423469329544424
NOR,1973,0.3571,0.16584990595120763,0.19125009404879234,3.0600015047806775
NOR,1974,0.3571,0.2927242275397568,0.06437577246024317,1.0300123593638908
NOR,1975,0.1667,0.21187227460848662,-0.045172274608486634,-0.7227563937357862
NOR,1976,0.2857,0.2965715896679856,-0.01087158966798557,-0.17394543468776913
NOR,1977,0.2143,0.2392241766458157,-0.0249241766458157,-0.3987868263330512
NOR,1978,0.4375,0.36908654087011267,0.06841345912988733,1.0946153460781973
NOR,1979,0.5,0.47174594168483786,0.028254058315162145,0.4520649330425943
NOR,1980,0.0,0.10970080901366963,-0.10970080901366963,-1.755212944218714
NOR,1981,0.25,0.26350807369967844,-0.013508073699678436,-0.21612917919485497
NOR,1982,0.4444,0.4312520903477689,0.013147909652231116,0.21036655443569785
NOR,1983,0.5,0.36291631135918045,0.13708368864081955,2.1933390182531127
NOR,1984,0.4375,0.223646034033052,0.213853965966948,3.421663455471168
NOR,1985,0.3333,0.2724433468791462,0.06085665312085381,0.973706449933661
NOR,1986,0.4375,0.5758786624672436,-0.13837866246724362,-2.214058599475898
NOR,1987,0.8,0.5495982076608479,0.25040179233915216,4.006428677426435
NOR,1988,0.625,0.5204692411349537,0.10453075886504626,1.6724921418407401
NOR,1989,0.5625,0.5642133255887503,-0.0017133255887502585,-0.027413209420004137
NOR,1990,0.5,0.4121999938533826,0.08780000614661743,1.4048000983458788
NOR,1991,0.6875,0.6373523373379336,0.05014766266206638,0.8023626025930621
NOR,1992,0.75,0.6523981646495229,0.09760183535047706,1.561629365607633
NOR,1993,0.5,0.40625881397000263,0.09374118602999737,1.499858976479958
NOR,1994,0.4375,0.5250606069073667,-0.08756060690736667,-1.4009697105178667
NOR,1995,0.4375,0.5606521986237272,-0.12315219862372717,-1.9704351779796347
NOR,1996,0.25,0.3993510468670263,-0.14935104686702633,-2.3896167498724212
NOR,1997,0.375,0.33278372215984336,0.042216277840156635,0.6754604454425062
NOR,1998,0.375,0.4010117107900856,-0.026011710790085574,-0.4161873726413692
NOR,1999,0.1875,0.2699387493957186,-0.0824387493957186,-1.3190199903314976
NOR,2000,0.625,0.6916563222684442,-0.0666563222684442,-1.0665011562951072
NOR,2001,0.4375,0.5644014832632627,-0.12690148326326267,-2.0304237322122027
NOR,2002,0.5625,0.6616125419284249,-0.09911254192842489,-1.5858006708547983
NOR,2003,0.5,0.5823669916958355,-0.0823669916958355,-1.317871867133368
NOR,2004,0.5,0.5179491496225457,-0.01794914962254568,-0.28718639396073087
NOR,2005,0.1875,0.3805093094067395,-0.1930093094067395,-3.088148950507832
NOR,2006,0.625,0.5939018888255326,0.03109811117446737,0.4975697787914779
NOR,2007,0.4375,0.538490315254192,-0.100990315254192,-1.615845044067072
NOR,2008,0.5,0.5190259060906743,-0.019025906090674338,-0.3044144974507894
NOR,2009,0.8125,0.8161469283216205,-0.0036469283216205017,-0.05835085314592803
NOR,2010,0.6875,0.6805054186561461,0.0069945813438538895,0.11191330150166223
NOR,2011,0.8125,0.6179708951441725,0.19452910485582753,3.1124656776932405
NOR,2012,0.5,0.5541383117236192,-0.05413831172361916,-0.8662129875779065
NOR,2013,0.6875,0.5889575321561556,0.09854246784384435,1.5766794855015096
NOR,2014,0.4375,0.4790840058146216,-0.04158400581462163,-0.665344093033946
NOR,2015,0.4375,0.5781389426909895,-0.14063894269098953,-2.2502230830558325
NOR,2016,0.4375,0.34186714030269894,0.09563285969730106,1.530125755156817
NOR,2017,0.6875,0.582496059410976,0.10500394058902396,1.6800630494243833
NOR,2018,0.8125,0.7076467309773701,0.10485326902262992,1.6776523043620788
NOR,2019,0.8125,0.6277886172695339,0.18471138273046606,2.955382123687457
NOR,2020,0.75,0.6256834607961187,0.1243165392038813,1.9890646272621009
NOR,2021,0.5294,0.3294183903683362,0.19998160963166378,3.1997057541066205
NOR,2022,0.4118,0.4185491869007892,-0.006749186900789184,-0.10798699041262694
NOR,2023,0.5294,0.5714430191607207,-0.04204301916072073,-0.6726883065715317
NOR,2024,0.2222,0.3765559833895906,-0.1543559833895906,-2.46969573423345
NWE,1970,0.1429,0.22766554722901705,-0.08476554722901705,-1.3562487556642728
NWE,1971,0.4286,0.359897814392945,0.06870218560705499,1.0992349697128798
NWE,1972,0.2222,0.17613543214057376,0.04606456785942625,0.73703308575082
NWE,1973,0.3571,0.4380757909221473,-0.08097579092214735,-1.2956126547543576
NWE,1974,0.5,0.43233766152001396,0.06766233847998604,1.0825974156797766
NWE,1975,0.2143,0.2399463295687545,-0.02564632956875451,-0.4103412731000722
NWE,1976,0.7857,0.5657665391745246,0.21993346082547538,3.518935373207606
NWE,1977,0.6429,0.5642589294285256,0.0786410705714744,1.2582571291435904
NWE,1978,0.7333,0.49725897562947097,0.23604102437052898,3.7766563899284638
NWE,1979,0.5625,0.5570284409360086,0.005471559063991438,0.08754494502386301
NWE,1980,0.625,0.6108080332312568,0.014191966768743236,0.22707146829989178
NWE,1981,0.125,0.3233839134543627,-0.19838391345436268,-3.174142615269803
NWE,1982,0.5556,0.533068888258078,0.022531111741922016,0.36049778787075226
NWE,1983,0.5,0.46122049127758763,0.03877950872241237,0.6204721395585979
NWE,1984,0.625,0.49234881764086913,0.13265118235913087,2.122418917746094
NWE,1985,0.6875,0.5494095278023419,0.13809047219765813,2.20944755516253
NWE,1986,0.6875,0.6996929317212558,-0.012192931721255795,-0.19508690754009272
NWE,1987,0.5333,0.4548078971728655,0.07849210282713448,1.2558736452341517
NWE,1988,0.5625,0.45349106732585764,0.10900893267414236,1.7441429227862777
NWE,1989,0.3125,0.35018347014351986,-0.03768347014351986,-0.6029355222963177
NWE,1990,0.0625,0.21363921501399669,-0.15113921501399669,-2.418227440223947
NWE,1991,0.375,0.350553946012692,0.02444605398730798,0.3911368637969277
NWE,1992,0.125,0.19949064615476586,-0.07449064615476586,-1.1918503384762538
NWE,1993,0.3125,0.3164921889602042,-0.0039921889602042016,-0.06387502336326722
NWE,1994,0.625,0.5065660636147422,0.11843393638525779,1.8949429821641246
NWE,1995,0.375,0.4322050243678038,-0.05720502436780378,-0.9152803898848605
NWE,1996,0.6875,0.7581103862924454,-0.07061038629244543,-1.1297661806791268
NWE,1997,0.625,0.7326062887168096,-0.10760628871680955,-1.7217006194689528
NWE,1998,0.5625,0.6198174500674817,-0.05731745006748168,-0.9170792010797069
NWE,1999,0.5,0.6335267145740545,-0.13352671457405452,-2.1364274331848723
NWE,2000,0.3125,0.4182012087476446,-0.1057012087476446,-1.6912193399623137
NWE,2001,0.6875,0.7278694307817168,-0.04036943078171684,-0.6459108925074695
NWE,2002,0.5625,0.46315403564792074,0.09934596435207926,1.5895354296332682
NWE,2003,0.875,0.7329497222799679,0.1420502777200321,2.2728044435205135
NWE,2004,0.875,0.7531434428806426,0.12185655711935739,1.9497049139097182
NWE,2005,0.625,0.4571059575737619,0.16789404242623812,2.68630467881981
NWE,2006,0.75,0.6464034762423541,0.10359652375764594,1.657544380122335
NWE,2007,1.0,0.8523801688943493,0.1476198311056507,2.361917297690411
NWE,2008,0.6875,0.6236763829287515,0.0638236170712485,1.021177873139976
NWE,2009,0.625,0.589168535353189,0.03583146464681097,0.5733034343489756
NWE,2010,0.875,0.6908141973347585,0.18418580266524154,2.9469728426438646
NWE,2011,0.8125,0.7431202524101613,0.06937974758983867,1.1100759614374187
NWE,2012,0.75,0.7215991006374818,0.028400899362518217,0.4544143898002915
NWE,2013,0.75,0.4884642655819277,0.2615357344180723,4.184571750689157
NWE,2014,0.75,0.7579556092056493,-0.007955609205649306,-0.1272897472903889
NWE,2015,0.75,0.621462982536948,0.12853701746305202,2.0565922794088323
NWE,2016,0.875,0.6572655889623524,0.21773441103764757,3.483750576602361
NWE,2017,0.8125,0.5453174592607719,0.2671825407392281,4.2749206518276495
NWE,2018,0.6875,0.7402433107948418,-0.05274331079484185,-0.8438929727174695
NWE,2019,0.75,0.69183497156634,0.058165028433660004,0.9306404549385601
NWE,2020,0.4375,0.5099215535952394,-0.07242155359523939,-1.1587448575238302
NWE,2021,0.5882,0.6836788519730773,-0.09547885197307737,-1.527661631569238
NWE,2022,0.4706,0.513154644707339,-0.04255464470733894,-0.680874315317423
NWE,2023,0.2353,0.25576898878304893,-0.020468988783048925,-0.3275038205287828
NWE,2024,0.2353,0.3275839063016054,-0.09228390630160538,-1.476542500825686
NYG,1970,0.6429,0.7793530088462952,-0.1364530088462952,-2.183248141540723
NYG,1971,0.2857,0.23725651041577317,0.04844348958422684,0.7750958333476294
NYG,1972,0.5714,0.6272315251489137,-0.05583152514891365,-0.8933044023826184
NYG,1973,0.1786,0.27067211459634277,-0.09207211459634276,-1.4731538335414842
NYG,1974,0.1429,0.21476037021396366,-0.07186037021396366,-1.1497659234234185
NYG,1975,0.3571,0.2664625946684337,0.09063740533156628,1.4501984853050605
NYG,1976,0.0,0.2527918653053166,-0.2527918653053166,-4.044669844885066
NYG,1977,0.3571,0.17705569257016524,0.18004430742983474,2.880708918877356
NYG,1978,0.375,0.41037718928564987,-0.03537718928564987,-0.5660350285703979
NYG,1979,0.375,0.35714440805744074,0.017855591942559257,0.2856894710809481
NYG,1980,0.25,0.1699445760297984,0.0800554239702016,1.2808867835232256
NYG,1981,0.5625,0.39734880512260395,0.16515119487739605,2.6424191180383367
NYG,1982,0.4444,0.500502975544771,-0.05610297554477095,-0.8976476087163352
NYG,1983,0.2188,0.3158602687038391,-0.0970602687038391,-1.5529642992614257
NYG,1984,0.5625,0.4277660349652396,0.13473396503476037,2.155743440556166
NYG,1985,0.625,0.6306747379618174,-0.005674737961817389,-0.09079580738907822
NYG,1986,0.875,0.6780544293763169,0.19694557062368312,3.15112912997893
NYG,1987,0.4,0.325773855494344,0.07422614450565601,1.1876183120904962
NYG,1988,0.625,0.5496637053148564,0.07533629468514358,1.2053807149622973
NYG,1989,0.75,0.5873871427384274,0.1626128572615726,2.6018057161851615
NYG,1990,0.8125,0.6001213148922654,0.2123786851077346,3.3980589617237538
NYG,1991,0.5,0.4777443511837525,0.022255648816247475,0.3560903810599596
NYG,1992,0.375,0.36841294838187,0.006587051618130002,0.10539282589008003
NYG,1993,0.6875,0.6282980739103023,0.059201926089697654,0.9472308174351625
NYG,1994,0.5625,0.467616701030397,0.09488329896960301,1.5181327835136482
NYG,1995,0.3125,0.4749072465584111,-0.1624072465584111,-2.5985159449345776
NYG,1996,0.375,0.4681522789985365,-0.09315227899853651,-1.4904364639765841
NYG,1997,0.6562,0.765062399388483,-0.10886239938848297,-1.7417983902157275
NYG,1998,0.5,0.5160059125683121,-0.016005912568312075,-0.2560946010929932
NYG,1999,0.4375,0.42676365811843187,0.010736341881568134,0.17178147010509015
NYG,2000,0.75,0.7604328698354053,-0.010432869835405256,-0.1669259173664841
NYG,2001,0.4375,0.6172841333321855,-0.17978413333218546,-2.8765461333149673
NYG,2002,0.625,0.5289481273737334,0.09605187262626658,1.5368299620202652
NYG,2003,0.25,0.413340772478894,-0.163340772478894,-2.613452359662304
NYG,2004,0.375,0.4635506428713405,-0.08855064287134051,-1.4168102859414482
NYG,2005,0.6875,0.6534236128894967,0.034076387110503314,0.545222193768053
NYG,2006,0.5,0.4810232890459204,0.0189767109540796,0.3036273752652736
NYG,2007,0.625,0.46285006937057793,0.16214993062942207,2.594398890070753
NYG,2008,0.75,0.7060531601923004,0.043946839807699645,0.7031494369231943
NYG,2009,0.5,0.49233407104383653,0.00766592895616347,0.12265486329861552
NYG,2010,0.625,0.618436845107242,0.00656315489275805,0.1050104782841288
NYG,2011,0.5625,0.7465603466503623,-0.1840603466503623,-2.944965546405797
NYG,2012,0.5625,0.6735438605594769,-0.1110438605594769,-1.7767017689516305
NYG,2013,0.4375,0.41271361854003735,0.024786381459962648,0.39658210335940236
NYG,2014,0.375,0.5237971838601716,-0.1487971838601716,-2.3807549417627456
NYG,2015,0.375,0.5069407077926756,-0.13194070779267564,-2.11105132468281
NYG,2016,0.6875,0.7074545836819399,-0.01995458368193992,-0.3192733389110387
NYG,2017,0.1667,0.3799747610699904,-0.2132747610699904,-3.4123961771198466
NYG,2018,0.3125,0.6077837928877803,-0.2952837928877803,-4.7245406862044845
NYG,2019,0.25,0.4831314439005773,-0.23313144390057727,-3.7301031024092364
NYG,2020,0.375,0.4446933996774892,-0.06969339967748922,-1.1150943948398275
NYG,2021,0.2353,0.3382133923927712,-0.1029133923927712,-1.6466142782843392
NYG,2022,0.5588,0.4703525402284322,0.08844745977156776,1.4151593563450842
NYG,2023,0.3529,0.28403665051650306,0.06886334948349693,1.1018135917359508
NYG,2024,0.1765,0.36519292664119773,-0.18869292664119774,-3.019086826259164
NYJ,1970,0.2857,0.5668358820021622,-0.28113588200216216,-4.498174112034595
NYJ,1971,0.4286,0.333533178462317,0.09506682153768298,1.5210691446029276
NYJ,1972,0.5,0.5147587510226892,-0.014758751022689198,-0.23614001636302717
NYJ,1973,0.2857,0.35298363741874383,-0.06728363741874382,-1.0765381986999012
NYJ,1974,0.5,0.3286261935219909,0.1713738064780091,2.7419809036481455
NYJ,1975,0.2222,0.1842692594159665,0.03793074058403351,0.6068918493445361
NYJ,1976,0.2308,-0.013004647703374117,0.24380464770337412,3.900874363253986
NYJ,1977,0.2143,0.1560404349111899,0.058259565088810084,0.9321530414209613
NYJ,1978,0.5,0.35728994494712635,0.14271005505287365,2.2833608808459784
NYJ,1979,0.5,0.46246421627532763,0.03753578372467237,0.6005725395947579
NYJ,1980,0.25,0.37668196899264816,-0.12668196899264816,-2.0269115038823706
NYJ,1981,0.6562,0.6831215364718963,-0.026921536471896323,-0.4307445835503412
NYJ,1982,0.6667,0.7796793675467044,-0.11297936754670446,-1.8076698807472713
NYJ,1983,0.4375,0.4911629339308353,-0.05366293393083532,-0.8586069428933651
NYJ,1984,0.4375,0.4804201107428319,-0.04292011074283192,-0.6867217718853107
NYJ,1985,0.6875,0.7123510416342909,-0.02485104163429086,-0.39761666614865376
NYJ,1986,0.625,0.4777558570287688,0.14724414297123117,2.3559062875396988
NYJ,1987,0.4,0.37887746538363576,0.021122534616364264,0.3379605538618282
NYJ,1988,0.5312,0.5494647677468344,-0.018264767746834387,-0.2922362839493502
NYJ,1989,0.25,0.27904781568676806,-0.029047815686768064,-0.464765050988289
NYJ,1990,0.375,0.5297200679992942,-0.15472006799929416,-2.4755210879887066
NYJ,1991,0.5,0.5228877820135798,-0.02288778201357977,-0.36620451221727635
NYJ,1992,0.25,0.32209787995237593,-0.07209787995237593,-1.153566079238015
NYJ,1993,0.5,0.5427338492058258,-0.04273384920582579,-0.6837415872932127
NYJ,1994,0.375,0.4011061601306526,-0.02610616013065259,-0.4176985620904414
NYJ,1995,0.1875,0.4148277839774457,-0.22732778397744569,-3.637244543639131
NYJ,1996,0.0625,0.2360504165887895,-0.1735504165887895,-2.776806665420632
NYJ,1997,0.5625,0.46306544929295984,0.09943455070704016,1.5909528113126425
NYJ,1998,0.75,0.765578968270098,-0.01557896827009797,-0.24926349232156753
NYJ,1999,0.5,0.3858694569399556,0.11413054306004439,1.8260886889607102
NYJ,2000,0.5625,0.4850558044565573,0.07744419554344267,1.2391071286950828
NYJ,2001,0.625,0.6976483478670202,-0.07264834786702024,-1.1623735658723238
NYJ,2002,0.5625,0.6378110865909992,-0.07531108659099917,-1.2049773854559866
NYJ,2003,0.375,0.5085838935021421,-0.13358389350214206,-2.137342296034273
NYJ,2004,0.625,0.5926383717118734,0.03236162828812661,0.5177860526100257
NYJ,2005,0.25,0.44241545377559954,-0.19241545377559954,-3.0786472604095927
NYJ,2006,0.625,0.535227067831425,0.08977293216857496,1.4363669146971993
NYJ,2007,0.25,0.28549095208932984,-0.03549095208932984,-0.5678552334292775
NYJ,2008,0.5625,0.578488561438162,-0.015988561438161963,-0.2558169830105914
NYJ,2009,0.5625,0.709465844235834,-0.14696584423583403,-2.3514535077733445
NYJ,2010,0.6875,0.5447596831264857,0.1427403168735143,2.2838450699762287
NYJ,2011,0.5,0.7947693093730447,-0.2947693093730447,-4.716308949968715
NYJ,2012,0.375,0.5663939940262397,-0.1913939940262397,-3.062303904419835
NYJ,2013,0.5,0.5095951632742093,-0.009595163274209284,-0.15352261238734854
NYJ,2014,0.25,0.3567205157892688,-0.10672051578926878,-1.7075282526283004
NYJ,2015,0.625,0.6615589550604806,-0.03655895506048057,-0.5849432809676891
NYJ,2016,0.3125,0.3014923429340352,0.011007657065964793,0.1761225130554367
NYJ,2017,0.3125,0.565440616941412,-0.252940616941412,-4.047049871062592
NYJ,2018,0.25,0.4166841025331421,-0.1666841025331421,-2.6669456405302734
NYJ,2019,0.4375,0.3793305366899699,0.05816946331003009,0.9307114129604814
NYJ,2020,0.125,0.12397784273878121,0.0010221572612187924,0.016354516179500678
NYJ,2021,0.2353,0.14949172206351746,0.08580827793648255,1.3729324469837207
NYJ,2022,0.4118,0.3490416496452934,0.06275835035470662,1.0041336056753059
NYJ,2023,0.4118,0.42585170930009064,-0.014051709300090642,-0.22482734880145028
NYJ,2024,0.4,0.5628203734089992,-0.16282037340899913,-2.605125974543986
OTI,1970,0.25,0.5105314202049727,-0.26053142020497266,-4.168502723279563
OTI,1971,0.3214,0.2933466500163565,0.028053349983643505,0.4488535997382961
OTI,1972,0.0714,0.10699372103813287,-0.03559372103813287,-0.5694995366101259
OTI,1973,0.0,0.17329718810148287,-0.17329718810148287,-2.772755009623726
OTI,1974,0.5,0.2582150930777135,0.2417849069222865,3.868558510756584
OTI,1975,0.7143,0.5257691677554222,0.1885308322445779,3.0164933159132463
OTI,1976,0.3571,0.2921315771797335,0.06496842282026649,1.0394947651242639
OTI,1977,0.5714,0.5013133485435274,0.07008665145647264,1.1213864233035622
OTI,1978,0.625,0.3675936029090419,0.2574063970909581,4.118502353455329
OTI,1979,0.6875,0.4750980092454793,0.2124019907545207,3.3984318520723313
OTI,1980,0.6875,0.4588108844474011,0.2286891155525989,3.6590258488415826
OTI,1981,0.4375,0.3624102834190807,0.07508971658091929,1.2014354652947086
OTI,1982,0.1111,0.22729984050433327,-0.11619984050433327,-1.8591974480693323
OTI,1983,0.0,0.3068872327436022,-0.3068872327436022,-4.910195723897635
OTI,1984,0.1875,0.3519094090949452,-0.16440940909494522,-2.6305505455191236
OTI,1985,0.3571,0.34369510383297763,0.01340489616702234,0.21447833867235744
OTI,1986,0.3125,0.3198928422984896,-0.007392842298489577,-0.11828547677583323
OTI,1987,0.6,0.42547066696395125,0.17452933303604873,2.7924693285767797
OTI,1988,0.625,0.6710561845481396,-0.046056184548139645,-0.7368989527702343
OTI,1989,0.5625,0.5582836011205101,0.00421639887948988,0.06746238207183808
OTI,1990,0.5625,0.7486766558776985,-0.1861766558776985,-2.978826494043176
OTI,1991,0.6875,0.6457738051378741,0.04172619486212592,0.6676191177940147
OTI,1992,0.625,0.6265135351100934,-0.0015135351100934447,-0.024216561761495115
OTI,1993,0.75,0.656792124365654,0.09320787563434596,1.4913260101495354
OTI,1994,0.1,0.34068590251875064,-0.24068590251875063,-3.85097444030001
OTI,1995,0.4375,0.6299996197047768,-0.1924996197047768,-3.079993915276429
OTI,1996,0.5,0.6549301342089495,-0.15493013420894952,-2.4788821473431923
OTI,1997,0.5,0.5441341792180289,-0.04413417921802887,-0.7061468674884619
OTI,1998,0.5,0.5730588881100132,-0.07305888811001315,-1.1689422097602105
OTI,1999,0.8125,0.705522451312104,0.106977548687896,1.711640779006336
OTI,2000,0.8125,0.839775292081547,-0.027275292081546998,-0.43640467330475197
OTI,2001,0.4375,0.4391227672106168,-0.0016227672106168267,-0.025964275369869227
OTI,2002,0.6875,0.7442615338628371,-0.05676153386283711,-0.9081845418053938
OTI,2003,0.75,0.7208527408841429,0.029147259115857138,0.4663561458537142
OTI,2004,0.3125,0.5005725549869848,-0.18807255498698483,-3.0091608797917573
OTI,2005,0.25,0.3958336233667122,-0.14583362336671218,-2.333337973867395
OTI,2006,0.5,0.3610709469668877,0.13892905303311232,2.222864848529797
OTI,2007,0.625,0.5547781041989172,0.07022189580108285,1.1235503328173255
OTI,2008,0.8125,0.8654103157221422,-0.05291031572214222,-0.8465650515542755
OTI,2009,0.5,0.5618172460549707,-0.06181724605497074,-0.9890759368795319
OTI,2010,0.375,0.5019642053690659,-0.12696420536906594,-2.031427285905055
OTI,2011,0.5625,0.6681650495708698,-0.10566504957086975,-1.690640793133916
OTI,2012,0.375,0.4269468214574721,-0.05194682145747209,-0.8311491433195535
OTI,2013,0.4375,0.44351838125841536,-0.006018381258415362,-0.09629410013464579
OTI,2014,0.125,0.18239174972423378,-0.057391749724233776,-0.9182679955877404
OTI,2015,0.1429,0.28568802425701545,-0.14278802425701545,-2.284608388112247
OTI,2016,0.5625,0.44515832608559336,0.11734167391440664,1.8774667826305063
OTI,2017,0.5625,0.6165811184433783,-0.05408111844337826,-0.8652978950940522
OTI,2018,0.5625,0.3396938751324418,0.2228061248675582,3.564897997880931
OTI,2019,0.5625,0.3874155111013815,0.1750844888986185,2.801351822377896
OTI,2020,0.6875,0.6179012182006287,0.06959878179937129,1.1135805087899406
OTI,2021,0.7059,0.5366137409861537,0.1692862590138463,2.708580144221541
OTI,2022,0.4118,0.3151063155178847,0.0966936844821153,1.5470989517138447
OTI,2023,0.3529,0.2619482149313334,0.09095178506866658,1.4552285610986653
OTI,2024,0.1765,0.23951196633655503,-0.06301196633655504,-1.0081914613848806
PHI,1970,0.25,0.43795766522077856,-0.18795766522077856,-3.007322643532457
PHI,1971,0.0,0.4198080561004636,-0.4198080561004636,-6.716928897607418
PHI,1972,0.1786,0.28130177457307975,-0.10270177457307975,-1.643228393169276
PHI,1973,0.3929,0.3669544969276561,0.025945503072343945,0.4151280491575031
PHI,1974,0.5,0.4045176030898774,0.09548239691012261,1.5277183505619618
PHI,1975,0.2857,0.3664512444263833,-0.08075124442638332,-1.292019910822133
PHI,1976,0.2857,0.19333790069333073,0.09236209930666928,1.4777935889067084
PHI,1977,0.3571,0.3401342039465926,0.016965796053407367,0.2714527368545179
PHI,1978,0.5625,0.46245705612071664,0.10004294387928336,1.6006871020685338
PHI,1979,0.6875,0.5596237329497699,0.12787626705023014,2.0460202728036823
PHI,1980,0.75,0.7100491177897603,0.03995088221023968,0.6392141153638349
PHI,1981,0.625,0.6542787804582111,-0.029278780458211084,-0.46846048733137735
PHI,1982,0.3333,0.5000970487633567,-0.16679704876335671,-2.6687527802137074
PHI,1983,0.3125,0.39672501951196854,-0.08422501951196854,-1.3476003121914966
PHI,1984,0.4062,0.5275382306117703,-0.12133823061177029,-1.9414116897883247
PHI,1985,0.4,0.47617228043687143,-0.07617228043687141,-1.2187564869899425
PHI,1986,0.3438,0.5149462073487078,-0.17114620734870778,-2.7383393175793245
PHI,1987,0.4667,0.35819886119105776,0.10850113880894224,1.736018220943076
PHI,1988,0.625,0.7324339481083094,-0.10743394810830942,-1.7189431697329507
PHI,1989,0.6875,0.7598277026444451,-0.0723277026444451,-1.1572432423111216
PHI,1990,0.625,0.5914664872635528,0.033533512736447224,0.5365362037831556
PHI,1991,0.625,0.6221992813682272,0.0028007186317727806,0.04481149810836449
PHI,1992,0.6875,0.6937983504278796,-0.006298350427879629,-0.10077360684607406
PHI,1993,0.5,0.4006638261101065,0.09933617388989352,1.5893787822382963
PHI,1994,0.4375,0.6726242893566683,-0.2351242893566683,-3.7619886297066927
PHI,1995,0.625,0.5594220930395823,0.06557790696041765,1.0492465113666825
PHI,1996,0.625,0.5555894773431032,0.06941052265689684,1.1105683625103495
PHI,1997,0.4062,0.3381828336395849,0.0680171663604151,1.0882746617666417
PHI,1998,0.1875,0.23392771443044608,-0.046427714430446076,-0.7428434308871372
PHI,1999,0.3125,0.4168646902569694,-0.10436469025696937,-1.66983504411151
PHI,2000,0.6875,1.044389143949423,-0.35688914394942306,-5.710226303190769
PHI,2001,0.6875,0.8692374019630291,-0.18173740196302912,-2.907798431408466
PHI,2002,0.75,0.8965526704207132,-0.14655267042071318,-2.344842726731411
PHI,2003,0.75,0.6523170575495914,0.09768294245040865,1.5629270792065384
PHI,2004,0.8125,0.7518043035328064,0.06069569646719364,0.9711311434750982
PHI,2005,0.375,0.4777411564932319,-0.1027411564932319,-1.6438585038917104
PHI,2006,0.625,0.6576593528263255,-0.03265935282632548,-0.5225496452212077
PHI,2007,0.5,0.45477758683982294,0.045222413160177055,0.7235586105628329
PHI,2008,0.5938,0.7220049359389566,-0.12820493593895665,-2.0512789750233065
PHI,2009,0.6875,0.6415773868392234,0.045922613160776615,0.7347618105724258
PHI,2010,0.625,0.48719447222824885,0.13780552777175115,2.2048884443480183
PHI,2011,0.5,0.7289254319630304,-0.2289254319630304,-3.6628069114084862
PHI,2012,0.25,0.3309688254210865,-0.08096882542108652,-1.2955012067373843
PHI,2013,0.625,0.6639533271792939,-0.038953327179293895,-0.6232532348687023
PHI,2014,0.625,0.40713148488411255,0.21786851511588745,3.485896241854199
PHI,2015,0.4,0.5575030207728118,-0.15750302077281175,-2.520048332364988
PHI,2016,0.4375,0.6044663477844554,-0.1669663477844554,-2.6714615645512865
PHI,2017,0.8125,0.6462185694501671,0.1662814305498329,2.6605028887973265
PHI,2018,0.5625,0.40298419855953255,0.15951580144046745,2.5522528230474792
PHI,2019,0.5625,0.4749150868440345,0.0875849131559655,1.401358610495448
PHI,2020,0.2812,0.36926902525348376,-0.08806902525348376,-1.4091044040557401
PHI,2021,0.5294,0.464066694058368,0.065333305941632,1.045332895066112
PHI,2022,0.8235,0.9729034955362831,-0.14940349553628307,-2.390455928580529
PHI,2023,0.6471,0.6269449279667066,0.020155072033293364,0.3224811525326938
PHI,2024,0.8235,0.7492117842651835,0.07428821573481648,1.1886114517570636
PIT,1970,0.3571,0.5722392351461385,-0.21513923514613853,-3.4422277623382165
PIT,1971,0.4286,0.4418452250881519,-0.013245225088151902,-0.21192360141043043
PIT,1972,0.7857,0.8665846703685229,-0.08088467036852298,-1.2941547258963677
PIT,1973,0.7143,0.6998203204776541,0.014479679522345967,0.23167487235753548
PIT,1974,0.75,0.6395551486205444,0.11044485137945559,1.7671176220712894
PIT,1975,0.8571,0.8853218809638953,-0.02822188096389533,-0.45155009542232527
PIT,1976,0.7143,0.7851050050553348,-0.07080500505533471,-1.1328800808853554
PIT,1977,0.6429,0.586363189983361,0.056536810016639016,0.9045889602662243
PIT,1978,0.875,0.6094418375926937,0.26555816240730634,4.2489305985169015
PIT,1979,0.75,0.660917705376884,0.08908229462311601,1.4253167139698562
PIT,1980,0.5625,0.5401514064745021,0.022348593525497895,0.3575774964079663
PIT,1981,0.5,0.6852137464904139,-0.1852137464904139,-2.963419943846622
PIT,1982,0.6667,0.511298441948394,0.15540155805160594,2.486424928825695
PIT,1983,0.625,0.545643605707238,0.07935639429276198,1.2697023086841916
PIT,1984,0.5625,0.5984610134238221,-0.035961013423822075,-0.5753762147811532
PIT,1985,0.4375,0.38479188124336455,0.05270811875663545,0.8433299001061672
PIT,1986,0.375,0.41283864288049665,-0.037838642880496653,-0.6054182860879465
PIT,1987,0.5333,0.21456921045308308,0.3187307895469169,5.099692632750671
PIT,1988,0.3125,0.4020294323096776,-0.08952943230967758,-1.4324709169548413
PIT,1989,0.5625,0.5320232030239598,0.03047679697604022,0.48762875161664354
PIT,1990,0.5625,0.5953119368543831,-0.032811936854383106,-0.5249909896701297
PIT,1991,0.4375,0.3770962564432936,0.06040374355670641,0.9664598969073026
PIT,1992,0.6875,0.6362671882289758,0.051232811771024234,0.8197249883363877
PIT,1993,0.5625,0.5902778226106856,-0.02777782261068562,-0.44444516177096993
PIT,1994,0.75,0.691854898230565,0.05814510176943499,0.9303216283109599
PIT,1995,0.6875,0.5148405990720801,0.17265940092791987,2.762550414846718
PIT,1996,0.625,0.6583664983318146,-0.0333664983318146,-0.5338639733090336
PIT,1997,0.6875,0.5803599843613925,0.10714001563860753,1.7142402502177205
PIT,1998,0.4375,0.48314372361153196,-0.04564372361153196,-0.7302995777845114
PIT,1999,0.375,0.4391794193259417,-0.06417941932594168,-1.0268707092150668
PIT,2000,0.5625,0.6053931769579518,-0.042893176957951806,-0.6862908313272289
PIT,2001,0.8125,0.6694108585465215,0.1430891414534785,2.289426263255656
PIT,2002,0.6562,0.6039497233233921,0.052250276676607865,0.8360044268257258
PIT,2003,0.375,0.47219368362241976,-0.09719368362241976,-1.5550989379587161
PIT,2004,0.9375,0.6675308021723017,0.26996919782769835,4.319507165243174
PIT,2005,0.6875,0.7228877321649629,-0.03538773216496294,-0.566203714639407
PIT,2006,0.5,0.5824672780121274,-0.08246727801212739,-1.3194764481940382
PIT,2007,0.625,0.5748053364560977,0.05019466354390234,0.8031146167024374
PIT,2008,0.75,0.6385896726624078,0.11141032733759215,1.7825652374014744
PIT,2009,0.5625,0.6102009560088686,-0.04770095600886859,-0.7632152961418974
PIT,2010,0.75,0.608243399431439,0.141756600568561,2.268105609096976
PIT,2011,0.75,0.6790560725254934,0.07094392747450662,1.135102839592106
PIT,2012,0.5,0.4681424634658906,0.03185753653410939,0.5097205845457502
PIT,2013,0.5,0.5072812843547287,-0.007281284354728745,-0.11650054967565993
PIT,2014,0.6875,0.7553553244711446,-0.06785532447114462,-1.0856851915383139
PIT,2015,0.625,0.4942963654396908,0.1307036345603092,2.091258152964947
PIT,2016,0.6875,0.4938384065193516,0.19366159348064838,3.098585495690374
PIT,2017,0.8125,0.6371377335993966,0.17536226640060337,2.805796262409654
PIT,2018,0.5938,0.5725000728045672,0.021299927195432833,0.3407988351269253
PIT,2019,0.5,0.41553086764229397,0.08446913235770603,1.3515061177232965
PIT,2020,0.75,0.6405695220668514,0.10943047793314864,1.7508876469303782
PIT,2021,0.5588,0.6067254903507001,-0.04792549035070015,-0.7668078456112024
PIT,2022,0.5294,0.6353510557205567,-0.10595105572055674,-1.6952168915289079
PIT,2023,0.5882,0.49469547668604164,0.09350452331395831,1.496072373023333
PIT,2024,0.5882,0.528327634351856,0.05987236564814391,0.9579578503703026
RAI,1970,0.6429,0.6842208158475789,-0.04132081584757885,-0.6611330535612616
RAI,1971,0.6429,0.5527682232503253,0.09013177674967476,1.4421084279947962
RAI,1972,0.75,0.6367283316244057,0.11327166837559433,1.8123466940095092
RAI,1973,0.6786,0.6386854248806697,0.039914575119330276,0.6386332019092844
RAI,1974,0.8571,0.5990190157333185,0.25808098426668147,4.1292957482669035
RAI,1975,0.7857,0.6287325485481192,0.15696745145188074,2.5114792232300918
RAI,1976,0.9286,0.6014438694241699,0.32715613057583004,5.234498089213281
RAI,1977,0.7857,0.5675030791053772,0.21819692089462273,3.4911507343139636
RAI,1978,0.5625,0.37991004736128287,0.18258995263871713,2.921439242219474
RAI,1979,0.5625,0.35995866106233215,0.20254133893766785,3.2406614230026856
RAI,1980,0.6875,0.6223921187860811,0.06510788121391886,1.0417260994227018
RAI,1981,0.4375,0.3823201132626849,0.05517988673731511,0.8828781877970417
RAI,1982,0.8889,0.7102015546157053,0.1786984453842947,2.859175126148715
RAI,1983,0.75,0.6249975224637213,0.1250024775362787,2.000039640580459
RAI,1984,0.6875,0.5678218929057163,0.11967810709428373,1.9148497135085396
RAI,1985,0.75,0.5717775879893588,0.17822241201064115,2.8515585921702584
RAI,1986,0.5,0.4972954338708666,0.00270456612913339,0.04327305806613424
RAI,1987,0.3333,0.2680481134552632,0.06525188654473679,1.0440301847157887
RAI,1988,0.4375,0.43881941819010134,-0.0013194181901013402,-0.021110691041621443
RAI,1989,0.25,0.35891516215284347,-0.10891516215284347,-1.7426425944454955
RAI,1990,0.75,0.6409411011496318,0.10905889885036824,1.7449423816058918
RAI,1991,0.5625,0.4719896745850627,0.09051032541493731,1.448165206638997
RAI,1992,0.4375,0.3355842221202584,0.1019157778797416,1.6306524460758656
RAI,1993,0.625,0.5377500468072621,0.08724995319273787,1.395999251083806
RAI,1994,0.5625,0.5675796976777805,-0.0050796976777804925,-0.08127516284448788
RAI,1995,0.5,0.6111690038178405,-0.11116900381784045,-1.7787040610854472
RAI,1996,0.4375,0.5337603085862951,-0.09626030858629508,-1.5401649373807214
RAI,1997,0.25,0.5074856849141989,-0.2574856849141989,-4.119770958627182
RAI,1998,0.5,0.5129226490793276,-0.012922649079327608,-0.20676238526924173
RAI,1999,0.5,0.5631916255091172,-0.06319162550911717,-1.0110660081458747
RAI,2000,0.75,0.8470368901217826,-0.09703689012178263,-1.552590241948522
RAI,2001,0.625,0.6287013184961667,-0.003701318496166728,-0.059221095938667645
RAI,2002,0.6875,0.7072966689763156,-0.0197966689763156,-0.3167467036210496
RAI,2003,0.25,0.36143531400338763,-0.11143531400338763,-1.782965024054202
RAI,2004,0.3125,0.3349027559333538,-0.02240275593335378,-0.3584440949336605
RAI,2005,0.25,0.4315950091867222,-0.18159500918672222,-2.9055201469875556
RAI,2006,0.125,0.2672630245490658,-0.1422630245490658,-2.276208392785053
RAI,2007,0.25,0.3479832265067764,-0.09798322650677638,-1.567731624108422
RAI,2008,0.25,0.3041507487254683,-0.05415074872546832,-0.8664119796074932
RAI,2009,0.3125,0.2765223491839914,0.03597765081600862,0.575642413056138
RAI,2010,0.5,0.5022263017346683,-0.0022263017346683123,-0.035620827754692996
RAI,2011,0.5,0.4162121707612217,0.08378782923877831,1.340605267820453
RAI,2012,0.25,0.3967416749703535,-0.1467416749703535,-2.347866799525656
RAI,2013,0.25,0.3010321077633048,-0.0510321077633048,-0.8165137242128768
RAI,2014,0.0,0.3990427455754426,-0.3990427455754426,-6.384683929207082
RAI,2015,0.4375,0.4778571205650256,-0.040357120565025606,-0.6457139290404097
RAI,2016,0.75,0.646467773287121,0.10353222671287898,1.6565156274060637
RAI,2017,0.375,0.5786080873989621,-0.20360808739896208,-3.2577293983833933
RAI,2018,0.25,0.46372408308633234,-0.21372408308633234,-3.4195853293813174
RAI,2019,0.4375,0.48934191868454735,-0.05184191868454735,-0.8294706989527576
RAI,2020,0.5,0.5418912307158529,-0.04189123071585288,-0.6702596914536461
RAI,2021,0.6,0.6398550865791318,-0.03985508657913184,-0.6376813852661094
RAI,2022,0.3529,0.4769229722033936,-0.12402297220339359,-1.9843675552542974
RAI,2023,0.375,0.42807076334287353,-0.05307076334287353,-0.8491322134859765
RAI,2024,0.2353,0.25325904505883334,-0.017959045058833334,-0.28734472094133334
RAM,1970,0.6786,0.8574650746369608,-0.17886507463696077,-2.8618411941913724
RAM,1971,0.6071,0.6850464914879945,-0.07794649148799448,-1.2471438638079118
RAM,1972,0.4643,0.4550181146795853,0.009281885320414685,0.14851016512663495
RAM,1973,0.8571,0.7176025034944871,0.1394974965055129,2.2319599440882065
RAM,1974,0.7143,0.6392636359010042,0.07503636409899583,1.2005818255839333
RAM,1975,0.8571,0.7942844447371832,0.06281555526281679,1.0050488842050687
RAM,1976,0.75,0.7478391493622398,0.00216085063776017,0.03457361020416272
RAM,1977,0.7143,0.7701309749743627,-0.055830974974362624,-0.893295599589802
RAM,1978,0.75,0.45009671677354446,0.29990328322645554,4.798452531623289
RAM,1979,0.5625,0.3743571225346637,0.1881428774653363,3.010286039445381
RAM,1980,0.6875,0.6037586808353325,0.08374131916466754,1.3398611066346806
RAM,1981,0.375,0.4324118709037125,-0.057411870903712525,-0.9185899344594004
RAM,1982,0.2222,0.44281655948072085,-0.22061655948072084,-3.5298649516915335
RAM,1983,0.5625,0.36258683125690194,0.19991316874309806,3.198610699889569
RAM,1984,0.625,0.4360342848067728,0.1889657151932272,3.023451443091635
RAM,1985,0.6875,0.5808067035006482,0.10669329649935178,1.7070927439896284
RAM,1986,0.625,0.5821774919732045,0.04282250802679555,0.6851601284287288
RAM,1987,0.4,0.3437068509202935,0.056293149079706506,0.9006903852753041
RAM,1988,0.625,0.7305947848915799,-0.10559478489157992,-1.6895165582652787
RAM,1989,0.6875,0.6945133383317463,-0.007013338331746333,-0.11221341330794132
RAM,1990,0.3125,0.4151178615170049,-0.10261786151700492,-1.6418857842720787
RAM,1991,0.1875,0.1522380514836889,0.03526194851631109,0.5641911762609775
RAM,1992,0.375,0.3221348401027405,0.052865159897259484,0.8458425583561517
RAM,1993,0.3125,0.23950963411152326,0.07299036588847674,1.1678458542156278
RAM,1994,0.25,0.31454326708595065,-0.06454326708595065,-1.0326922733752104
RAM,1995,0.4375,0.44810129525864534,-0.010601295258645338,-0.1696207241383254
RAM,1996,0.375,0.5026313226770356,-0.12763132267703559,-2.0421011628325694
RAM,1997,0.3125,0.5195218999227392,-0.20702189992273923,-3.3123503987638276
RAM,1998,0.25,0.3721760261141227,-0.1221760261141227,-1.9548164178259633
RAM,1999,0.8125,0.9584292409802726,-0.1459292409802726,-2.3348678556843616
RAM,2000,0.625,0.7853594213000994,-0.1603594213000994,-2.5657507408015903
RAM,2001,0.875,0.8904077134459838,-0.015407713445983795,-0.24652341513574072
RAM,2002,0.4375,0.37829541242516457,0.05920458757483543,0.9472734011973669
RAM,2003,0.75,0.7496194271154097,0.00038057288459025784,0.0060891661534441255
RAM,2004,0.5,0.39931881478746123,0.10068118521253877,1.6108989634006203
RAM,2005,0.4,0.37691144563971724,0.023088554360282787,0.3694168697645246
RAM,2006,0.5,0.707772502623899,-0.207772502623899,-3.324360041982384
RAM,2007,0.1875,0.3347896585993676,-0.1472896585993676,-2.3566345375898816
RAM,2008,0.0,0.4064492968070302,-0.4064492968070302,-6.503188748912483
RAM,2009,0.0625,0.2402409821646676,-0.1777409821646676,-2.8438557146346817
RAM,2010,0.4375,0.6013834448351835,-0.16388344483518347,-2.6221351173629355
RAM,2011,0.125,0.4333752702588569,-0.3083752702588569,-4.934004324141711
RAM,2012,0.4688,0.5351065549270044,-0.06630655492700444,-1.060904878832071
RAM,2013,0.4375,0.4359395741126068,0.0015604258873931909,0.024966814198291054
RAM,2014,0.375,0.3466080968564531,0.028391903143546893,0.4542704502967503
RAM,2015,0.4375,0.33506494016384336,0.10243505983615664,1.6389609573785062
RAM,2016,0.3077,0.35978674360678625,-0.05208674360678628,-0.8333878977085805
RAM,2017,0.6875,0.6836277734382727,0.0038722265617272544,0.06195562498763607
RAM,2018,0.8125,0.8235184886133549,-0.01101848861335486,-0.17629581781367776
RAM,2019,0.5625,0.43682538394087644,0.12567461605912356,2.010793856945977
RAM,2020,0.625,0.5786435556066528,0.046356444393347185,0.741703110293555
RAM,2021,0.7059,0.6115837576293432,0.09431624237065672,1.5090598779305076
RAM,2022,0.2941,0.3206447739130948,-0.026544773913094843,-0.4247163826095175
RAM,2023,0.5882,0.5437456723851238,0.04445432761487611,0.7112692418380178
RAM,2024,0.5882,0.6461606502100199,-0.05796065021001995,-0.9273704033603192
RAV,1996,0.25,0.4996626029005308,-0.24966260290053077,-3.9946016464084924
RAV,1997,0.4062,0.6022970387032587,-0.19609703870325867,-3.137552619252139
RAV,1998,0.375,0.5471081726264901,-0.17210817262649014,-2.7537307620238423
RAV,1999,0.5,0.5533252017453594,-0.053325201745359374,-0.85320322792575
RAV,2000,0.75,0.7857694221543639,-0.03576942215436385,-0.5723107544698216
RAV,2001,0.625,0.603782958860547,0.021217041139452997,0.33947265823124795
RAV,2002,0.4375,0.5150058458712096,-0.07750584587120957,-1.240093533939353
RAV,2003,0.625,0.5939039047695395,0.03109609523046053,0.4975375236873685
RAV,2004,0.5625,0.5577481527531871,0.004751847246812879,0.07602955594900607
RAV,2005,0.375,0.46331089968239003,-0.08831089968239003,-1.4129743949182405
RAV,2006,0.8125,0.7528224909593711,0.05967750904062885,0.9548401446500616
RAV,2007,0.3125,0.409429660918439,-0.09692966091843902,-1.5508745746950243
RAV,2008,0.6875,0.7987858560630189,-0.11128585606301888,-1.7805736970083021
RAV,2009,0.5625,0.7203608718414843,-0.15786087184148434,-2.5257739494637494
RAV,2010,0.75,0.6837732982798028,0.06622670172019718,1.0596272275231549
RAV,2011,0.75,0.6922186933007115,0.05778130669928849,0.9245009071886159
RAV,2012,0.625,0.5356985612473368,0.08930143875266316,1.4288230200426106
RAV,2013,0.5,0.6006556106885536,-0.10065561068855355,-1.6104897710168569
RAV,2014,0.625,0.5391418835386599,0.08585811646134012,1.3737298633814419
RAV,2015,0.3125,0.22157651538059486,0.09092348461940514,1.4547757539104822
RAV,2016,0.5,0.49682614223771965,0.003173857762280352,0.050781724196485634
RAV,2017,0.5625,0.6375950657547254,-0.07509506575472535,-1.2015210520756057
RAV,2018,0.625,0.5062691821689244,0.11873081783107564,1.8996930852972103
RAV,2019,0.875,0.6922144224311664,0.18278557756883362,2.924569241101338
RAV,2020,0.6875,0.5873017361541936,0.10019826384580643,1.603172221532903
RAV,2021,0.4706,0.41636174882955235,0.05423825117044767,0.8678120187271627
RAV,2022,0.5882,0.6299467792123983,-0.04174677921239833,-0.6679484673983733
RAV,2023,0.7647,0.6691383241935551,0.09556167580644492,1.5289868129031188
RAV,2024,0.7059,0.8084553394948933,-0.10255533949489337,-1.640885431918294
SDG,1970,0.4643,0.6266276410377947,-0.16232764103779468,-2.597242256604715
SDG,1971,0.4,0.6319325146117287,-0.2319325146117287,-3.7109202337876592
SDG,1972,0.3214,0.3443425355318467,-0.022942535531846664,-0.3670805685095466
SDG,1973,0.1875,0.19359050054141752,-0.006090500541417521,-0.09744800866268033
SDG,1974,0.3571,0.2845334478183681,0.07256655218163188,1.1610648349061101
SDG,1975,0.1429,0.23849077582368067,-0.09559077582368067,-1.5294524131788907
SDG,1976,0.4286,0.4133284440542618,0.015271555945738202,0.24434489513181123
SDG,1977,0.5,0.38005450703382754,0.11994549296617246,1.9191278874587594
SDG,1978,0.25,0.4483059144723159,-0.19830591447231588,-3.172894631557054
SDG,1979,0.75,0.5647379073748667,0.18526209262513327,2.9641934820021323
SDG,1980,0.6875,0.5936406500736245,0.09385934992637546,1.5017495988220073
SDG,1981,0.625,0.5990512408925146,0.025948759107485397,0.41518014571976636
SDG,1982,0.6667,0.7038241677040424,-0.03712416770404248,-0.5939866832646796
SDG,1983,0.375,0.29193565925160714,0.08306434074839286,1.3290294519742858
SDG,1984,0.4375,0.3933135286713247,0.044186471328675314,0.706983541258805
SDG,1985,0.5,0.5365485295570164,-0.036548529557016374,-0.584776472912262
SDG,1986,0.125,0.21071351935909,-0.08571351935909,-1.37141630974544
SDG,1987,0.5333,0.14429592955377424,0.38900407044622576,6.224065127139612
SDG,1988,0.375,0.2953783217402106,0.07962167825978939,1.2739468521566302
SDG,1989,0.375,0.5263807545088343,-0.15138075450883426,-2.422092072141348
SDG,1990,0.375,0.5061479184613481,-0.1311479184613481,-2.0983666953815696
SDG,1991,0.25,0.43704177788099674,-0.18704177788099674,-2.992668446095948
SDG,1992,0.6875,0.5829440537067715,0.10455594629322851,1.6728951406916561
SDG,1993,0.5,0.44030357596539943,0.05969642403460057,0.9551427845536091
SDG,1994,0.6875,0.5298367820666839,0.15766321793331606,2.522611486933057
SDG,1995,0.5625,0.4813179782355782,0.0811820217644218,1.2989123482307487
SDG,1996,0.5,0.4520161603531324,0.04798383964686759,0.7677414343498814
SDG,1997,0.25,0.3273350890309548,-0.07733508903095482,-1.237361424495277
SDG,1998,0.3333,0.45262484372707457,-0.11932484372707458,-1.9091974996331933
SDG,1999,0.5,0.3061254906035423,0.19387450939645767,3.1019921503433228
SDG,2000,0.0625,0.25305619691898584,-0.19055619691898584,-3.0488991507037735
SDG,2001,0.3125,0.5223872614585866,-0.2098872614585866,-3.3581961833373857
SDG,2002,0.5,0.4516900036637188,0.04830999633628119,0.7729599413804991
SDG,2003,0.25,0.3719614312381363,-0.1219614312381363,-1.9513828998101808
SDG,2004,0.75,0.7629022466452439,-0.012902246645243864,-0.20643594632390183
SDG,2005,0.5625,0.5291683375319978,0.03333166246800223,0.5333065994880357
SDG,2006,0.875,0.7038590531198421,0.1711409468801579,2.7382551500825265
SDG,2007,0.6875,0.7857844552229426,-0.0982844552229426,-1.5725512835670816
SDG,2008,0.5,0.7653518129989523,-0.2653518129989523,-4.245629007983236
SDG,2009,0.8125,0.6322545836391599,0.18024541636084013,2.883926661773442
SDG,2010,0.5625,0.5875910788520133,-0.025091078852013338,-0.4014572616322134
SDG,2011,0.5,0.5969661338130137,-0.09696613381301367,-1.5514581410082187
SDG,2012,0.4375,0.5553594899928743,-0.11785948999287432,-1.8857518398859892
SDG,2013,0.5625,0.5200186466122566,0.04248135338774339,0.6797016542038943
SDG,2014,0.5625,0.36505313715429766,0.19744686284570234,3.1591498055312375
SDG,2015,0.25,0.30873646324431236,-0.058736463244312365,-0.9397834119089978
SDG,2016,0.3125,0.4853768720152197,-0.17287687201521967,-2.7660299522435148
SDG,2017,0.5625,0.6817616079896712,-0.11926160798967123,-1.9081857278347396
SDG,2018,0.75,0.6713401455258188,0.07865985447418122,1.2585576715868996
SDG,2019,0.3125,0.5835679106348561,-0.27106791063485614,-4.337086570157698
SDG,2020,0.4375,0.6293592228075331,-0.1918592228075331,-3.0697475649205295
SDG,2021,0.5294,0.49193150697358734,0.03746849302641264,0.5994958884226023
SDG,2022,0.5882,0.6864151300063004,-0.09821513000630044,-1.571442080100807
SDG,2023,0.3571,0.34828882410333095,0.008811175896669021,0.14097881434670434
SDG,2024,0.6471,0.6764539421199133,-0.029353942119913268,-0.4696630739186123
SEA,1976,0.1429,0.33988136972314,-0.19698136972313998,-3.1517019155702397
SEA,1977,0.3571,0.4736463684133836,-0.11654636841338362,-1.8647418946141379
SEA,1978,0.5625,0.6153548542812349,-0.05285485428123493,-0.8456776684997589
SEA,1979,0.5625,0.5702810776345083,-0.007781077634508304,-0.12449724215213287
SEA,1980,0.25,0.410928143434791,-0.160928143434791,-2.574850294956656
SEA,1981,0.375,0.5169484324081093,-0.14194843240810928,-2.2711749185297485
SEA,1982,0.0,0.5497002155213926,-0.5497002155213926,-8.795203448342281
SEA,1983,0.5625,0.5672021058591104,-0.00470210585911035,-0.0752336937457656
SEA,1984,0.75,0.6582549821669355,0.09174501783306455,1.4679202853290327
SEA,1985,0.5,0.5166080277012274,-0.01660802770122738,-0.26572844321963807
SEA,1986,0.625,0.5617112573697518,0.0632887426302482,1.0126198820839711
SEA,1987,0.6,0.33901218058124194,0.26098781941875804,4.175805110700129
SEA,1988,0.5625,0.5080959811941829,0.054404018805817134,0.8704643008930741
SEA,1989,0.4375,0.29880541900096963,0.13869458099903037,2.219113295984486
SEA,1990,0.5625,0.5324827162950088,0.030017283704991238,0.4802765392798598
SEA,1991,0.4375,0.4763050829152238,-0.038805082915223776,-0.6208813266435804
SEA,1992,0.125,0.4433965674394738,-0.3183965674394738,-5.094345079031581
SEA,1993,0.375,0.5747340969926977,-0.19973409699269773,-3.1957455518831637
SEA,1994,0.375,0.524408404668691,-0.149408404668691,-2.390534474699056
SEA,1995,0.5,0.514080699726102,-0.014080699726102042,-0.22529119561763267
SEA,1996,0.4375,0.3858488298341352,0.05165117016586479,0.8264187226538366
SEA,1997,0.5,0.39368929692343085,0.10631070307656915,1.7009712492251063
SEA,1998,0.5,0.6112577673761567,-0.11125776737615667,-1.7801242780185067
SEA,1999,0.5625,0.6280827960768098,-0.06558279607680984,-1.0493247372289574
SEA,2000,0.375,0.3880649405491902,-0.013064940549190218,-0.2090390487870435
SEA,2001,0.5625,0.5396621759555321,0.02283782404446788,0.3654051847114861
SEA,2002,0.4375,0.5744627440042473,-0.13696274400424735,-2.1914039040679576
SEA,2003,0.625,0.6847268877540238,-0.059726887754023794,-0.9556302040643807
SEA,2004,0.5625,0.6141869889047057,-0.05168698890470569,-0.826991822475291
SEA,2005,0.8125,0.7420666317925835,0.07043336820741652,1.1269338913186644
SEA,2006,0.5625,0.525188147520811,0.037311852479189,0.596989639667024
SEA,2007,0.625,0.7706135791828891,-0.14561357918288909,-2.3298172669262254
SEA,2008,0.25,0.3733978364256226,-0.12339783642562258,-1.9743653828099612
SEA,2009,0.3125,0.5121315037933386,-0.1996315037933386,-3.1941040606934177
SEA,2010,0.4375,0.5129153694728648,-0.07541536947286476,-1.2066459115658361
SEA,2011,0.4375,0.6315232781028433,-0.19402327810284326,-3.104372449645492
SEA,2012,0.6875,0.7726231733932822,-0.08512317339328224,-1.3619707742925158
SEA,2013,0.8125,0.7252171195292482,0.08728288047075183,1.3965260875320293
SEA,2014,0.75,0.5930437037703805,0.15695629622961949,2.5113007396739118
SEA,2015,0.625,0.6337886236962336,-0.008788623696233566,-0.14061797913973706
SEA,2016,0.6562,0.6268244694035334,0.02937553059646658,0.4700084895434653
SEA,2017,0.5625,0.48811316867278043,0.07438683132721957,1.1901893012355131
SEA,2018,0.625,0.6032973027242987,0.021702697275701288,0.3472431564112206
SEA,2019,0.6875,0.47050386658728593,0.21699613341271407,3.471938134603425
SEA,2020,0.75,0.6073215519828816,0.14267844801711838,2.282855168273894
SEA,2021,0.4118,0.48625299301574293,-0.07445299301574293,-1.1912478882518869
SEA,2022,0.5294,0.47269479188814695,0.056705208111853034,0.9072833297896485
SEA,2023,0.5294,0.4386736744029471,0.0907263255970529,1.4516212095528465
SEA,2024,0.5882,0.5017606751819279,0.08643932481807204,1.3830291970891526
SFO,1970,0.75,0.8790390700496035,-0.12903907004960347,-2.0646251207936555
SFO,1971,0.6429,0.5963943111946951,0.04650568880530492,0.7440910208848788
SFO,1972,0.6071,0.5496393520881863,0.05746064791181371,0.9193703665890194
SFO,1973,0.3571,0.27808872616175345,0.07901127383824652,1.2641803814119443
SFO,1974,0.4286,0.3062373251888938,0.12236267481110619,1.957802796977699
SFO,1975,0.3571,0.32674250804933147,0.030357491950668503,0.48571987121069604
SFO,1976,0.5714,0.4572976197351877,0.11410238026481234,1.8256380842369975
SFO,1977,0.3571,0.341923145280553,0.015176854719446964,0.24282967551115142
SFO,1978,0.1111,0.24473476017855933,-0.13363476017855933,-2.138156162856949
SFO,1979,0.125,0.34838241958289123,-0.22338241958289123,-3.5741187133262597
SFO,1980,0.375,0.34998987638171275,0.02501012361828725,0.400161977892596
SFO,1981,0.8125,0.6712899173135295,0.1412100826864705,2.259361322983528
SFO,1982,0.3333,0.5412127743172724,-0.20791277431727245,-3.3266043890763592
SFO,1983,0.625,0.6504725720833197,-0.025472572083319656,-0.4075611533331145
SFO,1984,0.9375,0.8173849884344354,0.12011501156556459,1.9218401850490334
SFO,1985,0.625,0.6852004969506374,-0.06020049695063745,-0.9632079512101992
SFO,1986,0.6562,0.6718565240740986,-0.015656524074098566,-0.25050438518557705
SFO,1987,0.8667,0.6450356024308008,0.2216643975691992,3.546630361107187
SFO,1988,0.625,0.6068621204760953,0.018137879523904665,0.29020607238247464
SFO,1989,0.875,0.7309421624433697,0.14405783755663026,2.304925400906084
SFO,1990,0.875,0.6159251634138754,0.2590748365861246,4.145197385377994
SFO,1991,0.625,0.5492366396256374,0.0757633603743626,1.2122137659898016
SFO,1992,0.875,0.799955268797883,0.07504473120211697,1.2007156992338714
SFO,1993,0.625,0.7366160024485842,-0.11161600244858416,-1.7858560391773466
SFO,1994,0.8125,0.8736673738381946,-0.061167373838194594,-0.9786779814111135
SFO,1995,0.6875,0.7107943126219574,-0.023294312621957358,-0.37270900195131773
SFO,1996,0.75,0.7320188590613969,0.017981140938603146,0.28769825501765034
SFO,1997,0.8125,0.7020252053929095,0.11047479460709053,1.7675967137134485
SFO,1998,0.75,0.6678827135889351,0.08211728641106486,1.3138765825770378
SFO,1999,0.25,0.42124087196376864,-0.17124087196376864,-2.739853951420298
SFO,2000,0.375,0.5207263330607468,-0.14572633306074678,-2.3316213289719485
SFO,2001,0.75,0.8247199524728352,-0.07471995247283525,-1.195519239565364
SFO,2002,0.625,0.629078426810756,-0.004078426810755986,-0.06525482897209578
SFO,2003,0.4375,0.46354712065221,-0.026047120652209987,-0.4167539304353598
SFO,2004,0.125,0.05703822087549726,0.06796177912450274,1.0873884659920439
SFO,2005,0.25,0.36496832407994173,-0.11496832407994173,-1.8394931852790677
SFO,2006,0.4375,0.6348008777458541,-0.19730087774585414,-3.1568140439336663
SFO,2007,0.3125,0.45731608489306447,-0.14481608489306447,-2.3170573582890315
SFO,2008,0.2857,0.573797019944838,-0.288097019944838,-4.609552319117408
SFO,2009,0.5,0.7163217709992764,-0.2163217709992764,-3.4611483359884225
SFO,2010,0.3333,0.49293721658053125,-0.15963721658053126,-2.5541954652885
SFO,2011,0.8125,0.666519328655983,0.14598067134401704,2.3356907415042727
SFO,2012,0.7188,0.6196140529516837,0.09918594704831629,1.5869751527730607
SFO,2013,0.75,0.625762386765126,0.12423761323487403,1.9878018117579845
SFO,2014,0.5,0.5023950507753355,-0.0023950507753355277,-0.03832081240536844
SFO,2015,0.3125,0.21839723386784526,0.09410276613215474,1.5056442581144758
SFO,2016,0.125,0.4746369090327559,-0.3496369090327559,-5.5941905445240945
SFO,2017,0.375,0.16524992944200778,0.20975007055799222,3.3560011289278755
SFO,2018,0.25,0.2302382229936935,0.01976177700630649,0.31618843210090386
SFO,2019,0.8125,0.5814677537265202,0.23103224627347985,3.6965159403756775
SFO,2020,0.375,0.24097796753026463,0.13402203246973537,2.144352519515766
SFO,2021,0.5882,0.5560224663015769,0.03217753369842302,0.5148405391747684
SFO,2022,0.7647,0.7206956799650439,0.044004320034956135,0.7040691205592982
SFO,2023,0.7059,0.6765759740636687,0.02932402593633132,0.46918441498130115
SFO,2024,0.3529,0.3234471724970951,0.0294528275029049,0.4712452400464784
TAM,1976,0.0,0.13989041438793742,-0.13989041438793742,-2.2382466302069988
TAM,1977,0.1429,0.2474389164393107,-0.10453891643931071,-1.6726226630289713
TAM,1978,0.3125,0.544083103029693,-0.23158310302969298,-3.7053296484750877
TAM,1979,0.625,0.5483179600522194,0.07668203994778056,1.226912639164489
TAM,1980,0.3438,0.4510760543262786,-0.10727605432627862,-1.716416869220458
TAM,1981,0.5625,0.5452723970366811,0.017227602963318933,0.27564164741310293
TAM,1982,0.5556,0.4055737953961708,0.1500262046038292,2.4004192736612673
TAM,1983,0.125,0.3753165767967227,-0.2503165767967227,-4.005065228747563
TAM,1984,0.375,0.33217837458170574,0.04282162541829426,0.6851460066927082
TAM,1985,0.125,0.2146691022979047,-0.0896691022979047,-1.4347056367664752
TAM,1986,0.125,0.2099347789439312,-0.0849347789439312,-1.3589564631028992
TAM,1987,0.2667,0.2444099954523105,0.02229000454768948,0.35664007276303167
TAM,1988,0.3125,0.24269138794317024,0.06980861205682976,1.116937792909276
TAM,1989,0.3125,0.2690560161389645,0.043443983861035484,0.6951037417765678
TAM,1990,0.3846,0.27237756964627863,0.11222243035372137,1.795558885659542
TAM,1991,0.1875,0.4104162738341848,-0.22291627383418477,-3.5666603813469564
TAM,1992,0.3125,0.26083347233181264,0.051666527668187356,0.8266644426909977
TAM,1993,0.3125,0.2531473951127276,0.0593526048872724,0.9496416781963584
TAM,1994,0.375,0.2206471281131322,0.1543528718868678,2.469645950189885
TAM,1995,0.4375,0.3236560754615186,0.11384392453848141,1.8215027926157026
TAM,1996,0.375,0.515493398361058,-0.140493398361058,-2.247894373776928
TAM,1997,0.625,0.7323646085243076,-0.10736460852430763,-1.717833736388922
TAM,1998,0.5,0.6050364271067252,-0.10503642710672523,-1.6805828337076036
TAM,1999,0.6875,0.7040749925562045,-0.016574992556204537,-0.2651998808992726
TAM,2000,0.625,0.7894146575156772,-0.1644146575156772,-2.630634520250835
TAM,2001,0.5625,0.7265192797779425,-0.1640192797779425,-2.62430847644708
TAM,2002,0.75,0.8205812926300187,-0.07058129263001867,-1.1293006820802987
TAM,2003,0.4375,0.579135888421002,-0.14163588842100205,-2.266174214736033
TAM,2004,0.3125,0.4606338810612193,-0.14813388106121927,-2.3701420969795084
TAM,2005,0.6875,0.6519020007895424,0.03559799921045759,0.5695679873673214
TAM,2006,0.25,0.3504752960128672,-0.1004752960128672,-1.6076047362058752
TAM,2007,0.5625,0.660715256890608,-0.09821525689060795,-1.5714441102497272
TAM,2008,0.5625,0.5769599424248549,-0.014459942424854932,-0.23135907879767892
TAM,2009,0.1875,0.21011930951618307,-0.022619309516183073,-0.36190895225892916
TAM,2010,0.625,0.5734406778566559,0.05155932214334413,0.8249491542935061
TAM,2011,0.25,0.5956988292139012,-0.34569882921390116,-5.531181267422419
TAM,2012,0.4375,0.4717109258574501,-0.034210925857450114,-0.5473748137192018
TAM,2013,0.25,0.5316003034110863,-0.28160030341108633,-4.505604854577381
TAM,2014,0.125,0.4022267067878718,-0.2772267067878718,-4.435627308605949
TAM,2015,0.375,0.441078179598717,-0.06607817959871698,-1.0572508735794717
TAM,2016,0.5625,0.6754428143915995,-0.11294281439159948,-1.8070850302655916
TAM,2017,0.3125,0.4750357401039618,-0.16253574010396182,-2.600571841663389
TAM,2018,0.3125,0.44504438507998145,-0.13254438507998145,-2.1207101612797032
TAM,2019,0.4375,0.48554081815764905,-0.048040818157649046,-0.7686530905223847
TAM,2020,0.6875,0.6667011289254245,0.020798871074575453,0.33278193719320726
TAM,2021,0.7647,0.6539088286239422,0.11079117137605787,1.772658742016926
TAM,2022,0.4706,0.6231187515942914,-0.1525187515942914,-2.4403000255086624
TAM,2023,0.5294,0.544313726757858,-0.01491372675785807,-0.23861962812572912
TAM,2024,0.5882,0.6289547342473384,-0.04075473424733844,-0.6520757479574151
WAS,1970,0.4286,0.639090626942701,-0.21049062694270104,-3.3678500310832167
WAS,1971,0.6786,0.6738941325756616,0.004705867424338428,0.07529387878941485
WAS,1972,0.7857,0.6318232622032249,0.15387673779677502,2.4620278047484003
WAS,1973,0.7143,0.656381980732529,0.05791801926747109,0.9266883082795374
WAS,1974,0.7143,0.6131415067088107,0.10115849329118931,1.618535892659029
WAS,1975,0.5714,0.5429858634882974,0.02841413651170266,0.45462618418724254
WAS,1976,0.7143,0.6042291209545341,0.11007087904546597,1.7611340647274556
WAS,1977,0.6429,0.4533861350590149,0.1895138649409851,3.0322218390557616
WAS,1978,0.5,0.4084855890947412,0.0915144109052588,1.4642305744841408
WAS,1979,0.625,0.6042745376336944,0.02072546236630557,0.3316073978608891
WAS,1980,0.375,0.5606972400473325,-0.18569724004733246,-2.9711558407573193
WAS,1981,0.5,0.5971154243407649,-0.09711542434076492,-1.5538467894522388
WAS,1982,0.8889,0.6921111421608315,0.19678885783916855,3.148621725426697
WAS,1983,0.875,0.8712478044185752,0.003752195581424811,0.060035129302796975
WAS,1984,0.6875,0.6428771285495524,0.04462287145044763,0.7139659432071621
WAS,1985,0.625,0.4842689490486653,0.1407310509513347,2.2516968152213552
WAS,1986,0.75,0.5662302071513587,0.18376979284864126,2.94031668557826
WAS,1987,0.7333,0.5008703127100023,0.2324296872899977,3.718874996639963
WAS,1988,0.4375,0.42825921104482323,0.00924078895517677,0.14785262328282833
WAS,1989,0.625,0.525025257339832,0.09997474266016804,1.5995958825626886
WAS,1990,0.625,0.5169525519667271,0.10804744803327293,1.7287591685323669
WAS,1991,0.875,0.8882636055792745,-0.013263605579274529,-0.21221768926839246
WAS,1992,0.5625,0.5556883215910634,0.0068116784089365945,0.10898685454298551
WAS,1993,0.25,0.33476564852302804,-0.08476564852302804,-1.3562503763684486
WAS,1994,0.1875,0.472483939096735,-0.284983939096735,-4.55974302554776
WAS,1995,0.375,0.5363062269942651,-0.1613062269942651,-2.580899631908242
WAS,1996,0.5625,0.7312804861699824,-0.16878048616998242,-2.700487778719719
WAS,1997,0.5312,0.5071418228173468,0.02405817718265324,0.38493083492245184
WAS,1998,0.375,0.4949704466229008,-0.1199704466229008,-1.9195271459664127
WAS,1999,0.625,0.8124811519047122,-0.18748115190471215,-2.9996984304753944
WAS,2000,0.5385,0.5574271255144608,-0.018927125514460852,-0.30283400823137363
WAS,2001,0.5,0.5408647495143961,-0.040864749514396115,-0.6538359922303378
WAS,2002,0.4375,0.4822989155569847,-0.044798915556984675,-0.7167826489117548
WAS,2003,0.3125,0.3904764165819623,-0.0779764165819623,-1.2476226653113969
WAS,2004,0.375,0.5276067301098545,-0.15260673010985448,-2.4417076817576717
WAS,2005,0.625,0.52331786555364,0.10168213444635998,1.6269141511417597
WAS,2006,0.3125,0.37456637667558523,-0.06206637667558523,-0.9930620268093637
WAS,2007,0.5625,0.4820542335781568,0.0804457664218432,1.2871322627494912
WAS,2008,0.5,0.5879085590950304,-0.08790855909503037,-1.406536945520486
WAS,2009,0.25,0.4274450855491821,-0.1774450855491821,-2.8391213687869135
WAS,2010,0.375,0.44563242749546333,-0.07063242749546333,-1.1301188399274134
WAS,2011,0.3125,0.4414036919906954,-0.1289036919906954,-2.0624590718511264
WAS,2012,0.625,0.6940289542876988,-0.06902895428769884,-1.1044632686031814
WAS,2013,0.1875,0.45742705519158033,-0.26992705519158033,-4.318832883065285
WAS,2014,0.25,0.2029810323380702,0.04701896766192981,0.752303482590877
WAS,2015,0.5625,0.4512950635324423,0.11120493646755769,1.779278983480923
WAS,2016,0.5312,0.4344485158464457,0.09675148415355428,1.5480237464568685
WAS,2017,0.4375,0.43542784251758965,0.002072157482410353,0.033154519718565645
WAS,2018,0.4375,0.355542008767427,0.08195799123257302,1.3113278597211684
WAS,2019,0.0,0.25025745113260833,-0.25025745113260833,-4.004119218121733
WAS,2020,0.4375,0.40715463371858684,0.030345366281413155,0.4855258605026105
WAS,2021,0.4118,0.36364370203641183,0.04815629796358817,0.7705007674174107
WAS,2022,0.5,0.43441389593250423,0.06558610406749577,1.0493776650799322
WAS,2023,0.2353,0.4343740038170434,-0.19907400381704338,-3.185184061072694
WAS,2024,0.7059,0.6318779890380861,0.07402201096191385,1.1843521753906217
