Team,Year,Actual_Win_Pct,Predicted_With_Coach,Predicted_Replacement,Coaching_WAR,Predicted_Impact,Prediction_Error_Coach,Prediction_Error_Replacement,WAR_SE,Primary_Coach,Combined_Coach,WAR_Percentile
CHI,1987,0.7333,0.4434371,0.36402857,0.3692714269638061,0.07940853,0.28986290054321284,0.3692714269638061,2.076191738337326,Mike Ditka,Mike Ditka,100.0
DET,2024,0.8824,0.60230875,0.5982459,0.284154081249237,0.0040628314,0.28009124984741207,0.284154081249237,2.076191738337326,Dan Campbell,Dan Campbell,99.93891264508247
SFO,2019,0.8125,0.5822873,0.53065145,0.2818485498428345,0.05163586,0.23021268844604492,0.2818485498428345,2.076191738337326,Kyle Shanahan,Kyle Shanahan,99.87782529016494
CRD,1989,0.4545,0.16733027,0.17642899,0.27807101142406465,-0.0090987235,0.287169734954834,0.27807101142406465,2.076191738337326,Gene Stallings,Gene Stallings / Hank Kuhlmann,99.8167379352474
PIT,2004,0.9375,0.70079273,0.66422766,0.2732723355293274,0.036565065,0.23670727014541626,0.2732723355293274,2.076191738337326,Bill Cowher,Bill Cowher,99.75565058032987
NWE,2017,0.8125,0.5689901,0.539605,0.2728949785232544,0.02938509,0.24350988864898682,0.2728949785232544,2.076191738337326,Bill Belichick,Bill Belichick,99.69456322541234
MIN,2017,0.8125,0.5503854,0.5401721,0.27232789993286133,0.0102133155,0.26211458444595337,0.27232789993286133,2.076191738337326,Mike Zimmer,Mike Zimmer,99.6334758704948
CLT,2012,0.6875,0.45420536,0.41706496,0.27043503522872925,0.0371404,0.23329463601112366,0.27043503522872925,2.076191738337326,Chuck Pagano,Chuck Pagano,99.57238851557727
GNB,1998,0.6875,0.46094725,0.42443702,0.263062983751297,0.03651023,0.22655275464057922,0.263062983751297,2.076191738337326,Mike Holmgren,Mike Holmgren,99.51130116065976
CLT,2009,0.875,0.6333417,0.6165751,0.25842487812042236,0.016766608,0.2416582703590393,0.25842487812042236,2.076191738337326,Jim Caldwell,Jim Caldwell,99.45021380574221
RAI,1976,0.9286,0.7368738,0.6717997,0.2568002806663513,0.065074086,0.19172619447708128,0.2568002806663513,2.076191738337326,John Madden,John Madden,99.38912645082468
MIA,1974,0.7857,0.56644535,0.53140825,0.2542917496681213,0.0350371,0.2192546493530273,0.2542917496681213,2.076191738337326,Don Shula,Don Shula,99.32803909590714
NWE,2013,0.75,0.5282134,0.50148094,0.24851906299591064,0.026732445,0.22178661823272705,0.24851906299591064,2.076191738337326,Bill Belichick,Bill Belichick,99.26695174098961
RAI,1985,0.75,0.54842395,0.50161046,0.24838954210281372,0.046813488,0.20157605409622192,0.24838954210281372,2.076191738337326,Tom Flores,Tom Flores,99.20586438607208
RAV,2019,0.875,0.67162716,0.6304085,0.24459147453308105,0.04121864,0.20337283611297607,0.24459147453308105,2.076191738337326,John Harbaugh,John Harbaugh,99.14477703115455
GNB,1995,0.6875,0.48303032,0.44779843,0.23970156908035278,0.03523189,0.2044696807861328,0.23970156908035278,2.076191738337326,Mike Holmgren,Mike Holmgren,99.08368967623701
CLE,2023,0.6471,0.43845597,0.40869042,0.2384095772266388,0.029765546,0.2086440309047699,0.2384095772266388,2.076191738337326,Kevin Stefanski,Kevin Stefanski,99.02260232131948
NWE,2007,1.0,0.8094284,0.76619357,0.23380643129348755,0.043234825,0.1905716061592102,0.23380643129348755,2.076191738337326,Bill Belichick,Bill Belichick,98.96151496640195
BUF,1973,0.6429,0.46228024,0.41052487,0.23237512507438662,0.05175537,0.18061975636482241,0.23237512507438662,2.076191738337326,Lou Saban,Lou Saban,98.90042761148442
NWE,2015,0.75,0.55126184,0.51869917,0.23130083084106445,0.032562673,0.19873815774917603,0.23130083084106445,2.076191738337326,Bill Belichick,Bill Belichick,98.83934025656689
MIN,1998,0.9375,0.70979816,0.7077341,0.2297658920288086,0.0020640492,0.2277018427848816,0.2297658920288086,2.076191738337326,Dennis Green,Dennis Green,98.77825290164935
SFO,1989,0.875,0.6931073,0.6461506,0.2288494110107422,0.046956718,0.18189269304275513,0.2288494110107422,2.076191738337326,George Seifert,George Seifert,98.71716554673182
NWE,1978,0.7333,0.5831796,0.50832325,0.22497674779891963,0.07485634,0.15012040691375728,0.22497674779891963,2.076191738337326,Chuck Fairbanks,Chuck Fairbanks / Hank Bullough / Ron Erhardt,98.65607819181429
CLE,1972,0.7143,0.5200738,0.48932356,0.2249764435768128,0.030750215,0.19422622852325444,0.2249764435768128,2.076191738337326,Nick Skorich,Nick Skorich,98.59499083689677
NWE,2004,0.875,0.6790519,0.6500633,0.22493672370910645,0.0289886,0.19594812393188477,0.22493672370910645,2.076191738337326,Bill Belichick,Bill Belichick,98.53390348197924
SDG,2014,0.5625,0.37318102,0.33889723,0.2236027717590332,0.034283787,0.18931898474693298,0.2236027717590332,2.076191738337326,Mike McCoy,Mike McCoy,98.4728161270617
MIA,1977,0.7143,0.5546496,0.49084026,0.2234597437858582,0.063809335,0.1596504085540772,0.2234597437858582,2.076191738337326,Don Shula,Don Shula,98.41172877214417
SDG,1987,0.5333,0.3914831,0.31044072,0.22285928087234497,0.08104238,0.14181690173149109,0.22285928087234497,2.076191738337326,Al Saunders,Al Saunders,98.35064141722664
SFO,1990,0.875,0.6911868,0.6526218,0.2223781943321228,0.03856498,0.183813214302063,0.2223781943321228,2.076191738337326,George Seifert,George Seifert,98.28955406230911
MIA,1985,0.75,0.57582253,0.5294835,0.22051650285720825,0.046339035,0.17417746782302856,0.22051650285720825,2.076191738337326,Don Shula,Don Shula,98.22846670739158
CLT,2014,0.6875,0.50522894,0.46737167,0.22012832760810852,0.037857264,0.1822710633277893,0.22012832760810852,2.076191738337326,Chuck Pagano,Chuck Pagano,98.16737935247404
SFO,1987,0.8667,0.6537484,0.6466381,0.2200619046211243,0.0071102977,0.21295160694122317,0.2200619046211243,2.076191738337326,Bill Walsh,Bill Walsh,98.10629199755651
NWE,2016,0.875,0.6861158,0.6555624,0.2194375991821289,0.0305534,0.1888841986656189,0.2194375991821289,2.076191738337326,Bill Belichick,Bill Belichick,98.04520464263898
DEN,1992,0.5,0.31805786,0.28100592,0.21899408102035522,0.037051946,0.1819421350955963,0.21899408102035522,2.076191738337326,Dan Reeves,Dan Reeves,97.98411728772145
ATL,1998,0.875,0.6911426,0.6573035,0.21769648790359497,0.033839107,0.18385738134384155,0.21769648790359497,2.076191738337326,Dan Reeves,Dan Reeves,97.9230299328039
NOR,2011,0.8125,0.62309086,0.595404,0.2170959711074829,0.027686834,0.18940913677215576,0.2170959711074829,2.076191738337326,Sean Payton,Sean Payton,97.86194257788637
GNB,1985,0.5,0.32517123,0.2838217,0.216178297996521,0.04134953,0.17482876777648926,0.216178297996521,2.076191738337326,Forrest Gregg,Forrest Gregg,97.80085522296883
PHI,2017,0.8125,0.6121245,0.59654516,0.21595484018325806,0.015579343,0.200375497341156,0.21595484018325806,2.076191738337326,Doug Pederson,Doug Pederson,97.7397678680513
DET,1991,0.75,0.53902626,0.53484905,0.21515095233917236,0.0041772127,0.21097373962402344,0.21515095233917236,2.076191738337326,Wayne Fontes,Wayne Fontes,97.67868051313378
MIA,1993,0.5625,0.39283153,0.3481452,0.21435481309890747,0.044686347,0.16966846585273743,0.21435481309890747,2.076191738337326,Don Shula,Don Shula,97.61759315821625
OTI,2018,0.5625,0.37899446,0.3499475,0.2125524878501892,0.029046953,0.18350553512573242,0.2125524878501892,2.076191738337326,Mike Vrabel,Mike Vrabel,97.55650580329872
WAS,1982,0.8889,0.67389184,0.676632,0.21226801290512087,-0.0027401447,0.21500815763473513,0.21226801290512087,2.076191738337326,Joe Gibbs,Joe Gibbs,97.49541844838119
NYG,1986,0.875,0.68740696,0.6635722,0.21142780780792236,0.023834765,0.18759304285049438,0.21142780780792236,2.076191738337326,Bill Parcells,Bill Parcells,97.43433109346365
DEN,1979,0.625,0.43064156,0.41644922,0.20855078101158142,0.014192343,0.1943584382534027,0.20855078101158142,2.076191738337326,Red Miller,Red Miller,97.37324373854612
SDG,2006,0.875,0.7101617,0.669958,0.2050420045852661,0.04020369,0.16483831405639648,0.2050420045852661,2.076191738337326,Marty Schottenheimer,Marty Schottenheimer,97.31215638362859
DEN,2015,0.75,0.5546703,0.54604167,0.20395833253860474,0.008628607,0.1953297257423401,0.20395833253860474,2.076191738337326,Gary Kubiak,Gary Kubiak,97.25106902871106
RAV,2020,0.6875,0.5206508,0.48613834,0.20136165618896484,0.03451246,0.16684919595718384,0.20136165618896484,2.076191738337326,John Harbaugh,John Harbaugh,97.18998167379353
RAI,1974,0.8571,0.73662305,0.655754,0.201345970249176,0.08086902,0.12047695121765134,0.201345970249176,2.076191738337326,John Madden,John Madden,97.128894318876
PIT,2015,0.625,0.45246118,0.4238713,0.20112869143486023,0.028589875,0.17253881692886353,0.20112869143486023,2.076191738337326,Mike Tomlin,Mike Tomlin,97.06780696395846
ATL,1991,0.625,0.4308104,0.42393714,0.2010628581047058,0.00687325,0.19418960809707642,0.2010628581047058,2.076191738337326,Jerry Glanville,Jerry Glanville,97.00671960904093
HTX,2016,0.5625,0.3523655,0.36189005,0.20060995221138,-0.009524554,0.21013450622558594,0.20060995221138,2.076191738337326,Bill O'Brien,Bill O'Brien,96.9456322541234
CLT,2010,0.625,0.46734494,0.4277108,0.19728919863700867,0.03963414,0.15765506029129028,0.19728919863700867,2.076191738337326,Jim Caldwell,Jim Caldwell,96.88454489920586
CLT,2008,0.75,0.58363825,0.5539058,0.19609421491622925,0.029732466,0.1663617491722107,0.19609421491622925,2.076191738337326,Tony Dungy,Tony Dungy,96.82345754428833
NWE,2005,0.625,0.46545777,0.42906678,0.19593322277069092,0.03639099,0.1595422327518463,0.19593322277069092,2.076191738337326,Bill Belichick,Bill Belichick,96.7623701893708
KAN,2024,0.8824,0.7117897,0.68666464,0.19573535909652706,0.025125086,0.17061027278900143,0.19573535909652706,2.076191738337326,Andy Reid,Andy Reid,96.70128283445327
CLT,1999,0.8125,0.64905196,0.61680734,0.19569265842437744,0.032244623,0.1634480357170105,0.19569265842437744,2.076191738337326,Jim Mora Sr,Jim Mora Sr,96.64019547953573
GNB,2004,0.625,0.47680047,0.4307312,0.19426879286766052,0.046069264,0.14819952845573425,0.19426879286766052,2.076191738337326,Mike Sherman,Mike Sherman,96.5791081246182
DAL,1991,0.6875,0.5401431,0.49491808,0.1925819218158722,0.045224994,0.14735692739486694,0.1925819218158722,2.076191738337326,Jimmy Johnson,Jimmy Johnson,96.51802076970067
HTX,2007,0.5,0.3058292,0.30769566,0.1923043429851532,-0.0018664598,0.19417080283164978,0.1923043429851532,2.076191738337326,Gary Kubiak,Gary Kubiak,96.45693341478314
CLT,1990,0.4375,0.29282337,0.24593006,0.19156993925571442,0.046893314,0.14467662572860718,0.19156993925571442,2.076191738337326,Ron Meyer,Ron Meyer,96.3958460598656
NWE,2010,0.875,0.72626674,0.68365186,0.191348135471344,0.042614877,0.1487332582473755,0.191348135471344,2.076191738337326,Bill Belichick,Bill Belichick,96.33475870494807
MIA,1972,1.0,0.83703613,0.80867505,0.19132494926452637,0.028361082,0.1629638671875,0.19132494926452637,2.076191738337326,Don Shula,Don Shula,96.27367135003054
DAL,2016,0.8125,0.62019813,0.62186134,0.19063866138458252,-0.001663208,0.19230186939239502,0.19063866138458252,2.076191738337326,Jason Garrett,Jason Garrett,96.21258399511301
TAM,2024,0.5882,0.3677762,0.39826247,0.18993752903938288,-0.030486286,0.2204238147258758,0.18993752903938288,2.076191738337326,Todd Bowles,Todd Bowles,96.15149664019548
MIN,2000,0.6875,0.5057846,0.49764258,0.18985742330551147,0.0081419945,0.18171542882919312,0.18985742330551147,2.076191738337326,Dennis Green,Dennis Green,96.09040928527794
CAR,2015,0.9375,0.7552432,0.74815077,0.1893492341041565,0.0070924163,0.182256817817688,0.1893492341041565,2.076191738337326,Ron Rivera,Ron Rivera,96.02932193036041
DEN,1976,0.6429,0.50634503,0.45367876,0.18922124304771426,0.052666277,0.13655496635437014,0.18922124304771426,2.076191738337326,John Ralston,John Ralston,95.96823457544288
NWE,2008,0.6875,0.5313794,0.49880072,0.18869927525520325,0.032578677,0.15612059831619263,0.18869927525520325,2.076191738337326,Bill Belichick,Bill Belichick,95.90714722052535
BUF,1974,0.6429,0.5016221,0.4542349,0.18866510190963748,0.047387183,0.14127791919708255,0.18866510190963748,2.076191738337326,Lou Saban,Lou Saban,95.84605986560783
CAR,2013,0.75,0.5769884,0.5613739,0.18862611055374146,0.01561451,0.17301160097122192,0.18862611055374146,2.076191738337326,Ron Rivera,Ron Rivera,95.7849725106903
MIA,1995,0.5625,0.41061407,0.37428826,0.18821173906326294,0.036325812,0.15188592672348022,0.18821173906326294,2.076191738337326,Don Shula,Don Shula,95.72388515577276
CAR,2017,0.6875,0.50207376,0.49939853,0.18810147047042847,0.0026752353,0.1854262351989746,0.18810147047042847,2.076191738337326,Ron Rivera,Ron Rivera,95.66279780085523
RAI,1982,0.8889,0.694462,0.70154357,0.1873564304351807,-0.0070815682,0.19443799867630007,0.1873564304351807,2.076191738337326,Tom Flores,Tom Flores,95.6017104459377
MIA,2022,0.5294,0.3897519,0.34376308,0.18563691678047178,0.045988828,0.1396480888366699,0.18563691678047178,2.076191738337326,Mike McDaniel,Mike McDaniel,95.54062309102017
CLT,1992,0.5625,0.40429008,0.3773232,0.1851767897605896,0.02696687,0.1582099199295044,0.1851767897605896,2.076191738337326,Ted Marchibroda,Ted Marchibroda,95.47953573610263
HTX,2019,0.625,0.42749366,0.44008458,0.1849154233932495,-0.012590915,0.19750633835792542,0.1849154233932495,2.076191738337326,Bill O'Brien,Bill O'Brien,95.4184483811851
DAL,2022,0.7059,0.5135004,0.5222168,0.18368320312499997,-0.008716404,0.19239960756301877,0.18368320312499997,2.076191738337326,Mike McCarthy,Mike McCarthy,95.35736102626757
SEA,2006,0.5625,0.42094296,0.3813473,0.18115270137786865,0.039595664,0.14155703783035278,0.18115270137786865,2.076191738337326,Mike Holmgren,Mike Holmgren,95.29627367135004
RAM,2001,0.875,0.7326087,0.6966467,0.17835330963134766,0.035961986,0.14239132404327393,0.17835330963134766,2.076191738337326,Mike Martz,Mike Martz,95.23518631643249
DEN,1972,0.3571,0.21292588,0.17974871,0.17735128602981565,0.033177167,0.14417411885261533,0.17735128602981565,2.076191738337326,John Ralston,John Ralston,95.17409896151496
PIT,2016,0.6875,0.5399191,0.51110494,0.17639505863189697,0.028814137,0.14758092164993286,0.17639505863189697,2.076191738337326,Mike Tomlin,Mike Tomlin,95.11301160659742
MIA,1989,0.5,0.36783132,0.3241865,0.1758134961128235,0.043644816,0.13216868042945862,0.1758134961128235,2.076191738337326,Don Shula,Don Shula,95.05192425167989
RAM,2004,0.5,0.41084862,0.3242367,0.1757633090019226,0.08661193,0.08915138244628906,0.1757633090019226,2.076191738337326,Mike Martz,Mike Martz,94.99083689676236
PIT,2001,0.8125,0.6633747,0.63722354,0.17527645826339722,0.02615118,0.14912527799606323,0.17527645826339722,2.076191738337326,Bill Cowher,Bill Cowher,94.92974954184484
GNB,2011,0.9375,0.7877463,0.7638886,0.17361140251159668,0.023857713,0.14975368976593018,0.17361140251159668,2.076191738337326,Mike McCarthy,Mike McCarthy,94.86866218692731
TAM,1995,0.4375,0.2631431,0.26467755,0.17282244563102722,-0.001534462,0.17435690760612488,0.17282244563102722,2.076191738337326,Sam Wyche,Sam Wyche,94.80757483200978
KAN,2022,0.8235,0.68964493,0.6514953,0.1720047221183777,0.038149655,0.1338550672531128,0.1720047221183777,2.076191738337326,Andy Reid,Andy Reid,94.74648747709224
DAL,2008,0.5625,0.40875608,0.39100406,0.1714959442615509,0.017752022,0.1537439227104187,0.1714959442615509,2.076191738337326,Wade Phillips,Wade Phillips,94.68540012217471
DAL,2003,0.625,0.4839865,0.45363262,0.17136737704277039,0.030353874,0.141013503074646,0.17136737704277039,2.076191738337326,Bill Parcells,Bill Parcells,94.62431276725718
MIN,1997,0.5625,0.40757817,0.39148542,0.17101457715034485,0.016092747,0.15492182970046997,0.17101457715034485,2.076191738337326,Dennis Green,Dennis Green,94.56322541233965
NWE,1976,0.7857,0.6376634,0.6168629,0.16883710689544673,0.02080053,0.1480365759849548,0.16883710689544673,2.076191738337326,Chuck Fairbanks,Chuck Fairbanks,94.50213805742212
NOR,2013,0.6875,0.53570646,0.52020335,0.1672966480255127,0.0155031085,0.15179353952407837,0.1672966480255127,2.076191738337326,Sean Payton,Sean Payton,94.44105070250458
CRD,1982,0.5556,0.32074618,0.38841802,0.16718198118209837,-0.067671835,0.23485381660461424,0.16718198118209837,2.076191738337326,Jim Hanifan,Jim Hanifan,94.37996334758705
DAL,2007,0.8125,0.6647942,0.64573836,0.1667616367340088,0.019055843,0.1477057933807373,0.1667616367340088,2.076191738337326,Wade Phillips,Wade Phillips,94.31887599266952
NYJ,1979,0.5,0.30837056,0.3333479,0.166652113199234,-0.024977326,0.19162943959236145,0.166652113199234,2.076191738337326,Walt Michaels,Walt Michaels,94.25778863775199
DEN,1977,0.8571,0.6992339,0.6909596,0.16614042720794675,0.008274317,0.15786611042022702,0.16614042720794675,2.076191738337326,Red Miller,Red Miller,94.19670128283445
SEA,2013,0.8125,0.67521626,0.6467377,0.1657623052597046,0.028478563,0.13728374242782593,0.1657623052597046,2.076191738337326,Pete Carroll,Pete Carroll,94.13561392791692
BUF,2022,0.8125,0.645258,0.647262,0.16523802280426025,-0.0020039678,0.16724199056625366,0.16523802280426025,2.076191738337326,Sean McDermott,Sean McDermott,94.07452657299939
MIA,1981,0.7188,0.59693474,0.5544675,0.16433250074386596,0.042467237,0.1218652642250061,0.16433250074386596,2.076191738337326,Don Shula,Don Shula,94.01343921808186
NOR,1987,0.8,0.6676792,0.635671,0.16432898044586186,0.03200817,0.1323208093643189,0.16432898044586186,2.076191738337326,Jim Mora Sr,Jim Mora Sr,93.95235186316432
PHI,2014,0.625,0.48807064,0.46098906,0.1640109419822693,0.027081579,0.13692936301231384,0.1640109419822693,2.076191738337326,Chip Kelly,Chip Kelly,93.89126450824679
WAS,1972,0.7857,0.67006886,0.6217107,0.16398928232192989,0.048358142,0.11563113994598384,0.16398928232192989,2.076191738337326,George Allen,George Allen,93.83017715332926
NWE,2003,0.875,0.72947025,0.7112816,0.16371840238571167,0.018188655,0.14552974700927734,0.16371840238571167,2.076191738337326,Bill Belichick,Bill Belichick,93.76908979841173
MIA,2001,0.6875,0.5317888,0.5238554,0.16364461183547974,0.007933438,0.15571117401123047,0.16364461183547974,2.076191738337326,Dave Wannstedt,Dave Wannstedt,93.7080024434942
JAX,2010,0.5,0.33801693,0.33665237,0.16334763169288635,0.0013645589,0.16198307275772095,0.16334763169288635,2.076191738337326,Jack Del Rio,Jack Del Rio,93.64691508857666
KAN,2020,0.875,0.7470354,0.7119786,0.16302138566970825,0.03505677,0.12796461582183838,0.16302138566970825,2.076191738337326,Andy Reid,Andy Reid,93.58582773365913
DEN,1975,0.4286,0.30257496,0.26601338,0.16258661613464354,0.03656158,0.12602503762245176,0.16258661613464354,2.076191738337326,John Ralston,John Ralston,93.5247403787416
MIN,2022,0.7647,0.62008524,0.60233444,0.16236556024551396,0.0177508,0.14461476058959966,0.16236556024551396,2.076191738337326,Kevin O'Connell,Kevin O'Connell,93.46365302382407
GNB,2002,0.75,0.6428047,0.5881661,0.16183388233184814,0.054638565,0.10719531774520874,0.16183388233184814,2.076191738337326,Mike Sherman,Mike Sherman,93.40256566890653
PIT,2017,0.8125,0.6707567,0.650998,0.16150200366973877,0.019758701,0.14174330234527588,0.16150200366973877,2.076191738337326,Mike Tomlin,Mike Tomlin,93.341478313989
PIT,1978,0.875,0.7660204,0.713924,0.16107600927352905,0.052096426,0.10897958278656006,0.16107600927352905,2.076191738337326,Chuck Noll,Chuck Noll,93.28039095907147
HTX,2015,0.5625,0.4286361,0.40182054,0.16067945957183838,0.026815563,0.1338638961315155,0.16067945957183838,2.076191738337326,Bill O'Brien,Bill O'Brien,93.21930360415394
MIA,1973,0.8571,0.73487115,0.6968124,0.16028760871887204,0.038058758,0.12222885093688962,0.16028760871887204,2.076191738337326,Don Shula,Don Shula,93.1582162492364
NYJ,2013,0.5,0.35949045,0.34025273,0.15974727272987366,0.019237727,0.14050954580307007,0.15974727272987366,2.076191738337326,Rex Ryan,Rex Ryan,93.09712889431889
WAS,1985,0.625,0.51214325,0.4655284,0.15947160124778748,0.046614856,0.11285674571990967,0.15947160124778748,2.076191738337326,Joe Gibbs,Joe Gibbs,93.03604153940135
NYG,1989,0.75,0.63897157,0.590733,0.15926700830459595,0.048238575,0.11102843284606934,0.15926700830459595,2.076191738337326,Bill Parcells,Bill Parcells,92.97495418448382
WAS,1986,0.75,0.6157049,0.59078646,0.15921354293823242,0.024918437,0.13429510593414307,0.15921354293823242,2.076191738337326,Joe Gibbs,Joe Gibbs,92.91386682956629
GNB,2007,0.8125,0.6118424,0.65395194,0.15854805707931519,-0.04210955,0.20065760612487793,0.15854805707931519,2.076191738337326,Mike McCarthy,Mike McCarthy,92.85277947464876
DEN,2013,0.8125,0.6528645,0.65424186,0.15825814008712769,-0.0013773441,0.1596354842185974,0.15825814008712769,2.076191738337326,John Fox,John Fox,92.79169211973122
MIN,1976,0.8214,0.7264823,0.6632108,0.15818919076919558,0.06327146,0.0949177278518677,0.15818919076919558,2.076191738337326,Bud Grant,Bud Grant,92.73060476481369
SEA,1984,0.75,0.61213595,0.59197474,0.15802526473999023,0.020161211,0.13786405324935913,0.15802526473999023,2.076191738337326,Chuck Knox,Chuck Knox,92.66951740989614
NYJ,2019,0.4375,0.25680494,0.27949744,0.1580025553703308,-0.022692502,0.1806950569152832,0.1580025553703308,2.076191738337326,Adam Gase,Adam Gase,92.60843005497861
MIA,1984,0.875,0.7687184,0.7172441,0.15775591135025024,0.051474333,0.106281578540802,0.15775591135025024,2.076191738337326,Don Shula,Don Shula,92.54734270006108
WAS,1987,0.7333,0.6396018,0.5756879,0.15761211471557612,0.06391394,0.09369817333221431,0.15761211471557612,2.076191738337326,Joe Gibbs,Joe Gibbs,92.48625534514355
SDG,2009,0.8125,0.6174807,0.6553512,0.15714877843856812,-0.037870526,0.19501930475234985,0.15714877843856812,2.076191738337326,Norv Turner,Norv Turner,92.42516799022602
MIA,1982,0.7778,0.64541465,0.6207961,0.15700391559600835,0.024618566,0.13238534955978398,0.15700391559600835,2.076191738337326,Don Shula,Don Shula,92.36408063530848
SEA,1989,0.4375,0.3184619,0.2805097,0.15699028968811035,0.037952185,0.11903810501098633,0.15699028968811035,2.076191738337326,Chuck Knox,Chuck Knox,92.30299328039095
CRD,2014,0.6875,0.5630234,0.5307166,0.15678340196609497,0.03230679,0.1244766116142273,0.15678340196609497,2.076191738337326,Bruce Arians,Bruce Arians,92.24190592547342
CRD,1974,0.7143,0.6038311,0.55817926,0.1561207406997681,0.045651853,0.1104688876152039,0.1561207406997681,2.076191738337326,Don Coryell,Don Coryell,92.1808185705559
CIN,1981,0.75,0.62104934,0.59412736,0.155872642993927,0.026921988,0.12895065546035767,0.155872642993927,2.076191738337326,Forrest Gregg,Forrest Gregg,92.11973121563837
CLE,2021,0.4706,0.35438773,0.31505907,0.1555409341812134,0.039328665,0.11621226963996889,0.1555409341812134,2.076191738337326,Kevin Stefanski,Kevin Stefanski,92.05864386072084
PIT,1995,0.6875,0.5476376,0.53214955,0.1553504467010498,0.0154880285,0.13986241817474365,0.1553504467010498,2.076191738337326,Bill Cowher,Bill Cowher,91.9975565058033
DEN,1987,0.7,0.5911101,0.5465158,0.15348417758941646,0.044594288,0.108889889717102,0.15348417758941646,2.076191738337326,Dan Reeves,Dan Reeves,91.93646915088577
CLT,1988,0.5625,0.4328497,0.40914828,0.15335172414779663,0.02370143,0.1296502947807312,0.15335172414779663,2.076191738337326,Ron Meyer,Ron Meyer,91.87538179596824
NOR,2018,0.8125,0.6836888,0.6591723,0.15332770347595215,0.024516523,0.12881118059158325,0.15332770347595215,2.076191738337326,Sean Payton,Sean Payton,91.8142944410507
BUF,1993,0.75,0.6329413,0.5972546,0.15274542570114136,0.03568673,0.11705869436264038,0.15274542570114136,2.076191738337326,Marv Levy,Marv Levy,91.75320708613317
ATL,2012,0.8125,0.6840627,0.66021466,0.15228533744812012,0.023848057,0.12843728065490723,0.15228533744812012,2.076191738337326,Mike Smith,Mike Smith,91.69211973121564
SEA,1987,0.6,0.50263673,0.44809312,0.15190688371658323,0.054543614,0.09736326932907102,0.15190688371658323,2.076191738337326,Chuck Knox,Chuck Knox,91.63103237629811
NYG,1990,0.8125,0.71355134,0.6606009,0.15189909934997559,0.05295044,0.0989486575126648,0.15189909934997559,2.076191738337326,Bill Parcells,Bill Parcells,91.56994502138058
KAN,1989,0.5312,0.43333584,0.37938204,0.15181795592308045,0.053953797,0.09786415929794312,0.15181795592308045,2.076191738337326,Marty Schottenheimer,Marty Schottenheimer,91.50885766646304
GNB,2017,0.4375,0.2861081,0.28651157,0.15098842978477478,-0.00040346384,0.1513918936252594,0.15098842978477478,2.076191738337326,Mike McCarthy,Mike McCarthy,91.44777031154551
PIT,1974,0.75,0.6397017,0.5996012,0.15039879083633423,0.040100515,0.1102982759475708,0.15039879083633423,2.076191738337326,Chuck Noll,Chuck Noll,91.38668295662798
NYJ,1978,0.5,0.30428913,0.35005975,0.14994025230407715,-0.045770615,0.19571086764335632,0.14994025230407715,2.076191738337326,Walt Michaels,Walt Michaels,91.32559560171045
TAM,1979,0.625,0.50214404,0.4758736,0.14912641048431396,0.02627045,0.12285596132278442,0.14912641048431396,2.076191738337326,John McKay,John McKay,91.26450824679291
CAR,2008,0.75,0.6105991,0.6009555,0.14904451370239258,0.009643614,0.1394008994102478,0.14904451370239258,2.076191738337326,John Fox,John Fox,91.20342089187538
CHI,2006,0.8125,0.6764521,0.6643756,0.14812439680099487,0.012076497,0.13604789972305298,0.14812439680099487,2.076191738337326,Lovie Smith,Lovie Smith,91.14233353695785
MIN,2024,0.8235,0.7266299,0.67537963,0.1481203660964966,0.05125028,0.09687008714675904,0.1481203660964966,2.076191738337326,Kevin O'Connell,Kevin O'Connell,91.08124618204032
SEA,2014,0.75,0.6186034,0.6021451,0.14785492420196533,0.016458333,0.1313965916633606,0.14785492420196533,2.076191738337326,Pete Carroll,Pete Carroll,91.02015882712278
MIA,1979,0.625,0.54602367,0.47722447,0.1477755308151245,0.0687992,0.0789763331413269,0.1477755308151245,2.076191738337326,Don Shula,Don Shula,90.95907147220525
JAX,1998,0.6875,0.5502813,0.5400066,0.1474934220314026,0.010274708,0.13721871376037598,0.1474934220314026,2.076191738337326,Tom Coughlin,Tom Coughlin,90.89798411728772
NOR,2019,0.8125,0.6993205,0.6652317,0.14726829528808594,0.03408879,0.11317950487136841,0.14726829528808594,2.076191738337326,Sean Payton,Sean Payton,90.83689676237019
DEN,1998,0.875,0.76093566,0.7280244,0.146975576877594,0.03291124,0.11406433582305908,0.146975576877594,2.076191738337326,Mike Shanahan,Mike Shanahan,90.77580940745266
CLE,1976,0.6429,0.49368638,0.49622276,0.1466772357463837,-0.0025363863,0.14921362199783328,0.1466772357463837,2.076191738337326,Forrest Gregg,Forrest Gregg,90.71472205253512
CAR,2007,0.4375,0.29832587,0.29193577,0.1455642282962799,0.0063900948,0.13917413353919983,0.1455642282962799,2.076191738337326,John Fox,John Fox,90.65363469761759
RAI,1984,0.6875,0.5666336,0.542457,0.1450430154800415,0.024176598,0.12086641788482666,0.1450430154800415,2.076191738337326,Tom Flores,Tom Flores,90.59254734270006
GNB,1992,0.5625,0.45694867,0.4177475,0.14475250244140625,0.03920117,0.1055513322353363,0.14475250244140625,2.076191738337326,Mike Holmgren,Mike Holmgren,90.53145998778253
MIN,1977,0.6429,0.56051576,0.4981932,0.14470679559707644,0.062322557,0.08238423862457278,0.14470679559707644,2.076191738337326,Bud Grant,Bud Grant,90.470372632865
NWE,1988,0.5625,0.4371799,0.41799667,0.14450332522392273,0.019183218,0.12532010674476624,0.14450332522392273,2.076191738337326,Raymond Berry,Raymond Berry,90.40928527794746
RAV,2021,0.4706,0.38323337,0.3263375,0.1442625134944916,0.056895882,0.08736663160324099,0.1442625134944916,2.076191738337326,John Harbaugh,John Harbaugh,90.34819792302994
MIA,1987,0.5333,0.40590513,0.38931736,0.1439826364994049,0.016587764,0.1273948724746704,0.1439826364994049,2.076191738337326,Don Shula,Don Shula,90.28711056811241
RAM,1978,0.75,0.6468746,0.60612077,0.143879234790802,0.04075384,0.10312539339065552,0.143879234790802,2.076191738337326,Ray Malavasi,Ray Malavasi,90.22602321319488
PHI,2024,0.8235,0.7083303,0.680356,0.14314397430419923,0.027974248,0.11516972637176515,0.14314397430419923,2.076191738337326,Nick Sirianni,Nick Sirianni,90.16493585827735
CLE,2020,0.6875,0.5901116,0.5449344,0.14256560802459717,0.04517722,0.0973883867263794,0.14256560802459717,2.076191738337326,Kevin Stefanski,Kevin Stefanski,90.10384850335981
CHI,1994,0.5625,0.45214218,0.42023537,0.14226463437080383,0.031906813,0.11035782098770142,0.14226463437080383,2.076191738337326,Dave Wannstedt,Dave Wannstedt,90.04276114844228
SFO,1984,0.9375,0.839455,0.7958653,0.14163470268249512,0.04358971,0.0980449914932251,0.14163470268249512,2.076191738337326,Bill Walsh,Bill Walsh,89.98167379352473
SDG,1979,0.75,0.64922106,0.6084585,0.1415414810180664,0.040762544,0.10077893733978271,0.1415414810180664,2.076191738337326,Don Coryell,Don Coryell,89.9205864386072
DAL,1992,0.8125,0.7064483,0.67128074,0.14121925830841064,0.035167575,0.10605168342590332,0.14121925830841064,2.076191738337326,Jimmy Johnson,Jimmy Johnson,89.85949908368967
RAI,1990,0.75,0.6561078,0.6088681,0.14113187789916992,0.04723966,0.09389221668243408,0.14113187789916992,2.076191738337326,Art Shell,Art Shell,89.79841172877214
OTI,1993,0.75,0.6555706,0.60923094,0.14076906442642212,0.04633969,0.0944293737411499,0.14076906442642212,2.076191738337326,Jack Pardee,Jack Pardee,89.7373243738546
MIA,1975,0.7143,0.6194374,0.5737444,0.1405555837631226,0.04569298,0.09486260347366338,0.1405555837631226,2.076191738337326,Don Shula,Don Shula,89.67623701893707
PIT,1977,0.6429,0.5486753,0.5028369,0.1400631169319153,0.045838416,0.09422470130920413,0.1400631169319153,2.076191738337326,Chuck Noll,Chuck Noll,89.61514966401954
DAL,2005,0.5625,0.45139378,0.42363572,0.13886427879333496,0.027758062,0.11110621690750122,0.13886427879333496,2.076191738337326,Bill Parcells,Bill Parcells,89.55406230910201
CIN,2012,0.625,0.46882257,0.48619613,0.1388038694858551,-0.017373562,0.15617743134498596,0.1388038694858551,2.076191738337326,Marvin Lewis,Marvin Lewis,89.49297495418448
KAN,1997,0.8125,0.7309574,0.67435473,0.13814526796340942,0.056602657,0.08154261112213135,0.13814526796340942,2.076191738337326,Marty Schottenheimer,Marty Schottenheimer,89.43188759926696
RAI,1983,0.75,0.60540056,0.6127275,0.13727247714996338,-0.0073269606,0.14459943771362305,0.13727247714996338,2.076191738337326,Tom Flores,Tom Flores,89.37080024434943
GNB,2020,0.8125,0.68118143,0.6760288,0.1364712119102478,0.0051526427,0.1313185691833496,0.1364712119102478,2.076191738337326,Matt LaFleur,Matt LaFleur,89.30971288943189
BUF,1988,0.75,0.60796696,0.6135399,0.13646012544631958,-0.005572915,0.14203304052352905,0.13646012544631958,2.076191738337326,Marv Levy,Marv Levy,89.24862553451436
NOR,1988,0.625,0.5221242,0.48954728,0.13545271754264832,0.03257689,0.10287582874298096,0.13545271754264832,2.076191738337326,Jim Mora Sr,Jim Mora Sr,89.18753817959683
WAS,2024,0.7059,0.5604278,0.57046413,0.13543586578369138,-0.010036349,0.1454722150802612,0.13543586578369138,2.076191738337326,Dan Quinn,Dan Quinn,89.1264508246793
OTI,1987,0.6,0.4651651,0.4649334,0.1350666046142578,0.00023171306,0.13483489155769346,0.1350666046142578,2.076191738337326,Jerry Glanville,Jerry Glanville,89.06536346976176
CHI,2003,0.4375,0.2873943,0.30294314,0.1345568597316742,-0.015548855,0.15010571479797363,0.1345568597316742,2.076191738337326,Dick Jauron,Dick Jauron,89.00427611484423
KAN,1993,0.6875,0.6113722,0.5537234,0.13377660512924194,0.057648778,0.07612782716751099,0.13377660512924194,2.076191738337326,Marty Schottenheimer,Marty Schottenheimer,88.9431887599267
DAL,2004,0.375,0.29930505,0.2413497,0.1336503028869629,0.057955354,0.07569494843482971,0.1336503028869629,2.076191738337326,Bill Parcells,Bill Parcells,88.88210140500917
SFO,2021,0.5882,0.48898497,0.45609176,0.13210823841094965,0.03289321,0.0992150277614593,0.13210823841094965,2.076191738337326,Kyle Shanahan,Kyle Shanahan,88.82101405009163
RAI,1975,0.7857,0.69915116,0.6536111,0.13208887643814082,0.045540035,0.08654884166717525,0.13208887643814082,2.076191738337326,John Madden,John Madden,88.7599266951741
CAR,2006,0.5,0.3766199,0.3687033,0.13129669427871704,0.0079165995,0.12338009476661682,0.13129669427871704,2.076191738337326,John Fox,John Fox,88.69883934025657
DAL,2020,0.375,0.2741242,0.24457656,0.130423441529274,0.029547647,0.10087579488754272,0.130423441529274,2.076191738337326,Mike McCarthy,Mike McCarthy,88.63775198533904
DEN,1984,0.8125,0.67944634,0.6821059,0.1303941011428833,-0.0026595592,0.13305366039276123,0.1303941011428833,2.076191738337326,Dan Reeves,Dan Reeves,88.5766646304215
SDG,1983,0.375,0.2524821,0.24483648,0.1301635205745697,0.007645607,0.1225179135799408,0.1301635205745697,2.076191738337326,Don Coryell,Don Coryell,88.51557727550397
MIA,2016,0.625,0.48418328,0.49495405,0.13004595041275024,-0.010770768,0.14081671833992004,0.13004595041275024,2.076191738337326,Adam Gase,Adam Gase,88.45448992058644
NWE,1994,0.625,0.54032755,0.4950334,0.1299665868282318,0.045294136,0.08467245101928711,0.1299665868282318,2.076191738337326,Bill Parcells,Bill Parcells,88.39340256566891
OTI,1980,0.6875,0.596476,0.5577184,0.1297816038131714,0.038757622,0.09102398157119751,0.1297816038131714,2.076191738337326,Bum Phillips,Bum Phillips,88.33231521075137
SFO,2017,0.375,0.27132237,0.24551547,0.12948453426361084,0.025806904,0.10367763042449951,0.12948453426361084,2.076191738337326,Kyle Shanahan,Kyle Shanahan,88.27122785583384
CRD,1976,0.7143,0.6345254,0.584958,0.12934198312759404,0.0495674,0.07977458171844487,0.12934198312759404,2.076191738337326,Don Coryell,Don Coryell,88.21014050091631
BUF,1996,0.625,0.5279328,0.49596822,0.12903177738189697,0.0319646,0.09706717729568481,0.12903177738189697,2.076191738337326,Marv Levy,Marv Levy,88.14905314599878
CRD,1981,0.4375,0.28959784,0.30918682,0.12831318378448486,-0.019588977,0.14790216088294983,0.12831318378448486,2.076191738337326,Jim Hanifan,Jim Hanifan,88.08796579108125
NYG,1994,0.5625,0.46279973,0.43457878,0.1279212236404419,0.028220952,0.09970027208328247,0.1279212236404419,2.076191738337326,Dan Reeves,Dan Reeves,88.02687843616371
PHI,2003,0.75,0.62302667,0.6224347,0.12756532430648804,0.00059199333,0.12697333097457886,0.12756532430648804,2.076191738337326,Andy Reid,Andy Reid,87.96579108124618
PIT,2008,0.75,0.6416983,0.6226591,0.1273409128189087,0.019039214,0.10830169916152954,0.1273409128189087,2.076191738337326,Mike Tomlin,Mike Tomlin,87.90470372632865
KAN,2018,0.75,0.6607481,0.6227789,0.12722110748291016,0.03796923,0.08925187587738037,0.12722110748291016,2.076191738337326,Andy Reid,Andy Reid,87.84361637141112
DAL,1976,0.7857,0.73449326,0.65911865,0.12658134765624995,0.0753746,0.05120674438476558,0.12658134765624995,2.076191738337326,Tom Landry,Tom Landry,87.78252901649358
NOR,2010,0.6875,0.57780427,0.56096125,0.12653875350952148,0.01684302,0.10969573259353638,0.12653875350952148,2.076191738337326,Sean Payton,Sean Payton,87.72144166157605
SFO,1992,0.875,0.79127955,0.7487151,0.1262848973274231,0.04256445,0.08372044563293457,0.1262848973274231,2.076191738337326,George Seifert,George Seifert,87.66035430665852
PIT,1979,0.75,0.69703543,0.62489444,0.12510555982589722,0.07214099,0.05296456813812256,0.12510555982589722,2.076191738337326,Chuck Noll,Chuck Noll,87.599266951741
DAL,1979,0.6875,0.6545599,0.56252664,0.1249733567237854,0.09203327,0.0329400897026062,0.1249733567237854,2.076191738337326,Tom Landry,Tom Landry,87.53817959682347
CRD,1988,0.4375,0.29627877,0.3128918,0.12460818886756897,-0.016613036,0.14122122526168823,0.12460818886756897,2.076191738337326,Gene Stallings,Gene Stallings,87.47709224190594
SEA,2020,0.75,0.65557015,0.62594163,0.12405836582183838,0.029628515,0.0944298505783081,0.12405836582183838,2.076191738337326,Pete Carroll,Pete Carroll,87.41600488698839
SEA,2005,0.8125,0.72020966,0.688564,0.1239359974861145,0.031645656,0.09229034185409546,0.1239359974861145,2.076191738337326,Mike Holmgren,Mike Holmgren,87.35491753207086
RAM,2021,0.7059,0.61387795,0.58230954,0.12359045591354367,0.031568408,0.09202204790115354,0.12359045591354367,2.076191738337326,Sean McVay,Sean McVay,87.29383017715332
NYG,1984,0.5625,0.44541,0.439577,0.12292298674583435,0.005833,0.11708998680114746,0.12292298674583435,2.076191738337326,Bill Parcells,Bill Parcells,87.23274282223579
MIN,2014,0.4375,0.30703986,0.31458998,0.1229100227355957,-0.0075501204,0.13046014308929443,0.1229100227355957,2.076191738337326,Mike Zimmer,Mike Zimmer,87.17165546731826
NYJ,1974,0.5,0.42907572,0.3772993,0.12270069122314453,0.05177641,0.07092428207397461,0.12270069122314453,2.076191738337326,Charley Winner,Charley Winner,87.11056811240073
SEA,2016,0.6562,0.5622229,0.5337871,0.1224129282951355,0.028435826,0.0939771019935608,0.1224129282951355,2.076191738337326,Pete Carroll,Pete Carroll,87.0494807574832
MIN,1994,0.625,0.5288543,0.50261307,0.12238693237304688,0.026241243,0.09614568948745728,0.12238693237304688,2.076191738337326,Dennis Green,Dennis Green,86.98839340256566
NWE,2006,0.75,0.6738505,0.6277548,0.122245192527771,0.04609567,0.07614952325820923,0.122245192527771,2.076191738337326,Bill Belichick,Bill Belichick,86.92730604764813
NYJ,2010,0.6875,0.59270483,0.5654126,0.12208741903305054,0.027292252,0.09479516744613647,0.12208741903305054,2.076191738337326,Rex Ryan,Rex Ryan,86.8662186927306
RAM,1984,0.625,0.5457692,0.5037178,0.12128221988677979,0.042051435,0.07923078536987305,0.12128221988677979,2.076191738337326,John Robinson,John Robinson,86.80513133781307
SDG,2004,0.75,0.6721663,0.6293065,0.12069350481033325,0.042859793,0.07783371210098267,0.12069350481033325,2.076191738337326,Marty Schottenheimer,Marty Schottenheimer,86.74404398289553
KAN,2016,0.75,0.6596478,0.6293394,0.12066060304641724,0.030308425,0.09035217761993408,0.12066060304641724,2.076191738337326,Andy Reid,Andy Reid,86.68295662797802
MIN,1978,0.5312,0.46043783,0.41060397,0.12059602971076966,0.049833864,0.0707621657371521,0.12059602971076966,2.076191738337326,Bud Grant,Bud Grant,86.62186927306048
DEN,2008,0.5,0.39800376,0.3794577,0.12054228782653809,0.018546045,0.10199624300003052,0.12054228782653809,2.076191738337326,Mike Shanahan,Mike Shanahan,86.56078191814295
RAM,2023,0.5882,0.5219014,0.46769798,0.12050202198028559,0.05420345,0.06629857130050654,0.12050202198028559,2.076191738337326,Sean McVay,Sean McVay,86.49969456322542
PHI,2009,0.6875,0.5825069,0.567175,0.12032502889633179,0.015331924,0.10499310493469238,0.12032502889633179,2.076191738337326,Andy Reid,Andy Reid,86.43860720830789
OTI,2006,0.5,0.3880358,0.3805603,0.11943969130516052,0.0074754953,0.11196419596672058,0.11943969130516052,2.076191738337326,Jeff Fisher,Jeff Fisher,86.37751985339035
DEN,1996,0.8125,0.6923505,0.6931982,0.11930179595947266,-0.00084769726,0.12014949321746826,0.11930179595947266,2.076191738337326,Mike Shanahan,Mike Shanahan,86.31643249847282
SEA,1990,0.5625,0.483711,0.4434364,0.11906358599662781,0.04027459,0.07878899574279785,0.11906358599662781,2.076191738337326,Chuck Knox,Chuck Knox,86.25534514355529
CLT,1970,0.8214,0.6848409,0.7027179,0.11868209972381594,-0.017876983,0.13655908241271975,0.11868209972381594,2.076191738337326,Don McCafferty,Don McCafferty,86.19425778863776
TAM,1982,0.5556,0.44212747,0.43696257,0.11863742527961729,0.0051648915,0.11347253379821776,0.11863742527961729,2.076191738337326,John McKay,John McKay,86.13317043372022
WAS,1984,0.6875,0.6148091,0.5689799,0.11852008104324341,0.045829177,0.07269090414047241,0.11852008104324341,2.076191738337326,Joe Gibbs,Joe Gibbs,86.07208307880269
SDG,1999,0.5,0.4007012,0.38174564,0.11825436353683472,0.018955559,0.09929880499839783,0.11825436353683472,2.076191738337326,Mike Riley,Mike Riley,86.01099572388516
OTI,1978,0.625,0.5537087,0.5071448,0.11785519123077393,0.046563864,0.07129132747650146,0.11785519123077393,2.076191738337326,Bum Phillips,Bum Phillips,85.94990836896763
RAM,1979,0.5625,0.4643562,0.4448518,0.11764821410179138,0.019504428,0.09814378619194031,0.11764821410179138,2.076191738337326,Ray Malavasi,Ray Malavasi,85.88882101405008
SDG,1980,0.6875,0.6031361,0.5703215,0.11717849969863892,0.032814622,0.08436387777328491,0.11717849969863892,2.076191738337326,Don Coryell,Don Coryell,85.82773365913255
CLT,2016,0.5,0.3911381,0.38295767,0.11704233288764954,0.0081804395,0.10886189341545105,0.11704233288764954,2.076191738337326,Chuck Pagano,Chuck Pagano,85.76664630421503
PHI,2023,0.6471,0.56023604,0.5304605,0.11663952312469483,0.02977556,0.08686396322250367,0.11663952312469483,2.076191738337326,Nick Sirianni,Nick Sirianni,85.7055589492975
KAN,2019,0.75,0.67374706,0.6336441,0.11635589599609375,0.04010296,0.07625293731689453,0.11635589599609375,2.076191738337326,Andy Reid,Andy Reid,85.64447159437997
OTI,1999,0.8125,0.69344074,0.69631594,0.1161840558052063,-0.0028752089,0.11905926465988159,0.1161840558052063,2.076191738337326,Jeff Fisher,Jeff Fisher,85.58338423946243
NOR,1990,0.5,0.41896456,0.38389122,0.11610877513885498,0.03507334,0.08103543519973755,0.11610877513885498,2.076191738337326,Jim Mora Sr,Jim Mora Sr,85.5222968845449
NYG,1981,0.5625,0.41440964,0.44675973,0.11574026942253113,-0.032350093,0.14809036254882812,0.11574026942253113,2.076191738337326,Ray Perkins,Ray Perkins,85.46120952962737
NYG,2007,0.625,0.51239926,0.509296,0.1157039999961853,0.0031032562,0.11260074377059937,0.1157039999961853,2.076191738337326,Tom Coughlin,Tom Coughlin,85.40012217470984
CLT,2013,0.6875,0.57691675,0.5718801,0.11561989784240723,0.005036652,0.11058324575424194,0.11561989784240723,2.076191738337326,Chuck Pagano,Chuck Pagano,85.3390348197923
MIA,2023,0.6471,0.5940394,0.53183544,0.11526456317901612,0.062203944,0.05306061944961549,0.11526456317901612,2.076191738337326,Mike McDaniel,Mike McDaniel,85.27794746487477
PIT,2020,0.75,0.66267395,0.6347525,0.11524748802185059,0.027921438,0.0873260498046875,0.11524748802185059,2.076191738337326,Mike Tomlin,Mike Tomlin,85.21686010995724
CLT,1987,0.6,0.5044776,0.48510543,0.11489457488059995,0.019372195,0.09552237987518308,0.11489457488059995,2.076191738337326,Ron Meyer,Ron Meyer,85.1557727550397
CLT,2005,0.875,0.7774428,0.7605019,0.1144980788230896,0.016940892,0.0975571870803833,0.1144980788230896,2.076191738337326,Tony Dungy,Tony Dungy,85.09468540012217
CHI,1985,0.9375,0.8391002,0.82302266,0.11447733640670776,0.016077518,0.098399817943573,0.11447733640670776,2.076191738337326,Mike Ditka,Mike Ditka,85.03359804520464
WAS,2015,0.5625,0.4664577,0.44826585,0.11423414945602417,0.018191844,0.09604230523109436,0.11423414945602417,2.076191738337326,Jay Gruden,Jay Gruden,84.97251069028711
MIN,2023,0.4118,0.34542596,0.29773214,0.1140678554058075,0.04769382,0.06637403659820557,0.1140678554058075,2.076191738337326,Kevin O'Connell,Kevin O'Connell,84.91142333536958
RAI,1977,0.7857,0.71284616,0.6718609,0.11383912630081172,0.040985286,0.0728538400650024,0.11383912630081172,2.076191738337326,John Madden,John Madden,84.85033598045206
CIN,2013,0.6875,0.5643683,0.57470965,0.11279034614562988,-0.010341346,0.12313169240951538,0.11279034614562988,2.076191738337326,Marvin Lewis,Marvin Lewis,84.78924862553453
CIN,1973,0.7143,0.63536483,0.6017183,0.11258169345855717,0.033646524,0.07893516950607304,0.11258169345855717,2.076191738337326,Paul Brown,Paul Brown,84.72816127061698
RAV,2015,0.3125,0.22675033,0.20002694,0.11247305572032928,0.026723385,0.08574967086315155,0.11247305572032928,2.076191738337326,John Harbaugh,John Harbaugh,84.66707391569945
RAI,1978,0.5625,0.50884473,0.4501177,0.11238229274749756,0.058727026,0.053655266761779785,0.11238229274749756,2.076191738337326,John Madden,John Madden,84.60598656078191
OTI,1991,0.6875,0.6070059,0.5762999,0.11120009422302246,0.030705988,0.08049410581588745,0.11120009422302246,2.076191738337326,Jack Pardee,Jack Pardee,84.54489920586438
DEN,2019,0.4375,0.31724772,0.32668337,0.11081662774085999,-0.009435654,0.12025228142738342,0.11081662774085999,2.076191738337326,Vic Fangio,Vic Fangio,84.48381185094685
CRD,2020,0.5,0.38402778,0.38962218,0.11037781834602356,-0.0055944026,0.11597222089767456,0.11037781834602356,2.076191738337326,Kliff Kingsbury,Kliff Kingsbury,84.42272449602932
CLT,1996,0.5625,0.4386076,0.4522236,0.11027640104293823,-0.013615996,0.1238923966884613,0.11027640104293823,2.076191738337326,Lindy Infante,Lindy Infante,84.36163714111179
NYG,2022,0.5588,0.45651454,0.44859752,0.11020247941017147,0.007917017,0.10228546266555782,0.11020247941017147,2.076191738337326,Brian Daboll,Brian Daboll,84.30054978619425
CHI,2001,0.8125,0.65061116,0.7023092,0.11019080877304077,-0.05169803,0.16188883781433105,0.11019080877304077,2.076191738337326,Dick Jauron,Dick Jauron,84.23946243127672
TAM,1993,0.3125,0.22920631,0.20254856,0.1099514365196228,0.026657745,0.08329369127750397,0.1099514365196228,2.076191738337326,Sam Wyche,Sam Wyche,84.17837507635919
WAS,1983,0.875,0.78067297,0.76519156,0.10980844497680664,0.015481412,0.09432703256607056,0.10980844497680664,2.076191738337326,Joe Gibbs,Joe Gibbs,84.11728772144166
NYG,2002,0.625,0.5140664,0.5152671,0.10973292589187622,-0.001200676,0.11093360185623169,0.10973292589187622,2.076191738337326,Jim Fassel,Jim Fassel,84.05620036652412
PHI,1996,0.625,0.5079557,0.51584166,0.10915833711624146,-0.0078859925,0.11704432964324951,0.10915833711624146,2.076191738337326,Ray Rhodes,Ray Rhodes,83.99511301160659
CRD,2015,0.8125,0.7312859,0.70346504,0.1090349555015564,0.027820885,0.0812140703201294,0.1090349555015564,2.076191738337326,Bruce Arians,Bruce Arians,83.93402565668907
MIN,2005,0.5625,0.44822362,0.45348406,0.10901594161987305,-0.0052604377,0.11427637934684753,0.10901594161987305,2.076191738337326,Mike Tice,Mike Tice,83.87293830177154
RAI,1993,0.625,0.53659976,0.5160252,0.10897481441497803,0.02057457,0.08840024471282959,0.10897481441497803,2.076191738337326,Art Shell,Art Shell,83.81185094685401
RAI,1991,0.5625,0.4811244,0.45362955,0.10887044668197632,0.027494848,0.0813755989074707,0.10887044668197632,2.076191738337326,Art Shell,Art Shell,83.75076359193648
BUF,1990,0.8125,0.7360885,0.7045819,0.10791808366775513,0.031506598,0.07641148567199707,0.10791808366775513,2.076191738337326,Marv Levy,Marv Levy,83.68967623701894
NOR,1984,0.4375,0.36602938,0.33037788,0.10712212324142456,0.035651505,0.07147061824798584,0.10712212324142456,2.076191738337326,Bum Phillips,Bum Phillips,83.62858888210141
SDG,1977,0.5,0.38794228,0.39291576,0.1070842444896698,-0.004973471,0.11205771565437317,0.1070842444896698,2.076191738337326,Tommy Prothro,Tommy Prothro,83.56750152718388
PIT,1983,0.625,0.5638184,0.51828563,0.10671436786651611,0.045532763,0.061181604862213135,0.10671436786651611,2.076191738337326,Chuck Noll,Chuck Noll,83.50641417226635
CLT,2018,0.625,0.51934415,0.518817,0.1061829924583435,0.0005271435,0.10565584897994995,0.1061829924583435,2.076191738337326,Frank Reich,Frank Reich,83.44532681734881
JAX,1999,0.875,0.77887183,0.7688477,0.10615229606628418,0.01002413,0.09612816572189331,0.10615229606628418,2.076191738337326,Tom Coughlin,Tom Coughlin,83.38423946243128
BUF,1987,0.4667,0.3827093,0.3605603,0.10613970203399659,0.022148997,0.08399070544242859,0.10613970203399659,2.076191738337326,Marv Levy,Marv Levy,83.32315210751375
SFO,1976,0.5714,0.5058286,0.4653656,0.10603441133499147,0.04046303,0.06557138099670412,0.10603441133499147,2.076191738337326,Monte Clark,Monte Clark,83.26206475259622
CIN,1975,0.7857,0.72208554,0.6801664,0.10553357667922969,0.041919112,0.06361446447372432,0.10553357667922969,2.076191738337326,Paul Brown,Paul Brown,83.20097739767867
GNB,1976,0.3571,0.24309602,0.2516607,0.10543929538726804,-0.008564681,0.11400397620201108,0.10543929538726804,2.076191738337326,Bart Starr,Bart Starr,83.13989004276114
CIN,2001,0.375,0.25271836,0.26968378,0.10531622171401978,-0.016965419,0.12228164076805115,0.10531622171401978,2.076191738337326,Dick LeBeau,Dick LeBeau,83.0788026878436
SEA,2018,0.625,0.5556278,0.51997364,0.10502636432647705,0.035654187,0.06937217712402344,0.10502636432647705,2.076191738337326,Pete Carroll,Pete Carroll,83.01771533292609
MIA,1990,0.75,0.68559235,0.64529955,0.10470044612884521,0.0402928,0.06440764665603638,0.10470044612884521,2.076191738337326,Don Shula,Don Shula,82.95662797800856
DAL,1974,0.5714,0.5346808,0.46683982,0.10456017985343935,0.06784096,0.03671921625137331,0.10456017985343935,2.076191738337326,Tom Landry,Tom Landry,82.89554062309102
CHI,1971,0.4286,0.2796303,0.32406503,0.10453497037887571,-0.044434726,0.14896969661712645,0.10453497037887571,2.076191738337326,Jim Dooley,Jim Dooley,82.83445326817349
CHI,2021,0.3529,0.26930195,0.24857266,0.10432733752727508,0.020729288,0.08359804906845092,0.10432733752727508,2.076191738337326,Matt Nagy,Matt Nagy,82.77336591325596
BUF,2020,0.8125,0.69570965,0.7084374,0.10406261682510376,-0.012727737,0.11679035425186157,0.10406261682510376,2.076191738337326,Sean McDermott,Sean McDermott,82.71227855833843
OTI,1992,0.625,0.5489906,0.5209877,0.10401231050491333,0.028002918,0.07600939273834229,0.10401231050491333,2.076191738337326,Jack Pardee,Jack Pardee,82.6511912034209
OTI,2021,0.7059,0.6442779,0.6020391,0.10386090126037595,0.042238772,0.06162212934494016,0.10386090126037595,2.076191738337326,Mike Vrabel,Mike Vrabel,82.59010384850336
NOR,2021,0.5294,0.4738379,0.4258726,0.1035274058818817,0.047965318,0.05556208791732786,0.1035274058818817,2.076191738337326,Sean Payton,Sean Payton,82.52901649358583
PIT,1980,0.5625,0.5060813,0.45921254,0.1032874584197998,0.04686874,0.05641871690750122,0.1032874584197998,2.076191738337326,Chuck Noll,Chuck Noll,82.4679291386683
CIN,1986,0.625,0.5058282,0.52182627,0.10317373275756836,-0.015998065,0.11917179822921753,0.10317373275756836,2.076191738337326,Sam Wyche,Sam Wyche,82.40684178375076
BUF,1999,0.6875,0.5865643,0.58462775,0.10287225246429443,0.0019365549,0.10093569755554199,0.10287225246429443,2.076191738337326,Wade Phillips,Wade Phillips,82.34575442883323
RAM,2015,0.4375,0.3529137,0.3346551,0.10284489393234253,0.018258601,0.08458629250526428,0.10284489393234253,2.076191738337326,Jeff Fisher,Jeff Fisher,82.2846670739157
DET,1993,0.625,0.518039,0.5222378,0.10276222229003906,-0.0041987896,0.10696101188659668,0.10276222229003906,2.076191738337326,Wayne Fontes,Wayne Fontes,82.22357971899817
NYG,2010,0.625,0.5487472,0.5226017,0.10239827632904053,0.026145458,0.07625281810760498,0.10239827632904053,2.076191738337326,Tom Coughlin,Tom Coughlin,82.16249236408063
WAS,1976,0.7143,0.6237653,0.6122948,0.10200520687103276,0.011470497,0.09053471021652226,0.10200520687103276,2.076191738337326,George Allen,George Allen,82.1014050091631
DEN,1980,0.5,0.4175946,0.39811832,0.10188168287277222,0.019476295,0.08240538835525513,0.10188168287277222,2.076191738337326,Red Miller,Red Miller,82.04031765424557
SFO,1981,0.8125,0.6479333,0.71080124,0.10169875621795654,-0.06286794,0.16456669569015503,0.10169875621795654,2.076191738337326,Bill Walsh,Bill Walsh,81.97923029932804
MIN,1973,0.8571,0.77902174,0.75579524,0.1013047595977783,0.0232265,0.07807826004028318,0.1013047595977783,2.076191738337326,Bud Grant,Bud Grant,81.9181429444105
MIA,2009,0.4375,0.34731874,0.3366974,0.10080260038375854,0.010621339,0.09018126130104065,0.10080260038375854,2.076191738337326,Tony Sparano,Tony Sparano,81.85705558949297
SEA,2019,0.6875,0.6214873,0.5870133,0.10048669576644897,0.034474015,0.0660126805305481,0.10048669576644897,2.076191738337326,Pete Carroll,Pete Carroll,81.79596823457544
RAI,1973,0.6786,0.61501706,0.57831794,0.10028205976486204,0.036699116,0.06358294353485106,0.10028205976486204,2.076191738337326,John Madden,John Madden,81.73488087965791
DEN,1986,0.6875,0.60346216,0.5872245,0.10027551651000977,0.016237676,0.08403784036636353,0.10027551651000977,2.076191738337326,Dan Reeves,Dan Reeves,81.67379352474038
KAN,1995,0.8125,0.7387421,0.7123418,0.1001582145690918,0.026400328,0.07375788688659668,0.1001582145690918,2.076191738337326,Marty Schottenheimer,Marty Schottenheimer,81.61270616982284
OTI,1975,0.7143,0.6339449,0.61420107,0.10009893112182622,0.01974386,0.0803550713539124,0.10009893112182622,2.076191738337326,Bum Phillips,Bum Phillips,81.55161881490531
OTI,2002,0.6875,0.59248966,0.5875034,0.09999662637710571,0.004986286,0.09501034021377563,0.09999662637710571,2.076191738337326,Jeff Fisher,Jeff Fisher,81.49053145998778
CRD,1987,0.4667,0.33975378,0.36679462,0.09990538401603699,-0.02704084,0.12694622321128846,0.09990538401603699,2.076191738337326,Gene Stallings,Gene Stallings,81.42944410507025
RAV,2006,0.8125,0.7121192,0.7133087,0.09919130802154541,-0.0011894703,0.1003807783126831,0.09919130802154541,2.076191738337326,Brian Billick,Brian Billick,81.36835675015271
NOR,1974,0.3571,0.22512937,0.25793704,0.0991629560947418,-0.032807678,0.13197063407897947,0.0991629560947418,2.076191738337326,John North,John North,81.30726939523518
GNB,1973,0.4286,0.376485,0.33033347,0.09826652870178221,0.04615152,0.0521150098800659,0.09826652870178221,2.076191738337326,Dan Devine,Dan Devine,81.24618204031765
RAM,2003,0.75,0.6866582,0.65187174,0.09812825918197632,0.034786463,0.06334179639816284,0.09812825918197632,2.076191738337326,Mike Martz,Mike Martz,81.18509468540013
GNB,2024,0.6471,0.56048787,0.54908556,0.0980144425392151,0.011402309,0.08661213359832765,0.0980144425392151,2.076191738337326,Matt LaFleur,Matt LaFleur,81.1240073304826
NWE,2011,0.8125,0.7546015,0.7150935,0.09740650653839111,0.039507985,0.057898521423339844,0.09740650653839111,2.076191738337326,Bill Belichick,Bill Belichick,81.06291997556507
PIT,2011,0.75,0.68523645,0.65276694,0.09723305702209473,0.03246951,0.06476354598999023,0.09723305702209473,2.076191738337326,Mike Tomlin,Mike Tomlin,81.00183262064753
MIN,1999,0.625,0.54186827,0.5277802,0.09721982479095459,0.014088094,0.08313173055648804,0.09721982479095459,2.076191738337326,Dennis Green,Dennis Green,80.94074526573
SEA,2024,0.5882,0.5125016,0.49098235,0.09721764631271357,0.021519244,0.07569840259551996,0.09721764631271357,2.076191738337326,Mike Macdonald,Mike Macdonald,80.87965791081247
HTX,2023,0.5882,0.4861018,0.49116284,0.09703716344833369,-0.0050610304,0.1020981938362121,0.09703716344833369,2.076191738337326,DeMeco Ryans,DeMeco Ryans,80.81857055589494
CLT,2022,0.3889,0.30134243,0.29202396,0.09687604322433474,0.009318471,0.08755757226943972,0.09687604322433474,2.076191738337326,Frank Reich,Frank Reich / Jeff Saturday,80.7574832009774
NOR,2017,0.6875,0.60054106,0.5906343,0.096865713596344,0.009906769,0.08695894479751587,0.096865713596344,2.076191738337326,Sean Payton,Sean Payton,80.69639584605987
RAV,2011,0.75,0.7085315,0.6531514,0.09684860706329346,0.055380106,0.04146850109100342,0.09684860706329346,2.076191738337326,John Harbaugh,John Harbaugh,80.63530849114233
SFO,2011,0.8125,0.7278065,0.71574765,0.0967523455619812,0.012058854,0.08469349145889282,0.0967523455619812,2.076191738337326,Jim Harbaugh,Jim Harbaugh,80.57422113622479
TAM,2021,0.7647,0.70792854,0.6680738,0.09662622661590581,0.039854765,0.056771461677551316,0.09662622661590581,2.076191738337326,Bruce Arians,Bruce Arians,80.51313378130726
SFO,1971,0.6429,0.5602768,0.54648,0.09641999998092654,0.013796806,0.08262319364547732,0.09641999998092654,2.076191738337326,Dick Nolan,Dick Nolan,80.45204642638973
GNB,1997,0.8125,0.7421071,0.7163097,0.09619027376174927,0.025797367,0.070392906665802,0.09619027376174927,2.076191738337326,Mike Holmgren,Mike Holmgren,80.3909590714722
RAM,1973,0.8571,0.80944896,0.76093537,0.09616463384628293,0.04851359,0.04765104255676267,0.09616463384628293,2.076191738337326,Chuck Knox,Chuck Knox,80.32987171655466
RAI,1970,0.6429,0.5384496,0.54673576,0.09616423645019534,-0.008286178,0.10445041456222537,0.09616423645019534,2.076191738337326,John Madden,John Madden,80.26878436163715
SDG,2005,0.5625,0.5116235,0.4665633,0.09593668580055237,0.045060188,0.050876498222351074,0.09593668580055237,2.076191738337326,Marty Schottenheimer,Marty Schottenheimer,80.20769700671961
DEN,1988,0.5,0.44052488,0.4043197,0.09568029642105103,0.036205173,0.0594751238822937,0.09568029642105103,2.076191738337326,Dan Reeves,Dan Reeves,80.14660965180208
KAN,1991,0.625,0.5779532,0.5296991,0.09530091285705566,0.048254132,0.047046780586242676,0.09530091285705566,2.076191738337326,Marty Schottenheimer,Marty Schottenheimer,80.08552229688455
OTI,2020,0.6875,0.6200471,0.59230447,0.09519553184509277,0.027742624,0.06745290756225586,0.09519553184509277,2.076191738337326,Mike Vrabel,Mike Vrabel,80.02443494196702
SFO,2020,0.375,0.31811008,0.2798975,0.09510248899459839,0.038212568,0.05688992142677307,0.09510248899459839,2.076191738337326,Kyle Shanahan,Kyle Shanahan,79.96334758704948
RAM,2002,0.4375,0.38804704,0.34284422,0.09465578198432922,0.04520282,0.04945296049118042,0.09465578198432922,2.076191738337326,Mike Martz,Mike Martz,79.90226023213195
NYJ,1998,0.75,0.7052851,0.65569884,0.09430116415023804,0.049586236,0.044714927673339844,0.09430116415023804,2.076191738337326,Bill Parcells,Bill Parcells,79.84117287721442
MIA,1980,0.5,0.44550183,0.40576747,0.09423252940177917,0.039734364,0.05449816584587097,0.09423252940177917,2.076191738337326,Don Shula,Don Shula,79.78008552229689
NYG,1988,0.625,0.56206876,0.531339,0.09366101026535034,0.03072977,0.06293123960494995,0.09366101026535034,2.076191738337326,Bill Parcells,Bill Parcells,79.71899816737935
NYJ,2000,0.5625,0.4743072,0.46884447,0.093655526638031,0.005462736,0.08819279074668884,0.093655526638031,2.076191738337326,Al Groh,Al Groh,79.65791081246182
PIT,1982,0.6667,0.63397914,0.57307756,0.09362244052886959,0.060901582,0.03272085828781124,0.09362244052886959,2.076191738337326,Chuck Noll,Chuck Noll,79.59682345754429
DAL,1986,0.4375,0.38602734,0.34426004,0.09323996305465698,0.0417673,0.05147266387939453,0.09323996305465698,2.076191738337326,Tom Landry,Tom Landry,79.53573610262676
PIT,1987,0.5333,0.49144745,0.44012338,0.09317662076950073,0.05132407,0.041852551269531246,0.09317662076950073,2.076191738337326,Chuck Noll,Chuck Noll,79.47464874770922
PIT,2018,0.5938,0.5191245,0.50088316,0.09291683797836303,0.018241346,0.07467549209594726,0.09291683797836303,2.076191738337326,Mike Tomlin,Mike Tomlin,79.41356139279169
GNB,1983,0.5,0.41538486,0.40722516,0.09277483820915222,0.008159697,0.08461514115333557,0.09277483820915222,2.076191738337326,Bart Starr,Bart Starr,79.35247403787416
MIA,1983,0.75,0.7112945,0.65743166,0.09256833791732788,0.05386281,0.038705527782440186,0.09256833791732788,2.076191738337326,Don Shula,Don Shula,79.29138668295663
OTI,2023,0.3529,0.30450824,0.2608948,0.0920051948070526,0.043613434,0.04839176096916198,0.0920051948070526,2.076191738337326,Mike Vrabel,Mike Vrabel,79.2302993280391
NOR,2022,0.4118,0.29378778,0.3199091,0.09189090423583984,-0.026121318,0.11801222257614136,0.09189090423583984,2.076191738337326,Dennis Allen,Dennis Allen,79.16921197312156
CLE,1992,0.4375,0.31696802,0.3458172,0.0916827917098999,-0.028849185,0.12053197622299194,0.0916827917098999,2.076191738337326,Bill Belichick,Bill Belichick,79.10812461820403
DET,1985,0.4375,0.33083248,0.34624103,0.09125897288322449,-0.015408546,0.10666751861572266,0.09125897288322449,2.076191738337326,Darryl Rogers,Darryl Rogers,79.0470372632865
NYG,1993,0.6875,0.6338807,0.5967165,0.09078347682952881,0.03716415,0.053619325160980225,0.09078347682952881,2.076191738337326,Dan Reeves,Dan Reeves,78.98594990836897
CLT,2003,0.75,0.668744,0.6596867,0.09031331539154053,0.009057343,0.0812559723854065,0.09031331539154053,2.076191738337326,Tony Dungy,Tony Dungy,78.92486255345143
DAL,1983,0.75,0.68026215,0.6598441,0.09015589952468872,0.020418048,0.06973785161972046,0.09015589952468872,2.076191738337326,Tom Landry,Tom Landry,78.8637751985339
PIT,1973,0.7143,0.64769906,0.62414414,0.09015586309432988,0.023554921,0.06660094194412236,0.09015586309432988,2.076191738337326,Chuck Noll,Chuck Noll,78.80268784361637
CRD,1975,0.7857,0.7146934,0.6957265,0.08997348613739009,0.018966913,0.07100657291412349,0.08997348613739009,2.076191738337326,Don Coryell,Don Coryell,78.74160048869884
SFO,1997,0.8125,0.7229687,0.72260225,0.0898977518081665,0.00036644936,0.0895313024520874,0.0898977518081665,2.076191738337326,Steve Mariucci,Steve Mariucci,78.6805131337813
CIN,2022,0.75,0.61013997,0.660424,0.08957600593566895,-0.050284028,0.13986003398895264,0.08957600593566895,2.076191738337326,Zac Taylor,Zac Taylor,78.61942577886377
RAI,1971,0.6429,0.56486106,0.55344516,0.0894548396110535,0.011415899,0.07803894081115725,0.0894548396110535,2.076191738337326,John Madden,John Madden,78.55833842394624
CRD,2013,0.625,0.5568955,0.53583705,0.08916294574737549,0.02105844,0.06810450553894043,0.08916294574737549,2.076191738337326,Bruce Arians,Bruce Arians,78.4972510690287
DEN,1973,0.5714,0.53690624,0.48238444,0.08901555671691896,0.0545218,0.03449375762939455,0.08901555671691896,2.076191738337326,John Ralston,John Ralston,78.43616371411119
SDG,1974,0.3571,0.3054689,0.26824296,0.08885704479217527,0.037225932,0.05163111290931699,0.08885704479217527,2.076191738337326,Tommy Prothro,Tommy Prothro,78.37507635919366
DAL,1993,0.75,0.7128079,0.6611437,0.0888562798500061,0.051664174,0.03719210624694824,0.0888562798500061,2.076191738337326,Jimmy Johnson,Jimmy Johnson,78.31398900427612
GNB,1980,0.3438,0.24142122,0.25502366,0.08877634172439575,-0.013602436,0.10237877731323242,0.08877634172439575,2.076191738337326,Bart Starr,Bart Starr,78.25290164935859
CLT,1978,0.3125,0.24261963,0.22378334,0.08871665596961975,0.01883629,0.06988036632537842,0.08871665596961975,2.076191738337326,Ted Marchibroda,Ted Marchibroda,78.19181429444106
CRD,2017,0.5,0.4578391,0.41132185,0.08867815136909485,0.046517253,0.04216089844703674,0.08867815136909485,2.076191738337326,Bruce Arians,Bruce Arians,78.13072693952353
DEN,2002,0.5625,0.5042276,0.47419003,0.08830997347831726,0.030037552,0.05827242136001587,0.08830997347831726,2.076191738337326,Mike Shanahan,Mike Shanahan,78.069639584606
NWE,1984,0.625,0.54930717,0.5368052,0.08819478750228882,0.012501955,0.07569283246994019,0.08819478750228882,2.076191738337326,Ron Meyer,Raymond Berry / Ron Meyer,78.00855222968846
DAL,1977,0.8571,0.8228179,0.76931584,0.08778416118621823,0.053502083,0.0342820783615112,0.08778416118621823,2.076191738337326,Tom Landry,Tom Landry,77.94746487477092
DAL,1980,0.75,0.71671575,0.6625564,0.08744359016418457,0.054159343,0.03328424692153931,0.08744359016418457,2.076191738337326,Tom Landry,Tom Landry,77.88637751985338
NWE,2019,0.75,0.68720925,0.662678,0.08732199668884277,0.024531245,0.06279075145721436,0.08732199668884277,2.076191738337326,Bill Belichick,Bill Belichick,77.82529016493585
PIT,1975,0.8571,0.8055068,0.7699691,0.08713089427947995,0.03553772,0.05159317455291745,0.08713089427947995,2.076191738337326,Chuck Noll,Chuck Noll,77.76420281001832
DAL,1975,0.7143,0.7071277,0.6275923,0.08670767478942876,0.079535365,0.007172309684753464,0.08670767478942876,2.076191738337326,Tom Landry,Tom Landry,77.70311545510079
BUF,1981,0.625,0.57103044,0.5389348,0.08606517314910889,0.03209561,0.05396956205368042,0.08606517314910889,2.076191738337326,Chuck Knox,Chuck Knox,77.64202810018325
ATL,2008,0.6875,0.57003015,0.60146916,0.08603084087371826,-0.031439006,0.11746984720230103,0.08603084087371826,2.076191738337326,Mike Smith,Mike Smith,77.58094074526572
BUF,1983,0.5,0.42513746,0.4139935,0.08600649237632751,0.011143953,0.074862539768219,0.08600649237632751,2.076191738337326,Kay Stephenson,Kay Stephenson,77.5198533903482
SEA,2017,0.5625,0.5069758,0.47691688,0.08558312058448792,0.03005895,0.05552417039871216,0.08558312058448792,2.076191738337326,Pete Carroll,Pete Carroll,77.45876603543067
DEN,2003,0.625,0.568649,0.53945994,0.0855400562286377,0.02918905,0.05635100603103638,0.0855400562286377,2.076191738337326,Mike Shanahan,Mike Shanahan,77.39767868051314
PIT,2012,0.5,0.46344215,0.41454604,0.08545395731925964,0.048896104,0.03655785322189331,0.08545395731925964,2.076191738337326,Mike Tomlin,Mike Tomlin,77.3365913255956
GNB,1972,0.7143,0.6614125,0.6291047,0.08519532613754277,0.032307804,0.05288752250671391,0.08519532613754277,2.076191738337326,Dan Devine,Dan Devine,77.27550397067807
NOR,2020,0.75,0.68922234,0.6655082,0.0844917893409729,0.023714125,0.06077766418457031,0.0844917893409729,2.076191738337326,Sean Payton,Sean Payton,77.21441661576054
PHI,2010,0.625,0.5758537,0.5409635,0.08403652906417847,0.034890234,0.049146294593811035,0.08403652906417847,2.076191738337326,Andy Reid,Andy Reid,77.15332926084301
DEN,2012,0.8125,0.7227882,0.72889405,0.08360594511032104,-0.00610584,0.08971178531646729,0.08360594511032104,2.076191738337326,John Fox,John Fox,77.09224190592548
CLE,1987,0.6667,0.63922596,0.58314735,0.08355265302658077,0.056078613,0.027474040222167928,0.08355265302658077,2.076191738337326,Marty Schottenheimer,Marty Schottenheimer,77.03115455100794
SDG,2018,0.75,0.67058057,0.6665804,0.08341962099075317,0.004000187,0.07941943407058716,0.08341962099075317,2.076191738337326,Anthony Lynn,Anthony Lynn,76.97006719609041
WAS,2021,0.4118,0.34247375,0.32851467,0.08328533463478088,0.01395908,0.06932625465393066,0.08328533463478088,2.076191738337326,Ron Rivera,Ron Rivera,76.90897984117288
MIA,1991,0.5,0.45347056,0.4168973,0.08310270309448242,0.03657326,0.04652944207191467,0.08310270309448242,2.076191738337326,Don Shula,Don Shula,76.84789248625535
BUF,1995,0.625,0.5827942,0.5420977,0.08290231227874756,0.0406965,0.042205810546875,0.08290231227874756,2.076191738337326,Marv Levy,Marv Levy,76.78680513133781
CHI,1986,0.875,0.81259483,0.7923539,0.08264607191085815,0.020240903,0.062405169010162354,0.08264607191085815,2.076191738337326,Mike Ditka,Mike Ditka,76.72571777642028
CLE,1973,0.5714,0.4994914,0.48878443,0.08261556758880617,0.010706961,0.07190860643386843,0.08261556758880617,2.076191738337326,Nick Skorich,Nick Skorich,76.66463042150275
RAV,2018,0.625,0.5822631,0.5424447,0.08255529403686523,0.039818406,0.04273688793182373,0.08255529403686523,2.076191738337326,John Harbaugh,John Harbaugh,76.60354306658522
DET,1989,0.4375,0.34520906,0.35504144,0.08245855569839478,-0.009832382,0.09229093790054321,0.08245855569839478,2.076191738337326,Wayne Fontes,Wayne Fontes,76.54245571166769
WAS,2018,0.4375,0.35870242,0.35506272,0.08243727684020996,0.003639698,0.07879757881164551,0.08243727684020996,2.076191738337326,Jay Gruden,Jay Gruden,76.48136835675015
CRD,1996,0.4375,0.37564576,0.3552919,0.08220809698104858,0.020353854,0.06185424327850342,0.08220809698104858,2.076191738337326,Vince Tobin,Vince Tobin,76.42028100183262
DAL,2018,0.625,0.5476145,0.5428741,0.08212590217590332,0.004740417,0.07738548517227173,0.08212590217590332,2.076191738337326,Jason Garrett,Jason Garrett,76.35919364691509
SEA,1988,0.5625,0.5389167,0.4804402,0.08205980062484741,0.058476508,0.023583292961120605,0.08205980062484741,2.076191738337326,Chuck Knox,Chuck Knox,76.29810629199756
NYJ,1986,0.625,0.57268035,0.5430464,0.08195358514785767,0.02963394,0.05231964588165283,0.08195358514785767,2.076191738337326,Joe Walton,Joe Walton,76.23701893708002
WAS,1991,0.875,0.81867427,0.793441,0.08155900239944458,0.025233269,0.05632573366165161,0.08155900239944458,2.076191738337326,Joe Gibbs,Joe Gibbs,76.17593158216249
CHI,2018,0.75,0.6910391,0.6687113,0.08128869533538818,0.02232778,0.058960914611816406,0.08128869533538818,2.076191738337326,Matt Nagy,Matt Nagy,76.11484422724496
DAL,2017,0.5625,0.48935342,0.48123622,0.08126378059387207,0.008117199,0.07314658164978027,0.08126378059387207,2.076191738337326,Jason Garrett,Jason Garrett,76.05375687232743
MIA,2010,0.4375,0.35449922,0.35647768,0.08102232217788696,-0.001978457,0.0830007791519165,0.08102232217788696,2.076191738337326,Tony Sparano,Tony Sparano,75.9926695174099
PIT,1997,0.6875,0.6243744,0.60683763,0.08066236972808838,0.01753676,0.0631256103515625,0.08066236972808838,2.076191738337326,Bill Cowher,Bill Cowher,75.93158216249236
DEN,1991,0.75,0.7019253,0.66961324,0.08038675785064697,0.032312036,0.04807472229003906,0.08038675785064697,2.076191738337326,Dan Reeves,Dan Reeves,75.87049480757483
CRD,2007,0.5,0.41096088,0.41994688,0.08005312085151672,-0.008985996,0.08903911709785461,0.08005312085151672,2.076191738337326,Ken Whisenhunt,Ken Whisenhunt,75.8094074526573
MIN,1971,0.7857,0.7342592,0.7058509,0.07984910078048701,0.028408289,0.05144081182479854,0.07984910078048701,2.076191738337326,Bud Grant,Bud Grant,75.74832009773976
MIA,1988,0.375,0.3205814,0.29541355,0.0795864462852478,0.025167853,0.054418593645095825,0.0795864462852478,2.076191738337326,Don Shula,Don Shula,75.68723274282225
CAR,2019,0.4167,0.34480226,0.33732563,0.07937436742782594,0.007476628,0.07189773960113527,0.07937436742782594,2.076191738337326,Ron Rivera,Perry Fewell / Ron Rivera,75.62614538790471
KAN,2023,0.6471,0.5896493,0.56780684,0.07929316005706788,0.02184248,0.05745068035125733,0.07929316005706788,2.076191738337326,Andy Reid,Andy Reid,75.56505803298718
ATL,1971,0.5357,0.45194584,0.45648074,0.07921925849914546,-0.0045349,0.0837541586875915,0.07921925849914546,2.076191738337326,Norm Van Brocklin,Norm Van Brocklin,75.50397067806965
PHI,2019,0.5625,0.5016001,0.48438555,0.07811444997787476,0.017214537,0.06089991331100464,0.07811444997787476,2.076191738337326,Doug Pederson,Doug Pederson,75.44288332315212
BUF,1991,0.8125,0.7361076,0.73453474,0.07796525955200195,0.0015728474,0.07639241218566895,0.07796525955200195,2.076191738337326,Marv Levy,Marv Levy,75.38179596823457
NWE,1987,0.5333,0.49439216,0.45553505,0.07776494579315185,0.038857102,0.03890784339904785,0.07776494579315185,2.076191738337326,Raymond Berry,Raymond Berry,75.32070861331704
SFO,1998,0.75,0.6799786,0.67224425,0.07775574922561646,0.0077343583,0.07002139091491699,0.07775574922561646,2.076191738337326,Steve Mariucci,Steve Mariucci,75.2596212583995
SDG,1996,0.5,0.439371,0.42235076,0.07764923572540283,0.017020226,0.06062901020050049,0.07764923572540283,2.076191738337326,Bobby Ross,Bobby Ross,75.19853390348197
WAS,2022,0.5,0.43110296,0.42307892,0.07692107558250427,0.008024037,0.06889703869819641,0.07692107558250427,2.076191738337326,Ron Rivera,Ron Rivera,75.13744654856444
DET,1983,0.5625,0.48432302,0.4862946,0.07620540261268616,-0.0019715726,0.07817697525024414,0.07620540261268616,2.076191738337326,Monte Clark,Monte Clark,75.07635919364691
NOR,2009,0.8125,0.7541127,0.7364342,0.0760657787322998,0.0176785,0.05838727951049805,0.0760657787322998,2.076191738337326,Sean Payton,Sean Payton,75.01527183872938
CLE,1993,0.4375,0.35857138,0.3614948,0.07600519061088562,-0.002923429,0.0789286196231842,0.07600519061088562,2.076191738337326,Bill Belichick,Bill Belichick,74.95418448381184
KAN,2021,0.7059,0.6480893,0.63075554,0.0751444562911987,0.017333746,0.057810710334777804,0.0751444562911987,2.076191738337326,Andy Reid,Andy Reid,74.89309712889431
GNB,2001,0.75,0.71239555,0.6759001,0.07409989833831787,0.036495447,0.037604451179504395,0.07409989833831787,2.076191738337326,Mike Sherman,Mike Sherman,74.83200977397678
SDG,1994,0.6875,0.65766656,0.6135156,0.07398438453674316,0.04415095,0.029833436012268066,0.07398438453674316,2.076191738337326,Bobby Ross,Bobby Ross,74.77092241905925
OTI,2000,0.8125,0.7296853,0.73859054,0.0739094614982605,-0.008905232,0.08281469345092773,0.0739094614982605,2.076191738337326,Jeff Fisher,Jeff Fisher,74.70983506414173
NYJ,1997,0.5625,0.5302909,0.4887227,0.07377728819847107,0.04156819,0.03220909833908081,0.07377728819847107,2.076191738337326,Bill Parcells,Bill Parcells,74.6487477092242
NOR,1982,0.4444,0.38058025,0.3706575,0.0737424963951111,0.009922743,0.06381975355148317,0.0737424963951111,2.076191738337326,Bum Phillips,Bum Phillips,74.58766035430666
HTX,2008,0.5,0.38839683,0.42625797,0.07374203205108643,-0.03786114,0.11160317063331604,0.07374203205108643,2.076191738337326,Gary Kubiak,Gary Kubiak,74.52657299938913
KAN,1994,0.5625,0.54381007,0.48893827,0.07356172800064087,0.054871798,0.01868993043899536,0.07356172800064087,2.076191738337326,Marty Schottenheimer,Marty Schottenheimer,74.4654856444716
OTI,1979,0.6875,0.6315937,0.61406153,0.07343846559524536,0.01753217,0.05590629577636719,0.07343846559524536,2.076191738337326,Bum Phillips,Bum Phillips,74.40439828955407
SDG,1992,0.6875,0.5798202,0.6142146,0.07328540086746216,-0.034394383,0.10767978429794312,0.07328540086746216,2.076191738337326,Bobby Ross,Bobby Ross,74.34331093463653
CRD,1972,0.3214,0.24243115,0.24835858,0.07304142251014711,-0.0059274286,0.07896885111331942,0.07304142251014711,2.076191738337326,Bob Hollway,Bob Hollway,74.282223579719
RAI,1994,0.5625,0.4947639,0.4895195,0.07298049330711365,0.005244404,0.06773608922958374,0.07298049330711365,2.076191738337326,Art Shell,Art Shell,74.22113622480147
DAL,1972,0.7143,0.67860496,0.64135146,0.07294853858947759,0.0372535,0.03569503955841069,0.07294853858947759,2.076191738337326,Tom Landry,Tom Landry,74.16004886988394
RAM,1975,0.8571,0.81961936,0.7841801,0.07291989526748655,0.035439253,0.03748064241409299,0.07291989526748655,2.076191738337326,Chuck Knox,Chuck Knox,74.0989615149664
DET,1972,0.6071,0.56509155,0.5344139,0.07268612585067746,0.030677676,0.042008449649810764,0.07268612585067746,2.076191738337326,Joe Schmidt,Joe Schmidt,74.03787416004887
GNB,2023,0.5294,0.47039354,0.45677802,0.07262198033332823,0.013615519,0.05900646152496336,0.07262198033332823,2.076191738337326,Matt LaFleur,Matt LaFleur,73.97678680513134
NYJ,1971,0.4286,0.3282602,0.35610676,0.0724932418823242,-0.027846545,0.10033978686332701,0.0724932418823242,2.076191738337326,Weeb Ewbank,Weeb Ewbank,73.91569945021381
GNB,2019,0.8125,0.73775727,0.7400203,0.0724797248840332,-0.0022630095,0.07474273443222046,0.0724797248840332,2.076191738337326,Matt LaFleur,Matt LaFleur,73.85461209529626
RAV,2014,0.625,0.57892454,0.55252534,0.0724746584892273,0.026399195,0.04607546329498291,0.0724746584892273,2.076191738337326,John Harbaugh,John Harbaugh,73.79352474037874
CIN,1990,0.5625,0.51441705,0.49008456,0.07241544127464294,0.024332494,0.048082947731018066,0.07241544127464294,2.076191738337326,Sam Wyche,Sam Wyche,73.73243738546121
MIA,2020,0.625,0.5308269,0.55285025,0.07214975357055664,-0.02202332,0.09417307376861572,0.07214975357055664,2.076191738337326,Brian Flores,Brian Flores,73.67135003054368
NWE,1985,0.6875,0.64871794,0.61538774,0.07211226224899292,0.033330202,0.03878206014633179,0.07211226224899292,2.076191738337326,Raymond Berry,Raymond Berry,73.61026267562615
RAM,2018,0.8125,0.7569583,0.74075747,0.07174253463745117,0.01620084,0.05554169416427612,0.07174253463745117,2.076191738337326,Sean McVay,Sean McVay,73.54917532070861
OTI,2001,0.4375,0.37461078,0.3658983,0.07160168886184692,0.0087124705,0.0628892183303833,0.07160168886184692,2.076191738337326,Jeff Fisher,Jeff Fisher,73.48808796579108
DAL,2024,0.4118,0.35857427,0.34046578,0.07133421592712402,0.018108487,0.0532257287979126,0.07133421592712402,2.076191738337326,Mike McCarthy,Mike McCarthy,73.42700061087355
NWE,1979,0.5625,0.51560754,0.49122196,0.07127803564071655,0.024385571,0.04689246416091919,0.07127803564071655,2.076191738337326,Ron Erhardt,Ron Erhardt,73.36591325595602
NOR,1992,0.75,0.70274657,0.6788656,0.07113438844680786,0.023880959,0.047253429889678955,0.07113438844680786,2.076191738337326,Jim Mora Sr,Jim Mora Sr,73.30482590103848
CLT,2002,0.625,0.5356333,0.5538981,0.07110190391540527,-0.01826477,0.08936667442321777,0.07110190391540527,2.076191738337326,Tony Dungy,Tony Dungy,73.24373854612095
BUF,1980,0.6875,0.66828805,0.6165391,0.0709608793258667,0.05174893,0.019211947917938232,0.0709608793258667,2.076191738337326,Chuck Knox,Chuck Knox,73.18265119120342
OTI,1977,0.5714,0.50245994,0.5005641,0.07083590164184572,0.0018958449,0.06894005670547487,0.07083590164184572,2.076191738337326,Bum Phillips,Bum Phillips,73.12156383628589
CIN,1982,0.7778,0.7213533,0.70707256,0.0707274439811707,0.014280736,0.056446707534790086,0.0707274439811707,2.076191738337326,Forrest Gregg,Forrest Gregg,73.06047648136835
WAS,1988,0.4375,0.39694825,0.36677492,0.07072508335113525,0.030173331,0.04055175185203552,0.07072508335113525,2.076191738337326,Joe Gibbs,Joe Gibbs,72.99938912645082
PIT,1992,0.6875,0.6320076,0.6169975,0.07050251960754395,0.0150101185,0.055492401123046875,0.07050251960754395,2.076191738337326,Bill Cowher,Bill Cowher,72.93830177153329
NYG,1977,0.3571,0.29879415,0.28676006,0.07033993802070615,0.012034088,0.058305849647521946,0.07033993802070615,2.076191738337326,John McVay,John McVay,72.87721441661577
OTI,1974,0.5,0.4161742,0.43004888,0.0699511170387268,-0.01387468,0.08382579684257507,0.0699511170387268,2.076191738337326,Sid Gillman,Sid Gillman,72.81612706169824
DAL,1973,0.7143,0.7327359,0.64437246,0.06992753677368169,0.08836341,-0.018435872268676712,0.06992753677368169,2.076191738337326,Tom Landry,Tom Landry,72.7550397067807
MIA,1978,0.6875,0.65450346,0.61817044,0.06932955980300903,0.036333025,0.032996535301208496,0.06932955980300903,2.076191738337326,Don Shula,Don Shula,72.69395235186316
CLE,1988,0.625,0.58877695,0.5557007,0.06929928064346313,0.033076227,0.03622305393218994,0.06929928064346313,2.076191738337326,Marty Schottenheimer,Marty Schottenheimer,72.63286499694563
NYG,2005,0.6875,0.6279725,0.61850196,0.06899803876876831,0.009470522,0.05952751636505127,0.06899803876876831,2.076191738337326,Tom Coughlin,Tom Coughlin,72.5717776420281
DAL,1995,0.75,0.7563943,0.68125033,0.06874966621398926,0.07514399,-0.006394326686859131,0.06874966621398926,2.076191738337326,Barry Switzer,Barry Switzer,72.51069028711056
SFO,1974,0.4286,0.39057302,0.3600345,0.06856550440788267,0.03053853,0.03802697525024412,0.06856550440788267,2.076191738337326,Dick Nolan,Dick Nolan,72.44960293219303
NYG,1978,0.375,0.29456168,0.30770904,0.06729096174240112,-0.013147354,0.08043831586837769,0.06729096174240112,2.076191738337326,John McVay,John McVay,72.3885155772755
NWE,1986,0.6875,0.6565898,0.6204765,0.06702351570129395,0.03611332,0.030910193920135498,0.06702351570129395,2.076191738337326,Raymond Berry,Raymond Berry,72.32742822235797
DET,2023,0.7059,0.6068335,0.63915354,0.06674645986557004,-0.032320023,0.09906648244857785,0.06674645986557004,2.076191738337326,Dan Campbell,Dan Campbell,72.26634086744043
SFO,2012,0.7188,0.63743967,0.6522542,0.06654577617645263,-0.014814556,0.08136033182144164,0.06654577617645263,2.076191738337326,Jim Harbaugh,Jim Harbaugh,72.2052535125229
PIT,2002,0.6562,0.6036851,0.5897125,0.06648749942779542,0.01397258,0.05251491899490357,0.06648749942779542,2.076191738337326,Bill Cowher,Bill Cowher,72.14416615760537
DAL,1984,0.5625,0.5269621,0.49605492,0.06644508242607117,0.030907184,0.035537898540496826,0.06644508242607117,2.076191738337326,Tom Landry,Tom Landry,72.08307880268784
RAI,1972,0.75,0.7004728,0.68386996,0.06613004207611084,0.016602814,0.04952722787857056,0.06613004207611084,2.076191738337326,John Madden,John Madden,72.0219914477703
CRD,1983,0.5312,0.45423582,0.46520376,0.06599623794555665,-0.01096794,0.07696417803764344,0.06599623794555665,2.076191738337326,Jim Hanifan,Jim Hanifan,71.96090409285279
WAS,1977,0.6429,0.6246248,0.5769189,0.06598109998703006,0.04770589,0.01827521123886111,0.06598109998703006,2.076191738337326,George Allen,George Allen,71.89981673793525
MIA,1992,0.6875,0.65292877,0.6220153,0.06548470258712769,0.030913472,0.03457123041152954,0.06548470258712769,2.076191738337326,Don Shula,Don Shula,71.83872938301772
KAN,2014,0.5625,0.53223366,0.4976321,0.06486791372299194,0.03460157,0.03026634454727173,0.06486791372299194,2.076191738337326,Andy Reid,Andy Reid,71.77764202810019
RAM,2020,0.625,0.5566383,0.56022125,0.06477874517440796,-0.0035829544,0.06836169958114624,0.06477874517440796,2.076191738337326,Sean McVay,Sean McVay,71.71655467318266
NYG,2009,0.5,0.4474796,0.43568167,0.06431832909584045,0.011797935,0.05252039432525635,0.06431832909584045,2.076191738337326,Tom Coughlin,Tom Coughlin,71.65546731826512
CIN,2023,0.5294,0.43481287,0.46519092,0.06420908274650572,-0.030378044,0.09458712639808653,0.06420908274650572,2.076191738337326,Zac Taylor,Zac Taylor,71.59437996334759
DAL,1970,0.7143,0.6276473,0.6501867,0.06411328248977666,-0.022539437,0.08665271930694585,0.06411328248977666,2.076191738337326,Tom Landry,Tom Landry,71.53329260843006
CLE,1986,0.75,0.719769,0.685998,0.06400197744369507,0.03377098,0.030230998992919922,0.06400197744369507,2.076191738337326,Marty Schottenheimer,Marty Schottenheimer,71.47220525351253
RAI,2021,0.6,0.5427456,0.53613913,0.06386086940765379,0.0066064596,0.05725440979003904,0.06386086940765379,2.076191738337326,Jon Gruden,Jon Gruden / Rich Bisaccia,71.411117898595
OTI,2007,0.625,0.57267314,0.5611715,0.06382852792739868,0.01150167,0.052326858043670654,0.06382852792739868,2.076191738337326,Jeff Fisher,Jeff Fisher,71.35003054367746
MIA,1997,0.5625,0.5410744,0.49889138,0.06360861659049988,0.04218301,0.021425604820251465,0.06360861659049988,2.076191738337326,Jimmy Johnson,Jimmy Johnson,71.28894318875993
GNB,2013,0.5312,0.5133519,0.46801543,0.06318456764221192,0.045336485,0.017848082733154302,0.06318456764221192,2.076191738337326,Mike McCarthy,Mike McCarthy,71.2278558338424
PHI,2018,0.5625,0.5153423,0.49939507,0.06310492753982544,0.015947223,0.04715770483016968,0.06310492753982544,2.076191738337326,Doug Pederson,Doug Pederson,71.16676847892485
ATL,1980,0.75,0.6780293,0.6869216,0.06307840347290039,-0.008892298,0.07197070121765137,0.06307840347290039,2.076191738337326,Leeman Bennett,Leeman Bennett,71.10568112400732
CLE,1979,0.5625,0.4972214,0.49961174,0.0628882646560669,-0.002390325,0.06527858972549438,0.0628882646560669,2.076191738337326,Sam Rutigliano,Sam Rutigliano,71.0445937690898
SEA,1997,0.5,0.4251307,0.4371154,0.06288459897041321,-0.011984706,0.074869304895401,0.06288459897041321,2.076191738337326,Dennis Erickson,Dennis Erickson,70.98350641417227
NWE,1971,0.4286,0.34779587,0.36582288,0.06277711853981016,-0.018027008,0.08080412611961363,0.06277711853981016,2.076191738337326,John Mazur,John Mazur,70.92241905925474
CRD,2021,0.6471,0.58721495,0.5844865,0.06261351547241212,0.0027284622,0.05988505325317384,0.06261351547241212,2.076191738337326,Kliff Kingsbury,Kliff Kingsbury,70.8613317043372
PHI,2022,0.8235,0.7892123,0.76103127,0.062468729972839365,0.028181016,0.03428771352767945,0.062468729972839365,2.076191738337326,Nick Sirianni,Nick Sirianni,70.80024434941967
TAM,1994,0.375,0.31756264,0.31270692,0.06229308247566223,0.004855722,0.057437360286712646,0.06229308247566223,2.076191738337326,Sam Wyche,Sam Wyche,70.73915699450214
CLT,1983,0.4375,0.32996386,0.3753222,0.062177807092666626,-0.04535833,0.10753613710403442,0.062177807092666626,2.076191738337326,Frank Kush,Frank Kush,70.6780696395846
DAL,1978,0.75,0.726611,0.68792784,0.062072157859802246,0.038683176,0.023388981819152832,0.062072157859802246,2.076191738337326,Tom Landry,Tom Landry,70.61698228466707
CRD,1986,0.2812,0.22746533,0.21934362,0.061856382441520696,0.008121714,0.053734668445587164,0.061856382441520696,2.076191738337326,Gene Stallings,Gene Stallings,70.55589492974954
NOR,2006,0.625,0.60219914,0.56317186,0.0618281364440918,0.039027274,0.022800862789154053,0.0618281364440918,2.076191738337326,Sean Payton,Sean Payton,70.49480757483201
CIN,2004,0.5,0.41349944,0.43836325,0.06163674592971802,-0.02486381,0.08650055527687073,0.06163674592971802,2.076191738337326,Marvin Lewis,Marvin Lewis,70.43372021991448
CIN,2008,0.2812,0.21037239,0.2196179,0.06158209676742554,-0.009245515,0.07082761163711548,0.06158209676742554,2.076191738337326,Marvin Lewis,Marvin Lewis,70.37263286499694
NOR,1997,0.375,0.3217667,0.31383887,0.06116113066673279,0.007927835,0.05323329567909241,0.06116113066673279,2.076191738337326,Mike Ditka,Mike Ditka,70.31154551007941
PIT,1972,0.7857,0.72398424,0.7246714,0.06102857656478877,-0.00068718195,0.06171575851440425,0.06102857656478877,2.076191738337326,Chuck Noll,Chuck Noll,70.25045815516188
DEN,1974,0.5357,0.54158986,0.47468847,0.06101152963638301,0.066901386,-0.005889856147766159,0.06101152963638301,2.076191738337326,John Ralston,John Ralston,70.18937080024435
RAV,2001,0.625,0.56501615,0.56415474,0.060845255851745605,0.0008614063,0.05998384952545166,0.060845255851745605,2.076191738337326,Brian Billick,Brian Billick,70.12828344532682
NOR,1991,0.6875,0.658764,0.6268538,0.0606461763381958,0.03191018,0.028735995292663574,0.0606461763381958,2.076191738337326,Jim Mora Sr,Jim Mora Sr,70.06719609040928
NWE,1991,0.375,0.30516294,0.3144131,0.060586899518966675,-0.009250164,0.0698370635509491,0.060586899518966675,2.076191738337326,Dick MacPherson,Dick MacPherson,70.00610873549175
DEN,2014,0.75,0.6810689,0.6896203,0.06037968397140503,-0.008551419,0.06893110275268555,0.06037968397140503,2.076191738337326,John Fox,John Fox,69.94502138057422
HTX,2012,0.75,0.67726797,0.68973476,0.06026524305343628,-0.012466788,0.07273203134536743,0.06026524305343628,2.076191738337326,Gary Kubiak,Gary Kubiak,69.88393402565669
JAX,2005,0.75,0.6699608,0.689978,0.06002199649810791,-0.020017207,0.08003920316696167,0.06002199649810791,2.076191738337326,Jack Del Rio,Jack Del Rio,69.82284667073915
CRD,1977,0.5,0.45924503,0.43999305,0.060006946325302124,0.019251972,0.04075497388839722,0.060006946325302124,2.076191738337326,Don Coryell,Don Coryell,69.76175931582162
CHI,2020,0.5,0.42874324,0.44059974,0.05940026044845581,-0.011856496,0.07125675678253174,0.05940026044845581,2.076191738337326,Matt Nagy,Matt Nagy,69.70067196090409
CRD,2024,0.4706,0.40819213,0.41143164,0.0591683596134186,-0.0032395124,0.06240787205696108,0.0591683596134186,2.076191738337326,Jonathan Gannon,Jonathan Gannon,69.63958460598656
MIN,2015,0.6875,0.6229225,0.62844706,0.05905294418334961,-0.0055245757,0.06457751989364624,0.05905294418334961,2.076191738337326,Mike Zimmer,Mike Zimmer,69.57849725106902
OTI,2003,0.75,0.69904083,0.691061,0.05893898010253906,0.00797981,0.05095916986465454,0.05893898010253906,2.076191738337326,Jeff Fisher,Jeff Fisher,69.51740989615149
CIN,2015,0.75,0.6916707,0.6912865,0.05871349573135376,0.00038421154,0.05832928419113159,0.05871349573135376,2.076191738337326,Marvin Lewis,Marvin Lewis,69.45632254123396
SFO,2023,0.7059,0.6873704,0.6474355,0.058464513683319064,0.039934933,0.01852958049774167,0.058464513683319064,2.076191738337326,Kyle Shanahan,Kyle Shanahan,69.39523518631643
MIA,1971,0.75,0.6952909,0.6915714,0.05842858552932739,0.0037195086,0.05470907688140869,0.05842858552932739,2.076191738337326,Don Shula,Don Shula,69.3341478313989
CHI,1975,0.2857,0.24223086,0.22736865,0.05833134717941285,0.01486221,0.04346913762092591,0.05833134717941285,2.076191738337326,Jack Pardee,Jack Pardee,69.27306047648136
KAN,1998,0.4375,0.43232855,0.3797188,0.05778118968009949,0.05260974,0.005171447992324829,0.05778118968009949,2.076191738337326,Marty Schottenheimer,Marty Schottenheimer,69.21197312156384
DAL,2009,0.6875,0.6722532,0.6307205,0.05677950382232666,0.041532695,0.015246808528900146,0.05677950382232666,2.076191738337326,Wade Phillips,Wade Phillips,69.15088576664631
ATL,1982,0.5556,0.52057755,0.4991843,0.056415689563751203,0.02139324,0.035022450065612776,0.056415689563751203,2.076191738337326,Leeman Bennett,Leeman Bennett,69.08979841172878
DAL,1996,0.625,0.62506104,0.5687946,0.0562053918838501,0.056266427,-6.103515625e-05,0.0562053918838501,2.076191738337326,Barry Switzer,Barry Switzer,69.02871105681125
RAI,1988,0.4375,0.404416,0.38136882,0.056131184101104736,0.023047179,0.03308400511741638,0.056131184101104736,2.076191738337326,Mike Shanahan,Mike Shanahan,68.96762370189371
MIA,1970,0.7143,0.61364555,0.6582644,0.056035601425170944,-0.044618845,0.10065444641113286,0.056035601425170944,2.076191738337326,Don Shula,Don Shula,68.90653634697618
PHI,1993,0.5,0.42836586,0.44401717,0.05598282814025879,-0.015651315,0.07163414359092712,0.05598282814025879,2.076191738337326,Rich Kotite,Rich Kotite,68.84544899205865
HTX,2018,0.6875,0.62501806,0.6315785,0.05592149496078491,-0.006560445,0.06248193979263306,0.05592149496078491,2.076191738337326,Bill O'Brien,Bill O'Brien,68.78436163714112
JAX,1996,0.5625,0.44692808,0.5066648,0.055835187435150146,-0.05973673,0.11557191610336304,0.055835187435150146,2.076191738337326,Tom Coughlin,Tom Coughlin,68.72327428222358
RAI,2019,0.4375,0.39426085,0.38172296,0.05577704310417175,0.012537897,0.04323914647102356,0.05577704310417175,2.076191738337326,Jon Gruden,Jon Gruden,68.66218692730605
KAN,2003,0.8125,0.8070925,0.756808,0.05569201707839966,0.050284505,0.005407512187957764,0.05569201707839966,2.076191738337326,Dick Vermeil,Dick Vermeil,68.6010995723885
NYG,1971,0.2857,0.21770543,0.23011647,0.05558352835178376,-0.012411043,0.06799457139968873,0.05558352835178376,2.076191738337326,Alex Webster,Alex Webster,68.54001221747097
SEA,1995,0.5,0.4638922,0.44457766,0.0554223358631134,0.019314528,0.036107808351516724,0.0554223358631134,2.076191738337326,Dennis Erickson,Dennis Erickson,68.47892486255344
DEN,2005,0.8125,0.7800384,0.7574797,0.055020272731781006,0.02255869,0.032461583614349365,0.055020272731781006,2.076191738337326,Mike Shanahan,Mike Shanahan,68.41783750763591
RAI,2009,0.3125,0.19863714,0.257555,0.05494499206542969,-0.058917865,0.11386285722255707,0.05494499206542969,2.076191738337326,Tom Cable,Tom Cable,68.35675015271838
RAV,2023,0.7647,0.7504886,0.70981973,0.05488026590347295,0.040668845,0.01421142072677617,0.05488026590347295,2.076191738337326,John Harbaugh,John Harbaugh,68.29566279780086
WAS,1975,0.5714,0.5394976,0.51687205,0.054527951622009296,0.022625566,0.03190238609313967,0.054527951622009296,2.076191738337326,George Allen,George Allen,68.23457544288333
PIT,1984,0.5625,0.5458536,0.5084091,0.054090917110443115,0.037444532,0.016646385192871094,0.054090917110443115,2.076191738337326,Chuck Noll,Chuck Noll,68.1734880879658
RAM,1999,0.8125,0.79134023,0.7584239,0.05407607555389404,0.032916307,0.021159768104553223,0.05407607555389404,2.076191738337326,Dick Vermeil,Dick Vermeil,68.11240073304826
CHI,2005,0.6875,0.61159986,0.6335338,0.053966224193573,-0.021933913,0.075900137424469,0.053966224193573,2.076191738337326,Lovie Smith,Lovie Smith,68.05131337813073
CAR,2003,0.6875,0.62929386,0.6336719,0.05382812023162842,-0.0043780208,0.058206140995025635,0.05382812023162842,2.076191738337326,John Fox,John Fox,67.9902260232132
CRD,2009,0.625,0.6003072,0.57124263,0.05375736951828003,0.029064596,0.024692773818969727,0.05375736951828003,2.076191738337326,Ken Whisenhunt,Ken Whisenhunt,67.92913866829566
OTI,2008,0.8125,0.7580845,0.7587673,0.05373269319534302,-0.0006828308,0.05441552400588989,0.05373269319534302,2.076191738337326,Jeff Fisher,Jeff Fisher,67.86805131337813
DAL,2021,0.7059,0.6367987,0.65220296,0.053697036170959445,-0.015404284,0.06910132017135617,0.053697036170959445,2.076191738337326,Mike McCarthy,Mike McCarthy,67.8069639584606
ATL,2004,0.6875,0.5837678,0.6339265,0.05357348918914795,-0.05015874,0.10373222827911377,0.05357348918914795,2.076191738337326,Jim Mora Jr,Jim Mora Jr,67.74587660354307
CLT,1976,0.7857,0.75922024,0.73224103,0.05345896549224849,0.026979208,0.026479757499694778,0.05345896549224849,2.076191738337326,Ted Marchibroda,Ted Marchibroda,67.68478924862553
GNB,1993,0.5625,0.5094891,0.5092065,0.05329352617263794,0.00028264523,0.05301088094711304,0.05329352617263794,2.076191738337326,Mike Holmgren,Mike Holmgren,67.623701893708
CHI,1977,0.6429,0.5877254,0.58987546,0.05302454032897952,-0.0021500587,0.05517459907531741,0.05302454032897952,2.076191738337326,Jack Pardee,Jack Pardee,67.56261453879047
RAM,2014,0.375,0.3269439,0.32197785,0.053022146224975586,0.0049660504,0.04805609583854675,0.053022146224975586,2.076191738337326,Jeff Fisher,Jeff Fisher,67.50152718387294
GNB,1996,0.8125,0.7852921,0.75952506,0.05297493934631348,0.025767028,0.027207911014556885,0.05297493934631348,2.076191738337326,Mike Holmgren,Mike Holmgren,67.4404398289554
NYG,1991,0.5,0.48273528,0.44711378,0.05288621783256531,0.035621494,0.017264723777770996,0.05288621783256531,2.076191738337326,Ray Handley,Ray Handley,67.37935247403787
CHI,1991,0.6875,0.67086434,0.63471335,0.05278664827346802,0.036150992,0.016635656356811523,0.05278664827346802,2.076191738337326,Mike Ditka,Mike Ditka,67.31826511912034
GNB,1982,0.6111,0.5640998,0.55844134,0.05265865907669065,0.0056584477,0.04700021133422849,0.05265865907669065,2.076191738337326,Bart Starr,Bart Starr,67.25717776420281
CAR,1996,0.75,0.6877552,0.6977926,0.05220741033554077,-0.010037363,0.06224477291107178,0.05220741033554077,2.076191738337326,Dom Capers,Dom Capers,67.19609040928528
CIN,1984,0.5,0.47138503,0.44796604,0.052033960819244385,0.023418993,0.028614968061447144,0.052033960819244385,2.076191738337326,Sam Wyche,Sam Wyche,67.13500305436774
PIT,2005,0.6875,0.6701897,0.6355031,0.05199688673019409,0.034686565,0.01731032133102417,0.05199688673019409,2.076191738337326,Bill Cowher,Bill Cowher,67.07391569945021
SEA,2023,0.5294,0.5203539,0.47753593,0.05186406674385069,0.04281798,0.00904608669281004,0.05186406674385069,2.076191738337326,Pete Carroll,Pete Carroll,67.01282834453268
DET,1970,0.7143,0.6553995,0.6624379,0.05186208419799809,-0.0070384145,0.058900498676300095,0.05186208419799809,2.076191738337326,Joe Schmidt,Joe Schmidt,66.95174098961515
DEN,1985,0.6875,0.6358613,0.6359042,0.05159580707550049,-4.2915344e-05,0.05163872241973877,0.05159580707550049,2.076191738337326,Dan Reeves,Dan Reeves,66.89065363469761
JAX,2007,0.6875,0.63877994,0.6362034,0.05129659175872803,0.00257653,0.04872006177902222,0.05129659175872803,2.076191738337326,Jack Del Rio,Jack Del Rio,66.82956627978008
RAV,2010,0.75,0.712369,0.69890827,0.05109173059463501,0.013460755,0.03763097524642944,0.05109173059463501,2.076191738337326,John Harbaugh,John Harbaugh,66.76847892486255
PIT,1971,0.4286,0.38195008,0.37773415,0.05086584553718565,0.004215926,0.04664991960525511,0.05086584553718565,2.076191738337326,Chuck Noll,Chuck Noll,66.70739156994502
DEN,2007,0.4375,0.4294529,0.3869152,0.05058479309082031,0.04253769,0.008047103881835938,0.05058479309082031,2.076191738337326,Mike Shanahan,Mike Shanahan,66.64630421502748
SDG,1988,0.375,0.34395847,0.32443908,0.05056092143058777,0.019519389,0.03104153275489807,0.05056092143058777,2.076191738337326,Al Saunders,Al Saunders,66.58521686010995
MIA,1998,0.625,0.5950245,0.5748481,0.05015188455581665,0.02017641,0.029975473880767822,0.05015188455581665,2.076191738337326,Jimmy Johnson,Jimmy Johnson,66.52412950519242
CHI,1976,0.5,0.43768868,0.45009744,0.04990255832672119,-0.012408763,0.0623113214969635,0.04990255832672119,2.076191738337326,Jack Pardee,Jack Pardee,66.4630421502749
PHI,1995,0.625,0.5764874,0.5753104,0.04968959093093872,0.0011770129,0.04851257801055908,0.04968959093093872,2.076191738337326,Ray Rhodes,Ray Rhodes,66.40195479535737
NYG,2016,0.6875,0.6052787,0.6380287,0.04947131872177124,-0.03275001,0.08222132921218872,0.04947131872177124,2.076191738337326,Ben McAdoo,Ben McAdoo,66.34086744043984
SFO,1980,0.375,0.3099751,0.32598028,0.04901972413063049,-0.016005188,0.06502491235733032,0.04901972413063049,2.076191738337326,Bill Walsh,Bill Walsh,66.2797800855223
RAM,2019,0.5625,0.50220174,0.51349044,0.04900956153869629,-0.0112887025,0.060298264026641846,0.04900956153869629,2.076191738337326,Sean McVay,Sean McVay,66.21869273060477
NWE,1993,0.3125,0.31118307,0.2635114,0.04898861050605774,0.047671676,0.0013169348239898682,0.04898861050605774,2.076191738337326,Bill Parcells,Bill Parcells,66.15760537568724
RAV,2000,0.75,0.71189106,0.7010333,0.04896670579910278,0.010857761,0.0381089448928833,0.04896670579910278,2.076191738337326,Brian Billick,Brian Billick,66.09651802076971
CHI,1996,0.4375,0.3870427,0.38872695,0.04877305030822754,-0.0016842484,0.05045729875564575,0.04877305030822754,2.076191738337326,Dave Wannstedt,Dave Wannstedt,66.03543066585218
RAI,1980,0.6875,0.6256431,0.63890094,0.048599064350128174,-0.013257861,0.06185692548751831,0.048599064350128174,2.076191738337326,Tom Flores,Tom Flores,65.97434331093464
DEN,2020,0.3125,0.27054295,0.2639078,0.048592209815979004,0.0066351593,0.04195705056190491,0.048592209815979004,2.076191738337326,Vic Fangio,Vic Fangio,65.9132559560171
TAM,2023,0.5294,0.46324295,0.4808808,0.048519203090667706,-0.017637849,0.06615705194473265,0.048519203090667706,2.076191738337326,Todd Bowles,Todd Bowles,65.85216860109956
MIN,2009,0.75,0.6979198,0.7015352,0.04846477508544922,-0.003615439,0.05208021402359009,0.04846477508544922,2.076191738337326,Brad Childress,Brad Childress,65.79108124618203
CAR,2021,0.2941,0.24461669,0.24592057,0.04817943129539487,-0.0013038814,0.04948331270217893,0.04817943129539487,2.076191738337326,Matt Rhule,Matt Rhule,65.7299938912645
MIN,1985,0.4375,0.4227308,0.3894896,0.048010408878326416,0.033241212,0.014769196510314941,0.048010408878326416,2.076191738337326,Bud Grant,Bud Grant,65.66890653634697
NYJ,2022,0.4118,0.3465986,0.36412016,0.047679844427108764,-0.01752156,0.06520140461921692,0.047679844427108764,2.076191738337326,Robert Saleh,Robert Saleh,65.60781918142943
SEA,2001,0.5625,0.5606102,0.5149092,0.047590792179107666,0.045700967,0.0018898248672485352,0.047590792179107666,2.076191738337326,Mike Holmgren,Mike Holmgren,65.54673182651192
CLT,2006,0.75,0.7221625,0.70277095,0.04722905158996582,0.019391537,0.027837514877319336,0.04722905158996582,2.076191738337326,Tony Dungy,Tony Dungy,65.48564447159438
PIT,1985,0.4375,0.4302476,0.39044052,0.047059476375579834,0.03980708,0.007252395153045654,0.047059476375579834,2.076191738337326,Chuck Noll,Chuck Noll,65.42455711667685
GNB,1981,0.5,0.4356138,0.45330435,0.04669564962387085,-0.01769054,0.06438618898391724,0.04669564962387085,2.076191738337326,Bart Starr,Bart Starr,65.36346976175932
CHI,1978,0.4375,0.36156508,0.39099887,0.04650112986564636,-0.029433787,0.07593491673469543,0.04650112986564636,2.076191738337326,Neill Armstrong,Neill Armstrong,65.30238240684179
BUF,2023,0.6471,0.60806835,0.6007221,0.046377925491333016,0.0073462725,0.03903165302276612,0.046377925491333016,2.076191738337326,Sean McDermott,Sean McDermott,65.24129505192425
KAN,1986,0.625,0.5810153,0.5788646,0.04613542556762695,0.0021507144,0.04398471117019653,0.04613542556762695,2.076191738337326,John Mackovic,John Mackovic,65.18020769700672
NYJ,1976,0.2308,0.20298147,0.18486865,0.04593135135173798,0.018112823,0.027818527984619146,0.04593135135173798,2.076191738337326,Lou Holtz,Lou Holtz / Mike Holovak,65.11912034208919
SFO,1991,0.625,0.6155091,0.5793124,0.04568761587142944,0.03619671,0.009490907192230225,0.04568761587142944,2.076191738337326,George Seifert,George Seifert,65.05803298717166
RAM,1981,0.375,0.35593215,0.32948285,0.045517146587371826,0.026449293,0.019067853689193726,0.045517146587371826,2.076191738337326,Ray Malavasi,Ray Malavasi,64.99694563225412
DEN,2016,0.5625,0.5382502,0.517235,0.045265018939971924,0.021015227,0.024249792098999023,0.045265018939971924,2.076191738337326,Gary Kubiak,Gary Kubiak,64.93585827733659
CAR,2014,0.4688,0.45533055,0.42367703,0.04512297277450561,0.031653523,0.013469449329376215,0.04512297277450561,2.076191738337326,Ron Rivera,Ron Rivera,64.87477092241906
OTI,1988,0.625,0.5652341,0.5799705,0.045029520988464355,-0.014736354,0.05976587533950806,0.045029520988464355,2.076191738337326,Jerry Glanville,Jerry Glanville,64.81368356750153
MIN,1982,0.5556,0.53063786,0.51108134,0.04451866207122801,0.019556522,0.024962139701843244,0.04451866207122801,2.076191738337326,Bud Grant,Bud Grant,64.752596212584
CLT,2007,0.8125,0.7944741,0.76802397,0.04447603225708008,0.026450157,0.018025875091552734,0.04447603225708008,2.076191738337326,Tony Dungy,Tony Dungy,64.69150885766646
CLT,2000,0.625,0.6020157,0.5805824,0.044417619705200195,0.021433294,0.022984325885772705,0.044417619705200195,2.076191738337326,Jim Mora Sr,Jim Mora Sr,64.63042150274893
MIN,2012,0.625,0.5696089,0.5809677,0.044032275676727295,-0.011358798,0.05539107322692871,0.044032275676727295,2.076191738337326,Leslie Frazier,Leslie Frazier,64.5693341478314
OTI,1976,0.3571,0.3446836,0.31311613,0.04398386678695676,0.031567454,0.01241641244888303,0.04398386678695676,2.076191738337326,Bum Phillips,Bum Phillips,64.50824679291387
RAM,1980,0.6875,0.66916454,0.64354527,0.04395473003387451,0.025619268,0.018335461616516113,0.04395473003387451,2.076191738337326,Ray Malavasi,Ray Malavasi,64.44715943799633
MIA,1999,0.5625,0.55375344,0.5191597,0.043340325355529785,0.03459376,0.008746564388275146,0.043340325355529785,2.076191738337326,Jimmy Johnson,Jimmy Johnson,64.3860720830788
CIN,2009,0.625,0.55494136,0.58187264,0.043127357959747314,-0.026931286,0.07005864381790161,0.043127357959747314,2.076191738337326,Marvin Lewis,Marvin Lewis,64.32498472816127
PIT,1994,0.75,0.7301806,0.70715743,0.0428425669670105,0.023023188,0.01981937885284424,0.0428425669670105,2.076191738337326,Bill Cowher,Bill Cowher,64.26389737324374
NOR,1985,0.3333,0.29065722,0.2904954,0.042804604339599595,0.00016182661,0.04264277772903441,0.042804604339599595,2.076191738337326,Bum Phillips,Bum Phillips / Wade Phillips,64.2028100183262
PIT,2019,0.5,0.48013604,0.45729712,0.04270288348197937,0.02283892,0.01986396312713623,0.04270288348197937,2.076191738337326,Mike Tomlin,Mike Tomlin,64.14172266340867
NYG,1980,0.25,0.19591266,0.20774694,0.04225306212902069,-0.011834279,0.05408734083175659,0.04225306212902069,2.076191738337326,Ray Perkins,Ray Perkins,64.08063530849114
SFO,2013,0.75,0.69860226,0.70785546,0.0421445369720459,-0.009253204,0.051397740840911865,0.0421445369720459,2.076191738337326,Jim Harbaugh,Jim Harbaugh,64.0195479535736
SDG,2020,0.4375,0.39050817,0.39594808,0.04155191779136658,-0.0054399073,0.046991825103759766,0.04155191779136658,2.076191738337326,Anthony Lynn,Anthony Lynn,63.958460598656075
NOR,1993,0.5,0.4814336,0.45856035,0.04143965244293213,0.022873253,0.018566399812698364,0.04143965244293213,2.076191738337326,Jim Mora Sr,Jim Mora Sr,63.89737324373854
CIN,1980,0.375,0.3474039,0.33374122,0.041258782148361206,0.013662696,0.027596086263656616,0.041258782148361206,2.076191738337326,Forrest Gregg,Forrest Gregg,63.83628588882101
WAS,2007,0.5625,0.5556024,0.5213809,0.04111909866333008,0.03422147,0.006897628307342529,0.04111909866333008,2.076191738337326,Joe Gibbs,Joe Gibbs,63.77519853390348
PIT,2010,0.75,0.74184895,0.708996,0.0410040020942688,0.032852948,0.008151054382324219,0.0410040020942688,2.076191738337326,Mike Tomlin,Mike Tomlin,63.71411117898595
SFO,1970,0.75,0.6711622,0.7091289,0.04087108373641968,-0.03796673,0.0788378119468689,0.04087108373641968,2.076191738337326,Dick Nolan,Dick Nolan,63.65302382406842
NOR,1983,0.5,0.47112855,0.45920435,0.04079565405845642,0.011924207,0.02887144684791565,0.04079565405845642,2.076191738337326,Bum Phillips,Bum Phillips,63.59193646915089
DAL,1990,0.4375,0.3834661,0.39672032,0.040779680013656616,-0.013254225,0.054033905267715454,0.040779680013656616,2.076191738337326,Jimmy Johnson,Jimmy Johnson,63.530849114233355
DAL,1994,0.75,0.7319453,0.7093812,0.04061877727508545,0.022564054,0.018054723739624023,0.04061877727508545,2.076191738337326,Barry Switzer,Barry Switzer,63.46976175931582
DEN,1989,0.6875,0.65732473,0.64696723,0.04053276777267456,0.010357499,0.03017526865005493,0.04053276777267456,2.076191738337326,Dan Reeves,Dan Reeves,63.40867440439829
SEA,1983,0.5625,0.547191,0.52244866,0.04005134105682373,0.024742365,0.015308976173400879,0.04005134105682373,2.076191738337326,Chuck Knox,Chuck Knox,63.34758704948076
KAN,1981,0.5625,0.48521975,0.52265245,0.03984755277633667,-0.0374327,0.07728025317192078,0.03984755277633667,2.076191738337326,Marv Levy,Marv Levy,63.286499694563226
ATL,2016,0.6875,0.61564773,0.6477433,0.039756715297698975,-0.03209555,0.07185226678848267,0.039756715297698975,2.076191738337326,Dan Quinn,Dan Quinn,63.22541233964569
SEA,1986,0.625,0.62910616,0.5853327,0.03966730833053589,0.043773472,-0.00410616397857666,0.03966730833053589,2.076191738337326,Chuck Knox,Chuck Knox,63.16432498472816
MIA,2024,0.4706,0.46805334,0.43112734,0.039472660398483295,0.036926,0.002546659088134784,0.039472660398483295,2.076191738337326,Mike McDaniel,Mike McDaniel,63.10323762981063
CAR,2020,0.3125,0.30915204,0.2731993,0.03930070996284485,0.035952747,0.0033479630947113037,0.03930070996284485,2.076191738337326,Matt Rhule,Matt Rhule,63.042150274893096
NYJ,1999,0.5,0.4833758,0.46080765,0.03919234871864319,0.022568136,0.01662421226501465,0.03919234871864319,2.076191738337326,Bill Parcells,Bill Parcells,62.981062919975564
CHI,1970,0.4286,0.38789555,0.38986877,0.03873123393058775,-0.0019732118,0.040704445695877056,0.03873123393058775,2.076191738337326,Jim Dooley,Jim Dooley,62.91997556505803
CIN,1977,0.5714,0.5622255,0.5327062,0.03869379892349245,0.02951932,0.009174479389190693,0.03869379892349245,2.076191738337326,Bill Johnson,Bill Johnson,62.85888821014049
DET,1974,0.5,0.4681374,0.4614238,0.03857618570327759,0.006713599,0.03186258673667908,0.03857618570327759,2.076191738337326,Rick Forzano,Rick Forzano,62.797800855222974
MIA,2017,0.375,0.3315173,0.33647412,0.03852587938308716,-0.0049568117,0.043482691049575806,0.03852587938308716,2.076191738337326,Adam Gase,Adam Gase,62.73671350030544
WAS,1997,0.5312,0.46902058,0.49287695,0.03832305307388306,-0.023856372,0.06217942471504212,0.03832305307388306,2.076191738337326,Norv Turner,Norv Turner,62.67562614538791
CRD,2011,0.5,0.48237282,0.46168604,0.03831395506858826,0.020686775,0.017627179622650146,0.03831395506858826,2.076191738337326,Ken Whisenhunt,Ken Whisenhunt,62.61453879047038
TAM,2008,0.5625,0.52987015,0.52425355,0.03824645280838013,0.0056166053,0.03262984752655029,0.03824645280838013,2.076191738337326,Jon Gruden,Jon Gruden,62.553451435552844
SEA,1979,0.5625,0.4724297,0.5242934,0.03820657730102539,-0.05186373,0.09007030725479126,0.03820657730102539,2.076191738337326,Jack Patera,Jack Patera,62.49236408063531
DAL,2006,0.5625,0.5466385,0.5244653,0.038034677505493164,0.022173166,0.01586151123046875,0.038034677505493164,2.076191738337326,Bill Parcells,Bill Parcells,62.43127672571778
MIN,1988,0.6875,0.6940323,0.649482,0.038017988204956055,0.0445503,-0.00653231143951416,0.038017988204956055,2.076191738337326,Jerry Burns,Jerry Burns,62.37018937080025
KAN,2010,0.625,0.53105724,0.5871553,0.037844717502593994,-0.056098044,0.09394276142120361,0.037844717502593994,2.076191738337326,Todd Haley,Todd Haley,62.309102015882715
RAI,2015,0.4375,0.39393815,0.39979494,0.037705063819885254,-0.005856782,0.043561846017837524,0.037705063819885254,2.076191738337326,Jack Del Rio,Jack Del Rio,62.248014660965175
CRD,2008,0.5625,0.54467905,0.524895,0.03760498762130737,0.019784033,0.01782095432281494,0.03760498762130737,2.076191738337326,Ken Whisenhunt,Ken Whisenhunt,62.18692730604764
CIN,2018,0.375,0.34309277,0.33741525,0.03758475184440613,0.005677521,0.031907230615615845,0.03758475184440613,2.076191738337326,Marvin Lewis,Marvin Lewis,62.12583995113011
PHI,2001,0.6875,0.61211586,0.65023005,0.0372699499130249,-0.03811419,0.07538414001464844,0.0372699499130249,2.076191738337326,Andy Reid,Andy Reid,62.06475259621258
NYJ,1984,0.4375,0.39406437,0.40047374,0.03702625632286072,-0.006409377,0.043435633182525635,0.03702625632286072,2.076191738337326,Joe Walton,Joe Walton,62.003665241295046
RAI,1992,0.4375,0.427169,0.400491,0.03700900077819824,0.026677996,0.010331004858016968,0.03700900077819824,2.076191738337326,Art Shell,Art Shell,61.942577886377514
RAV,2003,0.625,0.5804825,0.58827347,0.036726534366607666,-0.0077909827,0.04451751708984375,0.036726534366607666,2.076191738337326,Brian Billick,Brian Billick,61.881490531459995
RAM,1985,0.6875,0.679126,0.6514325,0.03606748580932617,0.02769351,0.00837397575378418,0.03606748580932617,2.076191738337326,John Robinson,John Robinson,61.82040317654246
ATL,1978,0.5625,0.53872806,0.52648187,0.03601813316345215,0.0122461915,0.023771941661834717,0.03601813316345215,2.076191738337326,Leeman Bennett,Leeman Bennett,61.759315821624924
PHI,2004,0.8125,0.79364586,0.7766569,0.035843074321746826,0.016988933,0.018854141235351562,0.035843074321746826,2.076191738337326,Andy Reid,Andy Reid,61.69822846670739
PIT,2007,0.625,0.60894424,0.58932096,0.03567904233932495,0.01962328,0.016055762767791748,0.03567904233932495,2.076191738337326,Mike Tomlin,Mike Tomlin,61.63714111178986
NYG,1987,0.4,0.3966917,0.36480448,0.03519552350044253,0.031887233,0.003308290243148826,0.03519552350044253,2.076191738337326,Bill Parcells,Bill Parcells,61.57605375687233
NYG,1970,0.6429,0.5897355,0.60809547,0.03480453290939334,-0.01835996,0.053164492034912136,0.03480453290939334,2.076191738337326,Alex Webster,Alex Webster,61.514966401954794
PIT,2021,0.5588,0.5555664,0.52421045,0.0345895469665527,0.031355917,0.0032336295127868286,0.0345895469665527,2.076191738337326,Mike Tomlin,Mike Tomlin,61.45387904703726
PHI,1991,0.625,0.56588095,0.5904884,0.03451162576675415,-0.02460742,0.05911904573440552,0.03451162576675415,2.076191738337326,Rich Kotite,Rich Kotite,61.39279169211973
PHI,2021,0.5294,0.46229038,0.49511692,0.03428308072090147,-0.032826543,0.06710962357521055,0.03428308072090147,2.076191738337326,Nick Sirianni,Nick Sirianni,61.3317043372022
RAI,2010,0.5,0.41477048,0.46613047,0.033869534730911255,-0.05135998,0.08522951602935791,0.033869534730911255,2.076191738337326,Tom Cable,Tom Cable,61.270616982284665
MIN,1989,0.625,0.5948035,0.5914546,0.03354537487030029,0.003348887,0.03019648790359497,0.03354537487030029,2.076191738337326,Jerry Burns,Jerry Burns,61.20952962736713
RAM,2013,0.4375,0.4063007,0.40405378,0.03344622254371643,0.0022469163,0.03119930624961853,0.03344622254371643,2.076191738337326,Jeff Fisher,Jeff Fisher,61.1484422724496
BUF,2024,0.7647,0.7460391,0.73134977,0.033350233745575,0.014689326,0.01866090745925908,0.033350233745575,2.076191738337326,Sean McDermott,Sean McDermott,61.08735491753207
TAM,2005,0.6875,0.6829003,0.65418977,0.03331023454666138,0.028710544,0.0045996904373168945,0.03331023454666138,2.076191738337326,Jon Gruden,Jon Gruden,61.026267562614535
KAN,2015,0.6875,0.68923235,0.65421784,0.03328216075897217,0.03501451,-0.0017323493957519531,0.03328216075897217,2.076191738337326,Andy Reid,Andy Reid,60.96518020769701
ATL,2009,0.5625,0.5446921,0.5294608,0.033039212226867676,0.015231311,0.01780790090560913,0.033039212226867676,2.076191738337326,Mike Smith,Mike Smith,60.90409285277948
NWE,1977,0.6429,0.63315964,0.6101253,0.03277469673156741,0.023034334,0.009740362548828152,0.03277469673156741,2.076191738337326,Chuck Fairbanks,Chuck Fairbanks,60.843005497861945
NYG,2008,0.75,0.7232121,0.7172405,0.03275948762893677,0.0059716105,0.026787877082824707,0.03275948762893677,2.076191738337326,Tom Coughlin,Tom Coughlin,60.78191814294441
MIN,1992,0.6875,0.6503208,0.6550869,0.03241312503814697,-0.004766047,0.03717917203903198,0.03241312503814697,2.076191738337326,Dennis Green,Dennis Green,60.72083078802688
NWE,1983,0.5,0.448178,0.46773782,0.032262176275253296,-0.01955983,0.051822006702423096,0.032262176275253296,2.076191738337326,Ron Meyer,Ron Meyer,60.65974343310935
DAL,2014,0.75,0.708482,0.71783006,0.03216993808746338,-0.009348035,0.04151797294616699,0.03216993808746338,2.076191738337326,Jason Garrett,Jason Garrett,60.598656078191816
PHI,2002,0.75,0.67544657,0.7178387,0.03216129541397095,-0.042392135,0.07455343008041382,0.03216129541397095,2.076191738337326,Andy Reid,Andy Reid,60.53756872327428
KAN,2005,0.625,0.6040299,0.5929239,0.032076120376586914,0.011106014,0.02097010612487793,0.032076120376586914,2.076191738337326,Dick Vermeil,Dick Vermeil,60.47648136835675
ATL,2001,0.4375,0.3931642,0.40580204,0.03169795870780945,-0.012637854,0.04433581233024597,0.03169795870780945,2.076191738337326,Dan Reeves,Dan Reeves,60.41539401343922
CHI,2017,0.3125,0.30761847,0.2810583,0.031441688537597656,0.026560158,0.004881531000137329,0.031441688537597656,2.076191738337326,John Fox,John Fox,60.354306658521686
SFO,1996,0.75,0.7316792,0.7187211,0.031278908252716064,0.012958109,0.018320798873901367,0.031278908252716064,2.076191738337326,George Seifert,George Seifert,60.293219303604154
CLE,1994,0.6875,0.6559531,0.6563994,0.031100571155548096,-0.00044631958,0.03154689073562622,0.031100571155548096,2.076191738337326,Bill Belichick,Bill Belichick,60.232131948686614
GNB,2006,0.5,0.44016787,0.46915248,0.030847519636154175,-0.028984606,0.0598321259021759,0.030847519636154175,2.076191738337326,Mike McCarthy,Mike McCarthy,60.17104459376908
SFO,2022,0.7647,0.7718163,0.73394096,0.03075904102325444,0.037875354,-0.007116313266754104,0.03075904102325444,2.076191738337326,Kyle Shanahan,Kyle Shanahan,60.10995723885155
PHI,1980,0.75,0.7314837,0.719305,0.030695021152496338,0.012178719,0.01851630210876465,0.030695021152496338,2.076191738337326,Dick Vermeil,Dick Vermeil,60.04886988393403
PIT,1986,0.375,0.4023284,0.3443702,0.03062981367111206,0.057958215,-0.027328401803970337,0.03062981367111206,2.076191738337326,Chuck Noll,Chuck Noll,59.9877825290165
GNB,2003,0.625,0.6099849,0.59445107,0.030548930168151855,0.015533805,0.015015125274658203,0.030548930168151855,2.076191738337326,Mike Sherman,Mike Sherman,59.92669517409897
RAI,2016,0.75,0.7092756,0.7195589,0.030441105365753174,-0.010283291,0.04072439670562744,0.030441105365753174,2.076191738337326,Jack Del Rio,Jack Del Rio,59.865607819181434
GNB,2021,0.7647,0.76651037,0.7343655,0.030334477138519333,0.032144845,-0.001810367393493606,0.030334477138519333,2.076191738337326,Matt LaFleur,Matt LaFleur,59.8045204642639
DEN,2006,0.5625,0.5681034,0.5322187,0.03028130531311035,0.03588468,-0.005603373050689697,0.03028130531311035,2.076191738337326,Mike Shanahan,Mike Shanahan,59.74343310934637
CHI,1988,0.75,0.7368128,0.72007036,0.029929637908935547,0.016742408,0.013187229633331299,0.029929637908935547,2.076191738337326,Mike Ditka,Mike Ditka,59.68234575442884
CLT,2024,0.4706,0.4232765,0.44082043,0.029779574251174945,-0.017543912,0.04732348618507387,0.029779574251174945,2.076191738337326,Shane Steichen,Shane Steichen,59.6212583995113
MIN,2001,0.3333,0.3063404,0.30356732,0.02973267989158629,0.0027730763,0.026959603595733628,0.02973267989158629,2.076191738337326,Dennis Green,Dennis Green / Mike Tice,59.560171044593766
WAS,1973,0.7143,0.71903104,0.68522495,0.02907504968643193,0.033806086,-0.004731035900115921,0.02907504968643193,2.076191738337326,George Allen,George Allen,59.49908368967623
RAV,2008,0.6875,0.63578165,0.6584602,0.02903980016708374,-0.022678554,0.05171835422515869,0.02903980016708374,2.076191738337326,John Harbaugh,John Harbaugh,59.4379963347587
KAN,2001,0.375,0.37636408,0.3462127,0.028787314891815186,0.030151397,-0.0013640820980072021,0.028787314891815186,2.076191738337326,Dick Vermeil,Dick Vermeil,59.37690897984117
NWE,2014,0.75,0.74049526,0.7220172,0.027982771396636963,0.018478036,0.009504735469818115,0.027982771396636963,2.076191738337326,Bill Belichick,Bill Belichick,59.315821624923636
PHI,2007,0.5,0.49750215,0.47226816,0.02773183584213257,0.025233984,0.002497851848602295,0.02773183584213257,2.076191738337326,Andy Reid,Andy Reid,59.254734270006104
CRD,1993,0.4375,0.34547687,0.40977037,0.02772963047027588,-0.064293504,0.09202313423156738,0.02772963047027588,2.076191738337326,Joe Bugel,Joe Bugel,59.19364691508857
CRD,1999,0.375,0.29654497,0.3476872,0.027312785387039185,-0.051142246,0.07845503091812134,0.027312785387039185,2.076191738337326,Vince Tobin,Vince Tobin,59.132559560171046
KAN,1996,0.5625,0.556694,0.53534704,0.027152955532073975,0.021346927,0.005806028842926025,0.027152955532073975,2.076191738337326,Marty Schottenheimer,Marty Schottenheimer,59.071472205253514
CIN,1974,0.5,0.49568054,0.47301874,0.026981264352798462,0.022661805,0.0043194591999053955,0.026981264352798462,2.076191738337326,Paul Brown,Paul Brown,59.01038485033598
ATL,1979,0.375,0.33397877,0.34812906,0.026870936155319214,-0.014150292,0.04102122783660889,0.026870936155319214,2.076191738337326,Leeman Bennett,Leeman Bennett,58.94929749541845
NYJ,2006,0.625,0.57631654,0.5983163,0.026683688163757324,-0.021999776,0.04868346452713013,0.026683688163757324,2.076191738337326,Eric Mangini,Eric Mangini,58.88821014050092
CLE,2002,0.5625,0.49179548,0.53581727,0.026682734489440918,-0.044021785,0.07070451974868774,0.026682734489440918,2.076191738337326,Butch Davis,Butch Davis,58.827122785583384
CLT,2023,0.5294,0.4635869,0.5031861,0.02621389331817625,-0.03959921,0.06581310334205626,0.02621389331817625,2.076191738337326,Shane Steichen,Shane Steichen,58.76603543066585
HTX,2003,0.3125,0.2571302,0.28638315,0.02611684799194336,-0.029252946,0.055369794368743896,0.02611684799194336,2.076191738337326,Dom Capers,Dom Capers,58.70494807574832
TAM,2015,0.375,0.32964808,0.349369,0.02563101053237915,-0.019720912,0.04535192251205444,0.02563101053237915,2.076191738337326,Lovie Smith,Lovie Smith,58.64386072083079
MIN,1970,0.8571,0.8049301,0.83184683,0.02525316677093503,-0.026916742,0.05216990909576413,0.02525316677093503,2.076191738337326,Bud Grant,Bud Grant,58.582773365913255
RAM,1976,0.75,0.7799753,0.72475076,0.025249242782592773,0.055224538,-0.029975295066833496,0.025249242782592773,2.076191738337326,Chuck Knox,Chuck Knox,58.52168601099572
MIN,1987,0.5333,0.5551105,0.50820917,0.02509083108901977,0.046901345,-0.02181051416397095,0.02509083108901977,2.076191738337326,Jerry Burns,Jerry Burns,58.46059865607819
NYG,1975,0.3571,0.3264523,0.3320337,0.025066306209564182,-0.005581379,0.03064768514633176,0.025066306209564182,2.076191738337326,Bill Arnsparger,Bill Arnsparger,58.39951130116066
WAS,1974,0.7143,0.7293355,0.68926024,0.02503975563049321,0.040075243,-0.015035486888885452,0.02503975563049321,2.076191738337326,George Allen,George Allen,58.338423946243125
CIN,1988,0.75,0.7508015,0.7249681,0.0250319242477417,0.025833428,-0.0008015036582946777,0.0250319242477417,2.076191738337326,Sam Wyche,Sam Wyche,58.27733659132559
PIT,1976,0.7143,0.74312043,0.6894578,0.024842225837707566,0.053662658,-0.028820431900024368,0.024842225837707566,2.076191738337326,Chuck Noll,Chuck Noll,58.21624923640807
MIN,1983,0.5,0.5128633,0.4752953,0.024704694747924805,0.037567973,-0.01286327838897705,0.024704694747924805,2.076191738337326,Bud Grant,Bud Grant,58.155161881490535
PHI,1989,0.6875,0.6167173,0.66281253,0.024687469005584717,-0.046095252,0.07078272104263306,0.024687469005584717,2.076191738337326,Buddy Ryan,Buddy Ryan,58.094074526573
MIN,2008,0.625,0.5861727,0.600755,0.024245023727416992,-0.014582276,0.03882730007171631,0.024245023727416992,2.076191738337326,Brad Childress,Brad Childress,58.03298717165547
DAL,1971,0.7857,0.76407707,0.761495,0.02420500583648677,0.0025820732,0.02162293262481685,0.02420500583648677,2.076191738337326,Tom Landry,Tom Landry,57.97189981673794
NYJ,2008,0.5625,0.491314,0.53834385,0.024156153202056885,-0.047029853,0.07118600606918335,0.024156153202056885,2.076191738337326,Eric Mangini,Eric Mangini,57.910812461820406
CHI,2015,0.375,0.36586115,0.35135433,0.023645669221878052,0.014506817,0.00913885235786438,0.023645669221878052,2.076191738337326,John Fox,John Fox,57.84972510690287
DET,2000,0.5556,0.5317565,0.5320932,0.02350677309036253,-0.00033670664,0.023843479728698713,0.02350677309036253,2.076191738337326,Bobby Ross,Bobby Ross / Gary Moeller,57.78863775198534
DAL,1998,0.625,0.632419,0.60152256,0.02347743511199951,0.030896425,-0.007418990135192871,0.02347743511199951,2.076191738337326,Chan Gailey,Chan Gailey,57.72755039706781
RAI,1995,0.5,0.407559,0.47657266,0.023427337408065796,-0.069013655,0.09244099259376526,0.023427337408065796,2.076191738337326,Mike White,Mike White,57.666463042150276
RAI,2022,0.3529,0.32649878,0.32948926,0.023410739088058463,-0.0029904842,0.02640122332572936,0.023410739088058463,2.076191738337326,Josh McDaniels,Josh McDaniels,57.60537568723274
MIA,2019,0.3125,0.3118712,0.2891764,0.02332359552383423,0.022694796,0.0006287992000579834,0.02332359552383423,2.076191738337326,Brian Flores,Brian Flores,57.544288332315205
RAI,2011,0.5,0.45375553,0.4770052,0.022994786500930786,-0.023249686,0.04624447226524353,0.022994786500930786,2.076191738337326,Hue Jackson,Hue Jackson,57.48320097739767
OTI,2019,0.5625,0.56673574,0.53966016,0.022839844226837158,0.027075589,-0.004235744476318359,0.022839844226837158,2.076191738337326,Mike Vrabel,Mike Vrabel,57.42211362248014
CLT,2015,0.5,0.49641982,0.47729144,0.02270856499671936,0.019128382,0.0035801827907562256,0.02270856499671936,2.076191738337326,Chuck Pagano,Chuck Pagano,57.36102626756261
WAS,1990,0.625,0.6229803,0.60239196,0.022608041763305664,0.020588338,0.0020197033882141113,0.022608041763305664,2.076191738337326,Joe Gibbs,Joe Gibbs,57.29993891264509
DET,2003,0.3125,0.3012993,0.2899284,0.022571593523025513,0.011370897,0.011200696229934692,0.022571593523025513,2.076191738337326,Steve Mariucci,Steve Mariucci,57.23885155772756
NYJ,2016,0.3125,0.2938577,0.29012784,0.022372156381607056,0.00372985,0.018642306327819824,0.022372156381607056,2.076191738337326,Todd Bowles,Todd Bowles,57.177764202810025
SEA,1996,0.4375,0.4037294,0.41533297,0.02216702699661255,-0.011603564,0.033770591020584106,0.02216702699661255,2.076191738337326,Dennis Erickson,Dennis Erickson,57.11667684789249
CLT,1985,0.3125,0.32275817,0.29055133,0.021948665380477905,0.032206833,-0.01025816798210144,0.021948665380477905,2.076191738337326,Rod Dowhower,Rod Dowhower,57.05558949297496
SEA,2022,0.5294,0.54144067,0.5076359,0.021764108562469464,0.033804774,-0.012040665721893329,0.021764108562469464,2.076191738337326,Pete Carroll,Pete Carroll,56.99450213805742
RAV,2022,0.5882,0.5965199,0.5664794,0.02172061510086054,0.030040503,-0.008319887447357233,0.02172061510086054,2.076191738337326,John Harbaugh,John Harbaugh,56.93341478313989
NYJ,2021,0.2353,0.19838284,0.21367079,0.02162920980453492,-0.015287951,0.03691716043949128,0.02162920980453492,2.076191738337326,Robert Saleh,Robert Saleh,56.872327428222356
CLE,1975,0.2143,0.24470629,0.1928017,0.02149830095767974,0.05190459,-0.03040628798007966,0.02149830095767974,2.076191738337326,Forrest Gregg,Forrest Gregg,56.81124007330482
TAM,2020,0.6875,0.6924761,0.6661723,0.021327674388885498,0.026303768,-0.004976093769073486,0.021327674388885498,2.076191738337326,Bruce Arians,Bruce Arians,56.75015271838729
RAI,2001,0.625,0.6093234,0.60381436,0.021185636520385742,0.005509019,0.01567661762237549,0.021185636520385742,2.076191738337326,Jon Gruden,Jon Gruden,56.68906536346976
SDG,1976,0.4286,0.3864489,0.4076992,0.02090080246925352,-0.021250308,0.04215111002922056,0.02090080246925352,2.076191738337326,Tommy Prothro,Tommy Prothro,56.627978008552226
JAX,1997,0.6875,0.6360504,0.66684616,0.020653843879699707,-0.030795753,0.051449596881866455,0.020653843879699707,2.076191738337326,Tom Coughlin,Tom Coughlin,56.566890653634694
RAI,2002,0.6875,0.68773925,0.6670448,0.02045518159866333,0.020694435,-0.00023925304412841797,0.02045518159866333,2.076191738337326,Bill Callahan,Bill Callahan,56.50580329871716
ATL,1995,0.5625,0.5333844,0.5423242,0.020175814628601074,-0.008939803,0.029115617275238037,0.020175814628601074,2.076191738337326,June Jones,June Jones,56.44471594379963
SFO,1994,0.8125,0.828939,0.7925395,0.019960522651672363,0.036399543,-0.01643902063369751,0.019960522651672363,2.076191738337326,George Seifert,George Seifert,56.383628588882104
NOR,1978,0.4375,0.48616642,0.41755882,0.01994118094444275,0.0686076,-0.048666417598724365,0.01994118094444275,2.076191738337326,Dick Nolan,Dick Nolan,56.32254123396457
TAM,1992,0.3125,0.32581595,0.29263312,0.019866883754730225,0.03318283,-0.013315945863723755,0.019866883754730225,2.076191738337326,Sam Wyche,Sam Wyche,56.26145387904704
BUF,2007,0.4375,0.3905881,0.41768822,0.019811779260635376,-0.027100116,0.04691189527511597,0.019811779260635376,2.076191738337326,Dick Jauron,Dick Jauron,56.20036652412951
DAL,2012,0.5,0.47495165,0.48032498,0.019675016403198242,-0.005373329,0.02504834532737732,0.019675016403198242,2.076191738337326,Jason Garrett,Jason Garrett,56.139279169211974
RAM,1989,0.6875,0.67395073,0.6681092,0.01939082145690918,0.005841553,0.013549268245697021,0.01939082145690918,2.076191738337326,John Robinson,John Robinson,56.07819181429444
SDG,1995,0.5625,0.55205137,0.5431393,0.019360721111297607,0.0089120865,0.010448634624481201,0.019360721111297607,2.076191738337326,Bobby Ross,Bobby Ross,56.01710445937691
ATL,1986,0.4688,0.39814568,0.44950518,0.019294819879531855,-0.051359504,0.07065432434082031,0.019294819879531855,2.076191738337326,Dan Henning,Dan Henning,55.95601710445938
ATL,1992,0.375,0.35810056,0.35579014,0.019209861755371094,0.002310425,0.016899436712265015,0.019209861755371094,2.076191738337326,Jerry Glanville,Jerry Glanville,55.894929749541845
MIA,2021,0.5294,0.45523942,0.5105745,0.018825480365753156,-0.055335104,0.07416058483123777,0.018825480365753156,2.076191738337326,Brian Flores,Brian Flores,55.83384239462431
TAM,2010,0.625,0.53262204,0.6065224,0.01847761869430542,-0.07390034,0.09237796068191528,0.01847761869430542,2.076191738337326,Raheem Morris,Raheem Morris,55.77275503970678
SFO,2015,0.3125,0.32172775,0.2940667,0.018433302640914917,0.027661055,-0.009227752685546875,0.018433302640914917,2.076191738337326,Jim Tomsula,Jim Tomsula,55.71166768478925
OTI,1997,0.5,0.4818391,0.48167384,0.018326163291931152,0.00016525388,0.018160909414291382,0.018326163291931152,2.076191738337326,Jeff Fisher,Jeff Fisher,55.650580329871715
DEN,1997,0.75,0.7466963,0.7317063,0.018293678760528564,0.014989972,0.003303706645965576,0.018293678760528564,2.076191738337326,Mike Shanahan,Mike Shanahan,55.58949297495418
PHI,1990,0.625,0.58628684,0.6068577,0.018142282962799072,-0.020570874,0.038713157176971436,0.018142282962799072,2.076191738337326,Buddy Ryan,Buddy Ryan,55.52840562003665
PHI,1976,0.2857,0.2858544,0.26757285,0.01812715001106263,0.01828155,-0.0001543992042541409,0.01812715001106263,2.076191738337326,Dick Vermeil,Dick Vermeil,55.467318265119125
MIN,1981,0.4375,0.46306723,0.4194008,0.018099188804626465,0.043666422,-0.025567233562469482,0.018099188804626465,2.076191738337326,Bud Grant,Bud Grant,55.40623091020159
PHI,2020,0.2812,0.27577206,0.26318166,0.018018343400955206,0.012590408,0.005427935075759893,0.018018343400955206,2.076191738337326,Doug Pederson,Doug Pederson,55.34514355528406
CLE,2022,0.4118,0.40807834,0.39411765,0.017682346630096435,0.013960689,0.0037216573238372797,0.017682346630096435,2.076191738337326,Kevin Stefanski,Kevin Stefanski,55.28405620036653
CLT,1975,0.7143,0.73072946,0.6966691,0.017630898284912155,0.03406036,-0.016429460716247513,0.017630898284912155,2.076191738337326,Ted Marchibroda,Ted Marchibroda,55.222968845448996
GNB,1986,0.25,0.26350525,0.23250015,0.017499849200248718,0.0310051,-0.013505250215530396,0.017499849200248718,2.076191738337326,Forrest Gregg,Forrest Gregg,55.161881490531464
DEN,2004,0.625,0.62054294,0.6077237,0.017276287078857422,0.012819231,0.004457056522369385,0.017276287078857422,2.076191738337326,Mike Shanahan,Mike Shanahan,55.10079413561393
NOR,2016,0.4375,0.44402987,0.42026526,0.017234742641448975,0.02376461,-0.006529867649078369,0.017234742641448975,2.076191738337326,Sean Payton,Sean Payton,55.0397067806964
OTI,2016,0.5625,0.49973333,0.5453986,0.017101407051086426,-0.045665264,0.0627666711807251,0.017101407051086426,2.076191738337326,Mike Mularkey,Mike Mularkey,54.97861942577886
CLT,2020,0.6875,0.6625141,0.6704102,0.017089784145355225,-0.007896125,0.024985909461975098,0.017089784145355225,2.076191738337326,Frank Reich,Frank Reich,54.91753207086133
NYG,2013,0.4375,0.43109968,0.42047408,0.017025917768478394,0.010625601,0.006400316953659058,0.017025917768478394,2.076191738337326,Tom Coughlin,Tom Coughlin,54.856444715943795
NYJ,1977,0.2143,0.19546917,0.19744934,0.016850658583641043,-0.0019801706,0.018830829191207876,0.016850658583641043,2.076191738337326,Walt Michaels,Walt Michaels,54.79535736102626
ATL,2022,0.4118,0.32640085,0.39510888,0.01669112138748169,-0.06870803,0.08539915375709534,0.01669112138748169,2.076191738337326,Arthur Smith,Arthur Smith,54.73427000610873
PIT,1991,0.4375,0.46071938,0.42083773,0.016662269830703735,0.039881647,-0.023219376802444458,0.016662269830703735,2.076191738337326,Chuck Noll,Chuck Noll,54.6731826511912
CRD,2004,0.375,0.38264918,0.35855258,0.01644742488861084,0.024096608,-0.00764918327331543,0.01644742488861084,2.076191738337326,Dennis Green,Dennis Green,54.612095296273665
JAX,2009,0.4375,0.4340287,0.42110914,0.016390860080718994,0.012919575,0.003471285104751587,0.016390860080718994,2.076191738337326,Jack Del Rio,Jack Del Rio,54.55100794135615
KAN,1992,0.625,0.64055526,0.6088038,0.01619619131088257,0.031751454,-0.015555262565612793,0.01619619131088257,2.076191738337326,Marty Schottenheimer,Marty Schottenheimer,54.489920586438615
PHI,1973,0.3929,0.38257703,0.3767907,0.016109297657012966,0.0057863295,0.010322968149185208,0.016109297657012966,2.076191738337326,Mike McCormack,Mike McCormack,54.42883323152108
DAL,1985,0.625,0.6601845,0.6092124,0.015787601470947266,0.050972104,-0.035184502601623535,0.015787601470947266,2.076191738337326,Tom Landry,Tom Landry,54.36774587660354
PHI,1992,0.6875,0.6334054,0.67182493,0.015675067901611328,-0.038419545,0.05409461259841919,0.015675067901611328,2.076191738337326,Rich Kotite,Rich Kotite,54.30665852168601
DET,1994,0.5625,0.54407984,0.5472172,0.015282809734344482,-0.00313735,0.018420159816741943,0.015282809734344482,2.076191738337326,Wayne Fontes,Wayne Fontes,54.24557116676848
SFO,2018,0.25,0.21485145,0.23522429,0.014775708317756653,-0.020372838,0.03514854609966278,0.014775708317756653,2.076191738337326,Kyle Shanahan,Kyle Shanahan,54.184483811850946
WAS,2020,0.4375,0.42837676,0.42284375,0.014656245708465576,0.00553301,0.009123235940933228,0.014656245708465576,2.076191738337326,Ron Rivera,Ron Rivera,54.12339645693341
PIT,1996,0.625,0.6225012,0.6105235,0.014476478099822998,0.011977673,0.002498805522918701,0.014476478099822998,2.076191738337326,Bill Cowher,Bill Cowher,54.06230910201588
NYG,1985,0.625,0.62961197,0.6105765,0.014423489570617676,0.019035459,-0.004611968994140625,0.014423489570617676,2.076191738337326,Bill Parcells,Bill Parcells,54.00122174709835
CHI,2009,0.4375,0.43098322,0.423085,0.014414995908737183,0.0078982115,0.006516784429550171,0.014414995908737183,2.076191738337326,Lovie Smith,Lovie Smith,53.940134392180816
PHI,1979,0.6875,0.6686719,0.6731062,0.014393806457519531,-0.0044342875,0.018828094005584717,0.014393806457519531,2.076191738337326,Dick Vermeil,Dick Vermeil,53.879047037263284
SEA,2003,0.625,0.62824446,0.6108482,0.014151811599731445,0.017396271,-0.003244459629058838,0.014151811599731445,2.076191738337326,Mike Holmgren,Mike Holmgren,53.81795968234575
RAM,1987,0.4,0.41606063,0.3860451,0.013954901695251487,0.030015528,-0.016060626506805398,0.013954901695251487,2.076191738337326,John Robinson,John Robinson,53.75687232742822
GNB,1978,0.5312,0.46313682,0.5173205,0.013879486274719244,-0.05418369,0.06806317801475525,0.013879486274719244,2.076191738337326,Bart Starr,Bart Starr,53.69578497251069
NWE,2002,0.5625,0.5663701,0.54865277,0.0138472318649292,0.017717361,-0.0038701295852661133,0.0138472318649292,2.076191738337326,Bill Belichick,Bill Belichick,53.63469761759316
CLT,2004,0.75,0.7363318,0.73638594,0.013614058494567871,-5.4121017e-05,0.013668179512023926,0.013614058494567871,2.076191738337326,Tony Dungy,Tony Dungy,53.57361026267563
DEN,1971,0.2778,0.24717043,0.26422447,0.013575530338287345,-0.017054036,0.03062956659793853,0.013575530338287345,2.076191738337326,Lou Saban,Jerry Smith / Lou Saban,53.5125229077581
SFO,2002,0.625,0.6233171,0.61164266,0.013357341289520264,0.011674464,0.001682877540588379,0.013357341289520264,2.076191738337326,Steve Mariucci,Steve Mariucci,53.451435552840564
JAX,2019,0.375,0.35409462,0.3619701,0.013029903173446655,-0.007875472,0.020905375480651855,0.013029903173446655,2.076191738337326,Doug Marrone,Doug Marrone,53.39034819792303
SDG,2013,0.5625,0.5067716,0.5496454,0.012854576110839844,-0.0428738,0.055728375911712646,0.012854576110839844,2.076191738337326,Mike McCoy,Mike McCoy,53.3292608430055
NYG,2000,0.75,0.7346869,0.7371877,0.012812316417694092,-0.0025007725,0.01531308889389038,0.012812316417694092,2.076191738337326,Jim Fassel,Jim Fassel,53.26817348808797
NWE,1975,0.2143,0.20068008,0.20167913,0.012620874571800222,-0.0009990484,0.013619922924041739,0.012620874571800222,2.076191738337326,Chuck Fairbanks,Chuck Fairbanks,53.207086133170435
TAM,2002,0.75,0.75282097,0.7375037,0.01249629259109497,0.015317261,-0.0028209686279296875,0.01249629259109497,2.076191738337326,Jon Gruden,Jon Gruden,53.1459987782529
SFO,2024,0.3529,0.35929754,0.34060192,0.012298078918457023,0.018695623,-0.006397543764114388,0.012298078918457023,2.076191738337326,Kyle Shanahan,Kyle Shanahan,53.08491142333537
PIT,1989,0.5625,0.5929373,0.55028397,0.012216031551361084,0.042653322,-0.03043729066848755,0.012216031551361084,2.076191738337326,Chuck Noll,Chuck Noll,53.02382406841784
ATL,2010,0.8125,0.8071269,0.8005802,0.011919796466827393,0.006546676,0.005373120307922363,0.011919796466827393,2.076191738337326,Mike Smith,Mike Smith,52.962736713500306
SEA,2010,0.4375,0.4018667,0.42559084,0.011909157037734985,-0.023724139,0.03563329577445984,0.011909157037734985,2.076191738337326,Pete Carroll,Pete Carroll,52.90164935858277
RAI,1981,0.4375,0.4364041,0.4256987,0.011801302433013916,0.010705411,0.001095890998840332,0.011801302433013916,2.076191738337326,Tom Flores,Tom Flores,52.840562003665234
MIA,1986,0.5,0.5216424,0.48827583,0.01172417402267456,0.03336656,-0.02164238691329956,0.01172417402267456,2.076191738337326,Don Shula,Don Shula,52.7794746487477
BUF,1998,0.625,0.62057334,0.6134252,0.011574804782867432,0.0071481466,0.0044266581535339355,0.011574804782867432,2.076191738337326,Wade Phillips,Wade Phillips,52.71838729383018
KAN,1972,0.5714,0.5736231,0.5598774,0.011522604370117207,0.013745725,-0.0022231207847595025,0.011522604370117207,2.076191738337326,Hank Stram,Hank Stram,52.65729993891265
SDG,1981,0.625,0.6594179,0.6137022,0.011297821998596191,0.04571575,-0.034417927265167236,0.011297821998596191,2.076191738337326,Don Coryell,Don Coryell,52.59621258399512
SEA,2012,0.6875,0.66332996,0.67622197,0.011278033256530762,-0.012892008,0.02417004108428955,0.011278033256530762,2.076191738337326,Pete Carroll,Pete Carroll,52.535125229077586
MIA,2000,0.6875,0.6879315,0.6762241,0.011275887489318848,0.0117073655,-0.00043147802352905273,0.011275887489318848,2.076191738337326,Dave Wannstedt,Dave Wannstedt,52.474037874160054
WAS,1978,0.5,0.4824184,0.48890305,0.011096954345703125,-0.0064846575,0.01758161187171936,0.011096954345703125,2.076191738337326,Jack Pardee,Jack Pardee,52.41295051924252
SDG,2024,0.6471,0.6769887,0.63605636,0.011043636417388925,0.040932357,-0.029888720893859855,0.011043636417388925,2.076191738337326,Jim Harbaugh,Jim Harbaugh,52.35186316432498
CHI,1981,0.375,0.33855572,0.36404723,0.010952770709991455,-0.025491506,0.036444276571273804,0.010952770709991455,2.076191738337326,Neill Armstrong,Neill Armstrong,52.29077580940745
BUF,2003,0.375,0.3457069,0.36405152,0.010948479175567627,-0.01834461,0.029293090105056763,0.010948479175567627,2.076191738337326,Gregg Williams,Gregg Williams,52.22968845448992
DAL,1987,0.4667,0.49700424,0.45579723,0.010902774763107304,0.041207016,-0.030304240751266476,0.010902774763107304,2.076191738337326,Tom Landry,Tom Landry,52.168601099572385
CRD,2016,0.4688,0.49685794,0.45801297,0.010787031698226923,0.038844973,-0.02805794115066529,0.010787031698226923,2.076191738337326,Bruce Arians,Bruce Arians,52.10751374465485
NWE,2009,0.625,0.65401787,0.6146881,0.010311901569366455,0.039329767,-0.029017865657806396,0.010311901569366455,2.076191738337326,Bill Belichick,Bill Belichick,52.04642638973732
RAM,1983,0.5625,0.5710473,0.5523716,0.010128378868103027,0.018675685,-0.008547306060791016,0.010128378868103027,2.076191738337326,John Robinson,John Robinson,51.98533903481979
OTI,2022,0.4118,0.43804574,0.40203646,0.009763541746139526,0.036009282,-0.026245740127563477,0.009763541746139526,2.076191738337326,Mike Vrabel,Mike Vrabel,51.924251679902255
NOR,1979,0.5,0.53232193,0.49043712,0.009562879800796509,0.04188481,-0.032321929931640625,0.009562879800796509,2.076191738337326,Dick Nolan,Dick Nolan,51.86316432498472
CAR,2000,0.4375,0.44744283,0.42868784,0.008812159299850464,0.018754989,-0.009942829608917236,0.008812159299850464,2.076191738337326,George Seifert,George Seifert,51.802076970067205
MIA,2003,0.625,0.6035969,0.6163209,0.008679091930389404,-0.012723982,0.021403074264526367,0.008679091930389404,2.076191738337326,Dave Wannstedt,Dave Wannstedt,51.740989615149665
TAM,1988,0.3125,0.29710367,0.30406296,0.008437037467956543,-0.0069592893,0.015396326780319214,0.008437037467956543,2.076191738337326,Ray Perkins,Ray Perkins,51.67990226023213
SDG,2021,0.5294,0.54155695,0.52099115,0.008408853435516339,0.020565808,-0.012156954383850116,0.008408853435516339,2.076191738337326,Brandon Staley,Brandon Staley,51.6188149053146
RAM,1993,0.3125,0.35575932,0.30409512,0.00840488076210022,0.051664203,-0.04325932264328003,0.00840488076210022,2.076191738337326,Chuck Knox,Chuck Knox,51.55772755039707
RAI,1987,0.3333,0.38657856,0.32490623,0.00839377002716063,0.06167233,-0.053278559875488296,0.00839377002716063,2.076191738337326,Tom Flores,Tom Flores,51.496640195479536
DEN,1995,0.5,0.49716684,0.49169776,0.008302241563796997,0.005469084,0.002833157777786255,0.008302241563796997,2.076191738337326,Mike Shanahan,Mike Shanahan,51.435552840562
WAS,2005,0.625,0.6388214,0.6167304,0.00826960802078247,0.022091031,-0.013821423053741455,0.00826960802078247,2.076191738337326,Joe Gibbs,Joe Gibbs,51.37446548564447
BUF,2017,0.5625,0.5544817,0.5543851,0.008114874362945557,9.6559525e-05,0.008018314838409424,0.008114874362945557,2.076191738337326,Sean McDermott,Sean McDermott,51.31337813072694
RAM,1970,0.6786,0.6499815,0.67078996,0.007810042953491192,-0.020808458,0.028618501281738262,0.007810042953491192,2.076191738337326,George Allen,George Allen,51.252290775809406
NWE,1982,0.5556,0.5032909,0.5479734,0.007626605606079084,-0.044682503,0.052309108352661116,0.007626605606079084,2.076191738337326,Ron Meyer,Ron Meyer,51.191203420891874
CHI,2012,0.625,0.591195,0.61749893,0.007501065731048584,-0.026303947,0.033805012702941895,0.007501065731048584,2.076191738337326,Lovie Smith,Lovie Smith,51.13011606597434
NWE,2001,0.6875,0.6931531,0.6800076,0.007492423057556152,0.013145506,-0.005653083324432373,0.007492423057556152,2.076191738337326,Bill Belichick,Bill Belichick,51.06902871105681
CLE,1971,0.6429,0.5692941,0.6355694,0.007330606365203884,-0.0662753,0.07360590496063235,0.007330606365203884,2.076191738337326,Nick Skorich,Nick Skorich,51.00794135613928
CRD,2003,0.25,0.20685446,0.24275692,0.0072430819272994995,-0.035902455,0.04314553737640381,0.0072430819272994995,2.076191738337326,Dave McGinnis,Dave McGinnis,50.946854001221745
DEN,1983,0.5625,0.5619225,0.5553132,0.007186770439147949,0.006609261,0.0005775094032287598,0.007186770439147949,2.076191738337326,Dan Reeves,Dan Reeves,50.88576664630422
GNB,1975,0.2857,0.27392796,0.27868167,0.007018334341049204,-0.004753709,0.011772043180465708,0.007018334341049204,2.076191738337326,Bart Starr,Bart Starr,50.82467929138669
PHI,1987,0.4667,0.44771907,0.46102044,0.005679560136795048,-0.0133013725,0.01898093266487122,0.005679560136795048,2.076191738337326,Buddy Ryan,Buddy Ryan,50.763591936469155
NWE,1973,0.3571,0.31584257,0.35172305,0.005376954889297458,-0.035880476,0.04125743112564084,0.005376954889297458,2.076191738337326,Chuck Fairbanks,Chuck Fairbanks,50.70250458155162
CHI,2010,0.6875,0.63862634,0.68218493,0.005315065383911133,-0.043558598,0.0488736629486084,0.005315065383911133,2.076191738337326,Lovie Smith,Lovie Smith,50.64141722663409
DET,1973,0.4643,0.4955884,0.45935118,0.004948818016052237,0.03623721,-0.03128839201927186,0.004948818016052237,2.076191738337326,Don McCafferty,Don McCafferty,50.58032987171656
RAM,2000,0.625,0.6365844,0.6203325,0.004667520523071289,0.016251922,-0.01158440113067627,0.004667520523071289,2.076191738337326,Mike Martz,Mike Martz,50.519242516799025
KAN,1971,0.75,0.74623924,0.7454437,0.00455629825592041,0.0007955432,0.0037607550621032715,0.00455629825592041,2.076191738337326,Hank Stram,Hank Stram,50.45815516188149
DAL,2013,0.5,0.48959085,0.4955021,0.004497885704040527,-0.005911261,0.010409146547317505,0.004497885704040527,2.076191738337326,Jason Garrett,Jason Garrett,50.39706780696396
NYG,2004,0.375,0.39795843,0.37064084,0.004359155893325806,0.027317584,-0.022958427667617798,0.004359155893325806,2.076191738337326,Tom Coughlin,Tom Coughlin,50.33598045204643
GNB,1987,0.3667,0.40440646,0.36246568,0.004234320354461696,0.04194078,-0.03770645813941953,0.004234320354461696,2.076191738337326,Forrest Gregg,Forrest Gregg,50.274893097128896
CLE,1980,0.6875,0.6360134,0.6833736,0.004126429557800293,-0.04736018,0.05148661136627197,0.004126429557800293,2.076191738337326,Sam Rutigliano,Sam Rutigliano,50.213805742211356
NWE,1980,0.625,0.62787837,0.62100464,0.003995358943939209,0.006873727,-0.0028783679008483887,0.003995358943939209,2.076191738337326,Ron Erhardt,Ron Erhardt,50.152718387293824
SEA,2015,0.625,0.65087134,0.6210315,0.003968477249145508,0.029839814,-0.025871336460113525,0.003968477249145508,2.076191738337326,Pete Carroll,Pete Carroll,50.09163103237629
PIT,2014,0.6875,0.72239864,0.6837486,0.003751397132873535,0.038650036,-0.03489863872528076,0.003751397132873535,2.076191738337326,Mike Tomlin,Mike Tomlin,50.03054367745876
WAS,2012,0.625,0.6521631,0.6220723,0.002927720546722412,0.030090809,-0.02716308832168579,0.002927720546722412,2.076191738337326,Mike Shanahan,Mike Shanahan,49.969456322541234
WAS,2017,0.4375,0.4338112,0.43469045,0.0028095543384552,-0.0008792579,0.003688812255859375,0.0028095543384552,2.076191738337326,Jay Gruden,Jay Gruden,49.9083689676237
KAN,2013,0.6875,0.7182764,0.6847446,0.002755403518676758,0.033531785,-0.030776381492614746,0.002755403518676758,2.076191738337326,Andy Reid,Andy Reid,49.84728161270617
MIA,1976,0.4286,0.47756332,0.4258951,0.002704905128478985,0.051668227,-0.0489633215904236,0.002704905128478985,2.076191738337326,Don Shula,Don Shula,49.78619425778864
RAI,2020,0.5,0.52464217,0.49742737,0.0025726258754730225,0.027214795,-0.02464216947555542,0.0025726258754730225,2.076191738337326,Jon Gruden,Jon Gruden,49.725106902871104
RAM,1971,0.6071,0.59573436,0.60461366,0.002486338233947727,-0.008879304,0.011365642166137668,0.002486338233947727,2.076191738337326,Tommy Prothro,Tommy Prothro,49.66401954795357
MIA,2005,0.5625,0.5320011,0.560181,0.0023189783096313477,-0.028179944,0.030498921871185303,0.0023189783096313477,2.076191738337326,Nick Saban,Nick Saban,49.60293219303604
CRD,2023,0.2353,0.21765082,0.2329968,0.002303193497657785,-0.015345991,0.01764918415546418,0.002303193497657785,2.076191738337326,Jonathan Gannon,Jonathan Gannon,49.54184483811851
CLT,1977,0.7143,0.7287038,0.7121567,0.0021432869911194308,0.016547084,-0.014403796863555862,0.0021432869911194308,2.076191738337326,Ted Marchibroda,Ted Marchibroda,49.480757483200975
NWE,1989,0.3125,0.33945554,0.3105038,0.0019961893558502197,0.028951734,-0.02695554494857788,0.0019961893558502197,2.076191738337326,Raymond Berry,Raymond Berry,49.41967012828344
NWE,2012,0.75,0.76968145,0.748194,0.001806020736694336,0.021487474,-0.019681453704833984,0.001806020736694336,2.076191738337326,Bill Belichick,Bill Belichick,49.35858277336591
BUF,1972,0.3214,0.3110595,0.31965712,0.0017428828716278266,-0.008597612,0.010340495252609272,0.0017428828716278266,2.076191738337326,Lou Saban,Lou Saban,49.297495418448385
BUF,2015,0.5,0.49094725,0.4983053,0.001694709062576294,-0.0073580444,0.009052753448486328,0.001694709062576294,2.076191738337326,Rex Ryan,Rex Ryan,49.23640806353085
MIN,1974,0.7143,0.7555794,0.71266234,0.001637660789489792,0.042917073,-0.041279411983489944,0.001637660789489792,2.076191738337326,Bud Grant,Bud Grant,49.17532070861332
DAL,2001,0.3125,0.2836708,0.31096014,0.001539856195449829,-0.027289331,0.028829187154769897,0.001539856195449829,2.076191738337326,Dave Campo,Dave Campo,49.11423335369579
GNB,1970,0.4286,0.3931996,0.42784783,0.0007521675586700249,-0.03464824,0.03540040717124937,0.0007521675586700249,2.076191738337326,Phil Bengtson,Phil Bengtson,49.053145998778255
CRD,1998,0.5625,0.51861805,0.56210375,0.0003962516784667969,-0.0434857,0.04388195276260376,0.0003962516784667969,2.076191738337326,Vince Tobin,Vince Tobin,48.99205864386072
MIA,2014,0.5,0.4779108,0.4996544,0.00034558773040771484,-0.021743625,0.022089213132858276,0.00034558773040771484,2.076191738337326,Joe Philbin,Joe Philbin,48.930971288943184
DET,2020,0.3636,0.35688913,0.36382928,-0.00022928490638735033,-0.006940156,0.00671087131500242,-0.00022928490638735033,2.076191738337326,Matt Patricia,Darrell Bevell / Matt Patricia,48.86988393402565
SDG,2023,0.3571,0.36167485,0.35754985,-0.00044984617233279067,0.004124999,-0.004574845218658474,-0.00044984617233279067,2.076191738337326,Brandon Staley,Brandon Staley / Giff Smith,48.808796579108126
KAN,1990,0.6875,0.71184105,0.68811935,-0.000619351863861084,0.023721695,-0.024341046810150146,-0.000619351863861084,2.076191738337326,Marty Schottenheimer,Marty Schottenheimer,48.747709224190594
TAM,1984,0.375,0.3781195,0.3757877,-0.0007877051830291748,0.0023317933,-0.0031194984912872314,-0.0007877051830291748,2.076191738337326,John McKay,John McKay,48.68662186927306
WAS,2002,0.4375,0.3734048,0.43862334,-0.0011233389377593994,-0.06521854,0.06409519910812378,-0.0011233389377593994,2.076191738337326,Steve Spurrier,Steve Spurrier,48.62553451435553
PIT,2024,0.5882,0.62929964,0.5893746,-0.0011746018409729553,0.03992504,-0.04109964065551763,-0.0011746018409729553,2.076191738337326,Mike Tomlin,Mike Tomlin,48.564447159438
TAM,1999,0.6875,0.67215836,0.6891777,-0.00167769193649292,-0.017019331,0.015341639518737793,-0.00167769193649292,2.076191738337326,Tony Dungy,Tony Dungy,48.503359804520464
OTI,1985,0.3571,0.2807848,0.3589769,-0.001876900577545193,-0.078192115,0.0763152142524719,-0.001876900577545193,2.076191738337326,Hugh Campbell,Hugh Campbell / Jerry Glanville,48.44227244960293
MIA,1994,0.625,0.6482971,0.6269085,-0.0019084811210632324,0.02138859,-0.02329707145690918,-0.0019084811210632324,2.076191738337326,Don Shula,Don Shula,48.3811850946854
PHI,1985,0.4,0.3716314,0.40192202,-0.0019220173358917014,-0.030290604,0.02836858630180361,-0.0019220173358917014,2.076191738337326,Marion Campbell,Fred Bruney / Marion Campbell,48.32009773976787
SFO,1986,0.6562,0.6897523,0.65855706,-0.002357057380676264,0.031195223,-0.03355228071212768,-0.002357057380676264,2.076191738337326,Bill Walsh,Bill Walsh,48.259010384850335
NWE,1972,0.2222,0.22010648,0.22459786,-0.002397856402397147,-0.004491374,0.0020935174942016688,-0.002397856402397147,2.076191738337326,John Mazur,John Mazur / Phil Bengtson,48.1979230299328
PHI,1997,0.4062,0.41807404,0.40896022,-0.002760223197937006,0.009113818,-0.011874041604995722,-0.002760223197937006,2.076191738337326,Ray Rhodes,Ray Rhodes,48.13683567501527
DET,1990,0.375,0.3752888,0.37789115,-0.00289115309715271,-0.0026023388,-0.0002888143062591553,-0.00289115309715271,2.076191738337326,Wayne Fontes,Wayne Fontes,48.07574832009774
CHI,1983,0.5,0.49166626,0.5032165,-0.0032165050506591797,-0.011550248,0.008333742618560791,-0.0032165050506591797,2.076191738337326,Mike Ditka,Mike Ditka,48.014660965180205
JAX,2003,0.3125,0.3128999,0.3157936,-0.0032936036586761475,-0.002893716,-0.0003998875617980957,-0.0032936036586761475,2.076191738337326,Jack Del Rio,Jack Del Rio,47.95357361026267
DET,2014,0.6875,0.65246683,0.69097704,-0.003477036952972412,-0.038510203,0.03503316640853882,-0.003477036952972412,2.076191738337326,Jim Caldwell,Jim Caldwell,47.89248625534515
DET,1977,0.4286,0.44767725,0.43217278,-0.0035727752685547065,0.015504479,-0.019077254676818867,-0.0035727752685547065,2.076191738337326,Tommy Hudspeth,Tommy Hudspeth,47.831398900427615
DEN,2021,0.4118,0.41649494,0.41540036,-0.003600356054306031,0.0010945797,-0.004694935750961304,-0.003600356054306031,2.076191738337326,Vic Fangio,Vic Fangio,47.77031154551008
SDG,1984,0.4375,0.4551093,0.44129142,-0.00379142165184021,0.013817877,-0.01760929822921753,-0.00379142165184021,2.076191738337326,Don Coryell,Don Coryell,47.70922419059255
SFO,1972,0.6071,0.6401391,0.6110301,-0.003930101776123074,0.029109001,-0.03303910293579104,-0.003930101776123074,2.076191738337326,Dick Nolan,Dick Nolan,47.64813683567502
RAI,2023,0.375,0.39921948,0.3789489,-0.003948897123336792,0.020270586,-0.024219483137130737,-0.003948897123336792,2.076191738337326,Josh McDaniels,Antonio Pierce / Josh McDaniels,47.58704948075748
CLT,1995,0.5625,0.5243031,0.56659526,-0.004095256328582764,-0.042292178,0.03819692134857178,-0.004095256328582764,2.076191738337326,Ted Marchibroda,Ted Marchibroda,47.525962125839946
SDG,1990,0.375,0.3661245,0.3793659,-0.004365891218185425,-0.01324138,0.008875489234924316,-0.004365891218185425,2.076191738337326,Dan Henning,Dan Henning,47.46487477092242
NOR,1981,0.25,0.2682531,0.2543763,-0.0043762922286987305,0.013876796,-0.018253087997436523,-0.0043762922286987305,2.076191738337326,Bum Phillips,Bum Phillips,47.40378741600489
BUF,1997,0.375,0.406464,0.37940553,-0.00440552830696106,0.027058482,-0.03146401047706604,-0.00440552830696106,2.076191738337326,Marv Levy,Marv Levy,47.342700061087356
DAL,2023,0.7059,0.72415054,0.71031296,-0.004412962532043485,0.013837576,-0.01825053844451907,-0.004412962532043485,2.076191738337326,Mike McCarthy,Mike McCarthy,47.281612706169824
CIN,1994,0.1875,0.14667667,0.1921184,-0.004618406295776367,-0.04544173,0.040823325514793396,-0.004618406295776367,2.076191738337326,David Shula,David Shula,47.22052535125229
TAM,2016,0.5625,0.5364797,0.567266,-0.004765987396240234,-0.030786276,0.026020288467407227,-0.004765987396240234,2.076191738337326,Dirk Koetter,Dirk Koetter,47.15943799633476
SFO,1975,0.3571,0.40494794,0.36186817,-0.004768172883987454,0.043079764,-0.04784793653488162,-0.004768172883987454,2.076191738337326,Dick Nolan,Dick Nolan,47.09835064141723
ATL,2017,0.625,0.57971746,0.629965,-0.004965007305145264,-0.05024755,0.04528254270553589,-0.004965007305145264,2.076191738337326,Dan Quinn,Dan Quinn,47.037263286499694
SEA,1991,0.4375,0.45536676,0.44272664,-0.005226641893386841,0.012640119,-0.01786676049232483,-0.005226641893386841,2.076191738337326,Chuck Knox,Chuck Knox,46.97617593158216
MIA,2008,0.6875,0.65898955,0.69323766,-0.005737662315368652,-0.034248114,0.028510451316833496,-0.005737662315368652,2.076191738337326,Tony Sparano,Tony Sparano,46.91508857666463
NWE,1996,0.6875,0.71209776,0.6932945,-0.005794525146484375,0.018803239,-0.024597764015197754,-0.005794525146484375,2.076191738337326,Bill Parcells,Bill Parcells,46.8540012217471
ATL,1983,0.4375,0.4372661,0.4435276,-0.00602760910987854,-0.0062614977,0.0002338886260986328,-0.00602760910987854,2.076191738337326,Dan Henning,Dan Henning,46.792913866829565
ATL,1973,0.6429,0.6392381,0.64901364,-0.006113638496398899,-0.009775519,0.003661880874633816,-0.006113638496398899,2.076191738337326,Norm Van Brocklin,Norm Van Brocklin,46.73182651191203
CLT,1973,0.2857,0.25148118,0.29194033,-0.006240331459045401,-0.040459156,0.03421882457733155,-0.006240331459045401,2.076191738337326,Howard Schnellenberger,Howard Schnellenberger,46.6707391569945
MIA,2013,0.5,0.49851993,0.5063629,-0.0063629150390625,-0.007842988,0.0014800727367401123,-0.0063629150390625,2.076191738337326,Joe Philbin,Joe Philbin,46.60965180207697
SDG,1985,0.5,0.5144538,0.50642467,-0.006424665451049805,0.008029163,-0.01445382833480835,-0.006424665451049805,2.076191738337326,Don Coryell,Don Coryell,46.54856444715944
PHI,1974,0.5,0.46654746,0.50643384,-0.006433844566345215,-0.039886385,0.03345254063606262,-0.006433844566345215,2.076191738337326,Mike McCormack,Mike McCormack,46.48747709224191
RAM,1986,0.625,0.67863566,0.63165903,-0.006659030914306641,0.046976626,-0.05363565683364868,-0.006659030914306641,2.076191738337326,John Robinson,John Robinson,46.42638973732438
BUF,2014,0.5625,0.5520461,0.5695686,-0.00706857442855835,-0.017522454,0.010453879833221436,-0.00706857442855835,2.076191738337326,Doug Marrone,Doug Marrone,46.365302382406846
DEN,2017,0.3125,0.26978508,0.3198358,-0.0073358118534088135,-0.050050735,0.042714923620224,-0.0073358118534088135,2.076191738337326,Vance Joseph,Vance Joseph,46.304215027489306
MIA,1996,0.5,0.5267141,0.5073775,-0.007377505302429199,0.019336581,-0.026714086532592773,-0.007377505302429199,2.076191738337326,Jimmy Johnson,Jimmy Johnson,46.243127672571774
TAM,1997,0.625,0.6024196,0.63298875,-0.00798875093460083,-0.030569136,0.022580385208129883,-0.00798875093460083,2.076191738337326,Tony Dungy,Tony Dungy,46.18204031765424
CRD,1980,0.3125,0.3445093,0.32049456,-0.00799456238746643,0.024014741,-0.0320093035697937,-0.00799456238746643,2.076191738337326,Jim Hanifan,Jim Hanifan,46.12095296273671
NYG,2006,0.5,0.5259756,0.50804156,-0.008041560649871826,0.017934024,-0.025975584983825684,-0.008041560649871826,2.076191738337326,Tom Coughlin,Tom Coughlin,46.059865607819184
JAX,2004,0.5625,0.5537641,0.57074934,-0.008249342441558838,-0.016985238,0.008735895156860352,-0.008249342441558838,2.076191738337326,Jack Del Rio,Jack Del Rio,45.99877825290165
RAV,2012,0.625,0.64397484,0.6333128,-0.008312821388244629,0.010662019,-0.01897484064102173,-0.008312821388244629,2.076191738337326,John Harbaugh,John Harbaugh,45.93769089798412
SEA,2004,0.5625,0.60769916,0.57085955,-0.008359551429748535,0.036839604,-0.04519915580749512,-0.008359551429748535,2.076191738337326,Mike Holmgren,Mike Holmgren,45.87660354306659
CIN,1976,0.7143,0.689422,0.7227687,-0.008468723964691116,-0.033346713,0.0248779886245728,-0.008468723964691116,2.076191738337326,Bill Johnson,Bill Johnson,45.815516188149054
CIN,1987,0.2667,0.29776952,0.27525622,-0.008556216526031502,0.0225133,-0.031069516706466682,-0.008556216526031502,2.076191738337326,Sam Wyche,Sam Wyche,45.75442883323152
SEA,2000,0.375,0.3889748,0.38386288,-0.008862882852554321,0.005111903,-0.013974785804748535,-0.008862882852554321,2.076191738337326,Mike Holmgren,Mike Holmgren,45.69334147831399
CHI,2019,0.5,0.52549165,0.5090718,-0.009071826934814453,0.016419828,-0.025491654872894287,-0.009071826934814453,2.076191738337326,Matt Nagy,Matt Nagy,45.63225412339646
CRD,1973,0.3214,0.33143118,0.33050314,-0.009103135919570904,0.0009280443,-0.010031180238723736,-0.009103135919570904,2.076191738337326,Don Coryell,Don Coryell,45.571166768478925
PHI,1984,0.4062,0.3573166,0.4155705,-0.009370497512817377,-0.058253884,0.048883386802673345,-0.009370497512817377,2.076191738337326,Marion Campbell,Marion Campbell,45.51007941356139
SDG,1997,0.25,0.2865225,0.25942242,-0.0094224214553833,0.027100086,-0.036522507667541504,-0.0094224214553833,2.076191738337326,Kevin Gilbride,Kevin Gilbride,45.44899205864386
WAS,1992,0.5625,0.574062,0.57208943,-0.009589433670043945,0.001972556,-0.011561989784240723,-0.009589433670043945,2.076191738337326,Joe Gibbs,Joe Gibbs,45.38790470372633
NOR,2000,0.625,0.63676083,0.63469326,-0.009693264961242676,0.002067566,-0.011760830879211426,-0.009693264961242676,2.076191738337326,Jim Haslett,Jim Haslett,45.326817348808795
OTI,2017,0.5625,0.54709285,0.5722335,-0.009733498096466064,-0.025140643,0.015407145023345947,-0.009733498096466064,2.076191738337326,Mike Mularkey,Mike Mularkey,45.26572999389126
PHI,2000,0.6875,0.6200262,0.6976221,-0.010122120380401611,-0.07759595,0.06747382879257202,-0.010122120380401611,2.076191738337326,Andy Reid,Andy Reid,45.20464263897373
CLE,1977,0.4615,0.45299658,0.47168046,-0.010180462360382059,-0.01868388,0.0085034182071686,-0.010180462360382059,2.076191738337326,Forrest Gregg,Dick Modzelewski / Forrest Gregg,45.143555284056205
DAL,2015,0.25,0.25653365,0.26048887,-0.01048886775970459,-0.003955215,-0.0065336525440216064,-0.01048886775970459,2.076191738337326,Jason Garrett,Jason Garrett,45.08246792913867
ATL,1970,0.3571,0.3291021,0.36760688,-0.010506878280639675,-0.03850478,0.027997901058196994,-0.010506878280639675,2.076191738337326,Norm Van Brocklin,Norm Van Brocklin,45.02138057422114
BUF,2010,0.25,0.2760609,0.26086682,-0.010866820812225342,0.015194088,-0.026060909032821655,-0.010866820812225342,2.076191738337326,Chan Gailey,Chan Gailey,44.9602932193036
CRD,1985,0.3125,0.3299684,0.323557,-0.011056989431381226,0.0064114034,-0.017468392848968506,-0.011056989431381226,2.076191738337326,Jim Hanifan,Jim Hanifan,44.89920586438607
DET,2010,0.375,0.3454347,0.3860783,-0.011078298091888428,-0.040643603,0.02956530451774597,-0.011078298091888428,2.076191738337326,Jim Schwartz,Jim Schwartz,44.838118509468536
PHI,2005,0.375,0.39040792,0.38645455,-0.011454552412033081,0.0039533675,-0.015407919883728027,-0.011454552412033081,2.076191738337326,Andy Reid,Andy Reid,44.777031154551004
HTX,2017,0.25,0.250714,0.26147175,-0.011471748352050781,-0.010757744,-0.0007140040397644043,-0.011471748352050781,2.076191738337326,Bill O'Brien,Bill O'Brien,44.71594379963348
CRD,1990,0.3125,0.3410131,0.32398033,-0.011480331420898438,0.017032772,-0.028513103723526,-0.011480331420898438,2.076191738337326,Joe Bugel,Joe Bugel,44.654856444715946
OTI,1981,0.4375,0.44726616,0.44910732,-0.011607319116592407,-0.0018411577,-0.009766161441802979,-0.011607319116592407,2.076191738337326,Ed Biles,Ed Biles,44.593769089798414
MIN,1996,0.5625,0.54303414,0.57420677,-0.011706769466400146,-0.031172633,0.019465863704681396,-0.011706769466400146,2.076191738337326,Dennis Green,Dennis Green,44.53268173488088
PHI,2006,0.625,0.6512471,0.63677865,-0.011778652667999268,0.0144684315,-0.026247084140777588,-0.011778652667999268,2.076191738337326,Andy Reid,Andy Reid,44.47159437996335
ATL,1994,0.4375,0.46689206,0.44946384,-0.011963844299316406,0.01742822,-0.0293920636177063,-0.011963844299316406,2.076191738337326,June Jones,June Jones,44.41050702504582
NWE,1995,0.375,0.42873353,0.38698137,-0.011981368064880371,0.04175216,-0.05373352766036987,-0.011981368064880371,2.076191738337326,Bill Parcells,Bill Parcells,44.349419670128285
CHI,1999,0.375,0.36880732,0.3869914,-0.011991411447525024,-0.018184096,0.006192684173583984,-0.011991411447525024,2.076191738337326,Dick Jauron,Dick Jauron,44.28833231521075
CHI,2000,0.3125,0.25745535,0.32488185,-0.01238185167312622,-0.0674265,0.05504465103149414,-0.01238185167312622,2.076191738337326,Dick Jauron,Dick Jauron,44.22724496029322
MIN,1975,0.8571,0.9039185,0.86955464,-0.01245463886260989,0.034363866,-0.04681850471496585,-0.01245463886260989,2.076191738337326,Bud Grant,Bud Grant,44.16615760537569
NYJ,2001,0.625,0.57703465,0.6376361,-0.012636125087738037,-0.060601473,0.04796534776687622,-0.012636125087738037,2.076191738337326,Herm Edwards,Herm Edwards,44.105070250458155
NOR,2001,0.4375,0.43926543,0.45044357,-0.012943565845489502,-0.011178136,-0.001765429973602295,-0.012943565845489502,2.076191738337326,Jim Haslett,Jim Haslett,44.04398289554062
HTX,2024,0.5882,0.6182032,0.601302,-0.013102027702331598,0.016901195,-0.030003222751617487,-0.013102027702331598,2.076191738337326,DeMeco Ryans,DeMeco Ryans,43.98289554062309
RAM,2017,0.6875,0.67317194,0.70072037,-0.013220369815826416,-0.027548432,0.014328062534332275,-0.013220369815826416,2.076191738337326,Sean McVay,Sean McVay,43.92180818570556
BUF,1992,0.6875,0.71076214,0.7008039,-0.013303875923156738,0.009958267,-0.0232621431350708,-0.013303875923156738,2.076191738337326,Marv Levy,Marv Levy,43.860720830788026
CLE,2007,0.625,0.5949431,0.63831884,-0.013318836688995361,-0.04337573,0.030056893825531006,-0.013318836688995361,2.076191738337326,Romeo Crennel,Romeo Crennel,43.7996334758705
NYJ,1994,0.375,0.4097503,0.38833928,-0.01333928108215332,0.021411031,-0.0347503125667572,-0.01333928108215332,2.076191738337326,Pete Carroll,Pete Carroll,43.73854612095297
DET,1975,0.5,0.44515336,0.5135509,-0.013550877571105957,-0.06839752,0.05484664440155029,-0.013550877571105957,2.076191738337326,Rick Forzano,Rick Forzano,43.67745876603543
ATL,2002,0.5938,0.60325205,0.6073534,-0.013553389263153082,-0.004101336,-0.009452053260803228,-0.013553389263153082,2.076191738337326,Dan Reeves,Dan Reeves,43.616371411117896
NOR,1994,0.4375,0.46282718,0.4510792,-0.013579189777374268,0.011747986,-0.025327175855636597,-0.013579189777374268,2.076191738337326,Jim Mora Sr,Jim Mora Sr,43.555284056200364
NOR,2008,0.5,0.51439315,0.51371706,-0.013717055320739746,0.0006760955,-0.014393150806427002,-0.013717055320739746,2.076191738337326,Sean Payton,Sean Payton,43.49419670128283
NYJ,2009,0.5625,0.57968944,0.57623935,-0.013739347457885742,0.0034500957,-0.017189443111419678,-0.013739347457885742,2.076191738337326,Rex Ryan,Rex Ryan,43.4331093463653
CHI,1990,0.6875,0.7255673,0.7013197,-0.013819694519042969,0.024247587,-0.0380672812461853,-0.013819694519042969,2.076191738337326,Mike Ditka,Mike Ditka,43.37202199144777
CLE,1983,0.5625,0.58201504,0.5763566,-0.013856589794158936,0.0056584477,-0.019515037536621094,-0.013856589794158936,2.076191738337326,Sam Rutigliano,Sam Rutigliano,43.31093463653024
TAM,1989,0.3125,0.31763902,0.32641882,-0.013918817043304443,-0.008779794,-0.005139023065567017,-0.013918817043304443,2.076191738337326,Ray Perkins,Ray Perkins,43.24984728161271
KAN,1973,0.5714,0.63583076,0.58536774,-0.013967739200592022,0.05046302,-0.06443076000213621,-0.013967739200592022,2.076191738337326,Hank Stram,Hank Stram,43.18875992669518
BUF,1982,0.4444,0.49655223,0.45841038,-0.014010382270812971,0.038141847,-0.05215222892761229,-0.014010382270812971,2.076191738337326,Chuck Knox,Chuck Knox,43.127672571777644
NYJ,1985,0.6875,0.6570807,0.7016697,-0.014169692993164062,-0.044588983,0.03041929006576538,-0.014169692993164062,2.076191738337326,Joe Walton,Joe Walton,43.06658521686011
CLT,1984,0.2667,0.25360715,0.2809981,-0.014298110771179207,-0.027390957,0.013092846107482903,-0.014298110771179207,2.076191738337326,Frank Kush,Frank Kush / Hal Hunter,43.00549786194258
CRD,2002,0.3125,0.2876781,0.3268858,-0.014385789632797241,-0.039207697,0.02482190728187561,-0.014385789632797241,2.076191738337326,Dave McGinnis,Dave McGinnis,42.94441050702504
RAI,1979,0.5625,0.59611964,0.5769756,-0.014475584030151367,0.019144058,-0.03361964225769043,-0.014475584030151367,2.076191738337326,Tom Flores,Tom Flores,42.883323152107515
NYJ,2023,0.4118,0.42137083,0.4263814,-0.014581409168243409,-0.005010575,-0.009570834112167359,-0.014581409168243409,2.076191738337326,Robert Saleh,Robert Saleh,42.82223579718998
CHI,1979,0.625,0.63356143,0.6397837,-0.014783680438995361,-0.006222248,-0.008561432361602783,-0.014783680438995361,2.076191738337326,Neill Armstrong,Neill Armstrong,42.76114844227245
RAM,1974,0.7143,0.77274376,0.7291862,-0.014886177253723099,0.043557584,-0.05844376153945918,-0.014886177253723099,2.076191738337326,Chuck Knox,Chuck Knox,42.70006108735492
PIT,2013,0.5,0.5398238,0.51498926,-0.014989256858825684,0.024834514,-0.03982377052307129,-0.014989256858825684,2.076191738337326,Mike Tomlin,Mike Tomlin,42.638973732437385
MIA,2006,0.375,0.37200814,0.3903026,-0.015302598476409912,-0.018294454,0.0029918551445007324,-0.015302598476409912,2.076191738337326,Nick Saban,Nick Saban,42.57788637751985
WAS,1971,0.6786,0.71593344,0.6940829,-0.015482915782928486,0.021850526,-0.03733344211578371,-0.015482915782928486,2.076191738337326,George Allen,George Allen,42.51679902260232
HTX,2014,0.5625,0.56051457,0.57823735,-0.01573735475540161,-0.017722785,0.0019854307174682617,-0.01573735475540161,2.076191738337326,Bill O'Brien,Bill O'Brien,42.45571166768479
PHI,2012,0.25,0.2945382,0.26574036,-0.01574036478996277,0.028797835,-0.04453819990158081,-0.01574036478996277,2.076191738337326,Andy Reid,Andy Reid,42.39462431276726
CHI,1992,0.3125,0.373684,0.32849115,-0.015991151332855225,0.045192838,-0.06118398904800415,-0.015991151332855225,2.076191738337326,Mike Ditka,Mike Ditka,42.333536957849724
CHI,2011,0.5,0.49880686,0.5160562,-0.016056180000305176,-0.017249316,0.0011931359767913818,-0.016056180000305176,2.076191738337326,Lovie Smith,Lovie Smith,42.27244960293219
GNB,2014,0.75,0.78544474,0.7661308,-0.016130805015563965,0.019313931,-0.03544473648071289,-0.016130805015563965,2.076191738337326,Mike McCarthy,Mike McCarthy,42.21136224801466
BUF,2011,0.375,0.3933975,0.39114293,-0.016142934560775757,0.0022545755,-0.018397510051727295,-0.016142934560775757,2.076191738337326,Chan Gailey,Chan Gailey,42.15027489309713
RAM,2005,0.4,0.43677086,0.41615036,-0.01615036129951475,0.020620495,-0.036770856380462624,-0.01615036129951475,2.076191738337326,Mike Martz,Joe Vitt / Mike Martz,42.089187538179594
PHI,1988,0.625,0.5939552,0.64183503,-0.016835033893585205,-0.047879815,0.03104478120803833,-0.016835033893585205,2.076191738337326,Buddy Ryan,Buddy Ryan,42.02810018326206
SEA,1978,0.5625,0.5282385,0.58009964,-0.017599642276763916,-0.051861167,0.03426152467727661,-0.017599642276763916,2.076191738337326,Jack Patera,Jack Patera,41.96701282834454
KAN,1999,0.5625,0.54420763,0.58062303,-0.01812303066253662,-0.036415398,0.018292367458343506,-0.01812303066253662,2.076191738337326,Gunther Cunningham,Gunther Cunningham,41.905925473427004
CLE,1985,0.5,0.5200214,0.5182863,-0.018286287784576416,0.0017350912,-0.020021378993988037,-0.018286287784576416,2.076191738337326,Marty Schottenheimer,Marty Schottenheimer,41.84483811850947
RAI,2000,0.75,0.7468835,0.76888305,-0.018883049488067627,-0.021999538,0.0031164884567260742,-0.018883049488067627,2.076191738337326,Jon Gruden,Jon Gruden,41.78375076359194
CLE,1982,0.4444,0.48819146,0.46328717,-0.018887174701690657,0.02490428,-0.04379145560264586,-0.018887174701690657,2.076191738337326,Sam Rutigliano,Sam Rutigliano,41.72266340867441
SFO,1973,0.3571,0.39992854,0.37600765,-0.018907646322250393,0.023920894,-0.04282853999137881,-0.018907646322250393,2.076191738337326,Dick Nolan,Dick Nolan,41.661576053756875
DET,1978,0.4375,0.4944556,0.45646265,-0.01896265149116516,0.037992954,-0.05695560574531555,-0.01896265149116516,2.076191738337326,Monte Clark,Monte Clark,41.600488698839335
DAL,1981,0.75,0.8032487,0.7691928,-0.019192814826965332,0.03405589,-0.053248703479766846,-0.019192814826965332,2.076191738337326,Tom Landry,Tom Landry,41.5394013439218
OTI,2004,0.3125,0.33918598,0.3317732,-0.019273191690444946,0.0074127913,-0.026685982942581177,-0.019273191690444946,2.076191738337326,Jeff Fisher,Jeff Fisher,41.47831398900428
RAM,1992,0.375,0.42978147,0.39432654,-0.01932653784751892,0.03545493,-0.0547814667224884,-0.01932653784751892,2.076191738337326,Chuck Knox,Chuck Knox,41.417226634086745
PIT,1999,0.375,0.4214421,0.39438576,-0.01938575506210327,0.027056336,-0.04644209146499634,-0.01938575506210327,2.076191738337326,Bill Cowher,Bill Cowher,41.35613927916921
SFO,1993,0.625,0.6727356,0.64476097,-0.019760966300964355,0.027974606,-0.04773557186126709,-0.019760966300964355,2.076191738337326,George Seifert,George Seifert,41.29505192425168
BUF,1975,0.5714,0.5963473,0.5912746,-0.01987461910247801,0.0050726533,-0.024947272396087627,-0.01987461910247801,2.076191738337326,Lou Saban,Lou Saban,41.23396456933415
WAS,2014,0.25,0.30188784,0.26992804,-0.019928038120269775,0.031959802,-0.051887840032577515,-0.019928038120269775,2.076191738337326,Jay Gruden,Jay Gruden,41.172877214416616
NOR,1976,0.2857,0.3209887,0.30607435,-0.020374351072311392,0.014914364,-0.0352887146949768,-0.020374351072311392,2.076191738337326,Hank Stram,Hank Stram,41.11178985949908
KAN,1979,0.4375,0.4297434,0.45788118,-0.020381182432174683,-0.028137773,0.007756590843200684,-0.020381182432174683,2.076191738337326,Marv Levy,Marv Levy,41.05070250458155
NWE,2000,0.3125,0.3477488,0.33288133,-0.02038133144378662,0.014867455,-0.035248786211013794,-0.02038133144378662,2.076191738337326,Bill Belichick,Bill Belichick,40.98961514966402
CAR,1997,0.4375,0.4289254,0.45854107,-0.021041065454483032,-0.02961567,0.008574604988098145,-0.021041065454483032,2.076191738337326,Dom Capers,Dom Capers,40.928527794746486
RAV,2017,0.5625,0.5996708,0.5841187,-0.02161872386932373,0.0155521035,-0.03717082738876343,-0.02161872386932373,2.076191738337326,John Harbaugh,John Harbaugh,40.867440439828954
BUF,2012,0.375,0.38228562,0.39665192,-0.021651923656463623,-0.014366299,-0.007285624742507935,-0.021651923656463623,2.076191738337326,Chan Gailey,Chan Gailey,40.80635308491142
DEN,2011,0.5,0.52408564,0.521656,-0.02165597677230835,0.0024296641,-0.024085640907287598,-0.02165597677230835,2.076191738337326,John Fox,John Fox,40.74526572999389
CIN,2011,0.5625,0.56886834,0.5841665,-0.021666526794433594,-0.015298188,-0.0063683390617370605,-0.021666526794433594,2.076191738337326,Marvin Lewis,Marvin Lewis,40.68417837507636
CRD,1994,0.5,0.5169112,0.52170724,-0.021707236766815186,-0.004796028,-0.016911208629608154,-0.021707236766815186,2.076191738337326,Buddy Ryan,Buddy Ryan,40.623091020158824
HTX,2009,0.5625,0.5412457,0.5842374,-0.021737396717071533,-0.042991698,0.021254301071166992,-0.021737396717071533,2.076191738337326,Gary Kubiak,Gary Kubiak,40.5620036652413
NOR,1973,0.3571,0.4329862,0.37899137,-0.021891365432739285,0.053994834,-0.07588619985580447,-0.021891365432739285,2.076191738337326,John North,John North,40.50091631032377
CLT,1994,0.5,0.4830408,0.52211916,-0.02211916446685791,-0.039078355,0.016959190368652344,-0.02211916446685791,2.076191738337326,Ted Marchibroda,Ted Marchibroda,40.439828955406234
CIN,2014,0.6562,0.6581675,0.6785749,-0.022374919700622553,-0.020407438,-0.001967481422424311,-0.022374919700622553,2.076191738337326,Marvin Lewis,Marvin Lewis,40.3787416004887
BUF,1989,0.5625,0.5813762,0.5850248,-0.022524774074554443,-0.0036485791,-0.018876194953918457,-0.022524774074554443,2.076191738337326,Marv Levy,Marv Levy,40.31765424557116
CAR,2005,0.6875,0.7045851,0.7102079,-0.022707879543304443,-0.005622804,-0.01708507537841797,-0.022707879543304443,2.076191738337326,John Fox,John Fox,40.25656689065363
SDG,2007,0.6875,0.65317273,0.71047163,-0.022971630096435547,-0.0572989,0.03432726860046387,-0.022971630096435547,2.076191738337326,Norv Turner,Norv Turner,40.1954795357361
DET,2019,0.2188,0.22046544,0.24232274,-0.023522742938995367,-0.021857306,-0.0016654365777969415,-0.023522742938995367,2.076191738337326,Matt Patricia,Matt Patricia,40.13439218081857
RAM,1998,0.25,0.26997438,0.27353686,-0.023536860942840576,-0.0035624802,-0.01997438073158264,-0.023536860942840576,2.076191738337326,Dick Vermeil,Dick Vermeil,40.07330482590104
CIN,2017,0.4375,0.46275246,0.46105668,-0.023556679487228394,0.001695782,-0.025252461433410645,-0.023556679487228394,2.076191738337326,Marvin Lewis,Marvin Lewis,40.01221747098351
NYJ,1989,0.25,0.27255931,0.27359197,-0.023591965436935425,-0.0010326505,-0.022559314966201782,-0.023591965436935425,2.076191738337326,Joe Walton,Joe Walton,39.951130116065976
RAV,2005,0.375,0.38889393,0.39868727,-0.023687273263931274,-0.009793341,-0.013893932104110718,-0.023687273263931274,2.076191738337326,Brian Billick,Brian Billick,39.89004276114844
OTI,1971,0.3214,0.32568988,0.34527582,-0.023875819301605206,-0.019585937,-0.004289882040023785,-0.023875819301605206,2.076191738337326,Ed Hughes,Ed Hughes,39.82895540623091
CRD,2019,0.3438,0.39760283,0.36802837,-0.02422837252616883,0.029574454,-0.05380282635688782,-0.02422837252616883,2.076191738337326,Kliff Kingsbury,Kliff Kingsbury,39.76786805131338
CAR,2024,0.2941,0.34361064,0.31837544,-0.024275438451766995,0.025235206,-0.049510644340515164,-0.024275438451766995,2.076191738337326,Dave Canales,Dave Canales,39.706780696395846
ATL,1999,0.3125,0.33309108,0.3368269,-0.02432689070701599,-0.0037358105,-0.02059108018875122,-0.02432689070701599,2.076191738337326,Dan Reeves,Dan Reeves,39.645693341478314
MIA,2018,0.4375,0.42381787,0.4620847,-0.024584710597991943,-0.038266838,0.013682126998901367,-0.024584710597991943,2.076191738337326,Adam Gase,Adam Gase,39.58460598656078
DAL,1982,0.6667,0.7207007,0.6913019,-0.02460188226699833,0.029398799,-0.05400068120956425,-0.02460188226699833,2.076191738337326,Tom Landry,Tom Landry,39.52351863164325
NWE,1997,0.625,0.58628154,0.6502031,-0.02520310878753662,-0.06392157,0.038718461990356445,-0.02520310878753662,2.076191738337326,Pete Carroll,Pete Carroll,39.46243127672572
GNB,2012,0.6875,0.720886,0.71278185,-0.025281846523284912,0.0081041455,-0.0333859920501709,-0.025281846523284912,2.076191738337326,Mike McCarthy,Mike McCarthy,39.401343921808184
RAV,2004,0.5625,0.58564854,0.58792216,-0.02542215585708618,-0.0022736192,-0.023148536682128906,-0.02542215585708618,2.076191738337326,Brian Billick,Brian Billick,39.34025656689065
DET,1997,0.5625,0.58135694,0.58793837,-0.025438368320465088,-0.0065814257,-0.018856942653656006,-0.025438368320465088,2.076191738337326,Bobby Ross,Bobby Ross,39.27916921197312
DET,1999,0.5,0.54791754,0.525666,-0.025665998458862305,0.022251546,-0.04791754484176636,-0.025665998458862305,2.076191738337326,Bobby Ross,Bobby Ross,39.218081857055594
DEN,1999,0.375,0.4339053,0.40082428,-0.025824278593063354,0.033081025,-0.05890530347824097,-0.025824278593063354,2.076191738337326,Mike Shanahan,Mike Shanahan,39.15699450213806
MIA,2012,0.4375,0.4250424,0.46356174,-0.02606174349784851,-0.038519353,0.012457609176635742,-0.02606174349784851,2.076191738337326,Joe Philbin,Joe Philbin,39.09590714722053
SFO,1988,0.625,0.6985906,0.6511716,-0.026171624660491943,0.047418952,-0.07359057664871216,-0.026171624660491943,2.076191738337326,Bill Walsh,Bill Walsh,39.034819792303
CAR,2018,0.4375,0.4588329,0.46374467,-0.026244670152664185,-0.0049117804,-0.021332889795303345,-0.026244670152664185,2.076191738337326,Ron Rivera,Ron Rivera,38.97373243738546
KAN,2006,0.5625,0.5608619,0.58886504,-0.026365041732788086,-0.028003156,0.0016381144523620605,-0.026365041732788086,2.076191738337326,Herm Edwards,Herm Edwards,38.912645082467925
DET,1984,0.2812,0.32221144,0.30758467,-0.02638467316627502,0.014626771,-0.041011444377899164,-0.02638467316627502,2.076191738337326,Monte Clark,Monte Clark,38.85155772755039
BUF,2018,0.375,0.35969484,0.40176043,-0.02676042914390564,-0.04206559,0.015305161476135254,-0.02676042914390564,2.076191738337326,Sean McDermott,Sean McDermott,38.79047037263286
DET,2016,0.5625,0.5903247,0.5894055,-0.026905477046966553,0.00091922283,-0.027824699878692627,-0.026905477046966553,2.076191738337326,Jim Caldwell,Jim Caldwell,38.729383017715335
NYJ,2002,0.5625,0.5546479,0.5895056,-0.02700561285018921,-0.03485769,0.00785207748413086,-0.02700561285018921,2.076191738337326,Herm Edwards,Herm Edwards,38.6682956627978
RAM,2016,0.3077,0.32390475,0.33471942,-0.027019419479370144,-0.010814667,-0.01620475273132327,-0.027019419479370144,2.076191738337326,Jeff Fisher,Jeff Fisher / John Fassel,38.60720830788027
CLE,2024,0.1765,0.20990534,0.20352814,-0.027028136014938364,0.0063772053,-0.033405341267585764,-0.027028136014938364,2.076191738337326,Kevin Stefanski,Kevin Stefanski,38.54612095296274
TAM,1998,0.5,0.49424604,0.5270519,-0.027051925659179688,-0.03280589,0.005753964185714722,-0.027051925659179688,2.076191738337326,Tony Dungy,Tony Dungy,38.485033598045206
CRD,2005,0.3125,0.36737466,0.3395534,-0.027053385972976685,0.027821273,-0.05487465858459473,-0.027053385972976685,2.076191738337326,Dennis Green,Dennis Green,38.42394624312767
JAX,2013,0.25,0.23393969,0.27712122,-0.02712121605873108,-0.043181524,0.01606030762195587,-0.02712121605873108,2.076191738337326,Gus Bradley,Gus Bradley,38.36285888821014
PIT,1993,0.5625,0.61427516,0.59021926,-0.02771925926208496,0.024055898,-0.05177515745162964,-0.02771925926208496,2.076191738337326,Bill Cowher,Bill Cowher,38.30177153329261
NYJ,1993,0.5,0.51443195,0.5278935,-0.027893483638763428,-0.01346153,-0.014431953430175781,-0.027893483638763428,2.076191738337326,Bruce Coslet,Bruce Coslet,38.240684178375076
CLE,1990,0.2222,0.22247878,0.25010446,-0.027904457139968863,-0.02762568,-0.0002787771701812658,-0.027904457139968863,2.076191738337326,Bud Carson,Bud Carson / Jim Shofner,38.179596823457544
GNB,1999,0.5,0.5002033,0.52794987,-0.027949869632720947,-0.027746558,-0.00020331144332885742,-0.027949869632720947,2.076191738337326,Ray Rhodes,Ray Rhodes,38.11850946854001
CHI,2014,0.3125,0.32685816,0.34060165,-0.02810165286064148,-0.01374349,-0.014358162879943848,-0.02810165286064148,2.076191738337326,Marc Trestman,Marc Trestman,38.05742211362248
SFO,2001,0.75,0.7826993,0.7781145,-0.028114497661590576,0.0045847893,-0.03269928693771362,-0.028114497661590576,2.076191738337326,Steve Mariucci,Steve Mariucci,37.99633475870495
DAL,1997,0.375,0.4428489,0.4032304,-0.028230398893356323,0.039618492,-0.06784889101982117,-0.028230398893356323,2.076191738337326,Barry Switzer,Barry Switzer,37.935247403787415
KAN,2002,0.5,0.5660154,0.5284808,-0.028480827808380127,0.037534595,-0.06601542234420776,-0.028480827808380127,2.076191738337326,Dick Vermeil,Dick Vermeil,37.87416004886988
CLT,1998,0.1875,0.22741017,0.21624342,-0.02874341607093811,0.011166751,-0.03991016745567322,-0.02874341607093811,2.076191738337326,Jim Mora Sr,Jim Mora Sr,37.81307269395236
SFO,1983,0.625,0.6705547,0.6539113,-0.028911292552947998,0.016643405,-0.04555469751358032,-0.028911292552947998,2.076191738337326,Bill Walsh,Bill Walsh,37.751985339034825
NYJ,1983,0.4375,0.46522278,0.4664572,-0.02895718812942505,-0.0012344122,-0.02772277593612671,-0.02895718812942505,2.076191738337326,Joe Walton,Joe Walton,37.690897984117285
RAV,2024,0.7059,0.77695495,0.73491955,-0.029019548034667997,0.0420354,-0.07105494890213016,-0.029019548034667997,2.076191738337326,John Harbaugh,John Harbaugh,37.62981062919975
NOR,2004,0.5,0.50284606,0.5293787,-0.02937871217727661,-0.02653265,-0.002846062183380127,-0.02937871217727661,2.076191738337326,Jim Haslett,Jim Haslett,37.56872327428222
PIT,1998,0.4375,0.48215207,0.4669061,-0.029406100511550903,0.015245974,-0.044652074575424194,-0.029406100511550903,2.076191738337326,Bill Cowher,Bill Cowher,37.50763591936469
SDG,2002,0.5,0.5384679,0.5294077,-0.02940768003463745,0.009060204,-0.0384678840637207,-0.02940768003463745,2.076191738337326,Marty Schottenheimer,Marty Schottenheimer,37.446548564447156
OTI,2009,0.5,0.52561563,0.52944684,-0.029446840286254883,-0.0038312078,-0.0256156325340271,-0.029446840286254883,2.076191738337326,Jeff Fisher,Jeff Fisher,37.38546120952962
DAL,2019,0.5,0.5350433,0.5296319,-0.02963191270828247,0.0054113865,-0.035043299198150635,-0.02963191270828247,2.076191738337326,Jason Garrett,Jason Garrett,37.3243738546121
WAS,2000,0.5385,0.5287558,0.5682854,-0.02978540563583376,-0.03952962,0.009744215965270975,-0.02978540563583376,2.076191738337326,Norv Turner,Norv Turner / Terry Robiskie,37.263286499694566
TAM,2019,0.4375,0.48151052,0.46734533,-0.029845327138900757,0.014165193,-0.04401051998138428,-0.029845327138900757,2.076191738337326,Bruce Arians,Bruce Arians,37.20219914477703
GNB,1979,0.3125,0.2935466,0.3425434,-0.03004339337348938,-0.048996806,0.018953412771224976,-0.03004339337348938,2.076191738337326,Bart Starr,Bart Starr,37.1411117898595
RAI,2024,0.2353,0.23778045,0.265366,-0.03006598801612853,-0.027585536,-0.002480451774597159,-0.03006598801612853,2.076191738337326,Antonio Pierce,Antonio Pierce,37.08002443494197
NOR,1998,0.375,0.41088307,0.4050897,-0.03008970618247986,0.005793363,-0.03588306903839111,-0.03008970618247986,2.076191738337326,Mike Ditka,Mike Ditka,37.018937080024436
CIN,2021,0.5882,0.58942485,0.61871654,-0.03051653795242315,-0.02929169,-0.0012248485565186096,-0.03051653795242315,2.076191738337326,Zac Taylor,Zac Taylor,36.957849725106904
SDG,1982,0.6667,0.72026306,0.6973979,-0.030697887706756632,0.022865176,-0.05356306390762333,-0.030697887706756632,2.076191738337326,Don Coryell,Don Coryell,36.89676237018937
BUF,2021,0.6471,0.6472403,0.6778046,-0.0307045892715454,-0.030564308,-0.00014028110504149538,-0.0307045892715454,2.076191738337326,Sean McDermott,Sean McDermott,36.83567501527184
CLT,1989,0.5,0.54043543,0.5307568,-0.030756771564483643,0.009678662,-0.04043543338775635,-0.030756771564483643,2.076191738337326,Ron Meyer,Ron Meyer,36.77458766035431
TAM,2009,0.1875,0.22462358,0.21871665,-0.03121665120124817,0.0059069246,-0.03712357580661774,-0.03121665120124817,2.076191738337326,Raheem Morris,Raheem Morris,36.713500305436774
CLT,1993,0.25,0.2689271,0.2814129,-0.03141289949417114,-0.012485802,-0.01892709732055664,-0.03141289949417114,2.076191738337326,Ted Marchibroda,Ted Marchibroda,36.65241295051924
DAL,2000,0.3125,0.3461147,0.34391868,-0.031418681144714355,0.002196014,-0.03361469507217407,-0.031418681144714355,2.076191738337326,Dave Campo,Dave Campo,36.59132559560171
GNB,1989,0.625,0.62655306,0.65683895,-0.031838953495025635,-0.030285895,-0.0015530586242675781,-0.031838953495025635,2.076191738337326,Lindy Infante,Lindy Infante,36.53023824068418
CHI,1984,0.625,0.66154206,0.65707994,-0.03207993507385254,0.004462123,-0.03654205799102783,-0.03207993507385254,2.076191738337326,Mike Ditka,Mike Ditka,36.469150885766645
OTI,2011,0.5625,0.562947,0.5946751,-0.03217512369155884,-0.03172815,-0.0004469752311706543,-0.03217512369155884,2.076191738337326,Mike Munchak,Mike Munchak,36.40806353084912
CAR,2009,0.5,0.5257542,0.5322545,-0.03225451707839966,-0.0065003037,-0.025754213333129883,-0.03225451707839966,2.076191738337326,John Fox,John Fox,36.34697617593158
CRD,1991,0.25,0.23648372,0.28248966,-0.032489657402038574,-0.046005934,0.013516277074813843,-0.032489657402038574,2.076191738337326,Joe Bugel,Joe Bugel,36.28588882101405
GNB,1974,0.4286,0.46303752,0.46114057,-0.032540573024749775,0.0018969476,-0.03443752064704897,-0.032540573024749775,2.076191738337326,Dan Devine,Dan Devine,36.224801466096515
WAS,1999,0.625,0.62327695,0.65758425,-0.03258424997329712,-0.0343073,0.0017230510711669922,-0.03258424997329712,2.076191738337326,Norv Turner,Norv Turner,36.16371411117898
DEN,1981,0.625,0.6433789,0.6576099,-0.03260987997055054,-0.014230967,-0.018378913402557373,-0.03260987997055054,2.076191738337326,Dan Reeves,Dan Reeves,36.10262675626145
ATL,1996,0.1875,0.2099502,0.22024396,-0.03274396061897278,-0.010293767,-0.022450193762779236,-0.03274396061897278,2.076191738337326,June Jones,June Jones,36.04153940134392
SDG,2012,0.4375,0.45352578,0.4704033,-0.032903313636779785,-0.016877532,-0.016025781631469727,-0.032903313636779785,2.076191738337326,Norv Turner,Norv Turner,35.98045204642639
CHI,2007,0.4375,0.46823728,0.47055134,-0.03305134177207947,-0.002314061,-0.03073728084564209,-0.03305134177207947,2.076191738337326,Lovie Smith,Lovie Smith,35.91936469150886
CRD,2018,0.1875,0.19156525,0.22072145,-0.03322145342826843,-0.029156208,-0.0040652453899383545,-0.03322145342826843,2.076191738337326,Steve Wilks,Steve Wilks,35.85827733659133
CHI,1997,0.25,0.27977464,0.28349817,-0.033498167991638184,-0.003723532,-0.029774636030197144,-0.033498167991638184,2.076191738337326,Dave Wannstedt,Dave Wannstedt,35.797189981673796
RAI,1986,0.5,0.5279509,0.5336621,-0.03366208076477051,-0.005711198,-0.02795088291168213,-0.03366208076477051,2.076191738337326,Tom Flores,Tom Flores,35.736102626756264
WAS,2004,0.375,0.4400175,0.40878966,-0.03378966450691223,0.031227827,-0.06501749157905579,-0.03378966450691223,2.076191738337326,Joe Gibbs,Joe Gibbs,35.67501527183873
GNB,1984,0.5,0.57719386,0.53394,-0.033940017223358154,0.04325384,-0.07719385623931885,-0.033940017223358154,2.076191738337326,Forrest Gregg,Forrest Gregg,35.6139279169212
NYG,1997,0.6562,0.56576425,0.6905569,-0.03435688381195068,-0.124792635,0.09043575162887574,-0.03435688381195068,2.076191738337326,Jim Fassel,Jim Fassel,35.55284056200366
NOR,2012,0.5,0.4897423,0.53441036,-0.03441035747528076,-0.04466805,0.010257691144943237,-0.03441035747528076,2.076191738337326,Joe Vitt,Aaron Kromer / Joe Vitt,35.491753207086134
CLE,2009,0.3125,0.30393717,0.34730142,-0.0348014235496521,-0.043364257,0.008562833070755005,-0.0348014235496521,2.076191738337326,Eric Mangini,Eric Mangini,35.4306658521686
NOR,1989,0.5625,0.6241896,0.5982046,-0.035704612731933594,0.025985003,-0.06168961524963379,-0.035704612731933594,2.076191738337326,Jim Mora Sr,Jim Mora Sr,35.36957849725107
SEA,1985,0.5,0.55443364,0.53582966,-0.03582966327667236,0.01860398,-0.05443364381790161,-0.03582966327667236,2.076191738337326,Chuck Knox,Chuck Knox,35.30849114233354
ATL,2024,0.4706,0.44473112,0.5069141,-0.03631407918930052,-0.062182963,0.02586888370513918,-0.03631407918930052,2.076191738337326,Raheem Morris,Raheem Morris,35.247403787416005
WAS,1979,0.625,0.647478,0.66139483,-0.03639483451843262,-0.01391685,-0.02247798442840576,-0.03639483451843262,2.076191738337326,Jack Pardee,Jack Pardee,35.18631643249847
PHI,2013,0.625,0.6670561,0.6615059,-0.03650587797164917,0.0055502057,-0.04205608367919922,-0.03650587797164917,2.076191738337326,Chip Kelly,Chip Kelly,35.12522907758094
DET,2018,0.375,0.41765103,0.41215995,-0.03715994954109192,0.005491078,-0.04265102744102478,-0.03715994954109192,2.076191738337326,Matt Patricia,Matt Patricia,35.06414172266341
JAX,2014,0.1875,0.18016343,0.22506885,-0.03756885230541229,-0.044905424,0.0073365718126297,-0.03756885230541229,2.076191738337326,Gus Bradley,Gus Bradley,35.003054367745875
DEN,1990,0.3125,0.35911405,0.35019675,-0.03769674897193909,0.008917302,-0.04661405086517334,-0.03769674897193909,2.076191738337326,Dan Reeves,Dan Reeves,34.94196701282834
OTI,2013,0.4375,0.41013873,0.47521478,-0.03771477937698364,-0.06507605,0.027361273765563965,-0.03771477937698364,2.076191738337326,Mike Munchak,Mike Munchak,34.88087965791081
DET,2017,0.5625,0.5947455,0.60062844,-0.038128435611724854,-0.005882919,-0.032245516777038574,-0.038128435611724854,2.076191738337326,Jim Caldwell,Jim Caldwell,34.81979230299328
CHI,2016,0.1875,0.22817405,0.22565408,-0.038154080510139465,0.0025199652,-0.04067404568195343,-0.038154080510139465,2.076191738337326,John Fox,John Fox,34.758704948075746
HTX,2006,0.375,0.35012516,0.4131949,-0.038194894790649414,-0.06306973,0.024874836206436157,-0.038194894790649414,2.076191738337326,Gary Kubiak,Gary Kubiak,34.69761759315821
PIT,2022,0.5294,0.587465,0.5677875,-0.03838752803802492,0.01967746,-0.058064988231658954,-0.03838752803802492,2.076191738337326,Mike Tomlin,Mike Tomlin,34.63653023824068
TAM,2006,0.25,0.28933513,0.28854957,-0.038549572229385376,0.0007855594,-0.03933513164520264,-0.038549572229385376,2.076191738337326,Jon Gruden,Jon Gruden,34.575442883323156
CRD,1978,0.375,0.44305456,0.41384628,-0.03884628415107727,0.029208273,-0.06805455684661865,-0.03884628415107727,2.076191738337326,Bud Wilkinson,Bud Wilkinson,34.51435552840562
NYJ,2018,0.25,0.27860522,0.28901657,-0.03901657462120056,-0.010411352,-0.028605222702026367,-0.03901657462120056,2.076191738337326,Todd Bowles,Todd Bowles,34.45326817348809
RAM,1994,0.25,0.30782017,0.28915763,-0.03915762901306152,0.018662542,-0.05782017111778259,-0.03915762901306152,2.076191738337326,Chuck Knox,Chuck Knox,34.39218081857056
WAS,1989,0.625,0.6815215,0.6642865,-0.03928649425506592,0.017234981,-0.056521475315093994,-0.03928649425506592,2.076191738337326,Joe Gibbs,Joe Gibbs,34.331093463653026
WAS,2023,0.2353,0.270288,0.27494243,-0.03964242787361144,-0.0046544373,-0.03498799057006835,-0.03964242787361144,2.076191738337326,Ron Rivera,Ron Rivera,34.27000610873549
CIN,1972,0.5714,0.61947036,0.61162394,-0.040223942852020245,0.007846415,-0.04807035789489744,-0.040223942852020245,2.076191738337326,Paul Brown,Paul Brown,34.208918753817954
KAN,1984,0.5,0.5425718,0.5402295,-0.04022949934005737,0.0023422837,-0.0425717830657959,-0.04022949934005737,2.076191738337326,John Mackovic,John Mackovic,34.14783139890043
GNB,2018,0.375,0.4231461,0.4152546,-0.04025459289550781,0.007891506,-0.04814609885215759,-0.04025459289550781,2.076191738337326,Mike McCarthy,Joe Philbin / Mike McCarthy,34.0867440439829
SFO,2014,0.5,0.5533938,0.5403225,-0.04032248258590698,0.013071299,-0.053393781185150146,-0.04032248258590698,2.076191738337326,Jim Harbaugh,Jim Harbaugh,34.025656689065364
PHI,1981,0.625,0.67749447,0.665561,-0.040561020374298096,0.011933446,-0.05249446630477905,-0.040561020374298096,2.076191738337326,Dick Vermeil,Dick Vermeil,33.96456933414783
NYJ,1973,0.2857,0.30591926,0.3262978,-0.040597789812088,-0.02037853,-0.020219259786605825,-0.040597789812088,2.076191738337326,Weeb Ewbank,Weeb Ewbank,33.9034819792303
TAM,1990,0.3846,0.41347182,0.4261527,-0.04155270614624024,-0.012680888,-0.02887181797027588,-0.04155270614624024,2.076191738337326,Ray Perkins,Ray Perkins / Richard Williamson,33.84239462431277
PHI,2011,0.5,0.55577964,0.54184484,-0.041844844818115234,0.013934791,-0.05577963590621948,-0.041844844818115234,2.076191738337326,Andy Reid,Andy Reid,33.781307269395235
PHI,1978,0.5625,0.5864684,0.60440445,-0.041904449462890625,-0.01793605,-0.023968398571014404,-0.041904449462890625,2.076191738337326,Dick Vermeil,Dick Vermeil,33.7202199144777
BUF,2004,0.5625,0.59053355,0.60473186,-0.042231857776641846,-0.014198303,-0.028033554553985596,-0.042231857776641846,2.076191738337326,Mike Mularkey,Mike Mularkey,33.65913255956017
BUF,2000,0.5,0.55529916,0.5422408,-0.042240798473358154,0.013058364,-0.05529916286468506,-0.042240798473358154,2.076191738337326,Wade Phillips,Wade Phillips,33.59804520464264
NYJ,1981,0.6562,0.6821717,0.69849175,-0.042291752147674555,-0.01632005,-0.025971702384948725,-0.042291752147674555,2.076191738337326,Walt Michaels,Walt Michaels,33.536957849725106
CRD,2022,0.2353,0.2981539,0.27782947,-0.04252946825027465,0.020324439,-0.06285390706062316,-0.04252946825027465,2.076191738337326,Kliff Kingsbury,Kliff Kingsbury,33.47587049480757
ATL,2003,0.2308,0.2582101,0.27372146,-0.042921456527709956,-0.015511364,-0.027410092782974238,-0.042921456527709956,2.076191738337326,Dan Reeves,Dan Reeves / Wade Phillips,33.41478313989004
WAS,1998,0.375,0.35760742,0.41804534,-0.04304534196853638,-0.060437918,0.01739257574081421,-0.04304534196853638,2.076191738337326,Norv Turner,Norv Turner,33.35369578497251
CIN,2024,0.5294,0.5261944,0.5730517,-0.04365169105529787,-0.046857297,0.003205606365203839,-0.04365169105529787,2.076191738337326,Zac Taylor,Zac Taylor,33.292608430054976
ATL,2011,0.625,0.6880637,0.66893893,-0.04393893480300903,0.019124746,-0.06306368112564087,-0.04393893480300903,2.076191738337326,Mike Smith,Mike Smith,33.23152107513745
NWE,1998,0.5625,0.5626481,0.6066324,-0.04413241147994995,-0.043984294,-0.0001481175422668457,-0.04413241147994995,2.076191738337326,Pete Carroll,Pete Carroll,33.17043372021992
DEN,2000,0.6875,0.7436701,0.7316679,-0.04416787624359131,0.01200223,-0.056170105934143066,-0.04416787624359131,2.076191738337326,Mike Shanahan,Mike Shanahan,33.109346365302386
ATL,1974,0.25,0.30772877,0.2942852,-0.044285207986831665,0.013443559,-0.05772876739501953,-0.044285207986831665,2.076191738337326,Norm Van Brocklin,Marion Campbell / Norm Van Brocklin,33.048259010384854
NYJ,1987,0.4,0.4563003,0.44469362,-0.0446936249732971,0.011606663,-0.056300288438796975,-0.0446936249732971,2.076191738337326,Joe Walton,Joe Walton,32.98717165546732
RAM,1991,0.1875,0.24135494,0.23225163,-0.04475162923336029,0.009103313,-0.053854942321777344,-0.04475162923336029,2.076191738337326,John Robinson,John Robinson,32.92608430054978
CRD,1984,0.5625,0.5970011,0.6080394,-0.04553937911987305,-0.011038303,-0.034501075744628906,-0.04553937911987305,2.076191738337326,Jim Hanifan,Jim Hanifan,32.86499694563225
BUF,1976,0.4,0.4548952,0.44596905,-0.045969045162200906,0.008926153,-0.054895198345184304,-0.045969045162200906,2.076191738337326,Lou Saban,Jim Ringo / Lou Saban,32.80390959071472
JAX,2024,0.2353,0.28465134,0.28140223,-0.04610223026275634,0.0032491088,-0.04935133905410766,-0.04610223026275634,2.076191738337326,Doug Pederson,Doug Pederson,32.74282223579719
MIN,2020,0.4375,0.47514576,0.4839115,-0.04641151428222656,-0.008765757,-0.03764575719833374,-0.04641151428222656,2.076191738337326,Mike Zimmer,Mike Zimmer,32.68173488087966
PIT,1988,0.3125,0.39319995,0.35893893,-0.04643893241882324,0.034261018,-0.08069995045661926,-0.04643893241882324,2.076191738337326,Chuck Noll,Chuck Noll,32.62064752596213
DET,1980,0.5625,0.6171262,0.6093248,-0.04682481288909912,0.0078014135,-0.0546262264251709,-0.04682481288909912,2.076191738337326,Monte Clark,Monte Clark,32.559560171044595
CIN,1995,0.4375,0.40352058,0.48457724,-0.0470772385597229,-0.081056654,0.03397941589355469,-0.0470772385597229,2.076191738337326,David Shula,David Shula,32.49847281612706
RAM,1977,0.7143,0.78835285,0.76155823,-0.04725823469161983,0.026794612,-0.07405284709930415,-0.04725823469161983,2.076191738337326,Chuck Knox,Chuck Knox,32.43738546120953
BUF,1970,0.25,0.25888273,0.2976474,-0.0476473867893219,-0.038764656,-0.008882731199264526,-0.0476473867893219,2.076191738337326,John Rauch,John Rauch,32.376298106292
KAN,2017,0.625,0.70543706,0.6731384,-0.04813838005065918,0.032298684,-0.0804370641708374,-0.04813838005065918,2.076191738337326,Andy Reid,Andy Reid,32.315210751374465
PIT,2023,0.5882,0.66311127,0.63646346,-0.04826346330642706,0.026647806,-0.0749112694740296,-0.04826346330642706,2.076191738337326,Mike Tomlin,Mike Tomlin,32.25412339645693
PIT,2006,0.5,0.5661818,0.5484407,-0.04844069480895996,0.017741084,-0.06618177890777588,-0.04844069480895996,2.076191738337326,Bill Cowher,Bill Cowher,32.1930360415394
JAX,2017,0.625,0.6456054,0.67409056,-0.049090564250946045,-0.028485179,-0.020605385303497314,-0.049090564250946045,2.076191738337326,Doug Marrone,Doug Marrone,32.13194868662187
NYG,1983,0.2188,0.2639686,0.26843366,-0.049633660268783575,-0.0044650733,-0.0451685869216919,-0.049633660268783575,2.076191738337326,Bill Parcells,Bill Parcells,32.070861331704336
NOR,2023,0.5294,0.5439477,0.5791075,-0.04970752296447756,-0.035159826,-0.014547696685791034,-0.04970752296447756,2.076191738337326,Dennis Allen,Dennis Allen,32.0097739767868
ATL,1987,0.2,0.22937286,0.24998641,-0.0499864101409912,-0.020613551,-0.029372859001159657,-0.0499864101409912,2.076191738337326,Marion Campbell,Marion Campbell,31.94868662186927
SDG,1973,0.1875,0.23175372,0.23761404,-0.05011403560638428,-0.005860314,-0.044253721833229065,-0.05011403560638428,2.076191738337326,Harland Svare,Harland Svare / Ron Waller,31.88759926695174
ATL,2000,0.25,0.2961362,0.30037552,-0.050375521183013916,-0.0042393208,-0.04613620042800903,-0.050375521183013916,2.076191738337326,Dan Reeves,Dan Reeves,31.82651191203421
NWE,2018,0.6875,0.77250224,0.7379072,-0.05040717124938965,0.034595072,-0.08500224351882935,-0.05040717124938965,2.076191738337326,Bill Belichick,Bill Belichick,31.765424557116678
SFO,2005,0.25,0.29966533,0.30058593,-0.050585925579071045,-0.00092059374,-0.04966533184051514,-0.050585925579071045,2.076191738337326,Mike Nolan,Mike Nolan,31.704337202199145
BUF,1978,0.3125,0.4021168,0.36310482,-0.050604820251464844,0.039011985,-0.0896168053150177,-0.050604820251464844,2.076191738337326,Chuck Knox,Chuck Knox,31.643249847281613
CRD,2000,0.2857,0.27539745,0.3365244,-0.050824397134780874,-0.061126947,0.010302550268173227,-0.050824397134780874,2.076191738337326,Vince Tobin,Dave McGinnis / Vince Tobin,31.58216249236408
CLE,1981,0.3125,0.39169553,0.3634575,-0.05095750093460083,0.028238028,-0.0791955292224884,-0.05095750093460083,2.076191738337326,Sam Rutigliano,Sam Rutigliano,31.521075137446548
NYG,1974,0.1429,0.19563664,0.19395751,-0.051057507610321046,0.0016791373,-0.05273664495944977,-0.051057507610321046,2.076191738337326,Bill Arnsparger,Bill Arnsparger,31.459987782529016
CLE,1989,0.5938,0.5492079,0.6450793,-0.05127931470870972,-0.09587139,0.044592074203491205,-0.05127931470870972,2.076191738337326,Bud Carson,Bud Carson,31.398900427611487
CRD,1970,0.6071,0.6355806,0.65876913,-0.051669130706787136,-0.023188531,-0.028480599308013943,-0.051669130706787136,2.076191738337326,Charley Winner,Charley Winner,31.337813072693955
DET,1981,0.5,0.5521787,0.5521242,-0.052124202251434326,5.4478645e-05,-0.05217868089675903,-0.052124202251434326,2.076191738337326,Monte Clark,Monte Clark,31.276725717776422
ATL,2019,0.4375,0.43181047,0.4897377,-0.05223768949508667,-0.05792722,0.005689531564712524,-0.05223768949508667,2.076191738337326,Dan Quinn,Dan Quinn,31.21563836285889
CLT,2001,0.375,0.43945515,0.427336,-0.05233600735664368,0.012119144,-0.06445515155792236,-0.05233600735664368,2.076191738337326,Jim Mora Sr,Jim Mora Sr,31.154551007941357
OTI,1986,0.3125,0.33913535,0.36486834,-0.052368342876434326,-0.025732994,-0.026635348796844482,-0.052368342876434326,2.076191738337326,Jerry Glanville,Jerry Glanville,31.09346365302382
ATL,2023,0.4118,0.4184168,0.46429533,-0.05249532766342163,-0.04587853,-0.006616798114776612,-0.05249532766342163,2.076191738337326,Arthur Smith,Arthur Smith,31.03237629810629
DET,2005,0.3636,0.41001195,0.41671678,-0.05311678423881533,-0.006704837,-0.0464119471549988,-0.05311678423881533,2.076191738337326,Steve Mariucci,Dick Jauron / Steve Mariucci,30.971288943188757
NYG,1999,0.4375,0.47866818,0.4909066,-0.053406596183776855,-0.012238413,-0.04116818308830261,-0.053406596183776855,2.076191738337326,Jim Fassel,Jim Fassel,30.91020158827123
RAM,1996,0.375,0.41186643,0.42845416,-0.05345416069030762,-0.016587734,-0.03686642646789551,-0.05345416069030762,2.076191738337326,Rich Brooks,Rich Brooks,30.849114233353696
RAM,2024,0.5882,0.66780204,0.64175904,-0.05355903797149664,0.026042998,-0.07960203580856329,-0.05355903797149664,2.076191738337326,Sean McVay,Sean McVay,30.788026878436163
BUF,2008,0.4375,0.44037727,0.49108914,-0.05358913540840149,-0.05071187,-0.002877265214920044,-0.05358913540840149,2.076191738337326,Dick Jauron,Dick Jauron,30.72693952351863
ATL,1993,0.375,0.41732597,0.42889643,-0.053896427154541016,-0.011570454,-0.04232597351074219,-0.053896427154541016,2.076191738337326,Jerry Glanville,Jerry Glanville,30.6658521686011
CHI,2002,0.25,0.27317563,0.30395797,-0.053957968950271606,-0.030782342,-0.02317562699317932,-0.053957968950271606,2.076191738337326,Dick Jauron,Dick Jauron,30.604764813683566
DET,2007,0.4375,0.4237156,0.4914887,-0.05398869514465332,-0.0677731,0.013784408569335938,-0.05398869514465332,2.076191738337326,Rod Marinelli,Rod Marinelli,30.543677458766034
DEN,2024,0.5882,0.6505451,0.6422822,-0.05408218793869024,0.008262932,-0.06234512023925787,-0.05408218793869024,2.076191738337326,Sean Payton,Sean Payton,30.482590103848505
OTI,1990,0.5625,0.6023543,0.61666775,-0.054167747497558594,-0.014313459,-0.03985428810119629,-0.054167747497558594,2.076191738337326,Jack Pardee,Jack Pardee,30.421502748930973
SFO,1999,0.25,0.32375056,0.30427834,-0.05427834391593933,0.019472212,-0.0737505555152893,-0.05427834391593933,2.076191738337326,Steve Mariucci,Steve Mariucci,30.36041539401344
SEA,1999,0.5625,0.6201408,0.61678237,-0.05428236722946167,0.0033584237,-0.057640790939331055,-0.05428236722946167,2.076191738337326,Mike Holmgren,Mike Holmgren,30.299328039095908
NWE,2024,0.2353,0.29330653,0.28962198,-0.054321978998184195,0.0036845505,-0.05800652952194213,-0.054321978998184195,2.076191738337326,Jerod Mayo,Jerod Mayo,30.238240684178376
NOR,1977,0.2143,0.24631144,0.26863995,-0.054339951944351206,-0.02232851,-0.03201144106388093,-0.054339951944351206,2.076191738337326,Hank Stram,Hank Stram,30.177153329260843
WAS,1981,0.5,0.50687665,0.5543784,-0.054378390312194824,-0.047501743,-0.006876647472381592,-0.054378390312194824,2.076191738337326,Joe Gibbs,Joe Gibbs,30.116065974343307
KAN,2009,0.25,0.31240407,0.30440387,-0.054403871297836304,0.008000195,-0.06240406632423401,-0.054403871297836304,2.076191738337326,Todd Haley,Todd Haley,30.054978619425775
DEN,1970,0.3929,0.40575925,0.4474539,-0.054553886270523044,-0.04169464,-0.012859245157241794,-0.054553886270523044,2.076191738337326,Lou Saban,Lou Saban,29.99389126450825
GNB,1990,0.375,0.37020868,0.42968646,-0.05468645691871643,-0.059477776,0.004791319370269775,-0.05468645691871643,2.076191738337326,Lindy Infante,Lindy Infante,29.932803909590717
MIN,2018,0.5312,0.59071994,0.5865504,-0.055350414562225336,0.0041695237,-0.05951993827819824,-0.055350414562225336,2.076191738337326,Mike Zimmer,Mike Zimmer,29.871716554673185
NWE,2021,0.5882,0.68507123,0.64356244,-0.055362436103820856,0.041508794,-0.09687122993469244,-0.055362436103820856,2.076191738337326,Bill Belichick,Bill Belichick,29.81062919975565
GNB,2015,0.625,0.69963336,0.68050146,-0.055501461029052734,0.019131899,-0.07463335990905762,-0.055501461029052734,2.076191738337326,Mike McCarthy,Mike McCarthy,29.749541844838117
CLT,1979,0.3125,0.37165216,0.3681616,-0.05566158890724182,0.0034905672,-0.05915215611457825,-0.05566158890724182,2.076191738337326,Ted Marchibroda,Ted Marchibroda,29.688454489920584
BUF,2009,0.3333,0.34068525,0.3891579,-0.05585789127349855,-0.048472643,-0.00738524837493898,-0.05585789127349855,2.076191738337326,Dick Jauron,Dick Jauron / Perry Fewell,29.627367135003052
RAM,1988,0.625,0.69636965,0.68098146,-0.055981457233428955,0.015388191,-0.07136964797973633,-0.055981457233428955,2.076191738337326,John Robinson,John Robinson,29.566279780085523
BUF,2002,0.5,0.51787794,0.5565822,-0.05658221244812012,-0.038704276,-0.017877936363220215,-0.05658221244812012,2.076191738337326,Gregg Williams,Gregg Williams,29.50519242516799
CIN,2005,0.6875,0.6873071,0.74415046,-0.05665045976638794,-0.05684334,0.00019288063049316406,-0.05665045976638794,2.076191738337326,Marvin Lewis,Marvin Lewis,29.44410507025046
DET,1987,0.2667,0.28580722,0.32357046,-0.05687046008110047,-0.037763238,-0.019107222127914436,-0.05687046008110047,2.076191738337326,Darryl Rogers,Darryl Rogers,29.383017715332926
ATL,1981,0.4375,0.49225795,0.49458107,-0.05708107352256775,-0.0023231208,-0.05475795269012451,-0.05708107352256775,2.076191738337326,Leeman Bennett,Leeman Bennett,29.321930360415394
OTI,1989,0.5625,0.62178683,0.6196586,-0.057158589363098145,0.0021282434,-0.05928683280944824,-0.057158589363098145,2.076191738337326,Jerry Glanville,Jerry Glanville,29.26084300549786
TAM,1987,0.2667,0.30083117,0.32393655,-0.05723655180931092,-0.023105383,-0.0341311688899994,-0.05723655180931092,2.076191738337326,Ray Perkins,Ray Perkins,29.19975565058033
NWE,2020,0.4375,0.49392998,0.49488738,-0.05738738179206848,-0.0009573996,-0.05642998218536377,-0.05738738179206848,2.076191738337326,Bill Belichick,Bill Belichick,29.138668295662796
CLE,1970,0.5,0.45845515,0.5579205,-0.05792051553726196,-0.09946537,0.04154485464096069,-0.05792051553726196,2.076191738337326,Blanton Collier,Blanton Collier,29.077580940745268
RAM,1972,0.4643,0.54371065,0.52242917,-0.058129168224334726,0.02128148,-0.0794106490135193,-0.058129168224334726,2.076191738337326,Tommy Prothro,Tommy Prothro,29.016493585827735
RAI,2013,0.25,0.27865738,0.30848798,-0.05848798155784607,-0.029830605,-0.028657376766204834,-0.05848798155784607,2.076191738337326,Dennis Allen,Dennis Allen,28.955406230910203
GNB,2000,0.5625,0.62940955,0.62111974,-0.05861973762512207,0.008289814,-0.0669095516204834,-0.05861973762512207,2.076191738337326,Mike Sherman,Mike Sherman,28.89431887599267
OTI,2012,0.375,0.39037004,0.4338909,-0.05889090895652771,-0.043520868,-0.015370041131973267,-0.05889090895652771,2.076191738337326,Mike Munchak,Mike Munchak,28.833231521075138
ATL,1972,0.5,0.5396349,0.5591336,-0.05913358926773071,-0.019498706,-0.039634883403778076,-0.05913358926773071,2.076191738337326,Norm Van Brocklin,Norm Van Brocklin,28.772144166157602
NYJ,2024,0.4,0.44757247,0.4591362,-0.0591361880302429,-0.011563718,-0.04757246971130369,-0.0591361880302429,2.076191738337326,Robert Saleh,Jeff Ulbrich / Robert Saleh,28.71105681124007
WAS,2016,0.5312,0.5579373,0.59035593,-0.059155932712554926,-0.03241861,-0.026737324047088618,-0.059155932712554926,2.076191738337326,Jay Gruden,Jay Gruden,28.649969456322545
CRD,2006,0.3125,0.38697582,0.37221226,-0.05971226096153259,0.014763564,-0.07447582483291626,-0.05971226096153259,2.076191738337326,Dennis Green,Dennis Green,28.588882101405012
OTI,2010,0.375,0.44283274,0.4347449,-0.05974489450454712,0.008087844,-0.06783273816108704,-0.05974489450454712,2.076191738337326,Jeff Fisher,Jeff Fisher,28.52779474648748
DET,2002,0.1875,0.17902678,0.24734655,-0.05984655022621155,-0.06831977,0.008473217487335205,-0.05984655022621155,2.076191738337326,Marty Mornhinweg,Marty Mornhinweg,28.466707391569944
KAN,1980,0.5,0.5353292,0.560062,-0.0600619912147522,-0.024732769,-0.035329222679138184,-0.0600619912147522,2.076191738337326,Marv Levy,Marv Levy,28.40562003665241
CHI,2008,0.5625,0.6114109,0.62262493,-0.06012493371963501,-0.011214018,-0.04891091585159302,-0.06012493371963501,2.076191738337326,Lovie Smith,Lovie Smith,28.34453268173488
HTX,2011,0.625,0.6613728,0.68565786,-0.06065785884857178,-0.024285078,-0.03637278079986572,-0.06065785884857178,2.076191738337326,Gary Kubiak,Gary Kubiak,28.283445326817347
BUF,2019,0.625,0.6316047,0.685685,-0.06068497896194458,-0.054080307,-0.006604671478271484,-0.06068497896194458,2.076191738337326,Sean McDermott,Sean McDermott,28.222357971899815
SFO,1995,0.6875,0.7733501,0.7483479,-0.06084787845611572,0.025002241,-0.08585011959075928,-0.06084787845611572,2.076191738337326,George Seifert,George Seifert,28.161270616982286
OTI,1972,0.0714,0.15400712,0.132331,-0.060930998778343196,0.021676123,-0.08260712192058563,-0.060930998778343196,2.076191738337326,Bill Peterson,Bill Peterson,28.100183262064753
GNB,1977,0.2857,0.32212165,0.34669137,-0.06099137001037597,-0.02456972,-0.036421649980545034,-0.06099137001037597,2.076191738337326,Bart Starr,Bart Starr,28.03909590714722
RAV,1996,0.25,0.26926872,0.3110224,-0.061022400856018066,-0.04175368,-0.019268721342086792,-0.061022400856018066,2.076191738337326,Ted Marchibroda,Ted Marchibroda,27.97800855222969
MIN,1986,0.5625,0.5971459,0.6237847,-0.06128472089767456,-0.026638806,-0.034645915031433105,-0.06128472089767456,2.076191738337326,Jerry Burns,Jerry Burns,27.916921197312156
SDG,2003,0.25,0.33842435,0.3116437,-0.06164368987083435,0.026780665,-0.08842435479164124,-0.06164368987083435,2.076191738337326,Marty Schottenheimer,Marty Schottenheimer,27.855833842394624
CHI,1974,0.2857,0.31505096,0.3474288,-0.0617287986755371,-0.03237784,-0.02935095958709716,-0.0617287986755371,2.076191738337326,Abe Gibron,Abe Gibron,27.79474648747709
DEN,1982,0.2222,0.28129637,0.28404486,-0.06184486179351806,-0.0027484894,-0.059096372413635245,-0.06184486179351806,2.076191738337326,Dan Reeves,Dan Reeves,27.733659132559563
CAR,2016,0.375,0.44930264,0.43684602,-0.061846017837524414,0.012456626,-0.07430264353752136,-0.061846017837524414,2.076191738337326,Ron Rivera,Ron Rivera,27.67257177764203
CHI,2004,0.3125,0.3448761,0.37440178,-0.06190177798271179,-0.029525667,-0.032376110553741455,-0.06190177798271179,2.076191738337326,Lovie Smith,Lovie Smith,27.611484422724498
NYJ,1982,0.6667,0.69675624,0.72872037,-0.06202036695480351,-0.031964123,-0.030056243705749552,-0.06202036695480351,2.076191738337326,Walt Michaels,Walt Michaels,27.550397067806966
SFO,1985,0.625,0.70023173,0.68710345,-0.062103450298309326,0.013128281,-0.07523173093795776,-0.062103450298309326,2.076191738337326,Bill Walsh,Bill Walsh,27.48930971288943
CLT,1971,0.7143,0.7976597,0.77644473,-0.06214473314285274,0.021214962,-0.08335969514846797,-0.06214473314285274,2.076191738337326,Don McCafferty,Don McCafferty,27.428222357971897
ATL,2015,0.5,0.53001106,0.56241006,-0.062410056591033936,-0.032399,-0.03001105785369873,-0.062410056591033936,2.076191738337326,Dan Quinn,Dan Quinn,27.367135003054365
DEN,2009,0.5,0.5387097,0.5626939,-0.06269389390945435,-0.023984194,-0.03870970010757446,-0.06269389390945435,2.076191738337326,Josh McDaniels,Josh McDaniels,27.306047648136833
NYG,2021,0.2353,0.27574733,0.29832917,-0.0630291745185852,-0.022581846,-0.040447328996658316,-0.0630291745185852,2.076191738337326,Joe Judge,Joe Judge,27.244960293219307
DET,1979,0.125,0.19571081,0.18823515,-0.06323514878749847,0.0074756593,-0.07071080803871155,-0.06323514878749847,2.076191738337326,Monte Clark,Monte Clark,27.18387293830177
CAR,2012,0.4375,0.4742643,0.50122356,-0.06372356414794922,-0.02695927,-0.036764293909072876,-0.06372356414794922,2.076191738337326,Ron Rivera,Ron Rivera,27.12278558338424
KAN,1975,0.3571,0.39454406,0.42113498,-0.06403497853279116,-0.026590914,-0.037444064998626736,-0.06403497853279116,2.076191738337326,Paul Wiggin,Paul Wiggin,27.061698228466707
NYJ,2004,0.625,0.64497566,0.6890674,-0.06406742334365845,-0.04409176,-0.019975662231445312,-0.06406742334365845,2.076191738337326,Herm Edwards,Herm Edwards,27.000610873549174
HTX,2013,0.1538,0.21513714,0.21838742,-0.0645874249458313,-0.003250286,-0.061337138962745674,-0.0645874249458313,2.076191738337326,Gary Kubiak,Gary Kubiak / Wade Phillips,26.939523518631642
SEA,2008,0.25,0.34482765,0.31474984,-0.0647498369216919,0.030077815,-0.09482765197753906,-0.0647498369216919,2.076191738337326,Mike Holmgren,Mike Holmgren,26.87843616371411
CLE,2004,0.2727,0.29798454,0.33751756,-0.06481755952835083,-0.03953302,-0.0252845404624939,-0.06481755952835083,2.076191738337326,Butch Davis,Butch Davis / Terry Robiskie,26.81734880879658
KAN,1974,0.3571,0.4512036,0.422001,-0.0649010042190552,0.02920261,-0.09410361447334292,-0.0649010042190552,2.076191738337326,Hank Stram,Hank Stram,26.75626145387905
CAR,1995,0.4375,0.43223178,0.5033303,-0.0658302903175354,-0.07109851,0.005268216133117676,-0.0658302903175354,2.076191738337326,Dom Capers,Dom Capers,26.695174098961516
WAS,1995,0.375,0.4140472,0.44091251,-0.06591251492500305,-0.026865304,-0.03904721140861511,-0.06591251492500305,2.076191738337326,Norv Turner,Norv Turner,26.634086744043984
PHI,2008,0.5938,0.67086965,0.66066176,-0.0668617569923401,0.010207891,-0.07706964845657349,-0.0668617569923401,2.076191738337326,Andy Reid,Andy Reid,26.57299938912645
DET,1998,0.3125,0.41268244,0.37960255,-0.06710255146026611,0.033079892,-0.100182443857193,-0.06710255146026611,2.076191738337326,Bobby Ross,Bobby Ross,26.51191203420892
NOR,2015,0.4375,0.5256278,0.5047437,-0.06724369525909424,0.020884097,-0.08812779188156128,-0.06724369525909424,2.076191738337326,Sean Payton,Sean Payton,26.450824679291387
NYG,1982,0.4444,0.47800374,0.5122253,-0.06782527027130125,-0.03422153,-0.03360374031066893,-0.06782527027130125,2.076191738337326,Ray Perkins,Ray Perkins,26.38973732437385
CLE,2013,0.25,0.27627632,0.3178593,-0.06785929203033447,-0.04158297,-0.026276320219039917,-0.06785929203033447,2.076191738337326,Rob Chudzinski,Rob Chudzinski,26.328649969456325
NOR,2007,0.4375,0.48986855,0.5056914,-0.06819140911102295,-0.015822858,-0.05236855149269104,-0.06819140911102295,2.076191738337326,Sean Payton,Sean Payton,26.267562614538793
CRD,1997,0.25,0.27921876,0.31823018,-0.06823018193244934,-0.03901142,-0.02921876311302185,-0.06823018193244934,2.076191738337326,Vince Tobin,Vince Tobin,26.20647525962126
CIN,1999,0.25,0.26969323,0.31828144,-0.06828144192695618,-0.048588216,-0.019693225622177124,-0.06828144192695618,2.076191738337326,Bruce Coslet,Bruce Coslet,26.145387904703725
GNB,1971,0.3571,0.36968413,0.4253912,-0.06829119720458987,-0.055707067,-0.012584129953384426,-0.06829119720458987,2.076191738337326,Dan Devine,Dan Devine,26.084300549786192
NYJ,2020,0.125,0.17148453,0.1935697,-0.06856970489025116,-0.022085175,-0.046484529972076416,-0.06856970489025116,2.076191738337326,Adam Gase,Adam Gase,26.02321319486866
SDG,1993,0.5,0.59723586,0.5686198,-0.06861978769302368,0.02861607,-0.09723585844039917,-0.06861978769302368,2.076191738337326,Bobby Ross,Bobby Ross,25.962125839951128
CLE,2006,0.25,0.27313247,0.318628,-0.06862801313400269,-0.04549554,-0.02313247323036194,-0.06862801313400269,2.076191738337326,Romeo Crennel,Romeo Crennel,25.901038485033602
NYJ,2015,0.625,0.6535499,0.6938078,-0.06880778074264526,-0.04025787,-0.028549909591674805,-0.06880778074264526,2.076191738337326,Todd Bowles,Todd Bowles,25.839951130116066
NYJ,1975,0.2222,0.29966676,0.2910243,-0.06882429747581481,0.008642465,-0.07746676235198974,-0.06882429747581481,2.076191738337326,Charley Winner,Charley Winner / Ken Shipp,25.778863775198534
ATL,1984,0.25,0.28268588,0.3189491,-0.06894910335540771,-0.036263227,-0.03268587589263916,-0.06894910335540771,2.076191738337326,Dan Henning,Dan Henning,25.717776420281
CIN,2003,0.5,0.56528497,0.56901824,-0.06901824474334717,-0.0037332773,-0.06528496742248535,-0.06901824474334717,2.076191738337326,Marvin Lewis,Marvin Lewis,25.65668906536347
OTI,2005,0.25,0.31829894,0.3201911,-0.07019108533859253,-0.0018921494,-0.06829893589019775,-0.07019108533859253,2.076191738337326,Jeff Fisher,Jeff Fisher,25.595601710445937
DEN,1993,0.5625,0.6183612,0.63271093,-0.07021093368530273,-0.014349759,-0.05586117506027222,-0.07021093368530273,2.076191738337326,Wade Phillips,Wade Phillips,25.534514355528405
CRD,1992,0.25,0.2693403,0.3205733,-0.07057330012321472,-0.051232994,-0.019340306520462036,-0.07057330012321472,2.076191738337326,Joe Bugel,Joe Bugel,25.473427000610872
MIN,1980,0.5625,0.6432194,0.63356507,-0.07106506824493408,0.009654343,-0.08071941137313843,-0.07106506824493408,2.076191738337326,Bud Grant,Bud Grant,25.412339645693343
WAS,2001,0.5,0.58684826,0.571204,-0.07120400667190552,0.015644252,-0.08684825897216797,-0.07120400667190552,2.076191738337326,Marty Schottenheimer,Marty Schottenheimer,25.35125229077581
NYG,1979,0.375,0.38677862,0.44622916,-0.07122915983200073,-0.059450537,-0.01177862286567688,-0.07122915983200073,2.076191738337326,Ray Perkins,Ray Perkins,25.29016493585828
NOR,1996,0.25,0.3596148,0.3212459,-0.07124590873718262,0.03836888,-0.1096147894859314,-0.07124590873718262,2.076191738337326,Jim Mora Sr,Jim Mora Sr / Rick Venturi,25.229077580940746
MIN,2003,0.5625,0.62140536,0.6339479,-0.07144790887832642,-0.012542546,-0.05890536308288574,-0.07144790887832642,2.076191738337326,Mike Tice,Mike Tice,25.167990226023214
CLE,2014,0.4375,0.4632532,0.5093061,-0.07180607318878174,-0.046052873,-0.0257532000541687,-0.07180607318878174,2.076191738337326,Mike Pettine,Mike Pettine,25.106902871105678
NYG,1972,0.5714,0.5837047,0.6433794,-0.07197939023971556,-0.05967468,-0.012304710006713848,-0.07197939023971556,2.076191738337326,Alex Webster,Alex Webster,25.045815516188146
PHI,1983,0.3125,0.31047812,0.38489825,-0.07239824533462524,-0.074420124,0.002021878957748413,-0.07239824533462524,2.076191738337326,Marion Campbell,Marion Campbell,24.984728161270617
HTX,2002,0.25,0.3006732,0.32257915,-0.07257914543151855,-0.021905959,-0.05067318677902222,-0.07257914543151855,2.076191738337326,Dom Capers,Dom Capers,24.923640806353085
NWE,2023,0.2353,0.35077977,0.30789596,-0.07259595842361449,0.042883813,-0.11547977180480956,-0.07259595842361449,2.076191738337326,Bill Belichick,Bill Belichick,24.862553451435552
WAS,2010,0.375,0.45605046,0.4478391,-0.07283911108970642,0.0082113445,-0.08105045557022095,-0.07283911108970642,2.076191738337326,Mike Shanahan,Mike Shanahan,24.80146609651802
SDG,1989,0.375,0.3887848,0.44805512,-0.07305511832237244,-0.059270322,-0.013784795999526978,-0.07305511832237244,2.076191738337326,Dan Henning,Dan Henning,24.740378741600487
KAN,2004,0.4375,0.5242085,0.51059365,-0.07309365272521973,0.013614833,-0.08670848608016968,-0.07309365272521973,2.076191738337326,Dick Vermeil,Dick Vermeil,24.679291386682955
ATL,1976,0.2,0.22534396,0.2733456,-0.07334558963775634,-0.048001632,-0.025343957543373097,-0.07334558963775634,2.076191738337326,Marion Campbell,Marion Campbell / Pat Peppler,24.618204031765426
RAI,2004,0.3125,0.38085812,0.38588938,-0.07338938117027283,-0.005031258,-0.06835812330245972,-0.07338938117027283,2.076191738337326,Norv Turner,Norv Turner,24.557116676847894
TAM,1996,0.375,0.37053126,0.44855252,-0.07355251908302307,-0.07802126,0.004468739032745361,-0.07355251908302307,2.076191738337326,Tony Dungy,Tony Dungy,24.49602932193036
RAV,2016,0.5,0.5824136,0.57362866,-0.07362866401672363,0.00878495,-0.08241361379623413,-0.07362866401672363,2.076191738337326,John Harbaugh,John Harbaugh,24.434941967012826
CLE,2000,0.1875,0.19507656,0.2613445,-0.07384449243545532,-0.06626794,-0.007576555013656616,-0.07384449243545532,2.076191738337326,Chris Palmer,Chris Palmer,24.373854612095297
SDG,2010,0.5625,0.61447585,0.6367531,-0.07425308227539062,-0.022277236,-0.05197584629058838,-0.07425308227539062,2.076191738337326,Norv Turner,Norv Turner,24.312767257177764
NYG,2023,0.3529,0.40441343,0.42716265,-0.07426264724731446,-0.022749215,-0.051513431882858285,-0.07426264724731446,2.076191738337326,Brian Daboll,Brian Daboll,24.251679902260232
BUF,2016,0.4667,0.5498932,0.541283,-0.0745830114364624,0.008610189,-0.08319320039749145,-0.0745830114364624,2.076191738337326,Rex Ryan,Anthony Lynn / Rex Ryan,24.1905925473427
PIT,2009,0.5625,0.6520451,0.63739,-0.07489001750946045,0.014655054,-0.08954507112503052,-0.07489001750946045,2.076191738337326,Mike Tomlin,Mike Tomlin,24.129505192425167
JAX,2000,0.4375,0.5210026,0.51284045,-0.07534044981002808,0.008162141,-0.08350259065628052,-0.07534044981002808,2.076191738337326,Tom Coughlin,Tom Coughlin,24.068417837507635
NYJ,2003,0.375,0.42536533,0.45078245,-0.07578244805335999,-0.02541712,-0.050365328788757324,-0.07578244805335999,2.076191738337326,Herm Edwards,Herm Edwards,24.007330482590103
MIN,1993,0.5625,0.6317642,0.63829106,-0.07579106092453003,-0.0065268874,-0.06926417350769043,-0.07579106092453003,2.076191738337326,Dennis Green,Dennis Green,23.946243127672574
CHI,2013,0.5,0.5227556,0.5758528,-0.07585281133651733,-0.05309719,-0.02275562286376953,-0.07585281133651733,2.076191738337326,Marc Trestman,Marc Trestman,23.88515577275504
PHI,1998,0.1875,0.25203452,0.26340288,-0.07590287923812866,-0.011368364,-0.0645345151424408,-0.07590287923812866,2.076191738337326,Ray Rhodes,Ray Rhodes,23.82406841783751
CAR,2002,0.4375,0.47253522,0.5134403,-0.07594031095504761,-0.04090509,-0.03503522276878357,-0.07594031095504761,2.076191738337326,John Fox,John Fox,23.762981062919973
MIN,1984,0.1875,0.23471358,0.26356095,-0.076060950756073,-0.028847367,-0.047213584184646606,-0.076060950756073,2.076191738337326,Les Steckel,Les Steckel,23.701893708002444
DET,2011,0.625,0.6325891,0.7011509,-0.07615089416503906,-0.06856179,-0.007589101791381836,-0.07615089416503906,2.076191738337326,Jim Schwartz,Jim Schwartz,23.640806353084912
DEN,1978,0.625,0.70447654,0.70123106,-0.07623106241226196,0.003245473,-0.07947653532028198,-0.07623106241226196,2.076191738337326,Red Miller,Red Miller,23.57971899816738
TAM,2007,0.5625,0.6571256,0.63897294,-0.0764729380607605,0.018152654,-0.09462559223175049,-0.0764729380607605,2.076191738337326,Jon Gruden,Jon Gruden,23.518631643249847
PIT,1990,0.5625,0.67787695,0.6390992,-0.07659918069839478,0.03877777,-0.11537694931030273,-0.07659918069839478,2.076191738337326,Chuck Noll,Chuck Noll,23.457544288332315
DET,2015,0.4375,0.49350238,0.5141274,-0.07662737369537354,-0.020624995,-0.05600237846374512,-0.07662737369537354,2.076191738337326,Jim Caldwell,Jim Caldwell,23.396456933414782
CIN,2020,0.2812,0.3084538,0.35790023,-0.07670023207664489,-0.049446434,-0.027253798294067377,-0.07670023207664489,2.076191738337326,Zac Taylor,Zac Taylor,23.33536957849725
GNB,2010,0.625,0.71357536,0.702216,-0.07721602916717529,0.011359334,-0.08857536315917969,-0.07721602916717529,2.076191738337326,Mike McCarthy,Mike McCarthy,23.27428222357972
DEN,2001,0.5,0.5826476,0.5778665,-0.07786649465560913,0.004781127,-0.08264762163162231,-0.07786649465560913,2.076191738337326,Mike Shanahan,Mike Shanahan,23.21319486866219
OTI,2024,0.1765,0.29458898,0.25457242,-0.07807242131233216,0.04001656,-0.11808898305892945,-0.07807242131233216,2.076191738337326,Brian Callahan,Brian Callahan,23.152107513744653
NYJ,1995,0.1875,0.24304497,0.26595366,-0.0784536600112915,-0.022908688,-0.05554497241973877,-0.0784536600112915,2.076191738337326,Rich Kotite,Rich Kotite,23.09102015882712
NYG,2024,0.1765,0.20368603,0.2549592,-0.07845919585227967,-0.051273167,-0.027186028718948374,-0.07845919585227967,2.076191738337326,Brian Daboll,Brian Daboll,23.029932803909592
SFO,1977,0.3571,0.4362838,0.43565363,-0.07855362691879275,0.0006301701,-0.07918379702568057,-0.07855362691879275,2.076191738337326,Ken Meyer,Ken Meyer,22.96884544899206
NWE,1999,0.5,0.54923064,0.5792313,-0.07923132181167603,-0.030000687,-0.04923063516616821,-0.07923132181167603,2.076191738337326,Pete Carroll,Pete Carroll,22.907758094074527
PIT,2000,0.5625,0.6664536,0.6418334,-0.07933342456817627,0.024620175,-0.10395359992980957,-0.07933342456817627,2.076191738337326,Bill Cowher,Bill Cowher,22.846670739156995
NOR,2002,0.5625,0.6019422,0.6423164,-0.07981640100479126,-0.04037422,-0.03944218158721924,-0.07981640100479126,2.076191738337326,Jim Haslett,Jim Haslett,22.785583384239462
NYJ,2017,0.3125,0.3890257,0.39240804,-0.07990804314613342,-0.003382355,-0.07652568817138672,-0.07990804314613342,2.076191738337326,Todd Bowles,Todd Bowles,22.72449602932193
SDG,1970,0.4643,0.4794911,0.54435086,-0.08005086250305177,-0.06485975,-0.015191114616394052,-0.08005086250305177,2.076191738337326,Charlie Waller,Charlie Waller,22.663408674404398
DAL,1989,0.0625,0.11892538,0.14255683,-0.08005683124065399,-0.023631454,-0.05642537772655487,-0.08005683124065399,2.076191738337326,Jimmy Johnson,Jimmy Johnson,22.602321319486865
CHI,1973,0.2143,0.27888983,0.2947757,-0.08047569460868836,-0.01588586,-0.06458983488082887,-0.08047569460868836,2.076191738337326,Abe Gibron,Abe Gibron,22.541233964569336
CLE,2010,0.3125,0.346618,0.39339727,-0.0808972716331482,-0.046779275,-0.03411799669265747,-0.0808972716331482,2.076191738337326,Eric Mangini,Eric Mangini,22.4801466096518
RAI,1998,0.5,0.5560551,0.58121234,-0.08121234178543091,-0.025157213,-0.05605512857437134,-0.08121234178543091,2.076191738337326,Jon Gruden,Jon Gruden,22.419059254734268
PIT,2003,0.375,0.492337,0.45641223,-0.08141222596168518,0.035924762,-0.11733698844909668,-0.08141222596168518,2.076191738337326,Bill Cowher,Bill Cowher,22.35797189981674
SFO,2007,0.3125,0.33543634,0.39410242,-0.08160242438316345,-0.05866608,-0.022936344146728516,-0.08160242438316345,2.076191738337326,Mike Nolan,Mike Nolan,22.296884544899207
JAX,2006,0.5,0.56117785,0.58185244,-0.08185243606567383,-0.020674586,-0.061177849769592285,-0.08185243606567383,2.076191738337326,Jack Del Rio,Jack Del Rio,22.235797189981675
RAI,2007,0.25,0.3267252,0.33186978,-0.08186978101730347,-0.0051445663,-0.07672521471977234,-0.08186978101730347,2.076191738337326,Lane Kiffin,Lane Kiffin,22.174709835064142
NYJ,2012,0.375,0.46877006,0.45759362,-0.08259361982345581,0.011176437,-0.09377005696296692,-0.08259361982345581,2.076191738337326,Rex Ryan,Rex Ryan,22.11362248014661
CLT,1980,0.4375,0.44275147,0.52013355,-0.08263355493545532,-0.07738209,-0.005251467227935791,-0.08263355493545532,2.076191738337326,Mike McCormack,Mike McCormack,22.052535125229078
SDG,1986,0.125,0.18496394,0.20792136,-0.0829213559627533,-0.022957414,-0.05996394157409668,-0.0829213559627533,2.076191738337326,Don Coryell,Al Saunders / Don Coryell,21.991447770311545
KAN,1987,0.2667,0.36757085,0.3497342,-0.08303418712615968,0.01783666,-0.10087084727287293,-0.08303418712615968,2.076191738337326,Frank Gansz,Frank Gansz,21.930360415394013
CIN,1983,0.4375,0.5390866,0.5205412,-0.08304119110107422,0.01854539,-0.10158658027648926,-0.08304119110107422,2.076191738337326,Forrest Gregg,Forrest Gregg,21.869273060476484
CLE,2019,0.375,0.46136737,0.45808876,-0.08308875560760498,0.003278613,-0.08636736869812012,-0.08308875560760498,2.076191738337326,Freddie Kitchens,Freddie Kitchens,21.808185705558948
DET,1988,0.1818,0.2413615,0.26511574,-0.08331573791503907,-0.02375424,-0.05956149883270265,-0.08331573791503907,2.076191738337326,Darryl Rogers,Darryl Rogers / Wayne Fontes,21.747098350641416
OTI,2014,0.125,0.19467737,0.20846164,-0.08346164226531982,-0.013784274,-0.06967736780643463,-0.08346164226531982,2.076191738337326,Ken Whisenhunt,Ken Whisenhunt,21.686010995723883
GNB,2016,0.625,0.7283739,0.70862204,-0.0836220383644104,0.019751847,-0.10337388515472412,-0.0836220383644104,2.076191738337326,Mike McCarthy,Mike McCarthy,21.624923640806355
CHI,1995,0.5625,0.62173396,0.64620876,-0.0837087631225586,-0.0244748,-0.05923396348953247,-0.0837087631225586,2.076191738337326,Dave Wannstedt,Dave Wannstedt,21.563836285888822
CAR,1999,0.5,0.61259806,0.58380055,-0.0838005542755127,0.028797507,-0.11259806156158447,-0.0838005542755127,2.076191738337326,George Seifert,George Seifert,21.50274893097129
PHI,1986,0.3438,0.4010127,0.42770624,-0.08390624160766602,-0.026693553,-0.05721268887519837,-0.08390624160766602,2.076191738337326,Buddy Ryan,Buddy Ryan,21.441661576053757
RAM,2006,0.5,0.55026215,0.5843936,-0.08439362049102783,-0.034131467,-0.05026215314865112,-0.08439362049102783,2.076191738337326,Scott Linehan,Scott Linehan,21.380574221136225
RAM,1995,0.4375,0.47595793,0.5220998,-0.08459979295730591,-0.046141863,-0.03845793008804321,-0.08459979295730591,2.076191738337326,Rich Brooks,Rich Brooks,21.319486866218693
CHI,1980,0.4375,0.51172906,0.52211154,-0.08461153507232666,-0.0103824735,-0.07422906160354614,-0.08461153507232666,2.076191738337326,Neill Armstrong,Neill Armstrong,21.25839951130116
NYJ,2014,0.25,0.33042318,0.33495063,-0.08495062589645386,-0.0045274496,-0.08042317628860474,-0.08495062589645386,2.076191738337326,Rex Ryan,Rex Ryan,21.19731215638363
NWE,1970,0.1429,0.1908516,0.22794934,-0.08504933617115021,-0.037097737,-0.0479515989780426,-0.08504933617115021,2.076191738337326,Clive Rush,Clive Rush / John Mazur,21.136224801466096
GNB,1988,0.25,0.3209606,0.33566856,-0.08566856384277344,-0.014707953,-0.07096061110496521,-0.08566856384277344,2.076191738337326,Lindy Infante,Lindy Infante,21.075137446548563
CHI,1998,0.25,0.34831628,0.33618352,-0.08618351817131042,0.012132764,-0.09831628203392029,-0.08618351817131042,2.076191738337326,Dave Wannstedt,Dave Wannstedt,21.01405009163103
JAX,2018,0.3125,0.40352806,0.39929968,-0.08679968118667603,0.0042283833,-0.09102806448936462,-0.08679968118667603,2.076191738337326,Doug Marrone,Doug Marrone,20.952962736713502
TAM,2004,0.3125,0.40508717,0.3996618,-0.08716180920600891,0.005425364,-0.0925871729850769,-0.08716180920600891,2.076191738337326,Jon Gruden,Jon Gruden,20.89187538179597
MIN,2021,0.4706,0.5678624,0.5578145,-0.08721447887420652,0.010047913,-0.09726239147186277,-0.08721447887420652,2.076191738337326,Mike Zimmer,Mike Zimmer,20.830788026878437
NWE,1974,0.5,0.53327984,0.58723605,-0.08723604679107666,-0.05395621,-0.03327983617782593,-0.08723604679107666,2.076191738337326,Chuck Fairbanks,Chuck Fairbanks,20.7697006719609
PIT,1970,0.3571,0.4045323,0.445007,-0.08790699639320376,-0.040474683,-0.04743231334686282,-0.08790699639320376,2.076191738337326,Chuck Noll,Chuck Noll,20.708613317043373
SDG,2022,0.5882,0.63663876,0.6762255,-0.08802548341751104,-0.039586723,-0.04843876056671148,-0.08802548341751104,2.076191738337326,Brandon Staley,Brandon Staley,20.64752596212584
NOR,1986,0.4375,0.5007926,0.52627,-0.08876997232437134,-0.02547735,-0.06329262256622314,-0.08876997232437134,2.076191738337326,Jim Mora Sr,Jim Mora Sr,20.586438607208308
DET,1982,0.4444,0.5379483,0.5334874,-0.08908737955093382,0.004460931,-0.0935483103752136,-0.08908737955093382,2.076191738337326,Monte Clark,Monte Clark,20.525351252290776
NYJ,1991,0.5,0.5261766,0.5892722,-0.08927220106124878,-0.06309563,-0.0261765718460083,-0.08927220106124878,2.076191738337326,Bruce Coslet,Bruce Coslet,20.464263897373243
DEN,2018,0.375,0.42524645,0.4646003,-0.08960029482841492,-0.039353848,-0.05024644732475281,-0.08960029482841492,2.076191738337326,Vance Joseph,Vance Joseph,20.40317654245571
WAS,1970,0.4286,0.49111557,0.5188002,-0.09020019903182985,-0.027684629,-0.0625155700683594,-0.09020019903182985,2.076191738337326,Bill Austin,Bill Austin,20.34208918753818
NYG,2015,0.375,0.46748072,0.46572286,-0.09072285890579224,0.0017578602,-0.09248071908950806,-0.09072285890579224,2.076191738337326,Tom Coughlin,Tom Coughlin,20.28100183262065
CLE,2003,0.3125,0.36874443,0.40374142,-0.09124141931533813,-0.034996986,-0.05624443292617798,-0.09124141931533813,2.076191738337326,Butch Davis,Butch Davis,20.219914477703117
PHI,1977,0.3571,0.44759557,0.4483529,-0.09125290312767032,-0.0007573366,-0.0904955665111542,-0.09125290312767032,2.076191738337326,Dick Vermeil,Dick Vermeil,20.15882712278558
BUF,1971,0.0714,0.11359541,0.16266407,-0.09126407072544097,-0.04906866,-0.042195411181449885,-0.09126407072544097,2.076191738337326,Harvey Johnson,Harvey Johnson,20.09773976786805
JAX,2023,0.5294,0.6296247,0.62089187,-0.09149186906814577,0.008732855,-0.10022472438812258,-0.09149186906814577,2.076191738337326,Doug Pederson,Doug Pederson,20.03665241295052
SDG,2001,0.3125,0.37710947,0.4039943,-0.09149429202079773,-0.026884824,-0.06460946798324585,-0.09149429202079773,2.076191738337326,Mike Riley,Mike Riley,19.975565058032988
SDG,2011,0.5,0.58048975,0.5916988,-0.09169882535934448,-0.011209071,-0.08048975467681885,-0.09169882535934448,2.076191738337326,Norv Turner,Norv Turner,19.914477703115455
OTI,1998,0.5,0.587895,0.5920931,-0.09209311008453369,-0.004198134,-0.0878949761390686,-0.09209311008453369,2.076191738337326,Jeff Fisher,Jeff Fisher,19.853390348197923
RAV,2013,0.5,0.604887,0.5927882,-0.0927882194519043,0.012098789,-0.10488700866699219,-0.0927882194519043,2.076191738337326,John Harbaugh,John Harbaugh,19.79230299328039
WAS,2011,0.3125,0.42569736,0.40555266,-0.09305265545845032,0.020144701,-0.11319735646247864,-0.09305265545845032,2.076191738337326,Mike Shanahan,Mike Shanahan,19.73121563836286
NYJ,1972,0.5,0.5816679,0.5931238,-0.09312379360198975,-0.0114558935,-0.08166790008544922,-0.09312379360198975,2.076191738337326,Weeb Ewbank,Weeb Ewbank,19.670128283445326
CLE,1995,0.3125,0.42659134,0.40644076,-0.09394076466560364,0.020150572,-0.11409133672714233,-0.09394076466560364,2.076191738337326,Bill Belichick,Bill Belichick,19.609040928527797
KAN,1970,0.5714,0.6444967,0.665786,-0.09438602790832518,-0.021289349,-0.07309667930603025,-0.09438602790832518,2.076191738337326,Hank Stram,Hank Stram,19.547953573610265
BUF,1994,0.4375,0.54774225,0.53211117,-0.09461116790771484,0.01563108,-0.11024224758148193,-0.09461116790771484,2.076191738337326,Marv Levy,Marv Levy,19.48686621869273
MIN,1972,0.5,0.58473355,0.59514254,-0.09514254331588745,-0.010408998,-0.08473354578018188,-0.09514254331588745,2.076191738337326,Bud Grant,Bud Grant,19.425778863775196
BUF,2005,0.3125,0.42630097,0.40786186,-0.0953618586063385,0.018439114,-0.11380097270011902,-0.0953618586063385,2.076191738337326,Mike Mularkey,Mike Mularkey,19.364691508857668
DEN,2023,0.4706,0.57967746,0.5662759,-0.0956758946418762,0.013401568,-0.1090774625778198,-0.0956758946418762,2.076191738337326,Sean Payton,Sean Payton,19.303604153940135
GNB,2005,0.25,0.353298,0.3457394,-0.09573939442634583,0.007558614,-0.10329800844192505,-0.09573939442634583,2.076191738337326,Mike Sherman,Mike Sherman,19.242516799022603
TAM,2022,0.4706,0.5505853,0.5664495,-0.09584952297210692,-0.015864193,-0.07998532953262327,-0.09584952297210692,2.076191738337326,Todd Bowles,Todd Bowles,19.18142944410507
RAI,1996,0.4375,0.5203214,0.53376067,-0.096260666847229,-0.013439238,-0.08282142877578735,-0.096260666847229,2.076191738337326,Mike White,Mike White,19.120342089187538
NYG,2012,0.5625,0.65621996,0.6589785,-0.09647852182388306,-0.0027585626,-0.0937199592590332,-0.09647852182388306,2.076191738337326,Tom Coughlin,Tom Coughlin,19.059254734270006
SEA,2007,0.625,0.7397333,0.72156817,-0.09656816720962524,0.018165112,-0.11473327875137329,-0.09656816720962524,2.076191738337326,Mike Holmgren,Mike Holmgren,18.998167379352473
BUF,2001,0.1875,0.24488707,0.2844627,-0.09696269035339355,-0.03957562,-0.05738706886768341,-0.09696269035339355,2.076191738337326,Gregg Williams,Gregg Williams,18.93708002443494
JAX,2008,0.3125,0.40936282,0.409509,-0.09700900316238403,-0.00014618039,-0.09686282277107239,-0.09700900316238403,2.076191738337326,Jack Del Rio,Jack Del Rio,18.875992669517412
CLT,1997,0.1875,0.24331447,0.28467533,-0.09717532992362976,-0.041360855,-0.0558144748210907,-0.09717532992362976,2.076191738337326,Lindy Infante,Lindy Infante,18.814905314599876
CIN,1997,0.4375,0.5187957,0.534841,-0.09734100103378296,-0.016045272,-0.08129572868347168,-0.09734100103378296,2.076191738337326,Bruce Coslet,Bruce Coslet,18.753817959682344
NWE,2022,0.4706,0.5881476,0.568199,-0.0975989789009094,0.019948602,-0.11754758062362669,-0.0975989789009094,2.076191738337326,Bill Belichick,Bill Belichick,18.69273060476481
KAN,1985,0.375,0.4511736,0.47287893,-0.09787893295288086,-0.02170533,-0.07617360353469849,-0.09787893295288086,2.076191738337326,John Mackovic,John Mackovic,18.631643249847283
NYG,2014,0.375,0.486596,0.4730322,-0.09803220629692078,0.013563782,-0.1115959882736206,-0.09803220629692078,2.076191738337326,Tom Coughlin,Tom Coughlin,18.57055589492975
SFO,2004,0.125,0.22237948,0.22329496,-0.09829495847225189,-0.00091548264,-0.09737947583198547,-0.09829495847225189,2.076191738337326,Dennis Erickson,Dennis Erickson,18.509468540012218
MIA,2002,0.5625,0.63389784,0.6609303,-0.09843027591705322,-0.027032435,-0.07139784097671509,-0.09843027591705322,2.076191738337326,Dave Wannstedt,Dave Wannstedt,18.448381185094686
DET,1995,0.625,0.69431645,0.7235544,-0.09855437278747559,-0.029237926,-0.06931644678115845,-0.09855437278747559,2.076191738337326,Wayne Fontes,Wayne Fontes,18.387293830177153
NOR,1972,0.1786,0.20587173,0.27746934,-0.09886933698654174,-0.071597606,-0.02727173104286193,-0.09886933698654174,2.076191738337326,J.D. Roberts,J.D. Roberts,18.32620647525962
MIN,2004,0.5,0.5521156,0.5991918,-0.09919178485870361,-0.047076166,-0.05211561918258667,-0.09919178485870361,2.076191738337326,Mike Tice,Mike Tice,18.26511912034209
DET,2004,0.375,0.47138208,0.47441298,-0.09941297769546509,-0.0030308962,-0.09638208150863647,-0.09941297769546509,2.076191738337326,Steve Mariucci,Steve Mariucci,18.20403176542456
ATL,2014,0.375,0.47884697,0.47474706,-0.09974706172943115,0.0040999055,-0.1038469672203064,-0.09974706172943115,2.076191738337326,Mike Smith,Mike Smith,18.142944410507024
NYG,2011,0.5625,0.6722379,0.6622916,-0.09979158639907837,0.009946287,-0.10973787307739258,-0.09979158639907837,2.076191738337326,Tom Coughlin,Tom Coughlin,18.08185705558949
DEN,1994,0.4375,0.5638458,0.5374824,-0.0999823808670044,0.026363432,-0.12634581327438354,-0.0999823808670044,2.076191738337326,Wade Phillips,Wade Phillips,18.02076970067196
SDG,2015,0.25,0.37240502,0.35018098,-0.100180983543396,0.022224039,-0.1224050223827362,-0.100180983543396,2.076191738337326,Mike McCoy,Mike McCoy,17.95968234575443
TAM,1985,0.125,0.23858856,0.22544165,-0.10044164955615997,0.013146907,-0.11358855664730072,-0.10044164955615997,2.076191738337326,Leeman Bennett,Leeman Bennett,17.898594990836898
CRD,2010,0.3125,0.4399988,0.4132144,-0.10071438550949097,0.02678442,-0.1274988055229187,-0.10071438550949097,2.076191738337326,Ken Whisenhunt,Ken Whisenhunt,17.837507635919366
MIN,2013,0.3438,0.4370518,0.4446517,-0.10085169310569764,-0.00759989,-0.09325180287361146,-0.10085169310569764,2.076191738337326,Leslie Frazier,Leslie Frazier,17.77642028100183
CIN,1970,0.5714,0.5593634,0.6724788,-0.10107879505157469,-0.11311537,0.0120365752220154,-0.10107879505157469,2.076191738337326,Paul Brown,Paul Brown,17.7153329260843
ATL,1985,0.25,0.29798618,0.351179,-0.10117900371551514,-0.053192824,-0.04798617959022522,-0.10117900371551514,2.076191738337326,Dan Henning,Dan Henning,17.65424557116677
DET,2022,0.5294,0.5546832,0.6306233,-0.1012232810020447,-0.07594007,-0.02528320846557619,-0.1012232810020447,2.076191738337326,Dan Campbell,Dan Campbell,17.593158216249236
TAM,1991,0.1875,0.21496557,0.2887982,-0.10129821300506592,-0.073832646,-0.027465566992759705,-0.10129821300506592,2.076191738337326,Richard Williamson,Richard Williamson,17.532070861331704
TAM,2018,0.3125,0.34619346,0.41389826,-0.10139825940132141,-0.0677048,-0.03369346261024475,-0.10139825940132141,2.076191738337326,Dirk Koetter,Dirk Koetter,17.47098350641417
MIN,1979,0.4375,0.542354,0.53892946,-0.10142946243286133,0.0034245253,-0.10485398769378662,-0.10142946243286133,2.076191738337326,Bud Grant,Bud Grant,17.40989615149664
OTI,2015,0.1429,0.21616854,0.24443783,-0.10153782866001129,-0.02826929,-0.07326853773593903,-0.10153782866001129,2.076191738337326,Ken Whisenhunt,Ken Whisenhunt / Mike Mularkey,17.348808796579107
SFO,2006,0.4375,0.47666153,0.5393596,-0.10185962915420532,-0.062698096,-0.03916153311729431,-0.10185962915420532,2.076191738337326,Mike Nolan,Mike Nolan,17.287721441661578
DET,1992,0.3125,0.4058903,0.41492802,-0.10242801904678345,-0.009037733,-0.09339028596878052,-0.10242801904678345,2.076191738337326,Wayne Fontes,Wayne Fontes,17.226634086744046
KAN,1982,0.3333,0.4095633,0.43586317,-0.10256316704750063,-0.026299864,-0.07626330299377443,-0.10256316704750063,2.076191738337326,Marv Levy,Marv Levy,17.165546731826513
NOR,2003,0.5,0.5536557,0.6026,-0.10259997844696045,-0.048944294,-0.05365568399429321,-0.10259997844696045,2.076191738337326,Jim Haslett,Jim Haslett,17.104459376908977
SEA,1998,0.5,0.59880084,0.60262686,-0.10262686014175415,-0.0038260221,-0.09880083799362183,-0.10262686014175415,2.076191738337326,Dennis Erickson,Dennis Erickson,17.04337202199145
NYJ,1980,0.25,0.36301374,0.35278496,-0.10278496146202087,0.010228783,-0.11301374435424805,-0.10278496146202087,2.076191738337326,Walt Michaels,Walt Michaels,16.982284667073916
RAV,1999,0.5,0.5709962,0.60280955,-0.10280954837799072,-0.031813323,-0.0709962248802185,-0.10280954837799072,2.076191738337326,Brian Billick,Brian Billick,16.921197312156384
CRD,1995,0.25,0.32630444,0.35321656,-0.10321655869483948,-0.026912123,-0.07630443572998047,-0.10321655869483948,2.076191738337326,Buddy Ryan,Buddy Ryan,16.86010995723885
NYG,1973,0.1786,0.28345305,0.28203902,-0.10343901648521422,0.0014140308,-0.1048530472755432,-0.10343901648521422,2.076191738337326,Alex Webster,Alex Webster,16.79902260232132
CLE,2015,0.1875,0.24607648,0.29095438,-0.10345438122749329,-0.0448779,-0.05857647955417633,-0.10345438122749329,2.076191738337326,Mike Pettine,Mike Pettine,16.737935247403787
PHI,1972,0.1786,0.2563942,0.28238085,-0.10378084912300109,-0.025986642,-0.07779420747756957,-0.10378084912300109,2.076191738337326,Ed Khayat,Ed Khayat,16.676847892486254
CLT,2019,0.4375,0.5234768,0.5413828,-0.1038827896118164,-0.01790601,-0.08597677946090698,-0.1038827896118164,2.076191738337326,Frank Reich,Frank Reich,16.615760537568725
NYJ,1988,0.5312,0.63113093,0.6351821,-0.10398208265304565,-0.004051149,-0.09993093376159667,-0.10398208265304565,2.076191738337326,Joe Walton,Joe Walton,16.554673182651193
SEA,1977,0.3571,0.38752374,0.46135578,-0.10425577559471133,-0.073832035,-0.030423740530014065,-0.10425577559471133,2.076191738337326,Jack Patera,Jack Patera,16.49358582773366
NYG,1998,0.5,0.56917924,0.6048361,-0.104836106300354,-0.03565687,-0.0691792368888855,-0.104836106300354,2.076191738337326,Jim Fassel,Jim Fassel,16.432498472816125
CLE,2005,0.375,0.43134075,0.48082957,-0.10582956671714783,-0.049488813,-0.05634075403213501,-0.10582956671714783,2.076191738337326,Romeo Crennel,Romeo Crennel,16.371411117898596
SEA,1993,0.375,0.49740517,0.48085764,-0.10585764050483704,0.01654753,-0.12240517139434814,-0.10585764050483704,2.076191738337326,Tom Flores,Tom Flores,16.310323762981064
RAI,2003,0.25,0.37191615,0.3559526,-0.10595259070396423,0.015963554,-0.12191614508628845,-0.10595259070396423,2.076191738337326,Bill Callahan,Bill Callahan,16.24923640806353
TAM,1981,0.5625,0.6735683,0.6684812,-0.10598117113113403,0.005087137,-0.11106830835342407,-0.10598117113113403,2.076191738337326,John McKay,John McKay,16.188149053146
SDG,1998,0.3333,0.38543382,0.4395739,-0.10627391381263734,-0.05414009,-0.05213382287025453,-0.10627391381263734,2.076191738337326,Kevin Gilbride,June Jones / Kevin Gilbride,16.127061698228466
MIN,1990,0.375,0.48929265,0.48145747,-0.10645747184753418,0.00783518,-0.11429265141487122,-0.10645747184753418,2.076191738337326,Jerry Burns,Jerry Burns,16.065974343310934
TAM,2012,0.4375,0.53510475,0.54404455,-0.10654455423355103,-0.008939803,-0.09760475158691406,-0.10654455423355103,2.076191738337326,Greg Schiano,Greg Schiano,16.0048869883934
RAV,2009,0.5625,0.6390015,0.66922814,-0.10672813653945923,-0.030226648,-0.07650148868560791,-0.10672813653945923,2.076191738337326,John Harbaugh,John Harbaugh,15.94379963347587
CRD,2012,0.3125,0.41592005,0.4198646,-0.10736459493637085,-0.003944546,-0.10342004895210266,-0.10736459493637085,2.076191738337326,Ken Whisenhunt,Ken Whisenhunt,15.882712278558339
TAM,2017,0.3125,0.3907576,0.41987622,-0.10737621784210205,-0.029118627,-0.07825759053230286,-0.10737621784210205,2.076191738337326,Dirk Koetter,Dirk Koetter,15.821624923640806
CIN,2006,0.5,0.5474839,0.60750306,-0.10750305652618408,-0.060019135,-0.04748392105102539,-0.10750305652618408,2.076191738337326,Marvin Lewis,Marvin Lewis,15.760537568723274
CIN,1991,0.1875,0.2969841,0.29501048,-0.10751047730445862,0.001973629,-0.10948410630226135,-0.10751047730445862,2.076191738337326,Sam Wyche,Sam Wyche,15.699450213805743
OTI,1996,0.5,0.57821655,0.60885817,-0.10885816812515259,-0.030641615,-0.078216552734375,-0.10885816812515259,2.076191738337326,Jeff Fisher,Jeff Fisher,15.638362858888211
TAM,2003,0.4375,0.5396229,0.5464435,-0.10894352197647095,-0.006820619,-0.10212290287017822,-0.10894352197647095,2.076191738337326,Jon Gruden,Jon Gruden,15.577275503970679
RAV,2002,0.4375,0.53724253,0.5465103,-0.10901027917861938,-0.009267747,-0.09974253177642822,-0.10901027917861938,2.076191738337326,Brian Billick,Brian Billick,15.516188149053145
BUF,2013,0.375,0.46696478,0.48424274,-0.10924273729324341,-0.017277956,-0.09196478128433228,-0.10924273729324341,2.076191738337326,Doug Marrone,Doug Marrone,15.455100794135616
KAN,1988,0.2812,0.36276153,0.390732,-0.10953199033737182,-0.027970463,-0.08156152729988098,-0.10953199033737182,2.076191738337326,Frank Gansz,Frank Gansz,15.394013439218082
CLT,1981,0.125,0.19342114,0.23468277,-0.10968276858329773,-0.04126163,-0.0684211403131485,-0.10968276858329773,2.076191738337326,Mike McCormack,Mike McCormack,15.33292608430055
CHI,1993,0.4375,0.55624235,0.5473721,-0.10987210273742676,0.008870244,-0.11874234676361084,-0.10987210273742676,2.076191738337326,Dave Wannstedt,Dave Wannstedt,15.271838729383017
MIN,2016,0.5,0.5864748,0.6102944,-0.1102944016456604,-0.023819625,-0.08647477626800537,-0.1102944016456604,2.076191738337326,Mike Zimmer,Mike Zimmer,15.210751374465486
SEA,2021,0.4118,0.55381984,0.5223405,-0.11054047651290894,0.03147936,-0.14201983518600464,-0.11054047651290894,2.076191738337326,Pete Carroll,Pete Carroll,15.149664019547954
ATL,1988,0.3125,0.36781326,0.42339006,-0.11089006066322327,-0.0555768,-0.05531325936317444,-0.11089006066322327,2.076191738337326,Marion Campbell,Marion Campbell,15.088576664630422
CLE,1978,0.5,0.5314214,0.6111863,-0.11118632555007935,-0.0797649,-0.03142142295837402,-0.11118632555007935,2.076191738337326,Sam Rutigliano,Sam Rutigliano,15.027489309712887
RAM,1990,0.3125,0.44251052,0.42388302,-0.11138302087783813,0.018627495,-0.13001051545143127,-0.11138302087783813,2.076191738337326,John Robinson,John Robinson,14.966401954795359
MIN,1991,0.5,0.62335783,0.6114865,-0.11148649454116821,0.011871338,-0.12335783243179321,-0.11148649454116821,2.076191738337326,Jerry Burns,Jerry Burns,14.905314599877824
CAR,1998,0.25,0.31742096,0.3616634,-0.11166340112686157,-0.04424244,-0.06742095947265625,-0.11166340112686157,2.076191738337326,Dom Capers,Dom Capers,14.844227244960292
RAI,1999,0.5,0.58165765,0.61210567,-0.11210566759109497,-0.03044802,-0.08165764808654785,-0.11210566759109497,2.076191738337326,Jon Gruden,Jon Gruden,14.783139890042762
CIN,1993,0.1875,0.21671006,0.2996259,-0.11212590336799622,-0.08291584,-0.029210060834884644,-0.11212590336799622,2.076191738337326,David Shula,David Shula,14.72205253512523
BUF,1986,0.2222,0.28672743,0.3344174,-0.1122174027442932,-0.047689974,-0.06452742843627929,-0.1122174027442932,2.076191738337326,Hank Bullough,Hank Bullough / Marv Levy,14.660965180207697
SEA,2009,0.3125,0.38382566,0.42482066,-0.1123206615447998,-0.040995,-0.07132565975189209,-0.1123206615447998,2.076191738337326,Jim Mora Jr,Jim Mora Jr,14.599877825290164
SFO,1978,0.1111,0.21075523,0.22461435,-0.11351435198783874,-0.013859123,-0.09965522899627685,-0.11351435198783874,2.076191738337326,Pete McCulley,Fred O'Connor / Pete McCulley,14.538790470372634
TAM,2001,0.5625,0.64968485,0.6768212,-0.11432117223739624,-0.027136326,-0.0871848464012146,-0.11432117223739624,2.076191738337326,Tony Dungy,Tony Dungy,14.477703115455101
NYG,1996,0.375,0.48889068,0.48933262,-0.11433261632919312,-0.00044193864,-0.11389067769050598,-0.11433261632919312,2.076191738337326,Dan Reeves,Dan Reeves,14.416615760537569
BUF,2006,0.4375,0.50975615,0.55195737,-0.11445736885070801,-0.04220122,-0.07225614786148071,-0.11445736885070801,2.076191738337326,Dick Jauron,Dick Jauron,14.355528405620035
GNB,2009,0.6875,0.8126029,0.8022444,-0.11474442481994629,0.010358453,-0.12510287761688232,-0.11474442481994629,2.076191738337326,Mike McCarthy,Mike McCarthy,14.294441050702506
PHI,1999,0.3125,0.42020527,0.42776185,-0.11526185274124146,-0.0075565875,-0.1077052652835846,-0.11526185274124146,2.076191738337326,Andy Reid,Andy Reid,14.233353695784972
JAX,2021,0.1538,0.22867931,0.2691093,-0.11530930871963502,-0.040429994,-0.07487931425571442,-0.11530930871963502,2.076191738337326,Urban Meyer,Darrell Bevell / Urban Meyer,14.17226634086744
BUF,1977,0.2143,0.2896472,0.32987168,-0.11557168431282044,-0.040224493,-0.0753471917629242,-0.11557168431282044,2.076191738337326,Jim Ringo,Jim Ringo,14.111178985949907
DEN,2022,0.2667,0.39682874,0.38361782,-0.11691781835556031,0.0132109225,-0.13012874083518983,-0.11691781835556031,2.076191738337326,Nathaniel Hackett,Jerry Rosburg / Nathaniel Hackett,14.050091631032377
DET,2021,0.2059,0.29329854,0.32359624,-0.11769623908996582,-0.030297697,-0.08739854249954224,-0.11769623908996582,2.076191738337326,Dan Campbell,Dan Campbell,13.989004276114844
DAL,1988,0.1875,0.32232502,0.30554348,-0.11804348230361938,0.016781539,-0.13482502102851868,-0.11804348230361938,2.076191738337326,Tom Landry,Tom Landry,13.927916921197312
JAX,1995,0.25,0.27679917,0.36873522,-0.11873522400856018,-0.09193605,-0.026799172163009644,-0.11873522400856018,2.076191738337326,Tom Coughlin,Tom Coughlin,13.866829566279781
CLT,2021,0.5294,0.6279817,0.648176,-0.11877601442337038,-0.020194292,-0.09858172235488893,-0.11877601442337038,2.076191738337326,Frank Reich,Frank Reich,13.805742211362249
HTX,2021,0.2353,0.35924175,0.35433605,-0.11903605313301086,0.0049057007,-0.1239417538166046,-0.11903605313301086,2.076191738337326,David Culley,David Culley,13.744654856444715
CHI,1989,0.375,0.50315565,0.494383,-0.11938300728797913,0.008772641,-0.1281556487083435,-0.11938300728797913,2.076191738337326,Mike Ditka,Mike Ditka,13.683567501527182
SFO,2003,0.4375,0.52072126,0.5571651,-0.11966508626937866,-0.03644383,-0.08322125673294067,-0.11966508626937866,2.076191738337326,Dennis Erickson,Dennis Erickson,13.622480146609654
GNB,1991,0.25,0.32265118,0.3701371,-0.12013709545135498,-0.047485918,-0.07265117764472961,-0.12013709545135498,2.076191738337326,Lindy Infante,Lindy Infante,13.56139279169212
MIN,2019,0.625,0.73809457,0.7451698,-0.12016981840133667,-0.00707525,-0.11309456825256348,-0.12016981840133667,2.076191738337326,Mike Zimmer,Mike Zimmer,13.500305436774587
ATL,1990,0.3125,0.43245876,0.43521753,-0.12271752953529358,-0.0027587712,-0.11995875835418701,-0.12271752953529358,2.076191738337326,Jerry Glanville,Jerry Glanville,13.439218081857055
DET,1986,0.3125,0.3824918,0.43529642,-0.12279641628265381,-0.05280462,-0.06999179720878601,-0.12279641628265381,2.076191738337326,Darryl Rogers,Darryl Rogers,13.378130726939524
WAS,1993,0.25,0.31526142,0.37349126,-0.12349125742912292,-0.058229834,-0.06526142358779907,-0.12349125742912292,2.076191738337326,Richie Petitbon,Richie Petitbon,13.317043372021992
SDG,1991,0.25,0.35136116,0.37376708,-0.12376707792282104,-0.022405922,-0.10136115550994873,-0.12376707792282104,2.076191738337326,Dan Henning,Dan Henning,13.25595601710446
NYJ,1992,0.25,0.35491413,0.37400764,-0.12400764226913452,-0.019093513,-0.10491412878036499,-0.12400764226913452,2.076191738337326,Bruce Coslet,Bruce Coslet,13.194868662186925
DET,1971,0.5357,0.63920814,0.65974534,-0.1240453355789185,-0.020537198,-0.10350813798904424,-0.1240453355789185,2.076191738337326,Joe Schmidt,Joe Schmidt,13.133781307269397
CIN,1992,0.3125,0.39336118,0.43692377,-0.12442377209663391,-0.04356259,-0.0808611810207367,-0.12442377209663391,2.076191738337326,David Shula,David Shula,13.072693952351862
TAM,2000,0.625,0.7042236,0.74958897,-0.1245889663696289,-0.045365393,-0.07922357320785522,-0.1245889663696289,2.076191738337326,Tony Dungy,Tony Dungy,13.01160659743433
OTI,1982,0.1111,0.19141154,0.23615535,-0.12505534603595733,-0.044743806,-0.08031153991222381,-0.12505534603595733,2.076191738337326,Ed Biles,Ed Biles,12.950519242516801
ATL,1975,0.2857,0.39118278,0.41107237,-0.12537237339019774,-0.019889593,-0.1054827802658081,-0.12537237339019774,2.076191738337326,Marion Campbell,Marion Campbell,12.889431887599267
CIN,2002,0.125,0.2293003,0.2511636,-0.12616360187530518,-0.021863297,-0.10430030524730682,-0.12616360187530518,2.076191738337326,Dick LeBeau,Dick LeBeau,12.828344532681735
NYG,2020,0.375,0.5075542,0.5014667,-0.12646669149398804,0.006087482,-0.13255417346954346,-0.12646669149398804,2.076191738337326,Joe Judge,Joe Judge,12.767257177764202
CIN,2019,0.125,0.25050423,0.25180057,-0.1268005669116974,-0.0012963414,-0.12550422549247742,-0.1268005669116974,2.076191738337326,Zac Taylor,Zac Taylor,12.706169822846672
RAM,2009,0.0625,0.1672851,0.19019493,-0.12769493460655212,-0.022909835,-0.10478509962558746,-0.12769493460655212,2.076191738337326,Steve Spagnuolo,Steve Spagnuolo,12.64508246792914
SEA,1980,0.25,0.36205962,0.37805274,-0.1280527412891388,-0.015993118,-0.11205962300300598,-0.1280527412891388,2.076191738337326,Jack Patera,Jack Patera,12.583995113011607
PHI,2016,0.4375,0.56219256,0.5655809,-0.12808090448379517,-0.0033883452,-0.12469255924224854,-0.12808090448379517,2.076191738337326,Doug Pederson,Doug Pederson,12.522907758094073
SDG,2017,0.5625,0.61612487,0.69096327,-0.1284632682800293,-0.0748384,-0.053624868392944336,-0.1284632682800293,2.076191738337326,Anthony Lynn,Anthony Lynn,12.461820403176542
OTI,1995,0.4375,0.5109937,0.56745905,-0.12995904684066772,-0.056465328,-0.07349371910095215,-0.12995904684066772,2.076191738337326,Jeff Fisher,Jeff Fisher,12.40073304825901
ATL,2005,0.5,0.5837752,0.63001376,-0.13001376390457153,-0.04623854,-0.08377522230148315,-0.13001376390457153,2.076191738337326,Jim Mora Jr,Jim Mora Jr,12.339645693341478
RAM,2022,0.2941,0.45207143,0.42424732,-0.13014732446670535,0.027824104,-0.15797142829895022,-0.13014732446670535,2.076191738337326,Sean McVay,Sean McVay,12.278558338423947
GNB,1994,0.5625,0.7092021,0.6926651,-0.13016510009765625,0.01653701,-0.1467021107673645,-0.13016510009765625,2.076191738337326,Mike Holmgren,Mike Holmgren,12.217470983506413
NYJ,2007,0.25,0.3367652,0.38040093,-0.13040092587471008,-0.043635726,-0.08676519989967346,-0.13040092587471008,2.076191738337326,Eric Mangini,Eric Mangini,12.156383628588882
SFO,2000,0.375,0.5037806,0.50540733,-0.13040733337402344,-0.00162673,-0.12878060340881348,-0.13040733337402344,2.076191738337326,Steve Mariucci,Steve Mariucci,12.09529627367135
DAL,2011,0.5,0.6194584,0.63060254,-0.13060253858566284,-0.011144161,-0.11945837736129761,-0.13060253858566284,2.076191738337326,Jason Garrett,Jason Garrett,12.034208918753817
SDG,1971,0.4,0.45356262,0.5309866,-0.13098660707473753,-0.07742399,-0.053562617301940896,-0.13098660707473753,2.076191738337326,Sid Gillman,Harland Svare / Sid Gillman,11.973121563836287
ATL,2013,0.25,0.38804606,0.3812121,-0.13121208548545837,0.0068339705,-0.1380460560321808,-0.13121208548545837,2.076191738337326,Mike Smith,Mike Smith,11.912034208918755
RAV,2007,0.3125,0.44028208,0.4437613,-0.13126128911972046,-0.0034792125,-0.12778207659721375,-0.13126128911972046,2.076191738337326,Brian Billick,Brian Billick,11.850946854001222
NOR,2014,0.4375,0.572776,0.5688062,-0.13130617141723633,0.003969848,-0.13527601957321167,-0.13130617141723633,2.076191738337326,Sean Payton,Sean Payton,11.78985949908369
CLE,2001,0.4375,0.46053505,0.5698531,-0.13235312700271606,-0.10931808,-0.023035049438476562,-0.13235312700271606,2.076191738337326,Butch Davis,Butch Davis,11.728772144166157
MIN,1995,0.5,0.63076854,0.6325607,-0.13256067037582397,-0.0017921329,-0.1307685375213623,-0.13256067037582397,2.076191738337326,Dennis Green,Dennis Green,11.667684789248625
ATL,1997,0.4375,0.5677655,0.57126033,-0.13376033306121826,-0.0034948587,-0.130265474319458,-0.13376033306121826,2.076191738337326,Dan Reeves,Dan Reeves,11.606597434331094
NOR,1971,0.3571,0.38551655,0.49119222,-0.13409222164154055,-0.10567567,-0.028416554117202786,-0.13409222164154055,2.076191738337326,J.D. Roberts,J.D. Roberts,11.54551007941356
KAN,2008,0.125,0.2213315,0.2593214,-0.134321391582489,-0.037989885,-0.09633150696754456,-0.134321391582489,2.076191738337326,Herm Edwards,Herm Edwards,11.48442272449603
RAM,2012,0.4688,0.5847029,0.60364693,-0.1348469340324402,-0.018944025,-0.11590290899276734,-0.1348469340324402,2.076191738337326,Jeff Fisher,Jeff Fisher,11.423335369578497
CHI,2022,0.1765,0.289308,0.31164438,-0.13514437532424928,-0.022336364,-0.11280801153182984,-0.13514437532424928,2.076191738337326,Matt Eberflus,Matt Eberflus,11.362248014660965
CIN,2007,0.4375,0.51328886,0.5726578,-0.13515782356262207,-0.059368968,-0.07578885555267334,-0.13515782356262207,2.076191738337326,Marvin Lewis,Marvin Lewis,11.301160659743433
BUF,1979,0.4375,0.612029,0.57382816,-0.13632816076278687,0.038200855,-0.17452901601791382,-0.13632816076278687,2.076191738337326,Chuck Knox,Chuck Knox,11.2400733048259
NOR,2024,0.2222,0.30848813,0.3597582,-0.13755819826126098,-0.051270068,-0.086288130569458,-0.13755819826126098,2.076191738337326,Dennis Allen,Darren Rizzi / Dennis Allen,11.17898594990837
JAX,2015,0.3125,0.3827715,0.4513838,-0.1388837993144989,-0.06861231,-0.07027149200439453,-0.1388837993144989,2.076191738337326,Gus Bradley,Gus Bradley,11.117898594990837
CHI,2023,0.4118,0.4610968,0.5511101,-0.13931008882522583,-0.090013295,-0.04929679341316223,-0.13931008882522583,2.076191738337326,Matt Eberflus,Matt Eberflus,11.056811240073305
NWE,1992,0.125,0.24876131,0.26468673,-0.1396867334842682,-0.015925422,-0.12376131117343903,-0.1396867334842682,2.076191738337326,Dick MacPherson,Dick MacPherson,10.995723885155773
CLT,2017,0.25,0.36727956,0.38995266,-0.1399526596069336,-0.0226731,-0.11727955937385559,-0.1399526596069336,2.076191738337326,Chuck Pagano,Chuck Pagano,10.934636530238242
SDG,1972,0.3214,0.40841427,0.46219411,-0.14079411492347715,-0.05377984,-0.0870142744541168,-0.14079411492347715,2.076191738337326,Harland Svare,Harland Svare,10.873549175320708
CHI,1982,0.3333,0.4494116,0.47437617,-0.1410761718273163,-0.024964571,-0.11611160082817079,-0.1410761718273163,2.076191738337326,Mike Ditka,Mike Ditka,10.812461820403177
NOR,1999,0.1875,0.30880943,0.32902768,-0.1415276825428009,-0.020218253,-0.12130942940711975,-0.1415276825428009,2.076191738337326,Mike Ditka,Mike Ditka,10.751374465485645
NYG,2019,0.25,0.3301236,0.3919693,-0.14196929335594177,-0.06184569,-0.08012360334396362,-0.14196929335594177,2.076191738337326,Pat Shurmur,Pat Shurmur,10.690287110568113
MIN,2010,0.3,0.44623366,0.44280344,-0.14280344247817994,0.0034302175,-0.14623365998268129,-0.14280344247817994,2.076191738337326,Brad Childress,Brad Childress / Leslie Frazier,10.62919975565058
CIN,1998,0.1875,0.3067763,0.33134335,-0.14384335279464722,-0.024567068,-0.11927628517150879,-0.14384335279464722,2.076191738337326,Bruce Coslet,Bruce Coslet,10.568112400733048
MIA,2004,0.1111,0.26401883,0.25522816,-0.1441281618118286,0.008790672,-0.15291883363723754,-0.1441281618118286,2.076191738337326,Dave Wannstedt,Dave Wannstedt / Jim Bates,10.507025045815515
RAI,2006,0.125,0.2455866,0.26938117,-0.14438116550445557,-0.023794562,-0.12058660387992859,-0.14438116550445557,2.076191738337326,Art Shell,Art Shell,10.445937690897985
CLT,1982,0.0556,0.15746203,0.20001358,-0.14441357793807985,-0.042551547,-0.10186203064918518,-0.14441357793807985,2.076191738337326,Frank Kush,Frank Kush,10.38485033598045
TAM,2011,0.25,0.3300561,0.3950065,-0.14500650763511658,-0.06495041,-0.0800561010837555,-0.14500650763511658,2.076191738337326,Raheem Morris,Raheem Morris,10.32376298106292
WAS,2003,0.3125,0.45682043,0.45754328,-0.145043283700943,-0.00072285533,-0.14432042837142944,-0.145043283700943,2.076191738337326,Steve Spurrier,Steve Spurrier,10.262675626145388
RAI,2017,0.375,0.49721852,0.5205089,-0.14550888538360596,-0.023290366,-0.12221851944923401,-0.14550888538360596,2.076191738337326,Jack Del Rio,Jack Del Rio,10.201588271227855
DAL,2002,0.3125,0.41030833,0.45849094,-0.14599093794822693,-0.048182607,-0.09780833125114441,-0.14599093794822693,2.076191738337326,Dave Campo,Dave Campo,10.140500916310325
CRD,2001,0.4375,0.5651588,0.5836384,-0.14613842964172363,-0.018479645,-0.12765878438949585,-0.14613842964172363,2.076191738337326,Dave McGinnis,Dave McGinnis,10.07941356139279
NYJ,2005,0.25,0.35529986,0.3962738,-0.14627379179000854,-0.04097393,-0.10529986023902893,-0.14627379179000854,2.076191738337326,Herm Edwards,Herm Edwards,10.01832620647526
NOR,1995,0.4375,0.6144693,0.58383924,-0.14633923768997192,0.030630052,-0.17696928977966309,-0.14633923768997192,2.076191738337326,Jim Mora Sr,Jim Mora Sr,9.957238851557728
RAM,2010,0.4375,0.5100264,0.58384275,-0.14634275436401367,-0.07381636,-0.07252639532089233,-0.14634275436401367,2.076191738337326,Steve Spagnuolo,Steve Spagnuolo,9.896151496640195
SEA,2011,0.4375,0.564492,0.58404,-0.14653998613357544,-0.019547999,-0.12699198722839355,-0.14653998613357544,2.076191738337326,Pete Carroll,Pete Carroll,9.835064141722663
KAN,2000,0.4375,0.558674,0.5844608,-0.1469607949256897,-0.025786817,-0.12117397785186768,-0.1469607949256897,2.076191738337326,Gunther Cunningham,Gunther Cunningham,9.773976786805132
RAV,1997,0.4062,0.5157029,0.5532473,-0.14704727296829223,-0.03754437,-0.10950290327072143,-0.14704727296829223,2.076191738337326,Ted Marchibroda,Ted Marchibroda,9.712889431887598
TAM,1980,0.3438,0.47288638,0.4913133,-0.14751330847740174,-0.018426925,-0.1290863835334778,-0.14751330847740174,2.076191738337326,John McKay,John McKay,9.651802076970068
MIN,2007,0.5,0.6087972,0.6491182,-0.14911818504333496,-0.040320992,-0.10879719257354736,-0.14911818504333496,2.076191738337326,Brad Childress,Brad Childress,9.590714722052535
DET,2013,0.4375,0.53572714,0.58966297,-0.15216296911239624,-0.053935826,-0.09822714328765869,-0.15216296911239624,2.076191738337326,Jim Schwartz,Jim Schwartz,9.529627367135003
PHI,1970,0.25,0.3506129,0.4022494,-0.15224939584732056,-0.051636487,-0.10061290860176086,-0.15224939584732056,2.076191738337326,Jerry Williams,Jerry Williams,9.46854001221747
RAM,1982,0.2222,0.37886757,0.37460837,-0.1524083676815033,0.004259199,-0.15666756658554076,-0.1524083676815033,2.076191738337326,Ray Malavasi,Ray Malavasi,9.407452657299938
ATL,1989,0.25,0.33194992,0.40328687,-0.153286874294281,-0.071336955,-0.08194991946220398,-0.153286874294281,2.076191738337326,Marion Campbell,Jim Hanifan / Marion Campbell,9.346365302382406
CIN,1979,0.25,0.3846112,0.40500107,-0.15500107407569885,-0.020389885,-0.13461118936538696,-0.15500107407569885,2.076191738337326,Homer Rice,Homer Rice,9.285277947464875
NYG,2001,0.4375,0.5875734,0.5925776,-0.15507757663726807,-0.0050041676,-0.15007340908050537,-0.15507757663726807,2.076191738337326,Jim Fassel,Jim Fassel,9.224190592547343
PHI,1982,0.3333,0.50257605,0.4894385,-0.1561385039806366,0.013137549,-0.16927605314254762,-0.1561385039806366,2.076191738337326,Dick Vermeil,Dick Vermeil,9.16310323762981
ATL,2021,0.4118,0.5547201,0.5683693,-0.1565693289756775,-0.013649225,-0.14292010374069214,-0.1565693289756775,2.076191738337326,Arthur Smith,Arthur Smith,9.10201588271228
ATL,2018,0.4375,0.5617435,0.5945207,-0.1570206880569458,-0.03277719,-0.12424349784851074,-0.1570206880569458,2.076191738337326,Dan Quinn,Dan Quinn,9.040928527794746
WAS,2006,0.3125,0.4908088,0.46982315,-0.15732315182685852,0.020985663,-0.17830881476402283,-0.15732315182685852,2.076191738337326,Joe Gibbs,Joe Gibbs,8.979841172877215
JAX,2020,0.0625,0.18638772,0.2201809,-0.15768089890480042,-0.03379318,-0.12388771772384644,-0.15768089890480042,2.076191738337326,Doug Marrone,Doug Marrone,8.918753817959683
RAM,2007,0.1875,0.29561788,0.34601337,-0.1585133671760559,-0.05039549,-0.10811787843704224,-0.1585133671760559,2.076191738337326,Scott Linehan,Scott Linehan,8.85766646304215
WAS,1996,0.5625,0.65375704,0.72134286,-0.15884286165237427,-0.067585826,-0.09125703573226929,-0.15884286165237427,2.076191738337326,Norv Turner,Norv Turner,8.796579108124618
KAN,1983,0.375,0.49645722,0.53385454,-0.15885454416275024,-0.037397325,-0.12145721912384033,-0.15885454416275024,2.076191738337326,John Mackovic,John Mackovic,8.735491753207086
ATL,2007,0.2308,0.40351674,0.3900691,-0.15926909728050231,0.013447642,-0.1727167396068573,-0.15926909728050231,2.076191738337326,Bobby Petrino,Bobby Petrino / Emmitt Thomas,8.674404398289553
CLE,2008,0.25,0.321507,0.409539,-0.15953901410102844,-0.08803201,-0.07150700688362122,-0.15953901410102844,2.076191738337326,Romeo Crennel,Romeo Crennel,8.613317043372023
ATL,2006,0.4375,0.5363024,0.59771806,-0.16021806001663208,-0.061415672,-0.09880238771438599,-0.16021806001663208,2.076191738337326,Jim Mora Jr,Jim Mora Jr,8.552229688454489
SDG,1978,0.25,0.40418205,0.41071668,-0.1607166826725006,-0.006534636,-0.1541820466518402,-0.1607166826725006,2.076191738337326,Tommy Prothro,Don Coryell / Tommy Prothro,8.491142333536958
CAR,2022,0.2,0.35342476,0.3607979,-0.1607979118824005,-0.007373154,-0.1534247577190399,-0.1607979118824005,2.076191738337326,Matt Rhule,Matt Rhule / Steve Wilks,8.430054978619426
NOR,1975,0.1667,0.2914949,0.32782924,-0.16112924175262452,-0.036334336,-0.12479490594863893,-0.16112924175262452,2.076191738337326,John North,Ernie Hefferle / John North,8.368967623701893
OTI,1970,0.25,0.3353888,0.41278696,-0.16278696060180664,-0.07739815,-0.08538880944252014,-0.16278696060180664,2.076191738337326,Wally Lemm,Wally Lemm,8.307880268784363
SDG,1975,0.1429,0.29691625,0.3061392,-0.16323920092582703,-0.0092229545,-0.15401624641418457,-0.16323920092582703,2.076191738337326,Tommy Prothro,Tommy Prothro,8.24679291386683
WAS,2009,0.25,0.36834955,0.41333228,-0.1633322834968567,-0.04498273,-0.11834955215454102,-0.1633322834968567,2.076191738337326,Jim Zorn,Jim Zorn,8.185705558949298
JAX,2022,0.5294,0.7170945,0.69292617,-0.16352616844177248,0.024168313,-0.18769448099136354,-0.16352616844177248,2.076191738337326,Doug Pederson,Doug Pederson,8.124618204031766
KAN,1976,0.3571,0.43475294,0.5213436,-0.16424358882904055,-0.08659065,-0.07765294113159182,-0.16424358882904055,2.076191738337326,Paul Wiggin,Paul Wiggin,8.063530849114233
CLE,1991,0.375,0.5513355,0.53975284,-0.16475284099578857,0.011582673,-0.17633551359176636,-0.16475284099578857,2.076191738337326,Bill Belichick,Bill Belichick,8.0024434941967
NYG,1976,0.0,0.10310921,0.16506308,-0.16506308317184448,-0.061953872,-0.103109210729599,-0.16506308317184448,2.076191738337326,Bill Arnsparger,Bill Arnsparger / John McVay,7.941356139279169
RAI,2018,0.25,0.4154838,0.41635036,-0.1663503646850586,-0.0008665621,-0.16548380255699158,-0.1663503646850586,2.076191738337326,Jon Gruden,Jon Gruden,7.880268784361637
MIN,2002,0.375,0.48088092,0.54172003,-0.16672003269195557,-0.060839117,-0.10588091611862183,-0.16672003269195557,2.076191738337326,Mike Tice,Mike Tice,7.8191814294441055
RAV,1998,0.375,0.494386,0.5422788,-0.16727882623672485,-0.04789284,-0.1193859875202179,-0.16727882623672485,2.076191738337326,Ted Marchibroda,Ted Marchibroda,7.758094074526572
TAM,1986,0.125,0.2758258,0.29282585,-0.167825847864151,-0.01700005,-0.15082579851150513,-0.167825847864151,2.076191738337326,Leeman Bennett,Leeman Bennett,7.697006719609041
NYG,1992,0.375,0.5044616,0.5428796,-0.16787958145141602,-0.038417995,-0.12946158647537231,-0.16787958145141602,2.076191738337326,Ray Handley,Ray Handley,7.6359193646915084
WAS,1980,0.375,0.5163114,0.5443846,-0.16938459873199463,-0.028073192,-0.1413114070892334,-0.16938459873199463,2.076191738337326,Jack Pardee,Jack Pardee,7.574832009773977
SDG,2008,0.5,0.6330133,0.66965795,-0.16965794563293457,-0.036644638,-0.1330133080482483,-0.16965794563293457,2.076191738337326,Norv Turner,Norv Turner,7.513744654856444
WAS,2008,0.5,0.60937274,0.6699136,-0.16991358995437622,-0.060540855,-0.10937273502349854,-0.16991358995437622,2.076191738337326,Jim Zorn,Jim Zorn,7.452657299938912
CRD,1979,0.2308,0.38542423,0.4013144,-0.1705144075870514,-0.015890181,-0.15462422652244567,-0.1705144075870514,2.076191738337326,Bud Wilkinson,Bud Wilkinson / Larry Wilson,7.391569945021381
SEA,2002,0.4375,0.626806,0.6089238,-0.1714237928390503,0.017882228,-0.18930602073669434,-0.1714237928390503,2.076191738337326,Mike Holmgren,Mike Holmgren,7.330482590103848
RAI,2012,0.25,0.40719417,0.42195728,-0.17195728421211243,-0.014763117,-0.15719416737556458,-0.17195728421211243,2.076191738337326,Dennis Allen,Dennis Allen,7.269395235186317
SDG,2019,0.3125,0.4948474,0.484664,-0.17216399312019348,0.010183394,-0.1823473870754242,-0.17216399312019348,2.076191738337326,Anthony Lynn,Anthony Lynn,7.2083078802687846
JAX,2002,0.375,0.5671875,0.5488316,-0.17383158206939697,0.018355906,-0.19218748807907104,-0.17383158206939697,2.076191738337326,Tom Coughlin,Tom Coughlin,7.147220525351253
BUF,1984,0.125,0.28681782,0.29914206,-0.17414206266403198,-0.012324244,-0.16181781888008118,-0.17414206266403198,2.076191738337326,Kay Stephenson,Kay Stephenson,7.08613317043372
NYG,2003,0.25,0.4187144,0.42499667,-0.17499667406082153,-0.00628227,-0.16871440410614014,-0.17499667406082153,2.076191738337326,Jim Fassel,Jim Fassel,7.025045815516188
DET,2009,0.125,0.26167497,0.30008468,-0.1750846803188324,-0.03840971,-0.13667497038841248,-0.1750846803188324,2.076191738337326,Jim Schwartz,Jim Schwartz,6.963958460598656
NYJ,2011,0.5,0.6491719,0.67561823,-0.1756182312965393,-0.026446342,-0.1491718888282776,-0.1756182312965393,2.076191738337326,Rex Ryan,Rex Ryan,6.9028711056811245
CLE,1974,0.2857,0.43920678,0.4614008,-0.1757008069038391,-0.022194028,-0.1535067790031433,-0.1757008069038391,2.076191738337326,Nick Skorich,Nick Skorich,6.841783750763591
ATL,1977,0.5,0.5668932,0.67608035,-0.1760803461074829,-0.109187126,-0.06689321994781494,-0.1760803461074829,2.076191738337326,Leeman Bennett,Leeman Bennett,6.78069639584606
OTI,1973,0.0,0.13743141,0.17650023,-0.17650023102760315,-0.039068818,-0.13743141293525696,-0.17650023102760315,2.076191738337326,Bill Peterson,Bill Peterson / Sid Gillman,6.719609040928527
KAN,2012,0.125,0.23068014,0.30159009,-0.17659008502960205,-0.07090995,-0.10568013787269592,-0.17659008502960205,2.076191738337326,Romeo Crennel,Romeo Crennel,6.658521686010996
CRD,1971,0.3214,0.4596708,0.49913335,-0.1777333484649658,-0.039462537,-0.13827081189155577,-0.1777333484649658,2.076191738337326,Bob Hollway,Bob Hollway,6.597434331093463
PIT,1981,0.5,0.7100389,0.67861694,-0.1786169409751892,0.03142196,-0.2100389003753662,-0.1786169409751892,2.076191738337326,Chuck Noll,Chuck Noll,6.536346976175931
RAI,1989,0.25,0.37532043,0.42898098,-0.1789809763431549,-0.05366054,-0.1253204345703125,-0.1789809763431549,2.076191738337326,Mike Shanahan,Art Shell / Mike Shanahan,6.475259621258401
SDG,2016,0.3125,0.47126213,0.49172285,-0.17922285199165344,-0.020460725,-0.158762127161026,-0.17922285199165344,2.076191738337326,Mike McCoy,Mike McCoy,6.414172266340867
JAX,2001,0.375,0.5413984,0.554579,-0.1795790195465088,-0.0131806135,-0.16639840602874756,-0.1795790195465088,2.076191738337326,Tom Coughlin,Tom Coughlin,6.353084911423336
DAL,1999,0.5,0.7038489,0.68007123,-0.18007123470306396,0.023777664,-0.20384889841079712,-0.18007123470306396,2.076191738337326,Chan Gailey,Chan Gailey,6.2919975565058035
DET,2008,0.0,0.12447619,0.1803414,-0.18034139275550842,-0.055865206,-0.12447618693113327,-0.18034139275550842,2.076191738337326,Rod Marinelli,Rod Marinelli,6.230910201588271
CIN,1989,0.5,0.6596967,0.6804878,-0.18048781156539917,-0.020791113,-0.15969669818878174,-0.18048781156539917,2.076191738337326,Sam Wyche,Sam Wyche,6.169822846670739
SDG,2000,0.0625,0.19147035,0.24340156,-0.18090155720710754,-0.051931202,-0.12897035479545593,-0.18090155720710754,2.076191738337326,Mike Riley,Mike Riley,6.108735491753206
SFO,2009,0.5,0.5843149,0.6817636,-0.18176358938217163,-0.09744871,-0.08431488275527954,-0.18176358938217163,2.076191738337326,Mike Singletary,Mike Singletary,6.047648136835675
RAI,2008,0.25,0.35187566,0.43217188,-0.18217188119888306,-0.08029622,-0.1018756628036499,-0.18217188119888306,2.076191738337326,Lane Kiffin,Lane Kiffin / Tom Cable,5.9865607819181434
HTX,2010,0.375,0.5200224,0.5585701,-0.18357008695602417,-0.038547695,-0.14502239227294922,-0.18357008695602417,2.076191738337326,Gary Kubiak,Gary Kubiak,5.925473427000611
GNB,2022,0.4706,0.6658571,0.65461606,-0.1840160578727722,0.011241019,-0.19525707664489744,-0.1840160578727722,2.076191738337326,Matt LaFleur,Matt LaFleur,5.864386072083079
NYG,2017,0.1667,0.3063774,0.35086933,-0.1841693277835846,-0.044491917,-0.1396774108886719,-0.1841693277835846,2.076191738337326,Ben McAdoo,Ben McAdoo / Steve Spagnuolo,5.803298717165547
KAN,1978,0.25,0.3608909,0.43418524,-0.1841852366924286,-0.07329434,-0.11089089512825012,-0.1841852366924286,2.076191738337326,Marv Levy,Marv Levy,5.742211362248015
TAM,1976,0.0,0.14283746,0.18486783,-0.18486782908439636,-0.042030364,-0.14283746480941772,-0.18486782908439636,2.076191738337326,John McKay,John McKay,5.6811240073304825
OTI,1994,0.1,0.3032152,0.2860256,-0.18602561354637145,0.017189592,-0.20321520566940307,-0.18602561354637145,2.076191738337326,Jack Pardee,Jack Pardee / Jeff Fisher,5.62003665241295
MIN,2011,0.1875,0.36174,0.37353417,-0.1860341727733612,-0.01179418,-0.17423999309539795,-0.1860341727733612,2.076191738337326,Leslie Frazier,Leslie Frazier,5.558949297495419
TAM,1978,0.3125,0.41012993,0.4996214,-0.18712139129638672,-0.08949146,-0.09762993454933167,-0.18712139129638672,2.076191738337326,John McKay,John McKay,5.497861942577886
SEA,1992,0.125,0.27100345,0.31241608,-0.18741607666015625,-0.04141262,-0.14600345492362976,-0.18741607666015625,2.076191738337326,Tom Flores,Tom Flores,5.436774587660354
TAM,1977,0.1429,0.2659424,0.3305158,-0.1876158019065857,-0.06457341,-0.12304239473342896,-0.1876158019065857,2.076191738337326,John McKay,John McKay,5.3756872327428225
CIN,2010,0.25,0.39843544,0.43804723,-0.18804723024368286,-0.039611787,-0.14843544363975525,-0.18804723024368286,2.076191738337326,Marvin Lewis,Marvin Lewis,5.31459987782529
CLE,2018,0.3125,0.43779984,0.5006697,-0.1881697177886963,-0.06286988,-0.1252998411655426,-0.1881697177886963,2.076191738337326,Hue Jackson,Gregg Williams / Hue Jackson,5.253512522907758
CAR,2011,0.375,0.51921684,0.5633295,-0.1883295178413391,-0.044112682,-0.14421683549880981,-0.1883295178413391,2.076191738337326,Ron Rivera,Ron Rivera,5.192425167990225
RAM,1997,0.3125,0.49409717,0.5014926,-0.18899261951446533,-0.0073954463,-0.18159717321395874,-0.18899261951446533,2.076191738337326,Dick Vermeil,Dick Vermeil,5.131337813072694
JAX,2011,0.2727,0.43981007,0.46186176,-0.1891617594242096,-0.022051692,-0.16711006741523743,-0.1891617594242096,2.076191738337326,Jack Del Rio,Jack Del Rio / Mel Tucker,5.070250458155162
CLE,2012,0.3125,0.44733006,0.5026571,-0.19015711545944214,-0.055327058,-0.1348300576210022,-0.19015711545944214,2.076191738337326,Pat Shurmur,Pat Shurmur,5.00916310323763
SEA,1981,0.375,0.5125941,0.5651702,-0.19017022848129272,-0.052576125,-0.1375941038131714,-0.19017022848129272,2.076191738337326,Jack Patera,Jack Patera,4.948075748320098
DET,1996,0.3125,0.46357974,0.50273794,-0.19023793935775757,-0.039158195,-0.15107974410057068,-0.19023793935775757,2.076191738337326,Wayne Fontes,Wayne Fontes,4.886988393402566
KAN,2011,0.3846,0.5265991,0.5759864,-0.191386385345459,-0.049387276,-0.14199910917282105,-0.191386385345459,2.076191738337326,Todd Haley,Romeo Crennel / Todd Haley,4.825901038485034
OTI,1984,0.1875,0.27114525,0.3789982,-0.19149819016456604,-0.107852936,-0.08364525437355042,-0.19149819016456604,2.076191738337326,Hugh Campbell,Hugh Campbell,4.7648136835675015
NOR,2005,0.1875,0.32637385,0.37965253,-0.19215252995491028,-0.053278685,-0.1388738453388214,-0.19215252995491028,2.076191738337326,Jim Haslett,Jim Haslett,4.703726328649969
NWE,1990,0.0625,0.22411236,0.25494856,-0.19244855642318726,-0.030836195,-0.1616123616695404,-0.19244855642318726,2.076191738337326,Rod Rust,Rod Rust,4.642638973732438
PHI,1975,0.2857,0.4252276,0.4799193,-0.19421931438446044,-0.054691702,-0.13952761225700377,-0.19421931438446044,2.076191738337326,Mike McCormack,Mike McCormack,4.581551618814905
NWE,1981,0.125,0.32786438,0.31982225,-0.1948222517967224,0.008042127,-0.2028643786907196,-0.1948222517967224,2.076191738337326,Ron Erhardt,Ron Erhardt,4.520464263897373
MIN,2006,0.375,0.5044168,0.5699231,-0.19492310285568237,-0.06550628,-0.129416823387146,-0.19492310285568237,2.076191738337326,Brad Childress,Brad Childress,4.459376908979841
NYG,1995,0.3125,0.5208191,0.5076388,-0.1951388120651245,0.0131803155,-0.20831912755966187,-0.1951388120651245,2.076191738337326,Dan Reeves,Dan Reeves,4.398289554062309
PHI,2015,0.4,0.6156219,0.5956394,-0.19563940763473509,0.019982517,-0.21562192440032957,-0.19563940763473509,2.076191738337326,Chip Kelly,Chip Kelly / Pat Shurmur,4.337202199144777
RAI,2005,0.25,0.4145702,0.44712526,-0.19712525606155396,-0.032555044,-0.16457021236419678,-0.19712525606155396,2.076191738337326,Norv Turner,Norv Turner,4.276114844227244
JAX,2012,0.125,0.31081137,0.32319415,-0.19819414615631104,-0.012382776,-0.1858113706111908,-0.19819414615631104,2.076191738337326,Mike Mularkey,Mike Mularkey,4.215027489309713
NOR,1970,0.1429,0.28058544,0.34114063,-0.19824062786102295,-0.06055519,-0.13768543801307678,-0.19824062786102295,2.076191738337326,J.D. Roberts,J.D. Roberts / Tom Fears,4.153940134392181
CAR,2010,0.125,0.31063634,0.3232989,-0.19829890131950378,-0.01266256,-0.18563634157180786,-0.19829890131950378,2.076191738337326,John Fox,John Fox,4.092852779474649
CAR,2004,0.4375,0.6120803,0.6365354,-0.1990354061126709,-0.02445513,-0.17458027601242065,-0.1990354061126709,2.076191738337326,John Fox,John Fox,4.031765424557117
MIA,2007,0.0625,0.2066739,0.2624846,-0.199984610080719,-0.055810705,-0.14417390525341034,-0.199984610080719,2.076191738337326,Cam Cameron,Cam Cameron,3.9706780696395847
JAX,2016,0.1429,0.28247368,0.34365973,-0.20075972876548767,-0.061186045,-0.13957368335723877,-0.20075972876548767,2.076191738337326,Gus Bradley,Doug Marrone / Gus Bradley,3.9095907147220528
SEA,1994,0.375,0.5763649,0.5764712,-0.201471209526062,-0.000106334686,-0.20136487483978271,-0.201471209526062,2.076191738337326,Tom Flores,Tom Flores,3.8485033598045204
HTX,2004,0.4375,0.585773,0.6439005,-0.20640051364898682,-0.058127522,-0.14827299118041992,-0.20640051364898682,2.076191738337326,Dom Capers,Dom Capers,3.7874160048869885
NYJ,1990,0.375,0.49459136,0.5839791,-0.20897912979125977,-0.089387774,-0.1195913553237915,-0.20897912979125977,2.076191738337326,Bruce Coslet,Bruce Coslet,3.726328649969456
CLT,1974,0.0,0.13823825,0.209205,-0.2092050015926361,-0.07096675,-0.13823825120925903,-0.2092050015926361,2.076191738337326,Howard Schnellenberger,Howard Schnellenberger / Joe Thomas,3.665241295051924
OTI,1983,0.0,0.15239644,0.2100324,-0.2100324034690857,-0.057635963,-0.15239644050598145,-0.2100324034690857,2.076191738337326,Ed Biles,Chuck Studley / Ed Biles,3.6041539401343923
TAM,2014,0.125,0.2906333,0.33645624,-0.21145623922348022,-0.04582295,-0.16563329100608826,-0.21145623922348022,2.076191738337326,Lovie Smith,Lovie Smith,3.54306658521686
CIN,1985,0.4375,0.6229225,0.65031856,-0.21281856298446655,-0.027396083,-0.18542248010635376,-0.21281856298446655,2.076191738337326,Sam Wyche,Sam Wyche,3.481979230299328
TAM,1983,0.125,0.3060122,0.33784497,-0.21284496784210205,-0.031832755,-0.18101221323013306,-0.21284496784210205,2.076191738337326,John McKay,John McKay,3.4208918753817956
SFO,2010,0.3333,0.53125226,0.54807544,-0.21477543754577638,-0.016823173,-0.19795226497650148,-0.21477543754577638,2.076191738337326,Mike Singletary,Jim Tomsula / Mike Singletary,3.3598045204642637
DET,2006,0.1875,0.34564593,0.40378958,-0.21628957986831665,-0.058143646,-0.158145934343338,-0.21628957986831665,2.076191738337326,Rod Marinelli,Rod Marinelli,3.2987171655467313
DEN,2010,0.25,0.42612445,0.46729377,-0.21729376912117004,-0.041169316,-0.1761244535446167,-0.21729376912117004,2.076191738337326,Josh McDaniels,Eric Studesville / Josh McDaniels,3.2376298106292003
MIA,2015,0.25,0.42846423,0.4677868,-0.2177867889404297,-0.039322555,-0.17846423387527466,-0.2177867889404297,2.076191738337326,Joe Philbin,Dan Campbell / Joe Philbin,3.176542455711668
NYJ,1996,0.0625,0.24267513,0.28209838,-0.21959838271141052,-0.039423257,-0.18017512559890747,-0.21959838271141052,2.076191738337326,Rich Kotite,Rich Kotite,3.1154551007941356
KAN,2007,0.25,0.4018311,0.4704365,-0.22043651342391968,-0.06860542,-0.15183109045028687,-0.22043651342391968,2.076191738337326,Herm Edwards,Herm Edwards,3.054367745876603
CHI,1972,0.3214,0.44261035,0.5430194,-0.22161941394805906,-0.10040906,-0.12121035323143003,-0.22161941394805906,2.076191738337326,Abe Gibron,Abe Gibron,2.9932803909590717
CAR,2023,0.0909,0.32568645,0.31576422,-0.2248642185688019,0.009922236,-0.23478645477294924,-0.2248642185688019,2.076191738337326,Frank Reich,Chris Tabor / Frank Reich,2.9321930360415394
SFO,2008,0.2857,0.45857844,0.5155425,-0.22984250717163085,-0.05696407,-0.1728784375667572,-0.22984250717163085,2.076191738337326,Mike Nolan,Mike Nolan / Mike Singletary,2.8711056811240074
NYG,2018,0.3125,0.49470428,0.5478555,-0.23535549640655518,-0.05315122,-0.18220427632331848,-0.23535549640655518,2.076191738337326,Pat Shurmur,Pat Shurmur,2.810018326206475
NOR,1980,0.0,0.23935607,0.23663601,-0.23663601279258728,0.002720058,-0.23935607075691223,-0.23663601279258728,2.076191738337326,Dick Nolan,Dick Nolan / Dick Stanfel,2.748930971288943
SFO,2016,0.125,0.34691596,0.36174792,-0.23674792051315308,-0.01483196,-0.22191596031188965,-0.23674792051315308,2.076191738337326,Chip Kelly,Chip Kelly,2.6878436163714112
CIN,2016,0.4062,0.63474345,0.6447496,-0.23854958181381225,-0.01000613,-0.22854345207214355,-0.23854958181381225,2.076191738337326,Marvin Lewis,Marvin Lewis,2.626756261453879
BUF,1985,0.0,0.22742599,0.23872907,-0.2387290745973587,-0.011303082,-0.22742599248886108,-0.2387290745973587,2.076191738337326,Kay Stephenson,Hank Bullough / Kay Stephenson,2.565668906536347
CLT,1986,0.0,0.20391987,0.2399245,-0.23992450535297394,-0.036004633,-0.20391987264156342,-0.23992450535297394,2.076191738337326,Rod Dowhower,Rod Dowhower / Ron Meyer,2.504581551618815
WAS,1994,0.1875,0.45131183,0.42894897,-0.24144896864891052,0.022362858,-0.2638118267059326,-0.24144896864891052,2.076191738337326,Norv Turner,Norv Turner,2.443494196701283
TAM,2013,0.25,0.49600032,0.49283856,-0.2428385615348816,0.0031617582,-0.24600031971931458,-0.2428385615348816,2.076191738337326,Greg Schiano,Greg Schiano,2.3824068417837507
RAM,2008,0.0,0.19121005,0.2435394,-0.24353939294815063,-0.052329347,-0.1912100464105606,-0.24353939294815063,2.076191738337326,Scott Linehan,Jim Haslett / Scott Linehan,2.321319486866219
RAI,1997,0.25,0.39303952,0.5042798,-0.2542797923088074,-0.11124027,-0.1430395245552063,-0.2542797923088074,2.076191738337326,Joe Bugel,Joe Bugel,2.2602321319486864
HTX,2005,0.125,0.31813964,0.37946036,-0.2544603645801544,-0.061320722,-0.19313964247703552,-0.2544603645801544,2.076191738337326,Dom Capers,Dom Capers,2.1991447770311545
DET,2001,0.125,0.32291427,0.380414,-0.2554140090942383,-0.057499737,-0.1979142725467682,-0.2554140090942383,2.076191738337326,Marty Mornhinweg,Marty Mornhinweg,2.138057422113622
KAN,1977,0.1429,0.3059826,0.40087566,-0.2579756577968597,-0.09489307,-0.1630825897216797,-0.2579756577968597,2.076191738337326,Paul Wiggin,Paul Wiggin / Tom Bettis,2.0769700671960907
CLE,1999,0.125,0.39699006,0.38430297,-0.2593029737472534,0.012687087,-0.2719900608062744,-0.2593029737472534,2.076191738337326,Chris Palmer,Chris Palmer,2.0158827122785583
SEA,1976,0.1429,0.38312033,0.40235984,-0.25945984325408933,-0.019239515,-0.2402203281879425,-0.25945984325408933,2.076191738337326,Jack Patera,Jack Patera,1.9547953573610264
CLE,2011,0.25,0.4740375,0.51139665,-0.2613966464996338,-0.03735915,-0.22403749823570251,-0.2613966464996338,2.076191738337326,Pat Shurmur,Pat Shurmur,1.8937080024434942
DET,2012,0.25,0.4449175,0.51264864,-0.26264864206314087,-0.06773114,-0.1949175000190735,-0.26264864206314087,2.076191738337326,Jim Schwartz,Jim Schwartz,1.832620647525962
PHI,1994,0.4375,0.68671006,0.7019134,-0.26441341638565063,-0.015203357,-0.24921005964279175,-0.26441341638565063,2.076191738337326,Rich Kotite,Rich Kotite,1.77153329260843
CLE,2017,0.0,0.2033842,0.2675302,-0.2675302028656006,-0.064146,-0.20338420569896698,-0.2675302028656006,2.076191738337326,Hue Jackson,Hue Jackson,1.7104459376908978
MIA,2011,0.3077,0.53619623,0.5761573,-0.26845727186203006,-0.03996104,-0.22849623184204104,-0.26845727186203006,2.076191738337326,Tony Sparano,Todd Bowles / Tony Sparano,1.6493585827733657
CHI,2024,0.3333,0.5234003,0.6028267,-0.26952671451568605,-0.07942641,-0.19010030670166017,-0.26952671451568605,2.076191738337326,Matt Eberflus,Matt Eberflus / Thomas Brown,1.588271227855834
CIN,1978,0.0,0.27502748,0.27007633,-0.27007633447647095,0.004951149,-0.27502748370170593,-0.27007633447647095,2.076191738337326,Bill Johnson,Bill Johnson / Homer Rice,1.5271838729383016
RAI,2014,0.0,0.23843308,0.27683517,-0.276835173368454,-0.038402095,-0.2384330779314041,-0.276835173368454,2.076191738337326,Dennis Allen,Dennis Allen / Tony Sparano,1.4660965180207697
WAS,2019,0.0,0.24660513,0.27874723,-0.27874723076820374,-0.032142103,-0.24660512804985046,-0.27874723076820374,2.076191738337326,Jay Gruden,Bill Callahan / Jay Gruden,1.4050091631032375
GNB,2008,0.375,0.6561029,0.6550866,-0.28008657693862915,0.0010163188,-0.28110289573669434,-0.28008657693862915,2.076191738337326,Mike McCarthy,Mike McCarthy,1.3439218081857056
CLE,2016,0.0625,0.31081656,0.3427242,-0.2802242040634155,-0.031907648,-0.24831655621528625,-0.2802242040634155,2.076191738337326,Hue Jackson,Hue Jackson,1.2828344532681735
SFO,1982,0.3333,0.62066835,0.61520195,-0.2819019500732422,0.0054664016,-0.28736835165023805,-0.2819019500732422,2.076191738337326,Bill Walsh,Bill Walsh,1.2217470983506415
RAM,2011,0.125,0.3048312,0.4071294,-0.2821294069290161,-0.1022982,-0.17983120679855347,-0.2821294069290161,2.076191738337326,Steve Spagnuolo,Steve Spagnuolo,1.1606597434331094
CIN,2000,0.0,0.23748644,0.2828268,-0.28282681107521057,-0.045340374,-0.23748643696308136,-0.28282681107521057,2.076191738337326,Bruce Coslet,Bruce Coslet / Dick LeBeau,1.0995723885155773
CAR,2001,0.0625,0.3450252,0.3503625,-0.28786250948905945,-0.005337298,-0.2825252115726471,-0.28786250948905945,2.076191738337326,George Seifert,George Seifert,1.0384850335980453
CLE,1984,0.125,0.37985626,0.41536534,-0.2903653383255005,-0.03550908,-0.25485625863075256,-0.2903653383255005,2.076191738337326,Sam Rutigliano,Marty Schottenheimer / Sam Rutigliano,0.9773976786805132
CLT,2011,0.125,0.37847304,0.41868636,-0.2936863601207733,-0.040213317,-0.25347304344177246,-0.2936863601207733,2.076191738337326,Jim Caldwell,Jim Caldwell,0.916310323762981
NYJ,1970,0.2857,0.5520909,0.58299583,-0.29729583196640014,-0.030904949,-0.2663908832550049,-0.29729583196640014,2.076191738337326,Weeb Ewbank,Weeb Ewbank,0.8552229688454489
SFO,1979,0.125,0.38140368,0.427681,-0.30268099904060364,-0.046277314,-0.25640368461608887,-0.30268099904060364,2.076191738337326,Bill Walsh,Bill Walsh,0.794135613927917
WAS,2013,0.1875,0.49463966,0.4954993,-0.30799931287765503,-0.000859648,-0.30713966488838196,-0.30799931287765503,2.076191738337326,Mike Shanahan,Mike Shanahan,0.7330482590103848
HTX,2022,0.2059,0.45842123,0.5140442,-0.3081442252159119,-0.055622995,-0.25252123031616214,-0.3081442252159119,2.076191738337326,Lovie Smith,Lovie Smith,0.6719609040928528
CLT,1991,0.0,0.3002526,0.31270504,-0.31270503997802734,-0.012452453,-0.3002525866031647,-0.31270503997802734,2.076191738337326,Ron Meyer,Rick Venturi / Ron Meyer,0.6108735491753208
CIN,1971,0.2857,0.4822897,0.6100348,-0.32433482341766356,-0.12774512,-0.19658970170021056,-0.32433482341766356,2.076191738337326,Paul Brown,Paul Brown,0.5497861942577886
CLT,1972,0.2,0.5566813,0.53679454,-0.3367945432662964,0.019886732,-0.3566812753677368,-0.3367945432662964,2.076191738337326,Don McCafferty,Don McCafferty / John Sandusky,0.4886988393402566
DET,1976,0.25,0.6065715,0.6347548,-0.3847547769546509,-0.028183281,-0.3565714955329895,-0.3847547769546509,2.076191738337326,Rick Forzano,Rick Forzano / Tommy Hudspeth,0.42761148442272445
DAL,2010,0.125,0.5174619,0.51244515,-0.3874451518058777,0.005016744,-0.392461895942688,-0.3874451518058777,2.076191738337326,Wade Phillips,Jason Garrett / Wade Phillips,0.3665241295051924
HTX,2020,0.0,0.4113446,0.4263875,-0.4263874888420105,-0.015042901,-0.41134458780288696,-0.4263874888420105,2.076191738337326,Bill O'Brien,Bill O'Brien / Romeo Crennel,0.3054367745876604
CIN,1996,0.1429,0.45078737,0.58134633,-0.43844633302688596,-0.13055897,-0.30788736543655393,-0.43844633302688596,2.076191738337326,David Shula,Bruce Coslet / David Shula,0.2443494196701283
PHI,1971,0.0,0.44775656,0.49344572,-0.4934457242488861,-0.045689166,-0.4477565586566925,-0.4934457242488861,2.076191738337326,Jerry Williams,Ed Khayat / Jerry Williams,0.1832620647525962
SEA,1982,0.0,0.48175257,0.49448326,-0.49448326230049133,-0.012730688,-0.48175257444381714,-0.49448326230049133,2.076191738337326,Jack Patera,Jack Patera / Mike McCormack,0.12217470983506415
ATL,2020,0.0,0.4286458,0.53858423,-0.5385842323303223,-0.10993844,-0.4286457896232605,-0.5385842323303223,2.076191738337326,Dan Quinn,Dan Quinn / Raheem Morris,0.061087354917532075
