Coach,Year,Season_Number,Annual_WAR,Annual_Games,Cumulative_WAR,Cumulative_Games,Win_Pct,Predicted_Impact,Predicted_Replacement,Total_Seasons
Mike Ditka,1982,1,-0.1410761718273163,-2.257218749237061,-0.1410761718273163,-2.257218749237061,0.3333,-0.024964571,0.47437617,14
Mike Ditka,1983,2,-0.0032165050506591,-0.0514640808105456,-0.1442926768779754,-2.3086828300476063,0.5,-0.011550248,0.5032165,14
Mike Ditka,1984,3,-0.0320799350738525,-0.51327896118164,-0.1763726119518279,-2.8219617912292465,0.625,0.004462123,0.65707994,14
Mike Ditka,1985,4,0.1144773364067077,1.831637382507323,-0.06189527554512021,-0.9903244087219234,0.9375,0.016077518,0.82302266,14
Mike Ditka,1986,5,0.0826460719108581,1.3223371505737296,0.020750796365737886,0.3320127418518062,0.875,0.020240903,0.7923539,14
Mike Ditka,1987,6,0.3692714269638061,5.908342831420898,0.390022223329544,6.240355573272704,0.7333,0.07940853,0.36402857,14
Mike Ditka,1988,7,0.0299296379089355,0.478874206542968,0.4199518612384795,6.719229779815672,0.75,0.016742408,0.72007036,14
Mike Ditka,1989,8,-0.1193830072879791,-1.9101281166076656,0.30056885395050037,4.809101663208006,0.375,0.008772641,0.494383,14
Mike Ditka,1990,9,-0.0138196945190429,-0.2211151123046864,0.28674915943145746,4.587986550903319,0.6875,0.024247587,0.7013197,14
Mike Ditka,1991,10,0.052786648273468,0.844586372375488,0.3395358077049255,5.432572923278808,0.6875,0.036150992,0.63471335,14
Mike Ditka,1992,11,-0.0159911513328552,-0.2558584213256832,0.32354465637207025,5.176714501953124,0.3125,0.045192838,0.32849115,14
Mike Ditka,1997,12,0.0611611306667327,0.9785780906677232,0.3847057870388029,6.155292592620847,0.375,0.007927835,0.31383887,14
Mike Ditka,1998,13,-0.0300897061824798,-0.4814352989196768,0.3546160808563231,5.67385729370117,0.375,0.005793363,0.4050897,14
Mike Ditka,1999,14,-0.1415276825428009,-2.2644429206848145,0.21308839831352222,3.4094143730163555,0.1875,-0.020218253,0.32902768,14
Dan Campbell,2021,1,-0.1176962390899658,-1.883139825439453,-0.1176962390899658,-1.883139825439453,0.2059,-0.030297697,0.32359624,4
Dan Campbell,2022,2,-0.1012232810020447,-1.6195724960327151,-0.2189195200920105,-3.502712321472168,0.5294,-0.07594007,0.6306233,4
Dan Campbell,2023,3,0.06674645986557,1.06794335784912,-0.1521730602264405,-2.434768963623048,0.7059,-0.032320023,0.63915354,4
Dan Campbell,2024,4,0.284154081249237,4.546465299987792,0.13198102102279652,2.1116963363647443,0.8824,0.0040628314,0.5982459,4
Kyle Shanahan,2017,1,0.1294845342636108,2.071752548217773,0.1294845342636108,2.071752548217773,0.375,0.025806904,0.24551547,8
Kyle Shanahan,2018,2,0.0147757083177566,0.2364113330841056,0.1442602425813674,2.3081638813018786,0.25,-0.020372838,0.23522429,8
Kyle Shanahan,2019,3,0.2818485498428345,4.509576797485352,0.42610879242420185,6.81774067878723,0.8125,0.05163586,0.53065145,8
Kyle Shanahan,2020,4,0.0951024889945983,1.5216398239135729,0.5212112814188001,8.339380502700802,0.375,0.038212568,0.2798975,8
Kyle Shanahan,2021,5,0.1321082384109496,2.1137318145751935,0.6533195198297497,10.453112317275995,0.5882,0.03289321,0.45609176,8
Kyle Shanahan,2022,6,0.0307590410232544,0.4921446563720704,0.6840785608530041,10.945256973648066,0.7647,0.037875354,0.73394096,8
Kyle Shanahan,2023,7,0.058464513683319,0.935432218933104,0.7425430745363231,11.880689192581169,0.7059,0.039934933,0.6474355,8
Kyle Shanahan,2024,8,0.012298078918457,0.196769262695312,0.7548411534547801,12.077458455276481,0.3529,0.018695623,0.34060192,8
Gene Stallings,1986,1,0.0618563824415206,0.9897021190643296,0.0618563824415206,0.9897021190643296,0.2812,0.008121714,0.21934362,4
Gene Stallings,1987,2,0.0999053840160369,1.5984861442565903,0.1617617664575575,2.58818826332092,0.4667,-0.02704084,0.36679462,4
Gene Stallings,1988,3,0.1246081888675689,1.9937310218811024,0.2863699553251264,4.581919285202022,0.4375,-0.016613036,0.3128918,4
Gene Stallings,1989,4,0.2780710114240646,4.4491361827850335,0.564440966749191,9.031055467987056,0.4545,-0.0090987235,0.17642899,4
Bill Cowher,1992,1,0.0705025196075439,1.1280403137207025,0.0705025196075439,1.1280403137207025,0.6875,0.0150101185,0.6169975,15
Bill Cowher,1993,2,-0.0277192592620849,-0.4435081481933584,0.042783260345459005,0.6845321655273441,0.5625,0.024055898,0.59021926,15
Bill Cowher,1994,3,0.0428425669670105,0.685481071472168,0.08562582731246951,1.3700132369995122,0.75,0.023023188,0.70715743,15
Bill Cowher,1995,4,0.1553504467010498,2.485607147216797,0.24097627401351931,3.855620384216309,0.6875,0.0154880285,0.53214955,15
Bill Cowher,1996,5,0.0144764780998229,0.2316236495971664,0.25545275211334223,4.087244033813476,0.625,0.011977673,0.6105235,15
Bill Cowher,1997,6,0.0806623697280883,1.2905979156494127,0.33611512184143055,5.377841949462889,0.6875,0.01753676,0.60683763,15
Bill Cowher,1998,7,-0.0294061005115509,-0.4704976081848144,0.30670902132987965,4.907344341278074,0.4375,0.015245974,0.4669061,15
Bill Cowher,1999,8,-0.0193857550621032,-0.3101720809936512,0.28732326626777643,4.597172260284423,0.375,0.027056336,0.39438576,15
Bill Cowher,2000,9,-0.0793334245681762,-1.2693347930908192,0.20798984169960022,3.3278374671936035,0.5625,0.024620175,0.6418334,15
Bill Cowher,2001,10,0.1752764582633972,2.804423332214355,0.38326629996299744,6.132260799407959,0.8125,0.02615118,0.63722354,15
Bill Cowher,2002,11,0.0664874994277954,1.0637999908447264,0.44975379939079285,7.196060790252686,0.6562,0.01397258,0.5897125,15
Bill Cowher,2003,12,-0.0814122259616851,-1.3025956153869616,0.3683415734291078,5.8934651748657245,0.375,0.035924762,0.45641223,15
Bill Cowher,2004,13,0.2732723355293274,4.372357368469238,0.6416139089584352,10.265822543334963,0.9375,0.036565065,0.66422766,15
Bill Cowher,2005,14,0.051996886730194,0.831950187683104,0.6936107956886292,11.097772731018066,0.6875,0.034686565,0.6355031,15
Bill Cowher,2006,15,-0.0484406948089599,-0.7750511169433584,0.6451701008796693,10.322721614074709,0.5,0.017741084,0.5484407,15
Bill Belichick,1991,1,-0.1647528409957885,-2.636045455932616,-0.1647528409957885,-2.636045455932616,0.375,0.011582673,0.53975284,29
Bill Belichick,1992,2,0.0916827917098999,1.4669246673583984,-0.07307004928588859,-1.1691207885742174,0.4375,-0.028849185,0.3458172,29
Bill Belichick,1993,3,0.0760051906108856,1.2160830497741697,0.0029351413249970176,0.04696226119995228,0.4375,-0.002923429,0.3614948,29
Bill Belichick,1994,4,0.031100571155548,0.497609138488768,0.034035712480545016,0.5445713996887203,0.6875,-0.00044631958,0.6563994,29
Bill Belichick,1995,5,-0.0939407646656036,-1.5030522346496575,-0.05990505218505858,-0.9584808349609373,0.3125,0.020150572,0.40644076,29
Bill Belichick,2000,6,-0.0203813314437866,-0.3261013031005856,-0.08028638362884519,-1.284582138061523,0.3125,0.014867455,0.33288133,29
Bill Belichick,2001,7,0.0074924230575561,0.1198787689208976,-0.07279396057128909,-1.1647033691406254,0.6875,0.013145506,0.6800076,29
Bill Belichick,2002,8,0.0138472318649292,0.2215557098388672,-0.05894672870635989,-0.9431476593017583,0.5625,0.017717361,0.54865277,29
Bill Belichick,2003,9,0.1637184023857116,2.6194944381713854,0.1047716736793517,1.6763467788696271,0.875,0.018188655,0.7112816,29
Bill Belichick,2004,10,0.2249367237091064,3.5989875793457022,0.3297083973884581,5.275334358215329,0.875,0.0289886,0.6500633,29
Bill Belichick,2005,11,0.1959332227706909,3.1349315643310542,0.525641620159149,8.410265922546383,0.625,0.03639099,0.42906678,29
Bill Belichick,2006,12,0.122245192527771,1.955923080444336,0.6478868126869199,10.366189002990719,0.75,0.04609567,0.6277548,29
Bill Belichick,2007,13,0.2338064312934875,3.7409029006958,0.8816932439804075,14.10709190368652,1.0,0.043234825,0.76619357,29
Bill Belichick,2008,14,0.1886992752552032,3.019188404083251,1.0703925192356107,17.126280307769772,0.6875,0.032578677,0.49880072,29
Bill Belichick,2009,15,0.0103119015693664,0.1649904251098624,1.0807044208049772,17.291270732879635,0.625,0.039329767,0.6146881,29
Bill Belichick,2010,16,0.191348135471344,3.061570167541504,1.2720525562763212,20.35284090042114,0.875,0.042614877,0.68365186,29
Bill Belichick,2011,17,0.0974065065383911,1.5585041046142576,1.3694590628147123,21.911345005035397,0.8125,0.039507985,0.7150935,29
Bill Belichick,2012,18,0.0018060207366943,0.0288963317871088,1.3712650835514066,21.940241336822506,0.75,0.021487474,0.748194,29
Bill Belichick,2013,19,0.2485190629959106,3.9763050079345694,1.6197841465473173,25.916546344757077,0.75,0.026732445,0.50148094,29
Bill Belichick,2014,20,0.0279827713966369,0.4477243423461904,1.6477669179439542,26.364270687103268,0.75,0.018478036,0.7220172,29
Bill Belichick,2015,21,0.2313008308410644,3.7008132934570304,1.8790677487850187,30.0650839805603,0.75,0.032562673,0.51869917,29
Bill Belichick,2016,22,0.2194375991821289,3.5110015869140625,2.098505347967148,33.576085567474365,0.875,0.0305534,0.6555624,29
Bill Belichick,2017,23,0.2728949785232544,4.36631965637207,2.371400326490402,37.942405223846436,0.8125,0.02938509,0.539605,29
Bill Belichick,2018,24,-0.0504071712493896,-0.8065147399902336,2.3209931552410126,37.1358904838562,0.6875,0.034595072,0.7379072,29
Bill Belichick,2019,25,0.0873219966888427,1.3971519470214833,2.4083151519298553,38.533042430877686,0.75,0.024531245,0.662678,29
Bill Belichick,2020,26,-0.0573873817920684,-0.9181981086730944,2.350927770137787,37.61484432220459,0.4375,-0.0009573996,0.49488738,29
Bill Belichick,2021,27,-0.0553624361038208,-0.8857989776611328,2.295565334033966,36.72904534454346,0.5882,0.041508794,0.64356244,29
Bill Belichick,2022,28,-0.0975989789009094,-1.5615836624145505,2.197966355133057,35.16746168212891,0.4706,0.019948602,0.568199,29
Bill Belichick,2023,29,-0.0725959584236144,-1.1615353347778303,2.1253703967094424,34.00592634735108,0.2353,0.042883813,0.30789596,29
Mike Zimmer,2014,1,0.1229100227355957,1.9665603637695312,0.1229100227355957,1.9665603637695312,0.4375,-0.0075501204,0.31458998,8
Mike Zimmer,2015,2,0.0590529441833496,0.9448471069335936,0.1819629669189453,2.911407470703125,0.6875,-0.0055245757,0.62844706,8
Mike Zimmer,2016,3,-0.1102944016456604,-1.7647104263305664,0.07166856527328491,1.1466970443725586,0.5,-0.023819625,0.6102944,8
Mike Zimmer,2017,4,0.2723278999328613,4.35724639892578,0.3439964652061462,5.503943443298339,0.8125,0.0102133155,0.5401721,8
Mike Zimmer,2018,5,-0.0553504145622253,-0.8856066329956048,0.2886460506439209,4.6183368103027345,0.5312,0.0041695237,0.5865504,8
Mike Zimmer,2019,6,-0.1201698184013366,-1.9227170944213856,0.1684762322425843,2.6956197158813486,0.625,-0.00707525,0.7451698,8
Mike Zimmer,2020,7,-0.0464115142822265,-0.742584228515624,0.12206471796035778,1.9530354873657245,0.4375,-0.008765757,0.4839115,8
Mike Zimmer,2021,8,-0.0872144788742065,-1.395431661987304,0.034850239086151286,0.5576038253784206,0.4706,0.010047913,0.5578145,8
Chuck Pagano,2012,1,0.2704350352287292,4.326960563659667,0.2704350352287292,4.326960563659667,0.6875,0.0371404,0.41706496,6
Chuck Pagano,2013,2,0.1156198978424072,1.8499183654785152,0.38605493307113636,6.176878929138182,0.6875,0.005036652,0.5718801,6
Chuck Pagano,2014,3,0.2201283276081085,3.522053241729736,0.6061832606792449,9.698932170867918,0.6875,0.037857264,0.46737167,6
Chuck Pagano,2015,4,0.0227085649967193,0.3633370399475088,0.6288918256759641,10.062269210815426,0.5,0.019128382,0.47729144,6
Chuck Pagano,2016,5,0.1170423328876495,1.872677326202392,0.7459341585636137,11.934946537017819,0.5,0.0081804395,0.38295767,6
Chuck Pagano,2017,6,-0.1399526596069336,-2.2392425537109375,0.6059814989566801,9.695703983306881,0.25,-0.0226731,0.38995266,6
Mike Holmgren,1992,1,0.1447525024414062,2.316040039062499,0.1447525024414062,2.316040039062499,0.5625,0.03920117,0.4177475,17
Mike Holmgren,1993,2,0.0532935261726379,0.8526964187622064,0.19804602861404408,3.1687364578247053,0.5625,0.00028264523,0.5092065,17
Mike Holmgren,1994,3,-0.1301651000976562,-2.082641601562499,0.06788092851638788,1.0860948562622061,0.5625,0.01653701,0.6926651,17
Mike Holmgren,1995,4,0.2397015690803527,3.835225105285643,0.3075824975967406,4.92131996154785,0.6875,0.03523189,0.44779843,17
Mike Holmgren,1996,5,0.0529749393463134,0.8475990295410144,0.36055743694305403,5.7689189910888645,0.8125,0.025767028,0.75952506,17
Mike Holmgren,1997,6,0.0961902737617492,1.5390443801879872,0.45674771070480324,7.307963371276852,0.8125,0.025797367,0.7163097,17
Mike Holmgren,1998,7,0.263062983751297,4.209007740020752,0.7198106944561002,11.516971111297604,0.6875,0.03651023,0.42443702,17
Mike Holmgren,1999,8,-0.0542823672294616,-0.8685178756713856,0.6655283272266387,10.648453235626219,0.5625,0.0033584237,0.61678237,17
Mike Holmgren,2000,9,-0.0088628828525543,-0.1418061256408688,0.6566654443740844,10.50664710998535,0.375,0.005111903,0.38386288,17
Mike Holmgren,2001,10,0.0475907921791076,0.7614526748657215,0.7042562365531919,11.26809978485107,0.5625,0.045700967,0.5149092,17
Mike Holmgren,2002,11,-0.1714237928390503,-2.7427806854248047,0.5328324437141416,8.525319099426266,0.4375,0.017882228,0.6089238,17
Mike Holmgren,2003,12,0.0141518115997314,0.2264289855957024,0.5469842553138731,8.751748085021969,0.625,0.017396271,0.6108482,17
Mike Holmgren,2004,13,-0.0083595514297485,-0.133752822875976,0.5386247038841245,8.617995262145993,0.5625,0.036839604,0.57085955,17
Mike Holmgren,2005,14,0.1239359974861145,1.982975959777832,0.662560701370239,10.600971221923825,0.8125,0.031645656,0.688564,17
Mike Holmgren,2006,15,0.1811527013778686,2.8984432220458975,0.8437134027481077,13.499414443969723,0.5625,0.039595664,0.3813473,17
Mike Holmgren,2007,16,-0.0965681672096252,-1.5450906753540032,0.7471452355384824,11.954323768615719,0.625,0.018165112,0.72156817,17
Mike Holmgren,2008,17,-0.0647498369216919,-1.0359973907470703,0.6823953986167905,10.918326377868649,0.25,0.030077815,0.31474984,17
Jim Caldwell,2009,1,0.2584248781204223,4.134798049926757,0.2584248781204223,4.134798049926757,0.875,0.016766608,0.6165751,7
Jim Caldwell,2010,2,0.1972891986370086,3.156627178192138,0.4557140767574309,7.291425228118895,0.625,0.03963414,0.4277108,7
Jim Caldwell,2011,3,-0.2936863601207733,-4.698981761932373,0.1620277166366576,2.5924434661865217,0.125,-0.040213317,0.41868636,7
Jim Caldwell,2014,4,-0.0034770369529724,-0.0556325912475584,0.1585506796836852,2.536810874938963,0.6875,-0.038510203,0.69097704,7
Jim Caldwell,2015,5,-0.0766273736953735,-1.226037979125976,0.0819233059883117,1.3107728958129872,0.4375,-0.020624995,0.5141274,7
Jim Caldwell,2016,6,-0.0269054770469665,-0.430487632751464,0.0550178289413452,0.8802852630615232,0.5625,0.00091922283,0.5894055,7
Jim Caldwell,2017,7,-0.0381284356117248,-0.6100549697875968,0.016889393329620403,0.27023029327392645,0.5625,-0.005882919,0.60062844,7
John Madden,1970,1,0.0961642364501953,1.5386277832031248,0.0961642364501953,1.5386277832031248,0.6429,-0.008286178,0.54673576,9
John Madden,1971,2,0.0894548396110535,1.431277433776856,0.18561907606124878,2.9699052169799804,0.6429,0.011415899,0.55344516,9
John Madden,1972,3,0.0661300420761108,1.0580806732177728,0.25174911813735956,4.027985890197753,0.75,0.016602814,0.68386996,9
John Madden,1973,4,0.100282059764862,1.604512956237792,0.35203117790222155,5.632498846435545,0.6786,0.036699116,0.57831794,9
John Madden,1974,5,0.201345970249176,3.221535523986816,0.5533771481513976,8.854034370422362,0.8571,0.08086902,0.655754,9
John Madden,1975,6,0.1320888764381408,2.1134220230102527,0.6854660245895384,10.967456393432615,0.7857,0.045540035,0.6536111,9
John Madden,1976,7,0.2568002806663513,4.108804490661621,0.9422663052558897,15.076260884094236,0.9286,0.065074086,0.6717997,9
John Madden,1977,8,0.1138391263008117,1.821426020812987,1.0561054315567013,16.89768690490722,0.7857,0.040985286,0.6718609,9
John Madden,1978,9,0.1123822927474975,1.79811668395996,1.168487724304199,18.695803588867182,0.5625,0.058727026,0.4501177,9
Don Shula,1970,1,0.0560356014251709,0.8965696228027344,0.0560356014251709,0.8965696228027344,0.7143,-0.044618845,0.6582644,26
Don Shula,1971,2,0.0584285855293273,0.9348573684692368,0.1144641869544982,1.8314269912719712,0.75,0.0037195086,0.6915714,26
Don Shula,1972,3,0.1913249492645263,3.061199188232421,0.3057891362190245,4.892626179504392,1.0,0.028361082,0.80867505,26
Don Shula,1973,4,0.160287608718872,2.564601739501952,0.46607674493789647,7.4572279190063435,0.8571,0.038058758,0.6968124,26
Don Shula,1974,5,0.2542917496681213,4.068667994689941,0.7203684946060178,11.525895913696285,0.7857,0.0350371,0.53140825,26
Don Shula,1975,6,0.1405555837631226,2.2488893402099617,0.8609240783691404,13.774785253906247,0.7143,0.04569298,0.5737444,26
Don Shula,1976,7,0.0027049051284789,0.0432784820556624,0.8636289834976193,13.818063735961909,0.4286,0.051668227,0.4258951,26
Don Shula,1977,8,0.2234597437858582,3.575355900573731,1.0870887272834775,17.39341963653564,0.7143,0.063809335,0.49084026,26
Don Shula,1978,9,0.069329559803009,1.109272956848144,1.1564182870864865,18.502692593383784,0.6875,0.036333025,0.61817044,26
Don Shula,1979,10,0.1477755308151245,2.364408493041992,1.304193817901611,20.867101086425777,0.625,0.0687992,0.47722447,26
Don Shula,1980,11,0.0942325294017791,1.5077204704284657,1.3984263473033902,22.374821556854243,0.5,0.039734364,0.40576747,26
Don Shula,1981,12,0.1643325007438659,2.6293200119018545,1.562758848047256,25.004141568756097,0.7188,0.042467237,0.5544675,26
Don Shula,1982,13,0.1570039155960083,2.5120626495361327,1.7197627636432644,27.51620421829223,0.7778,0.024618566,0.6207961,26
Don Shula,1983,14,0.0925683379173278,1.4810934066772448,1.8123311015605923,28.997297624969477,0.75,0.05386281,0.65743166,26
Don Shula,1984,15,0.1577559113502502,2.524094581604003,1.9700870129108425,31.52139220657348,0.875,0.051474333,0.7172441,26
Don Shula,1985,16,0.2205165028572082,3.528264045715331,2.190603515768051,35.04965625228881,0.75,0.046339035,0.5294835,26
Don Shula,1986,17,0.0117241740226745,0.187586784362792,2.2023276897907254,35.237243036651606,0.5,0.03336656,0.48827583,26
Don Shula,1987,18,0.1439826364994049,2.3037221839904785,2.3463103262901304,37.540965220642086,0.5333,0.016587764,0.38931736,26
Don Shula,1988,19,0.0795864462852478,1.2733831405639648,2.425896772575378,38.81434836120605,0.375,0.025167853,0.29541355,26
Don Shula,1989,20,0.1758134961128235,2.813015937805176,2.6017102686882017,41.62736429901123,0.5,0.043644816,0.3241865,26
Don Shula,1990,21,0.1047004461288452,1.6752071380615232,2.706410714817047,43.30257143707275,0.75,0.0402928,0.64529955,26
Don Shula,1991,22,0.0831027030944824,1.3296432495117183,2.7895134179115293,44.63221468658447,0.5,0.03657326,0.4168973,26
Don Shula,1992,23,0.0654847025871276,1.0477552413940416,2.854998120498657,45.67996992797851,0.6875,0.030913472,0.6220153,26
Don Shula,1993,24,0.2143548130989074,3.429677009582518,3.0693529335975644,49.10964693756103,0.5625,0.044686347,0.3481452,26
Don Shula,1994,25,-0.0019084811210632,-0.0305356979370112,3.067444452476501,49.07911123962402,0.625,0.02138859,0.6269085,26
Don Shula,1995,26,0.1882117390632629,3.0113878250122066,3.255656191539764,52.09049906463623,0.5625,0.036325812,0.37428826,26
Tom Flores,1979,1,-0.0144755840301513,-0.2316093444824208,-0.0144755840301513,-0.2316093444824208,0.5625,0.019144058,0.5769756,12
Tom Flores,1980,2,0.0485990643501281,0.7775850296020496,0.0341234803199768,0.5459756851196288,0.6875,-0.013257861,0.63890094,12
Tom Flores,1981,3,0.0118013024330139,0.1888208389282224,0.0459247827529907,0.7347965240478512,0.4375,0.010705411,0.4256987,12
Tom Flores,1982,4,0.1873564304351807,2.997702886962891,0.23328121318817138,3.732499411010742,0.8889,-0.0070815682,0.70154357,12
Tom Flores,1983,5,0.1372724771499633,2.1963596343994127,0.3705536903381347,5.928859045410155,0.75,-0.0073269606,0.6127275,12
Tom Flores,1984,6,0.1450430154800415,2.320688247680664,0.5155967058181762,8.249547293090819,0.6875,0.024176598,0.542457,12
Tom Flores,1985,7,0.2483895421028137,3.974232673645019,0.7639862479209899,12.223779966735838,0.75,0.046813488,0.50161046,12
Tom Flores,1986,8,-0.0336620807647705,-0.538593292236328,0.7303241671562194,11.68518667449951,0.5,-0.005711198,0.5336621,12
Tom Flores,1987,9,0.0083937700271606,0.1343003204345696,0.73871793718338,11.81948699493408,0.3333,0.06167233,0.32490623,12
Tom Flores,1992,10,-0.1874160766601562,-2.998657226562499,0.5513018605232238,8.820829768371581,0.125,-0.04141262,0.31241608,12
Tom Flores,1993,11,-0.105857640504837,-1.693722248077392,0.44544422001838685,7.12710752029419,0.375,0.01654753,0.48085764,12
Tom Flores,1994,12,-0.201471209526062,-3.223539352416992,0.24397301049232484,3.9035681678771974,0.375,-0.000106334686,0.5764712,12
John Harbaugh,2008,1,0.0290398001670837,0.4646368026733392,0.0290398001670837,0.4646368026733392,0.6875,-0.022678554,0.6584602,17
John Harbaugh,2009,2,-0.1067281365394592,-1.7076501846313472,-0.0776883363723755,-1.243013381958008,0.5625,-0.030226648,0.66922814,17
John Harbaugh,2010,3,0.051091730594635,0.81746768951416,-0.0265966057777405,-0.425545692443848,0.75,0.013460755,0.69890827,17
John Harbaugh,2011,4,0.0968486070632934,1.5495777130126944,0.0702520012855529,1.1240320205688463,0.75,0.055380106,0.6531514,17
John Harbaugh,2012,5,-0.0083128213882446,-0.1330051422119136,0.061939179897308294,0.9910268783569327,0.625,0.010662019,0.6333128,17
John Harbaugh,2013,6,-0.0927882194519043,-1.4846115112304688,-0.030849039554596003,-0.49358463287353604,0.5,0.012098789,0.5927882,17
John Harbaugh,2014,7,0.0724746584892273,1.1595945358276367,0.04162561893463129,0.6660099029541007,0.625,0.026399195,0.55252534,17
John Harbaugh,2015,8,0.1124730557203292,1.7995688915252672,0.1540986746549605,2.465578794479368,0.3125,0.026723385,0.20002694,17
John Harbaugh,2016,9,-0.0736286640167236,-1.1780586242675777,0.08047001063823689,1.2875201702117902,0.5,0.00878495,0.57362866,17
John Harbaugh,2017,10,-0.0216187238693237,-0.3458995819091792,0.058851286768913186,0.941620588302611,0.5625,0.0155521035,0.5841187,17
John Harbaugh,2018,11,0.0825552940368652,1.3208847045898433,0.1414065808057784,2.2625052928924543,0.625,0.039818406,0.5424447,17
John Harbaugh,2019,12,0.244591474533081,3.913463592529296,0.3859980553388594,6.17596888542175,0.875,0.04121864,0.6304085,17
John Harbaugh,2020,13,0.2013616561889648,3.2217864990234366,0.5873597115278242,9.397755384445187,0.6875,0.03451246,0.48613834,17
John Harbaugh,2021,14,0.1442625134944916,2.3082002159118655,0.7316222250223158,11.705955600357052,0.4706,0.056895882,0.3263375,17
John Harbaugh,2022,15,0.0217206151008605,0.347529841613768,0.7533428401231763,12.053485441970821,0.5882,0.030040503,0.5664794,17
John Harbaugh,2023,16,0.0548802659034729,0.8780842544555664,0.8082231060266493,12.931569696426388,0.7647,0.040668845,0.70981973,17
John Harbaugh,2024,17,-0.0290195480346679,-0.4643127685546864,0.7792035579919814,12.467256927871702,0.7059,0.0420354,0.73491955,17
Kevin Stefanski,2020,1,0.1425656080245971,2.281049728393554,0.1425656080245971,2.281049728393554,0.6875,0.04517722,0.5449344,5
Kevin Stefanski,2021,2,0.1555409341812134,2.4886549468994144,0.2981065422058105,4.769704675292968,0.4706,0.039328665,0.31505907,5
Kevin Stefanski,2022,3,0.0176823466300964,0.2829175460815424,0.3157888888359069,5.05262222137451,0.4118,0.013960689,0.39411765,5
Kevin Stefanski,2023,4,0.2384095772266388,3.814553235626221,0.5541984660625456,8.86717545700073,0.6471,0.029765546,0.40869042,5
Kevin Stefanski,2024,5,-0.0270281360149383,-0.4324501762390128,0.5271703300476074,8.434725280761718,0.1765,0.0063772053,0.20352814,5
Lou Saban,1970,1,-0.054553886270523,-0.872862180328368,-0.054553886270523,-0.872862180328368,0.3929,-0.04169464,0.4474539,7
Lou Saban,1971,2,0.0135755303382873,0.2172084854125968,-0.0409783559322357,-0.6556536949157712,0.2778,-0.017054036,0.26422447,7
Lou Saban,1972,3,0.0017428828716278,0.0278861259460448,-0.0392354730606079,-0.6277675689697264,0.3214,-0.008597612,0.31965712,7
Lou Saban,1973,4,0.2323751250743866,3.7180020011901855,0.1931396520137787,3.090234432220459,0.6429,0.05175537,0.41052487,7
Lou Saban,1974,5,0.1886651019096374,3.0186416305541983,0.38180475392341606,6.108876062774657,0.6429,0.047387183,0.4542349,7
Lou Saban,1975,6,-0.019874619102478,-0.317993905639648,0.36193013482093805,5.790882157135009,0.5714,0.0050726533,0.5912746,7
Lou Saban,1976,7,-0.0459690451622009,-0.7355047225952144,0.31596108965873715,5.055377434539794,0.4,0.008926153,0.44596905,7
Dennis Green,1992,1,0.0324131250381469,0.5186100006103505,0.0324131250381469,0.5186100006103505,0.6875,-0.004766047,0.6550869,13
Dennis Green,1993,2,-0.07579106092453,-1.21265697479248,-0.0433779358863831,-0.6940469741821296,0.5625,-0.0065268874,0.63829106,13
Dennis Green,1994,3,0.1223869323730468,1.958190917968749,0.07900899648666371,1.2641439437866193,0.625,0.026241243,0.50261307,13
Dennis Green,1995,4,-0.1325606703758239,-2.1209707260131823,-0.053551673889160184,-0.8568267822265629,0.5,-0.0017921329,0.6325607,13
Dennis Green,1996,5,-0.0117067694664001,-0.1873083114624016,-0.06525844335556029,-1.0441350936889646,0.5625,-0.031172633,0.57420677,13
Dennis Green,1997,6,0.1710145771503448,2.7362332344055167,0.1057561337947845,1.692098140716552,0.5625,0.016092747,0.39148542,13
Dennis Green,1998,7,0.2297658920288086,3.6762542724609375,0.3355220258235931,5.368352413177489,0.9375,0.0020640492,0.7077341,13
Dennis Green,1999,8,0.0972198247909545,1.555517196655272,0.4327418506145476,6.923869609832762,0.625,0.014088094,0.5277802,13
Dennis Green,2000,9,0.1898574233055114,3.0377187728881823,0.622599273920059,9.961588382720944,0.6875,0.0081419945,0.49764258,13
Dennis Green,2001,10,0.0297326798915862,0.4757228782653792,0.6523319538116452,10.437311260986323,0.3333,0.0027730763,0.30356732,13
Dennis Green,2004,11,0.0164474248886108,0.2631587982177728,0.668779378700256,10.700470059204097,0.375,0.024096608,0.35855258,13
Dennis Green,2005,12,-0.0270533859729766,-0.4328541755676256,0.6417259927272795,10.267615883636472,0.3125,0.027821273,0.3395534,13
Dennis Green,2006,13,-0.0597122609615325,-0.95539617538452,0.582013731765747,9.312219708251952,0.3125,0.014763564,0.37221226,13
George Seifert,1989,1,0.2288494110107422,3.661590576171875,0.2288494110107422,3.661590576171875,0.875,0.046956718,0.6461506,11
George Seifert,1990,2,0.2223781943321228,3.558051109313965,0.451227605342865,7.21964168548584,0.875,0.03856498,0.6526218,11
George Seifert,1991,3,0.0456876158714294,0.7310018539428704,0.4969152212142944,7.95064353942871,0.625,0.03619671,0.5793124,11
George Seifert,1992,4,0.1262848973274231,2.0205583572387695,0.6232001185417175,9.97120189666748,0.875,0.04256445,0.7487151,11
George Seifert,1993,5,-0.0197609663009643,-0.3161754608154288,0.6034391522407532,9.65502643585205,0.625,0.027974606,0.64476097,11
George Seifert,1994,6,0.0199605226516723,0.3193683624267568,0.6233996748924254,9.974394798278807,0.8125,0.036399543,0.7925395,11
George Seifert,1995,7,-0.0608478784561157,-0.9735660552978512,0.5625517964363097,9.000828742980955,0.6875,0.025002241,0.7483479,11
George Seifert,1996,8,0.031278908252716,0.500462532043456,0.5938307046890257,9.50129127502441,0.75,0.012958109,0.7187211,11
George Seifert,1999,9,-0.0838005542755127,-1.3408088684082031,0.510030150413513,8.160482406616207,0.5,0.028797507,0.58380055,11
George Seifert,2000,10,0.0088121592998504,0.1409945487976064,0.5188423097133633,8.301476955413813,0.4375,0.018754989,0.42868784,11
George Seifert,2001,11,-0.2878625094890594,-4.60580015182495,0.23097980022430392,3.6956768035888627,0.0625,-0.005337298,0.3503625,11
Chuck Fairbanks,1973,1,0.0053769548892974,0.0860312782287584,0.0053769548892974,0.0860312782287584,0.3571,-0.035880476,0.35172305,6
Chuck Fairbanks,1974,2,-0.0872360467910766,-1.3957767486572257,-0.0818590919017792,-1.3097454704284672,0.5,-0.05395621,0.58723605,6
Chuck Fairbanks,1975,3,0.0126208745718002,0.2019339931488032,-0.06923821732997901,-1.1078114772796641,0.2143,-0.0009990484,0.20167913,6
Chuck Fairbanks,1976,4,0.1688371068954467,2.7013937103271473,0.0995988895654677,1.5935822330474831,0.7857,0.02080053,0.6168629,6
Chuck Fairbanks,1977,5,0.0327746967315674,0.5243951477050784,0.1323735862970351,2.1179773807525617,0.6429,0.023034334,0.6101253,6
Chuck Fairbanks,1978,6,0.2249767477989196,3.5996279647827136,0.35735033409595474,5.717605345535276,0.7333,0.07485634,0.50832325,6
Nick Skorich,1971,1,0.0073306063652038,0.1172897018432608,0.0073306063652038,0.1172897018432608,0.6429,-0.0662753,0.6355694,4
Nick Skorich,1972,2,0.2249764435768128,3.5996230972290046,0.2323070499420166,3.7169127990722655,0.7143,0.030750215,0.48932356,4
Nick Skorich,1973,3,0.0826155675888061,1.3218490814208976,0.3149226175308227,5.038761880493163,0.5714,0.010706961,0.48878443,4
Nick Skorich,1974,4,-0.1757008069038391,-2.8112129104614256,0.13922181062698358,2.2275489700317372,0.2857,-0.022194028,0.4614008,4
Mike McCoy,2013,1,0.0128545761108398,0.2056732177734368,0.0128545761108398,0.2056732177734368,0.5625,-0.0428738,0.5496454,4
Mike McCoy,2014,2,0.2236027717590332,3.5776443481445312,0.236457347869873,3.783317565917968,0.5625,0.034283787,0.33889723,4
Mike McCoy,2015,3,-0.100180983543396,-1.602895736694336,0.136276364326477,2.180421829223632,0.25,0.022224039,0.35018098,4
Mike McCoy,2016,4,-0.1792228519916534,-2.867565631866454,-0.04294648766517639,-0.6871438026428223,0.3125,-0.020460725,0.49172285,4
Al Saunders,1987,1,0.2228592808723449,3.5657484939575186,0.2228592808723449,3.5657484939575186,0.5333,0.08104238,0.31044072,2
Al Saunders,1988,2,0.0505609214305877,0.8089747428894032,0.2734202023029326,4.374723236846922,0.375,0.019519389,0.32443908,2
Bill Walsh,1979,1,-0.3026809990406036,-4.842895984649657,-0.3026809990406036,-4.842895984649657,0.125,-0.046277314,0.427681,10
Bill Walsh,1980,2,0.0490197241306304,0.7843155860900864,-0.2536612749099732,-4.058580398559571,0.375,-0.016005188,0.32598028,10
Bill Walsh,1981,3,0.1016987562179565,1.627180099487304,-0.1519625186920167,-2.4314002990722674,0.8125,-0.06286794,0.71080124,10
Bill Walsh,1982,4,-0.2819019500732422,-4.510431201171875,-0.4338644687652589,-6.941831500244143,0.3333,0.0054664016,0.61520195,10
Bill Walsh,1983,5,-0.0289112925529479,-0.4625806808471664,-0.4627757613182068,-7.404412181091309,0.625,0.016643405,0.6539113,10
Bill Walsh,1984,6,0.1416347026824951,2.2661552429199214,-0.32114105863571174,-5.138256938171388,0.9375,0.04358971,0.7958653,10
Bill Walsh,1985,7,-0.0621034502983093,-0.9936552047729488,-0.38324450893402107,-6.131912142944337,0.625,0.013128281,0.68710345,10
Bill Walsh,1986,8,-0.0023570573806762,-0.0377129180908192,-0.3856015663146973,-6.169625061035156,0.6562,0.031195223,0.65855706,10
Bill Walsh,1987,9,0.2200619046211243,3.5209904739379887,-0.16553966169357298,-2.6486345870971677,0.8667,0.0071102977,0.6466381,10
Bill Walsh,1988,10,-0.0261716246604919,-0.4187459945678704,-0.19171128635406487,-3.067380581665038,0.625,0.047418952,0.6511716,10
Dan Reeves,1981,1,-0.0326098799705505,-0.521758079528808,-0.0326098799705505,-0.521758079528808,0.625,-0.014230967,0.6576099,23
Dan Reeves,1982,2,-0.061844861793518,-0.989517788696288,-0.09445474176406851,-1.5112758682250962,0.2222,-0.0027484894,0.28404486,23
Dan Reeves,1983,3,0.0071867704391479,0.1149883270263664,-0.08726797132492062,-1.3962875411987299,0.5625,0.006609261,0.5553132,23
Dan Reeves,1984,4,0.1303941011428833,2.086305618286133,0.04312612981796268,0.6900180770874029,0.8125,-0.0026595592,0.6821059,23
Dan Reeves,1985,5,0.0515958070755004,0.8255329132080064,0.09472193689346309,1.5155509902954094,0.6875,-4.2915344e-05,0.6359042,23
Dan Reeves,1986,6,0.1002755165100097,1.6044082641601551,0.1949974534034728,3.1199592544555648,0.6875,0.016237676,0.5872245,23
Dan Reeves,1987,7,0.1534841775894164,2.4557468414306625,0.3484816309928892,5.575706095886227,0.7,0.044594288,0.5465158,23
Dan Reeves,1988,8,0.095680296421051,1.530884742736816,0.4441619274139402,7.106590838623044,0.5,0.036205173,0.4043197,23
Dan Reeves,1989,9,0.0405327677726745,0.648524284362792,0.48469469518661473,7.755115122985836,0.6875,0.010357499,0.64696723,23
Dan Reeves,1990,10,-0.037696748971939,-0.603147983551024,0.44699794621467576,7.151967139434812,0.3125,0.008917302,0.35019675,23
Dan Reeves,1991,11,0.0803867578506469,1.2861881256103505,0.5273847040653227,8.438155265045163,0.75,0.032312036,0.66961324,23
Dan Reeves,1992,12,0.2189940810203552,3.503905296325683,0.7463787850856779,11.942060561370846,0.5,0.037051946,0.28100592,23
Dan Reeves,1993,13,0.0907834768295288,1.4525356292724607,0.8371622619152067,13.394596190643307,0.6875,0.03716415,0.5967165,23
Dan Reeves,1994,14,0.1279212236404419,2.0467395782470703,0.9650834855556486,15.441335768890378,0.5625,0.028220952,0.43457878,23
Dan Reeves,1995,15,-0.1951388120651245,-3.122220993041992,0.7699446734905241,12.319114775848385,0.3125,0.0131803155,0.5076388,23
Dan Reeves,1996,16,-0.1143326163291931,-1.8293218612670896,0.655612057161331,10.489792914581296,0.375,-0.00044193864,0.48933262,23
Dan Reeves,1997,17,-0.1337603330612182,-2.1401653289794913,0.5218517241001128,8.349627585601805,0.4375,-0.0034948587,0.57126033,23
Dan Reeves,1998,18,0.2176964879035949,3.483143806457518,0.7395482120037077,11.832771392059323,0.875,0.033839107,0.6573035,23
Dan Reeves,1999,19,-0.0243268907070159,-0.3892302513122544,0.7152213212966918,11.443541140747069,0.3125,-0.0037358105,0.3368269,23
Dan Reeves,2000,20,-0.0503755211830139,-0.8060083389282224,0.6648458001136779,10.637532801818846,0.25,-0.0042393208,0.30037552,23
Dan Reeves,2001,21,0.0316979587078094,0.5071673393249504,0.6965437588214873,11.144700141143797,0.4375,-0.012637854,0.40580204,23
Dan Reeves,2002,22,-0.013553389263153,-0.216854228210448,0.6829903695583344,10.92784591293335,0.5938,-0.004101336,0.6073534,23
Dan Reeves,2003,23,-0.0429214565277099,-0.6867433044433584,0.6400689130306245,10.241102608489992,0.2308,-0.015511364,0.27372146,23
Sean Payton,2006,1,0.0618281364440918,0.9892501831054688,0.0618281364440918,0.9892501831054688,0.625,0.039027274,0.56317186,17
Sean Payton,2007,2,-0.0681914091110229,-1.0910625457763663,-0.006363272666931097,-0.10181236267089755,0.4375,-0.015822858,0.5056914,17
Sean Payton,2008,3,-0.0137170553207397,-0.2194728851318352,-0.020080327987670794,-0.3212852478027327,0.5,0.0006760955,0.51371706,17
Sean Payton,2009,4,0.0760657787322998,1.2170524597167969,0.05598545074462901,0.8957672119140642,0.8125,0.0176785,0.7364342,17
Sean Payton,2010,5,0.1265387535095214,2.0246200561523424,0.18252420425415042,2.9203872680664067,0.6875,0.01684302,0.56096125,17
Sean Payton,2011,6,0.2170959711074829,3.4735355377197266,0.3996201753616333,6.393922805786133,0.8125,0.027686834,0.595404,17
Sean Payton,2013,7,0.1672966480255127,2.676746368408203,0.566916823387146,9.070669174194336,0.6875,0.0155031085,0.52020335,17
Sean Payton,2014,8,-0.1313061714172363,-2.100898742675781,0.43561065196990967,6.969770431518555,0.4375,0.003969848,0.5688062,17
Sean Payton,2015,9,-0.0672436952590942,-1.0758991241455071,0.3683669567108155,5.893871307373048,0.4375,0.020884097,0.5047437,17
Sean Payton,2016,10,0.0172347426414489,0.2757558822631824,0.3856016993522644,6.1696271896362305,0.4375,0.02376461,0.42026526,17
Sean Payton,2017,11,0.096865713596344,1.549851417541504,0.4824674129486084,7.719478607177734,0.6875,0.009906769,0.5906343,17
Sean Payton,2018,12,0.1533277034759521,2.4532432556152335,0.6357951164245605,10.172721862792969,0.8125,0.024516523,0.6591723,17
Sean Payton,2019,13,0.1472682952880859,2.3562927246093746,0.7830634117126465,12.529014587402344,0.8125,0.03408879,0.6652317,17
Sean Payton,2020,14,0.0844917893409729,1.3518686294555664,0.8675552010536194,13.88088321685791,0.75,0.023714125,0.6655082,17
Sean Payton,2021,15,0.1035274058818817,1.6564384941101071,0.9710826069355011,15.537321710968017,0.5294,0.047965318,0.4258726,17
Sean Payton,2023,16,-0.0956758946418762,-1.5308143142700192,0.8754067122936249,14.006507396697998,0.4706,0.013401568,0.5662759,17
Sean Payton,2024,17,-0.0540821879386902,-0.8653150070190432,0.8213245243549346,13.141192389678954,0.5882,0.008262932,0.6422822,17
Forrest Gregg,1975,1,0.0214983009576797,0.3439728153228752,0.0214983009576797,0.3439728153228752,0.2143,0.05190459,0.1928017,11
Forrest Gregg,1976,2,0.1466772357463837,2.346835771942139,0.1681755367040634,2.6908085872650145,0.6429,-0.0025363863,0.49622276,11
Forrest Gregg,1977,3,-0.010180462360382,-0.162887397766112,0.1579950743436814,2.5279211894989024,0.4615,-0.01868388,0.47168046,11
Forrest Gregg,1980,4,0.0412587821483612,0.6601405143737792,0.1992538564920426,3.1880617038726817,0.375,0.013662696,0.33374122,11
Forrest Gregg,1981,5,0.155872642993927,2.493962287902832,0.35512649948596964,5.682023991775514,0.75,0.026921988,0.59412736,11
Forrest Gregg,1982,6,0.0707274439811707,1.1316391036987312,0.42585394346714034,6.813663095474245,0.7778,0.014280736,0.70707256,11
Forrest Gregg,1983,7,-0.0830411911010742,-1.3286590576171873,0.3428127523660661,5.485004037857058,0.4375,0.01854539,0.5205412,11
Forrest Gregg,1984,8,-0.0339400172233581,-0.5430402755737296,0.308872735142708,4.941963762283328,0.5,0.04325384,0.53394,11
Forrest Gregg,1985,9,0.216178297996521,3.458852767944336,0.5250510331392291,8.400816530227665,0.5,0.04134953,0.2838217,11
Forrest Gregg,1986,10,0.0174998492002487,0.2799975872039792,0.5425508823394778,8.680814117431645,0.25,0.0310051,0.23250015,11
Forrest Gregg,1987,11,0.0042343203544616,0.0677491256713856,0.5467852026939394,8.74856324310303,0.3667,0.04194078,0.36246568,11
Doug Pederson,2016,1,-0.1280809044837951,-2.0492944717407218,-0.1280809044837951,-2.0492944717407218,0.4375,-0.0033883452,0.5655809,8
Doug Pederson,2017,2,0.215954840183258,3.455277442932128,0.08787393569946289,1.4059829711914062,0.8125,0.015579343,0.59654516,8
Doug Pederson,2018,3,0.0631049275398254,1.0096788406372064,0.15097886323928827,2.4156618118286124,0.5625,0.015947223,0.49939507,8
Doug Pederson,2019,4,0.0781144499778747,1.2498311996459952,0.22909331321716297,3.6654930114746076,0.5625,0.017214537,0.48438555,8
Doug Pederson,2020,5,0.0180183434009552,0.2882934944152832,0.24711165661811818,3.953786505889891,0.2812,0.012590408,0.26318166,8
Doug Pederson,2022,6,-0.1635261684417724,-2.6164186950683583,0.08358548817634578,1.3373678108215326,0.5294,0.024168313,0.69292617,8
Doug Pederson,2023,7,-0.0914918690681457,-1.4638699050903312,-0.007906380891799916,-0.12650209426879866,0.5294,0.008732855,0.62089187,8
Doug Pederson,2024,8,-0.0461022302627563,-0.7376356842041007,-0.05400861115455621,-0.8641377784728994,0.2353,0.0032491088,0.28140223,8
Wayne Fontes,1989,1,0.0824585556983947,1.3193368911743153,0.0824585556983947,1.3193368911743153,0.4375,-0.009832382,0.35504144,8
Wayne Fontes,1990,2,-0.0028911530971527,-0.0462584495544432,0.07956740260124201,1.2730784416198722,0.375,-0.0026023388,0.37789115,8
Wayne Fontes,1991,3,0.2151509523391723,3.442415237426757,0.2947183549404143,4.715493679046629,0.75,0.0041772127,0.53484905,8
Wayne Fontes,1992,4,-0.1024280190467834,-1.6388483047485345,0.19229033589363093,3.076645374298095,0.3125,-0.009037733,0.41492802,8
Wayne Fontes,1993,5,0.102762222290039,1.644195556640624,0.29505255818366993,4.720840930938719,0.625,-0.0041987896,0.5222378,8
Wayne Fontes,1994,6,0.0152828097343444,0.2445249557495104,0.3103353679180143,4.965365886688229,0.5625,-0.00313735,0.5472172,8
Wayne Fontes,1995,7,-0.0985543727874755,-1.576869964599608,0.2117809951305388,3.388495922088621,0.625,-0.029237926,0.7235544,8
Wayne Fontes,1996,8,-0.1902379393577575,-3.04380702972412,0.02154305577278129,0.3446888923645006,0.3125,-0.039158195,0.50273794,8
Mike Vrabel,2018,1,0.2125524878501892,3.4008398056030273,0.2125524878501892,3.4008398056030273,0.5625,0.029046953,0.3499475,6
Mike Vrabel,2019,2,0.0228398442268371,0.3654375076293936,0.2353923320770263,3.766277313232421,0.5625,0.027075589,0.53966016,6
Mike Vrabel,2020,3,0.0951955318450927,1.5231285095214833,0.33058786392211903,5.2894058227539045,0.6875,0.027742624,0.59230447,6
Mike Vrabel,2021,4,0.1038609012603759,1.6617744201660145,0.4344487651824949,6.951180242919919,0.7059,0.042238772,0.6020391,6
Mike Vrabel,2022,5,0.0097635417461395,0.156216667938232,0.44421230692863445,7.107396910858151,0.4118,0.036009282,0.40203646,6
Mike Vrabel,2023,6,0.0920051948070526,1.4720831169128417,0.536217501735687,8.579480027770993,0.3529,0.043613434,0.2608948,6
Joe Gibbs,1981,1,-0.0543783903121948,-0.8700542449951169,-0.0543783903121948,-0.8700542449951169,0.5,-0.047501743,0.5543784,16
Joe Gibbs,1982,2,0.2122680129051208,3.3962882064819326,0.157889622592926,2.526233961486816,0.8889,-0.0027401447,0.676632,16
Joe Gibbs,1983,3,0.1098084449768066,1.7569351196289056,0.2676980675697326,4.283169081115721,0.875,0.015481412,0.76519156,16
Joe Gibbs,1984,4,0.1185200810432434,1.8963212966918943,0.386218148612976,6.179490377807616,0.6875,0.045829177,0.5689799,16
Joe Gibbs,1985,5,0.1594716012477874,2.5515456199645983,0.5456897498607634,8.731035997772214,0.625,0.046614856,0.4655284,16
Joe Gibbs,1986,6,0.1592135429382324,2.5474166870117183,0.7049032927989958,11.278452684783932,0.75,0.024918437,0.59078646,16
Joe Gibbs,1987,7,0.1576121147155761,2.5217938354492175,0.8625154075145719,13.80024652023315,0.7333,0.06391394,0.5756879,16
Joe Gibbs,1988,8,0.0707250833511352,1.1316013336181632,0.933240490865707,14.931847853851313,0.4375,0.030173331,0.36677492,16
Joe Gibbs,1989,9,-0.0392864942550659,-0.6285839080810544,0.8939539966106411,14.303263945770258,0.625,0.017234981,0.6642865,16
Joe Gibbs,1990,10,0.0226080417633056,0.3617286682128896,0.9165620383739467,14.664992613983147,0.625,0.020588338,0.60239196,16
Joe Gibbs,1991,11,0.0815590023994445,1.304944038391112,0.9981210407733911,15.969936652374258,0.875,0.025233269,0.793441,16
Joe Gibbs,1992,12,-0.0095894336700439,-0.1534309387207024,0.9885316071033472,15.816505713653555,0.5625,0.001972556,0.57208943,16
Joe Gibbs,2004,13,-0.0337896645069122,-0.5406346321105951,0.954741942596435,15.27587108154296,0.375,0.031227827,0.40878966,16
Joe Gibbs,2005,14,0.0082696080207824,0.1323137283325184,0.9630115506172173,15.408184809875477,0.625,0.022091031,0.6167304,16
Joe Gibbs,2006,15,-0.1573231518268585,-2.517170429229736,0.8056883987903588,12.891014380645741,0.3125,0.020985663,0.46982315,16
Joe Gibbs,2007,16,0.04111909866333,0.65790557861328,0.8468074974536888,13.54891995925902,0.5625,0.03422147,0.5213809,16
Bill Parcells,1983,1,-0.0496336602687835,-0.794138564300536,-0.0496336602687835,-0.794138564300536,0.2188,-0.0044650733,0.26843366,19
Bill Parcells,1984,2,0.1229229867458343,1.9667677879333487,0.0732893264770508,1.1726292236328129,0.5625,0.005833,0.439577,19
Bill Parcells,1985,3,0.0144234895706176,0.2307758331298816,0.0877128160476684,1.4034050567626943,0.625,0.019035459,0.6105765,19
Bill Parcells,1986,4,0.2114278078079223,3.382844924926757,0.2991406238555907,4.786249981689451,0.875,0.023834765,0.6635722,19
Bill Parcells,1987,5,0.0351955235004425,0.56312837600708,0.33433614735603323,5.349378357696532,0.4,0.031887233,0.36480448,19
Bill Parcells,1988,6,0.0936610102653503,1.4985761642456048,0.4279971576213835,6.847954521942136,0.625,0.03072977,0.531339,19
Bill Parcells,1989,7,0.1592670083045959,2.5482721328735343,0.5872641659259794,9.39622665481567,0.75,0.048238575,0.590733,19
Bill Parcells,1990,8,0.1518990993499755,2.430385589599608,0.7391632652759549,11.826612244415278,0.8125,0.05295044,0.6606009,19
Bill Parcells,1993,9,0.0489886105060577,0.7838177680969232,0.7881518757820126,12.610430012512202,0.3125,0.047671676,0.2635114,19
Bill Parcells,1994,10,0.1299665868282318,2.079465389251709,0.9181184626102444,14.689895401763911,0.625,0.045294136,0.4950334,19
Bill Parcells,1995,11,-0.0119813680648803,-0.1917018890380848,0.9061370945453642,14.498193512725827,0.375,0.04175216,0.38698137,19
Bill Parcells,1996,12,-0.0057945251464843,-0.0927124023437488,0.9003425693988799,14.405481110382079,0.6875,0.018803239,0.6932945,19
Bill Parcells,1997,13,0.073777288198471,1.180436611175536,0.9741198575973509,15.585917721557614,0.5625,0.04156819,0.4887227,19
Bill Parcells,1998,14,0.094301164150238,1.508818626403808,1.068421021747589,17.094736347961422,0.75,0.049586236,0.65569884,19
Bill Parcells,1999,15,0.0391923487186431,0.6270775794982896,1.107613370466232,17.721813927459714,0.5,0.022568136,0.46080765,19
Bill Parcells,2003,16,0.1713673770427703,2.741878032684325,1.2789807475090025,20.46369196014404,0.625,0.030353874,0.45363262,19
Bill Parcells,2004,17,0.1336503028869629,2.1384048461914062,1.4126310503959654,22.602096806335446,0.375,0.057955354,0.2413497,19
Bill Parcells,2005,18,0.1388642787933349,2.2218284606933585,1.5514953291893003,24.823925267028805,0.5625,0.027758062,0.42363572,19
Bill Parcells,2006,19,0.0380346775054931,0.6085548400878896,1.5895300066947935,25.432480107116696,0.5625,0.022173166,0.5244653,19
Red Miller,1977,1,0.1661404272079467,2.658246835327147,0.1661404272079467,2.658246835327147,0.8571,0.008274317,0.6909596,4
Red Miller,1978,2,-0.0762310624122619,-1.2196969985961903,0.0899093647956848,1.4385498367309568,0.625,0.003245473,0.70123106,4
Red Miller,1979,3,0.2085507810115814,3.3368124961853023,0.2984601458072662,4.775362332916259,0.625,0.014192343,0.41644922,4
Red Miller,1980,4,0.1018816828727722,1.6301069259643552,0.4003418286800384,6.405469258880615,0.5,0.019476295,0.39811832,4
Marty Schottenheimer,1985,1,-0.0182862877845764,-0.2925806045532224,-0.0182862877845764,-0.2925806045532224,0.5,0.0017350912,0.5182863,20
Marty Schottenheimer,1986,2,0.064001977443695,1.02403163909912,0.0457156896591186,0.7314510345458975,0.75,0.03377098,0.685998,20
Marty Schottenheimer,1987,3,0.0835526530265807,1.3368424484252912,0.1292683426856993,2.068293482971189,0.6667,0.056078613,0.58314735,20
Marty Schottenheimer,1988,4,0.0692992806434631,1.1087884902954095,0.1985676233291624,3.1770819732665982,0.625,0.033076227,0.5557007,20
Marty Schottenheimer,1989,5,0.1518179559230804,2.4290872947692863,0.3503855792522428,5.606169268035885,0.5312,0.053953797,0.37938204,20
Marty Schottenheimer,1990,6,-0.000619351863861,-0.009909629821776,0.3497662273883818,5.596259638214109,0.6875,0.023721695,0.68811935,20
Marty Schottenheimer,1991,7,0.0953009128570556,1.5248146057128895,0.4450671402454374,7.121074243926999,0.625,0.048254132,0.5296991,20
Marty Schottenheimer,1992,8,0.0161961913108825,0.25913906097412,0.46126333155631993,7.380213304901119,0.625,0.031751454,0.6088038,20
Marty Schottenheimer,1993,9,0.1337766051292419,2.14042568206787,0.5950399366855619,9.52063898696899,0.6875,0.057648778,0.5537234,20
Marty Schottenheimer,1994,10,0.0735617280006408,1.1769876480102528,0.6686016646862026,10.697626634979242,0.5625,0.054871798,0.48893827,20
Marty Schottenheimer,1995,11,0.1001582145690918,1.6025314331054688,0.7687598792552944,12.300158068084711,0.8125,0.026400328,0.7123418,20
Marty Schottenheimer,1996,12,0.0271529555320739,0.4344472885131824,0.7959128347873683,12.734605356597893,0.5625,0.021346927,0.53534704,20
Marty Schottenheimer,1997,13,0.1381452679634094,2.2103242874145503,0.9340581027507777,14.944929644012444,0.8125,0.056602657,0.67435473,20
Marty Schottenheimer,1998,14,0.0577811896800994,0.9244990348815904,0.9918392924308771,15.869428678894034,0.4375,0.05260974,0.3797188,20
Marty Schottenheimer,2001,15,-0.0712040066719055,-1.139264106750488,0.9206352857589716,14.730164572143545,0.5,0.015644252,0.571204,20
Marty Schottenheimer,2002,16,-0.0294076800346374,-0.4705228805541984,0.8912276057243341,14.259641691589346,0.5,0.009060204,0.5294077,20
Marty Schottenheimer,2003,17,-0.0616436898708343,-0.9862990379333488,0.8295839158534998,13.273342653655996,0.25,0.026780665,0.3116437,20
Marty Schottenheimer,2004,18,0.1206935048103332,1.9310960769653311,0.9502774206638329,15.204438730621327,0.75,0.042859793,0.6293065,20
Marty Schottenheimer,2005,19,0.0959366858005523,1.5349869728088368,1.0462141064643853,16.739425703430165,0.5625,0.045060188,0.4665633,20
Marty Schottenheimer,2006,20,0.2050420045852661,3.280672073364258,1.2512561110496514,20.020097776794422,0.875,0.04020369,0.669958,20
Gary Kubiak,2006,1,-0.0381948947906494,-0.6111183166503904,-0.0381948947906494,-0.6111183166503904,0.375,-0.06306973,0.4131949,10
Gary Kubiak,2007,2,0.1923043429851532,3.076869487762451,0.15410944819450378,2.4657511711120605,0.5,-0.0018664598,0.30769566,10
Gary Kubiak,2008,3,0.0737420320510864,1.1798725128173824,0.22785148024559018,3.645623683929443,0.5,-0.03786114,0.42625797,10
Gary Kubiak,2009,4,-0.0217373967170715,-0.347798347473144,0.20611408352851868,3.297825336456299,0.5625,-0.042991698,0.5842374,10
Gary Kubiak,2010,5,-0.1835700869560241,-2.9371213912963854,0.02254399657249459,0.36070394515991344,0.375,-0.038547695,0.5585701,10
Gary Kubiak,2011,6,-0.0606578588485717,-0.9705257415771472,-0.03811386227607711,-0.6098217964172338,0.625,-0.024285078,0.68565786,10
Gary Kubiak,2012,7,0.0602652430534362,0.9642438888549792,0.022151380777359092,0.3544220924377455,0.75,-0.012466788,0.68973476,10
Gary Kubiak,2013,8,-0.0645874249458313,-1.033398799133301,-0.042436044168472214,-0.6789767066955554,0.1538,-0.003250286,0.21838742,10
Gary Kubiak,2015,9,0.2039583325386047,3.2633333206176753,0.1615222883701325,2.58435661392212,0.75,0.008628607,0.54604167,10
Gary Kubiak,2016,10,0.0452650189399719,0.7242403030395504,0.2067873073101044,3.3085969169616702,0.5625,0.021015227,0.517235,10
Mike Tomlin,2007,1,0.0356790423393249,0.5708646774291984,0.0356790423393249,0.5708646774291984,0.625,0.01962328,0.58932096,18
Mike Tomlin,2008,2,0.1273409128189087,2.037454605102539,0.1630199551582336,2.6083192825317374,0.75,0.019039214,0.6226591,18
Mike Tomlin,2009,3,-0.0748900175094604,-1.1982402801513663,0.0881299376487732,1.410079002380371,0.5625,0.014655054,0.63739,18
Mike Tomlin,2010,4,0.0410040020942688,0.6560640335083008,0.129133939743042,2.066143035888672,0.75,0.032852948,0.708996,18
Mike Tomlin,2011,5,0.0972330570220947,1.5557289123535152,0.2263669967651367,3.621871948242187,0.75,0.03246951,0.65276694,18
Mike Tomlin,2012,6,0.0854539573192596,1.3672633171081536,0.3118209540843963,4.989135265350341,0.5,0.048896104,0.41454604,18
Mike Tomlin,2013,7,-0.0149892568588256,-0.2398281097412096,0.2968316972255707,4.749307155609131,0.5,0.024834514,0.51498926,18
Mike Tomlin,2014,8,0.0037513971328735,0.060022354125976,0.30058309435844416,4.8093295097351065,0.6875,0.038650036,0.6837486,18
Mike Tomlin,2015,9,0.2011286914348602,3.2180590629577632,0.5017117857933043,8.02738857269287,0.625,0.028589875,0.4238713,18
Mike Tomlin,2016,10,0.1763950586318969,2.8223209381103502,0.6781068444252012,10.849709510803219,0.6875,0.028814137,0.51110494,18
Mike Tomlin,2017,11,0.1615020036697387,2.584032058715819,0.8396088480949399,13.433741569519038,0.8125,0.019758701,0.650998,18
Mike Tomlin,2018,12,0.092916837978363,1.486669407653808,0.9325256860733029,14.920410977172846,0.5938,0.018241346,0.50088316,18
Mike Tomlin,2019,13,0.0427028834819793,0.6832461357116688,0.9752285695552821,15.603657112884514,0.5,0.02283892,0.45729712,18
Mike Tomlin,2020,14,0.1152474880218505,1.843959808349608,1.0904760575771326,17.447616921234122,0.75,0.027921438,0.6347525,18
Mike Tomlin,2021,15,0.0345895469665527,0.5534327514648432,1.1250656045436853,18.001049672698965,0.5588,0.031355917,0.52421045,18
Mike Tomlin,2022,16,-0.0383875280380249,-0.6142004486083984,1.0866780765056605,17.386849224090568,0.5294,0.01967746,0.5677875,18
Mike Tomlin,2023,17,-0.048263463306427,-0.772215412902832,1.0384146131992336,16.614633811187737,0.5882,0.026647806,0.63646346,18
Mike Tomlin,2024,18,-0.0011746018409729,-0.0187936294555664,1.0372400113582607,16.59584018173217,0.5882,0.03992504,0.5893746,18
Jerry Glanville,1986,1,-0.0523683428764343,-0.8378934860229488,-0.0523683428764343,-0.8378934860229488,0.3125,-0.025732994,0.36486834,8
Jerry Glanville,1987,2,0.1350666046142578,2.1610656738281246,0.08269826173782349,1.3231721878051759,0.6,0.00023171306,0.4649334,8
Jerry Glanville,1988,3,0.0450295209884643,0.7204723358154288,0.1277277827262878,2.0436445236206047,0.625,-0.014736354,0.5799705,8
Jerry Glanville,1989,4,-0.0571585893630981,-0.9145374298095696,0.07056919336318969,1.129107093811035,0.5625,0.0021282434,0.6196586,8
Jerry Glanville,1990,5,-0.1227175295352935,-1.963480472564696,-0.05214833617210381,-0.8343733787536609,0.3125,-0.0027587712,0.43521753,8
Jerry Glanville,1991,6,0.2010628581047058,3.217005729675293,0.14891452193260202,2.3826323509216323,0.625,0.00687325,0.42393714,8
Jerry Glanville,1992,7,0.019209861755371,0.307357788085936,0.16812438368797303,2.6899901390075684,0.375,0.002310425,0.35579014,8
Jerry Glanville,1993,8,-0.053896427154541,-0.862342834472656,0.11422795653343203,1.8276473045349124,0.375,-0.011570454,0.42889643,8
Bill O'Brien,2014,1,-0.0157373547554016,-0.2517976760864256,-0.0157373547554016,-0.2517976760864256,0.5625,-0.017722785,0.57823735,7
Bill O'Brien,2015,2,0.1606794595718383,2.5708713531494127,0.14494210481643668,2.319073677062987,0.5625,0.026815563,0.40182054,7
Bill O'Brien,2016,3,0.20060995221138,3.20975923538208,0.34555205702781666,5.528832912445067,0.5625,-0.009524554,0.36189005,7
Bill O'Brien,2017,4,-0.0114717483520507,-0.1835479736328112,0.33408030867576594,5.345284938812255,0.25,-0.010757744,0.26147175,7
Bill O'Brien,2018,5,0.0559214949607849,0.8947439193725584,0.39000180363655085,6.240028858184814,0.6875,-0.006560445,0.6315785,7
Bill O'Brien,2019,6,0.1849154233932495,2.958646774291992,0.5749172270298004,9.198675632476807,0.625,-0.012590915,0.44008458,7
Bill O'Brien,2020,7,-0.4263874888420105,-6.822199821472168,0.14852973818778992,2.3764758110046387,0.0,-0.015042901,0.4263875,7
Tony Dungy,1996,1,-0.073552519083023,-1.176840305328368,-0.073552519083023,-1.176840305328368,0.375,-0.07802126,0.44855252,13
Tony Dungy,1997,2,-0.0079887509346008,-0.1278200149536128,-0.0815412700176238,-1.3046603202819809,0.625,-0.030569136,0.63298875,13
Tony Dungy,1998,3,-0.0270519256591796,-0.4328308105468736,-0.10859319567680341,-1.7374911308288545,0.5,-0.03280589,0.5270519,13
Tony Dungy,1999,4,-0.0016776919364929,-0.0268430709838864,-0.11027088761329631,-1.764334201812741,0.6875,-0.017019331,0.6891777,13
Tony Dungy,2000,5,-0.1245889663696289,-1.9934234619140625,-0.23485985398292522,-3.7577576637268035,0.625,-0.045365393,0.74958897,13
Tony Dungy,2001,6,-0.1143211722373962,-1.8291387557983392,-0.34918102622032143,-5.586896419525143,0.5625,-0.027136326,0.6768212,13
Tony Dungy,2002,7,0.0711019039154052,1.1376304626464833,-0.2780791223049162,-4.4492659568786594,0.625,-0.01826477,0.5538981,13
Tony Dungy,2003,8,0.0903133153915405,1.445013046264648,-0.18776580691337572,-3.0042529106140115,0.75,0.009057343,0.6596867,13
Tony Dungy,2004,9,0.0136140584945678,0.2178249359130848,-0.17415174841880793,-2.786427974700927,0.75,-5.4121017e-05,0.73638594,13
Tony Dungy,2005,10,0.1144980788230896,1.8319692611694336,-0.05965366959571833,-0.9544587135314933,0.875,0.016940892,0.7605019,13
Tony Dungy,2006,11,0.0472290515899658,0.7556648254394528,-0.012424618005752529,-0.19879388809204046,0.75,0.019391537,0.70277095,13
Tony Dungy,2007,12,0.04447603225708,0.71161651611328,0.03205141425132747,0.5128226280212396,0.8125,0.026450157,0.76802397,13
Tony Dungy,2008,13,0.1960942149162292,3.137507438659667,0.22814562916755665,3.6503300666809064,0.75,0.029732466,0.5539058,13
Andy Reid,1999,1,-0.1152618527412414,-1.8441896438598624,-0.1152618527412414,-1.8441896438598624,0.3125,-0.0075565875,0.42776185,26
Andy Reid,2000,2,-0.0101221203804016,-0.1619539260864256,-0.125383973121643,-2.006143569946288,0.6875,-0.07759595,0.6976221,26
Andy Reid,2001,3,0.0372699499130249,0.5963191986083984,-0.08811402320861811,-1.4098243713378897,0.6875,-0.03811419,0.65023005,26
Andy Reid,2002,4,0.0321612954139709,0.5145807266235344,-0.05595272779464721,-0.8952436447143554,0.75,-0.042392135,0.7178387,26
Andy Reid,2003,5,0.127565324306488,2.041045188903808,0.07161259651184079,1.1458015441894527,0.75,0.00059199333,0.6224347,26
Andy Reid,2004,6,0.0358430743217468,0.5734891891479488,0.10745567083358759,1.7192907333374015,0.8125,0.016988933,0.7766569,26
Andy Reid,2005,7,-0.011454552412033,-0.183272838592528,0.0960011184215546,1.5360178947448735,0.375,0.0039533675,0.38645455,26
Andy Reid,2006,8,-0.0117786526679992,-0.1884584426879872,0.0842224657535554,1.3475594520568863,0.625,0.0144684315,0.63677865,26
Andy Reid,2007,9,0.0277318358421325,0.44370937347412,0.1119543015956879,1.7912688255310063,0.5,0.025233984,0.47226816,26
Andy Reid,2008,10,-0.0668617569923401,-1.0697881118774415,0.0450925446033478,0.7214807136535648,0.5938,0.010207891,0.66066176,26
Andy Reid,2009,11,0.1203250288963317,1.9252004623413073,0.1654175734996795,2.646681175994872,0.6875,0.015331924,0.567175,26
Andy Reid,2010,12,0.0840365290641784,1.3445844650268544,0.24945410256385792,3.9912656410217267,0.625,0.034890234,0.5409635,26
Andy Reid,2011,13,-0.0418448448181152,-0.6695175170898432,0.2076092577457427,3.3217481239318833,0.5,0.013934791,0.54184484,26
Andy Reid,2012,14,-0.0157403647899627,-0.2518458366394032,0.19186889295578002,3.0699022872924804,0.25,0.028797835,0.26574036,26
Andy Reid,2013,15,0.0027554035186767,0.0440864562988272,0.19462429647445673,3.1139887435913076,0.6875,0.033531785,0.6847446,26
Andy Reid,2014,16,0.0648679137229919,1.0378866195678704,0.2594922101974486,4.151875363159178,0.5625,0.03460157,0.4976321,26
Andy Reid,2015,17,0.0332821607589721,0.5325145721435536,0.2927743709564207,4.684389935302732,0.6875,0.03501451,0.65421784,26
Andy Reid,2016,18,0.1206606030464172,1.9305696487426751,0.4134349740028379,6.6149595840454065,0.75,0.030308425,0.6293394,26
Andy Reid,2017,19,-0.0481383800506591,-0.7702140808105457,0.3652965939521788,5.8447455032348605,0.625,0.032298684,0.6731384,26
Andy Reid,2018,20,0.1272211074829101,2.0355377197265616,0.4925177014350889,7.880283222961422,0.75,0.03796923,0.6227789,26
Andy Reid,2019,21,0.1163558959960937,1.8616943359374991,0.6088735974311825,9.74197755889892,0.75,0.04010296,0.6336441,26
Andy Reid,2020,22,0.1630213856697082,2.608342170715331,0.7718949831008908,12.350319729614252,0.875,0.03505677,0.7119786,26
Andy Reid,2021,23,0.0751444562911987,1.2023113006591792,0.8470394393920895,13.552631030273432,0.7059,0.017333746,0.63075554,26
Andy Reid,2022,24,0.1720047221183777,2.752075553894043,1.0190441615104673,16.304706584167477,0.8235,0.038149655,0.6514953,26
Andy Reid,2023,25,0.0792931600570678,1.2686905609130847,1.0983373215675352,17.573397145080563,0.6471,0.02184248,0.56780684,26
Andy Reid,2024,26,0.195735359096527,3.131765745544432,1.2940726806640621,20.705162890624994,0.8824,0.025125086,0.68666464,26
Jim Mora Sr,1986,1,-0.0887699723243713,-1.4203195571899407,-0.0887699723243713,-1.4203195571899407,0.4375,-0.02547735,0.52627,15
Jim Mora Sr,1987,2,0.1643289804458618,2.629263687133789,0.07555900812149051,1.2089441299438481,0.8,0.03200817,0.635671,15
Jim Mora Sr,1988,3,0.1354527175426483,2.1672434806823726,0.21101172566413878,3.3761876106262205,0.625,0.03257689,0.48954728,15
Jim Mora Sr,1989,4,-0.0357046127319335,-0.571273803710936,0.1753071129322053,2.804913806915285,0.5625,0.025985003,0.5982046,15
Jim Mora Sr,1990,5,0.1161087751388549,1.8577404022216784,0.2914158880710602,4.662654209136964,0.5,0.03507334,0.38389122,15
Jim Mora Sr,1991,6,0.0606461763381958,0.9703388214111328,0.352062064409256,5.632993030548096,0.6875,0.03191018,0.6268538,15
Jim Mora Sr,1992,7,0.0711343884468078,1.138150215148925,0.42319645285606383,6.771143245697021,0.75,0.023880959,0.6788656,15
Jim Mora Sr,1993,8,0.0414396524429321,0.6630344390869136,0.4646361052989959,7.4341776847839345,0.5,0.022873253,0.45856035,15
Jim Mora Sr,1994,9,-0.0135791897773742,-0.2172670364379872,0.4510569155216217,7.216910648345947,0.4375,0.011747986,0.4510792,15
Jim Mora Sr,1995,10,-0.1463392376899719,-2.3414278030395503,0.3047176778316498,4.875482845306397,0.4375,0.030630052,0.58383924,15
Jim Mora Sr,1996,11,-0.0712459087371826,-1.1399345397949217,0.2334717690944672,3.7355483055114753,0.25,0.03836888,0.3212459,15
Jim Mora Sr,1998,12,-0.0287434160709381,-0.4598946571350096,0.2047283530235291,3.2756536483764656,0.1875,0.011166751,0.21624342,15
Jim Mora Sr,1999,13,0.1956926584243774,3.1310825347900386,0.40042101144790654,6.406736183166505,0.8125,0.032244623,0.61680734,15
Jim Mora Sr,2000,14,0.0444176197052001,0.7106819152832016,0.4448386311531066,7.117418098449706,0.625,0.021433294,0.5805824,15
Jim Mora Sr,2001,15,-0.0523360073566436,-0.8373761177062976,0.392502623796463,6.280041980743408,0.375,0.012119144,0.427336,15
Mike Sherman,2000,1,-0.058619737625122,-0.937915802001952,-0.058619737625122,-0.937915802001952,0.5625,0.008289814,0.62111974,6
Mike Sherman,2001,2,0.0740998983383178,1.1855983734130848,0.0154801607131958,0.2476825714111328,0.75,0.036495447,0.6759001,6
Mike Sherman,2002,3,0.1618338823318481,2.5893421173095694,0.1773140430450439,2.8370246887207022,0.75,0.054638565,0.5881661,6
Mike Sherman,2003,4,0.0305489301681518,0.4887828826904288,0.2078629732131957,3.325807571411131,0.625,0.015533805,0.59445107,6
Mike Sherman,2004,5,0.1942687928676605,3.108300685882568,0.4021317660808562,6.434108257293699,0.625,0.046069264,0.4307312,6
Mike Sherman,2005,6,-0.0957393944263458,-1.5318303108215328,0.3063923716545104,4.902277946472166,0.25,0.007558614,0.3457394,6
Jimmy Johnson,1989,1,-0.0800568312406539,-1.2809092998504623,-0.0800568312406539,-1.2809092998504623,0.0625,-0.023631454,0.14255683,9
Jimmy Johnson,1990,2,0.0407796800136566,0.6524748802185056,-0.03927715122699729,-0.6284344196319567,0.4375,-0.013254225,0.39672032,9
Jimmy Johnson,1991,3,0.1925819218158722,3.081310749053955,0.1533047705888749,2.4528763294219984,0.6875,0.045224994,0.49491808,9
Jimmy Johnson,1992,4,0.1412192583084106,2.2595081329345694,0.29452402889728546,4.712384462356567,0.8125,0.035167575,0.67128074,9
Jimmy Johnson,1993,5,0.0888562798500061,1.4217004776000977,0.38338030874729156,6.134084939956665,0.75,0.051664174,0.6611437,9
Jimmy Johnson,1996,6,-0.0073775053024291,-0.1180400848388656,0.3760028034448625,6.0160448551178,0.5,0.019336581,0.5073775,9
Jimmy Johnson,1997,7,0.0636086165904998,1.0177378654479967,0.43961142003536224,7.033782720565796,0.5625,0.04218301,0.49889138,9
Jimmy Johnson,1998,8,0.0501518845558166,0.8024301528930656,0.48976330459117884,7.836212873458861,0.625,0.02017641,0.5748481,9
Jimmy Johnson,1999,9,0.0433403253555297,0.6934452056884752,0.5331036299467086,8.529658079147337,0.5625,0.03459376,0.5191597,9
Ron Meyer,1982,1,0.007626605606079,0.122025689697264,0.007626605606079,0.122025689697264,0.5556,-0.044682503,0.5479734,8
Ron Meyer,1983,2,0.0322621762752532,0.5161948204040512,0.0398887818813322,0.6382205101013152,0.5,-0.01955983,0.46773782,8
Ron Meyer,1984,3,0.0881947875022888,1.4111166000366209,0.128083569383621,2.049337110137936,0.625,0.012501955,0.5368052,8
Ron Meyer,1987,4,0.1148945748805999,1.8383131980895984,0.2429781442642209,3.8876503082275344,0.6,0.019372195,0.48510543,8
Ron Meyer,1988,5,0.1533517241477966,2.4536275863647456,0.3963298684120175,6.34127789459228,0.5625,0.02370143,0.40914828,8
Ron Meyer,1989,6,-0.0307567715644836,-0.4921083450317376,0.3655730968475339,5.849169549560543,0.5,0.009678662,0.5307568,8
Ron Meyer,1990,7,0.1915699392557144,3.06511902809143,0.5571430361032483,8.914288577651973,0.4375,0.046893314,0.24593006,8
Ron Meyer,1991,8,-0.3127050399780273,-5.003280639648437,0.24443799612522105,3.9110079380035367,0.0,-0.012452453,0.31270504,8
Jason Garrett,2011,1,-0.1306025385856628,-2.0896406173706046,-0.1306025385856628,-2.0896406173706046,0.5,-0.011144161,0.63060254,9
Jason Garrett,2012,2,0.0196750164031982,0.3148002624511712,-0.11092752218246459,-1.7748403549194334,0.5,-0.005373329,0.48032498,9
Jason Garrett,2013,3,0.0044978857040405,0.071966171264648,-0.10642963647842409,-1.7028741836547854,0.5,-0.005911261,0.4955021,9
Jason Garrett,2014,4,0.0321699380874633,0.5147190093994128,-0.07425969839096078,-1.1881551742553724,0.75,-0.009348035,0.71783006,9
Jason Garrett,2015,5,-0.0104888677597045,-0.167821884155272,-0.08474856615066528,-1.3559770584106445,0.25,-0.003955215,0.26048887,9
Jason Garrett,2016,6,0.1906386613845825,3.05021858215332,0.10589009523391721,1.6942415237426753,0.8125,-0.001663208,0.62186134,9
Jason Garrett,2017,7,0.081263780593872,1.300220489501952,0.1871538758277892,2.994462013244627,0.5625,0.008117199,0.48123622,9
Jason Garrett,2018,8,0.0821259021759033,1.314014434814453,0.2692797780036925,4.30847644805908,0.625,0.004740417,0.5428741,9
Jason Garrett,2019,9,-0.0296319127082824,-0.4741106033325184,0.2396478652954101,3.8343658447265616,0.5,0.0054113865,0.5296319,9
Todd Bowles,2015,1,-0.0688077807426452,-1.100924491882323,-0.0688077807426452,-1.100924491882323,0.625,-0.04025787,0.6938078,7
Todd Bowles,2016,2,0.022372156381607,0.357954502105712,-0.046435624361038194,-0.7429699897766111,0.3125,0.00372985,0.29012784,7
Todd Bowles,2017,3,-0.0799080431461334,-1.2785286903381343,-0.12634366750717158,-2.021498680114745,0.3125,-0.003382355,0.39240804,7
Todd Bowles,2018,4,-0.0390165746212005,-0.624265193939208,-0.16536024212837208,-2.6457638740539533,0.25,-0.010411352,0.28901657,7
Todd Bowles,2022,5,-0.0958495229721069,-1.5335923675537104,-0.261209765100479,-4.179356241607664,0.4706,-0.015864193,0.5664495,7
Todd Bowles,2023,6,0.0485192030906677,0.7763072494506832,-0.2126905620098113,-3.4030489921569806,0.5294,-0.017637849,0.4808808,7
Todd Bowles,2024,7,0.1899375290393828,3.0390004646301247,-0.022753032970428494,-0.3640485275268559,0.5882,-0.030486286,0.39826247,7
Ron Rivera,2011,1,-0.1883295178413391,-3.013272285461426,-0.1883295178413391,-3.013272285461426,0.375,-0.044112682,0.5633295,13
Ron Rivera,2012,2,-0.0637235641479492,-1.0195770263671873,-0.25205308198928833,-4.032849311828613,0.4375,-0.02695927,0.50122356,13
Ron Rivera,2013,3,0.1886261105537414,3.0180177688598624,-0.06342697143554693,-1.0148315429687509,0.75,0.01561451,0.5613739,13
Ron Rivera,2014,4,0.0451229727745056,0.7219675643920896,-0.018303998661041328,-0.29286397857666124,0.4688,0.031653523,0.42367703,13
Ron Rivera,2015,5,0.1893492341041565,3.029587745666504,0.17104523544311517,2.7367237670898428,0.9375,0.0070924163,0.74815077,13
Ron Rivera,2016,6,-0.0618460178375244,-0.9895362854003904,0.10919921760559077,1.7471874816894524,0.375,0.012456626,0.43684602,13
Ron Rivera,2017,7,0.1881014704704284,3.0096235275268546,0.29730068807601917,4.756811009216307,0.6875,0.0026752353,0.49939853,13
Ron Rivera,2018,8,-0.0262446701526641,-0.4199147224426256,0.2710560179233551,4.3368962867736816,0.4375,-0.0049117804,0.46374467,13
Ron Rivera,2019,9,0.0793743674278259,1.2699898788452144,0.350430385351181,5.606886165618896,0.4167,0.007476628,0.33732563,13
Ron Rivera,2020,10,0.0146562457084655,0.234499931335448,0.3650866310596465,5.841386096954344,0.4375,0.00553301,0.42284375,13
Ron Rivera,2021,11,0.0832853346347808,1.3325653541564928,0.4483719656944273,7.173951451110836,0.4118,0.01395908,0.32851467,13
Ron Rivera,2022,12,0.0769210755825042,1.2307372093200672,0.5252930412769314,8.404688660430903,0.5,0.008024037,0.42307892,13
Ron Rivera,2023,13,-0.0396424278736114,-0.6342788459777824,0.48565061340332005,7.770409814453121,0.2353,-0.0046544373,0.27494243,13
John Ralston,1972,1,0.1773512860298156,2.8376205764770495,0.1773512860298156,2.8376205764770495,0.3571,0.033177167,0.17974871,5
John Ralston,1973,2,0.0890155567169189,1.4242489074707023,0.2663668427467345,4.261869483947752,0.5714,0.0545218,0.48238444,5
John Ralston,1974,3,0.061011529636383,0.976184474182128,0.3273783723831175,5.23805395812988,0.5357,0.066901386,0.47468847,5
John Ralston,1975,4,0.1625866161346435,2.601385858154296,0.48996498851776105,7.839439816284177,0.4286,0.03656158,0.26601338,5
John Ralston,1976,5,0.1892212430477142,3.0275398887634273,0.6791862315654753,10.866979705047605,0.6429,0.052666277,0.45367876,5
Mike McDaniel,2022,1,0.1856369167804717,2.970190668487547,0.1856369167804717,2.970190668487547,0.5294,0.045988828,0.34376308,3
Mike McDaniel,2023,2,0.1152645631790161,1.8442330108642575,0.3009014799594878,4.814423679351805,0.6471,0.062203944,0.53183544,3
Mike McDaniel,2024,3,0.0394726603984832,0.6315625663757312,0.340374140357971,5.445986245727536,0.4706,0.036926,0.43112734,3
Ted Marchibroda,1975,1,0.0176308982849121,0.2820943725585936,0.0176308982849121,0.2820943725585936,0.7143,0.03406036,0.6966691,12
Ted Marchibroda,1976,2,0.0534589654922484,0.8553434478759744,0.0710898637771605,1.137437820434568,0.7857,0.026979208,0.73224103,12
Ted Marchibroda,1977,3,0.0021432869911194,0.0342925918579104,0.07323315076827991,1.1717304122924785,0.7143,0.016547084,0.7121567,12
Ted Marchibroda,1978,4,0.0887166559696197,1.4194664955139151,0.1619498067378996,2.5911969078063937,0.3125,0.01883629,0.22378334,12
Ted Marchibroda,1979,5,-0.0556615889072418,-0.8905854225158688,0.10628821783065781,1.700611485290525,0.3125,0.0034905672,0.3681616,12
Ted Marchibroda,1992,6,0.1851767897605896,2.9628286361694336,0.2914650075912474,4.663440121459958,0.5625,0.02696687,0.3773232,12
Ted Marchibroda,1993,7,-0.0314128994941711,-0.5026063919067376,0.2600521080970763,4.160833729553221,0.25,-0.012485802,0.2814129,12
Ted Marchibroda,1994,8,-0.0221191644668579,-0.3539066314697264,0.23793294363021839,3.806927098083494,0.5,-0.039078355,0.52211916,12
Ted Marchibroda,1995,9,-0.0040952563285827,-0.0655241012573232,0.23383768730163568,3.741402996826171,0.5625,-0.042292178,0.56659526,12
Ted Marchibroda,1996,10,-0.061022400856018,-0.976358413696288,0.17281528644561767,2.7650445831298827,0.25,-0.04175368,0.3110224,12
Ted Marchibroda,1997,11,-0.1470472729682922,-2.3527563674926752,0.025768013477325463,0.4122882156372074,0.4062,-0.03754437,0.5532473,12
Ted Marchibroda,1998,12,-0.1672788262367248,-2.6764612197875968,-0.14151081275939933,-2.2641730041503894,0.375,-0.04789284,0.5422788,12
Mike McCarthy,2006,1,0.0308475196361541,0.4935603141784656,0.0308475196361541,0.4935603141784656,0.5,-0.028984606,0.46915248,18
Mike McCarthy,2007,2,0.1585480570793151,2.5367689132690416,0.1893955767154692,3.030329227447507,0.8125,-0.04210955,0.65395194,18
Mike McCarthy,2008,3,-0.2800865769386291,-4.4813852310180655,-0.0906910002231599,-1.4510560035705584,0.375,0.0010163188,0.6550866,18
Mike McCarthy,2009,4,-0.1147444248199462,-1.8359107971191393,-0.2054354250431061,-3.2869668006896977,0.6875,0.010358453,0.8022444,18
Mike McCarthy,2010,5,-0.0772160291671752,-1.2354564666748031,-0.2826514542102813,-4.522423267364501,0.625,0.011359334,0.702216,18
Mike McCarthy,2011,6,0.1736114025115966,2.7777824401855455,-0.10904005169868472,-1.7446408271789555,0.9375,0.023857713,0.7638886,18
Mike McCarthy,2012,7,-0.0252818465232849,-0.4045095443725584,-0.13432189822196963,-2.149150371551514,0.6875,0.0081041455,0.71278185,18
Mike McCarthy,2013,8,0.0631845676422119,1.0109530822753905,-0.07113733057975773,-1.1381972892761236,0.5312,0.045336485,0.46801543,18
Mike McCarthy,2014,9,-0.0161308050155639,-0.2580928802490224,-0.08726813559532162,-1.396290169525146,0.75,0.019313931,0.7661308,18
Mike McCarthy,2015,10,-0.0555014610290527,-0.8880233764648432,-0.14276959662437433,-2.2843135459899893,0.625,0.019131899,0.68050146,18
Mike McCarthy,2016,11,-0.0836220383644104,-1.3379526138305664,-0.22639163498878473,-3.6222661598205557,0.625,0.019751847,0.70862204,18
Mike McCarthy,2017,12,0.1509884297847747,2.415814876556395,-0.07540320520401003,-1.2064512832641605,0.4375,-0.00040346384,0.28651157,18
Mike McCarthy,2018,13,-0.0402545928955078,-0.6440734863281248,-0.11565779809951783,-1.8505247695922853,0.375,0.007891506,0.4152546,18
Mike McCarthy,2020,14,0.130423441529274,2.086775064468384,0.014765643429756156,0.2362502948760985,0.375,0.029547647,0.24457656,18
Mike McCarthy,2021,15,0.0536970361709594,0.8591525787353504,0.06846267960071556,1.095402873611449,0.7059,-0.015404284,0.65220296,18
Mike McCarthy,2022,16,0.1836832031249999,2.938931249999998,0.2521458827257155,4.034334123611448,0.7059,-0.008716404,0.5222168,18
Mike McCarthy,2023,17,-0.0044129625320434,-0.0706074005126944,0.24773292019367207,3.963726723098753,0.7059,0.013837576,0.71031296,18
Mike McCarthy,2024,18,0.071334215927124,1.141347454833984,0.31906713612079607,5.105074177932737,0.4118,0.018108487,0.34046578,18
Mike Martz,2000,1,0.0046675205230712,0.0746803283691392,0.0046675205230712,0.0746803283691392,0.625,0.016251922,0.6203325,6
Mike Martz,2001,2,0.1783533096313476,2.8536529541015616,0.1830208301544188,2.928333282470701,0.875,0.035961986,0.6966467,6
Mike Martz,2002,3,0.0946557819843292,1.5144925117492671,0.277676612138748,4.442825794219968,0.4375,0.04520282,0.34284422,6
Mike Martz,2003,4,0.0981282591819763,1.5700521469116209,0.3758048713207243,6.012877941131589,0.75,0.034786463,0.65187174,6
Mike Martz,2004,5,0.1757633090019226,2.8122129440307617,0.5515681803226469,8.82509088516235,0.5,0.08661193,0.3242367,6
Mike Martz,2005,6,-0.0161503612995147,-0.2584057807922352,0.5354178190231321,8.566685104370114,0.4,0.020620495,0.41615036,6
Sam Wyche,1984,1,0.0520339608192443,0.8325433731079088,0.0520339608192443,0.8325433731079088,0.5,0.023418993,0.44796604,12
Sam Wyche,1985,2,-0.2128185629844665,-3.405097007751464,-0.1607846021652222,-2.572553634643555,0.4375,-0.027396083,0.65031856,12
Sam Wyche,1986,3,0.1031737327575683,1.6507797241210929,-0.05761086940765389,-0.9217739105224623,0.625,-0.015998065,0.52182627,12
Sam Wyche,1987,4,-0.0085562165260315,-0.136899464416504,-0.0661670859336854,-1.0586733749389663,0.2667,0.0225133,0.27525622,12
Sam Wyche,1988,5,0.0250319242477417,0.4005107879638672,-0.041135161685943694,-0.6581625869750991,0.75,0.025833428,0.7249681,12
Sam Wyche,1989,6,-0.1804878115653991,-2.8878049850463854,-0.22162297325134278,-3.5459675720214845,0.5,-0.020791113,0.6804878,12
Sam Wyche,1990,7,0.0724154412746429,1.1586470603942864,-0.1492075319766999,-2.3873205116271983,0.5625,0.024332494,0.49008456,12
Sam Wyche,1991,8,-0.1075104773044586,-1.7201676368713377,-0.2567180092811585,-4.107488148498536,0.1875,0.001973629,0.29501048,12
Sam Wyche,1992,9,0.0198668837547302,0.3178701400756832,-0.2368511255264283,-3.789618008422853,0.3125,0.03318283,0.29263312,12
Sam Wyche,1993,10,0.1099514365196228,1.7592229843139648,-0.1268996890068055,-2.030395024108888,0.3125,0.026657745,0.20254856,12
Sam Wyche,1994,11,0.0622930824756622,0.9966893196105951,-0.0646066065311433,-1.033705704498293,0.375,0.004855722,0.31270692,12
Sam Wyche,1995,12,0.1728224456310272,2.765159130096435,0.10821583909988389,1.7314534255981422,0.4375,-0.001534462,0.26467755,12
Wade Phillips,1993,1,-0.0702109336853027,-1.1233749389648433,-0.0702109336853027,-1.1233749389648433,0.5625,-0.014349759,0.63271093,9
Wade Phillips,1994,2,-0.0999823808670044,-1.5997180938720703,-0.1701933145523071,-2.7230930328369136,0.4375,0.026363432,0.5374824,9
Wade Phillips,1998,3,0.0115748047828674,0.1851968765258784,-0.1586185097694397,-2.537896156311035,0.625,0.0071481466,0.6134252,9
Wade Phillips,1999,4,0.1028722524642944,1.6459560394287105,-0.05574625730514529,-0.8919401168823247,0.6875,0.0019365549,0.58462775,9
Wade Phillips,2000,5,-0.0422407984733581,-0.6758527755737296,-0.09798705577850339,-1.5677928924560542,0.5,0.013058364,0.5422408,9
Wade Phillips,2007,6,0.1667616367340088,2.6681861877441406,0.0687745809555054,1.1003932952880864,0.8125,0.019055843,0.64573836,9
Wade Phillips,2008,7,0.1714959442615509,2.7439351081848145,0.2402705252170563,3.844328403472901,0.5625,0.017752022,0.39100406,9
Wade Phillips,2009,8,0.0567795038223266,0.9084720611572256,0.2970500290393829,4.752800464630126,0.6875,0.041532695,0.6307205,9
Wade Phillips,2010,9,-0.3874451518058777,-6.199122428894043,-0.0903951227664948,-1.446321964263917,0.125,0.005016744,0.51244515,9
Jim Hanifan,1980,1,-0.0079945623874664,-0.1279129981994624,-0.0079945623874664,-0.1279129981994624,0.3125,0.024014741,0.32049456,6
Jim Hanifan,1981,2,0.1283131837844848,2.053010940551757,0.1203186213970184,1.9250979423522945,0.4375,-0.019588977,0.30918682,6
Jim Hanifan,1982,3,0.1671819811820983,2.6749116989135726,0.2875006025791167,4.600009641265867,0.5556,-0.067671835,0.38841802,6
Jim Hanifan,1983,4,0.0659962379455566,1.0559398071289057,0.3534968405246733,5.6559494483947725,0.5312,-0.01096794,0.46520376,6
Jim Hanifan,1984,5,-0.045539379119873,-0.728630065917968,0.3079574614048003,4.927319382476805,0.5625,-0.011038303,0.6080394,6
Jim Hanifan,1985,6,-0.0110569894313812,-0.1769118309020992,0.29690047197341907,4.750407551574705,0.3125,0.0064114034,0.323557,6
Walt Michaels,1977,1,0.016850658583641,0.269610537338256,0.016850658583641,0.269610537338256,0.2143,-0.0019801706,0.19744934,6
Walt Michaels,1978,2,0.1499402523040771,2.3990440368652335,0.16679091088771808,2.6686545742034893,0.5,-0.045770615,0.35005975,6
Walt Michaels,1979,3,0.166652113199234,2.666433811187744,0.3334430240869521,5.335088385391233,0.5,-0.024977326,0.3333479,6
Walt Michaels,1980,4,-0.1027849614620208,-1.6445593833923329,0.23065806262493127,3.6905290019989003,0.25,0.010228783,0.35278496,6
Walt Michaels,1981,5,-0.0422917521476745,-0.676668034362792,0.18836631047725677,3.0138609676361083,0.6562,-0.01632005,0.69849175,6
Walt Michaels,1982,6,-0.0620203669548035,-0.992325871276856,0.12634594352245326,2.021535096359252,0.6667,-0.031964123,0.72872037,6
Pete Carroll,1994,1,-0.0133392810821533,-0.2134284973144528,-0.0133392810821533,-0.2134284973144528,0.375,0.021411031,0.38833928,18
Pete Carroll,1997,2,-0.0252031087875366,-0.4032497406005856,-0.0385423898696899,-0.6166782379150384,0.625,-0.06392157,0.6502031,18
Pete Carroll,1998,3,-0.0441324114799499,-0.7061185836791984,-0.08267480134963981,-1.322796821594237,0.5625,-0.043984294,0.6066324,18
Pete Carroll,1999,4,-0.079231321811676,-1.267701148986816,-0.1619061231613158,-2.590497970581053,0.5,-0.030000687,0.5792313,18
Pete Carroll,2010,5,0.0119091570377349,0.1905465126037584,-0.1499969661235809,-2.3999514579772945,0.4375,-0.023724139,0.42559084,18
Pete Carroll,2011,6,-0.1465399861335754,-2.3446397781372066,-0.2965369522571563,-4.744591236114501,0.4375,-0.019547999,0.58404,18
Pete Carroll,2012,7,0.0112780332565307,0.1804485321044912,-0.2852589190006256,-4.56414270401001,0.6875,-0.012892008,0.67622197,18
Pete Carroll,2013,8,0.1657623052597046,2.6521968841552734,-0.11949661374092102,-1.9119458198547363,0.8125,0.028478563,0.6467377,18
Pete Carroll,2014,9,0.1478549242019653,2.365678787231445,0.028358310461044284,0.45373296737670854,0.75,0.016458333,0.6021451,18
Pete Carroll,2015,10,0.0039684772491455,0.063495635986328,0.032326787710189785,0.5172286033630366,0.625,0.029839814,0.6210315,18
Pete Carroll,2016,11,0.1224129282951355,1.958606852722168,0.1547397160053253,2.4758354560852047,0.6562,0.028435826,0.5337871,18
Pete Carroll,2017,12,0.0855831205844879,1.3693299293518064,0.24032283658981318,3.845165385437011,0.5625,0.03005895,0.47691688,18
Pete Carroll,2018,13,0.105026364326477,1.680421829223632,0.3453492009162902,5.525587214660643,0.625,0.035654187,0.51997364,18
Pete Carroll,2019,14,0.1004866957664489,1.6077871322631825,0.4458358966827391,7.1333743469238255,0.6875,0.034474015,0.5870133,18
Pete Carroll,2020,15,0.1240583658218383,1.9849338531494127,0.5698942625045774,9.118308200073239,0.75,0.029628515,0.62594163,18
Pete Carroll,2021,16,-0.1105404765129089,-1.7686476242065423,0.45935378599166854,7.349660575866697,0.4118,0.03147936,0.5223405,18
Pete Carroll,2022,17,0.0217641085624694,0.3482257369995104,0.48111789455413795,7.697886312866207,0.5294,0.033804774,0.5076359,18
Pete Carroll,2023,18,0.0518640667438506,0.8298250679016096,0.5329819612979886,8.527711380767817,0.5294,0.04281798,0.47753593,18
Sean McDermott,2017,1,0.0081148743629455,0.129837989807128,0.0081148743629455,0.129837989807128,0.5625,9.6559525e-05,0.5543851,8
Sean McDermott,2018,2,-0.0267604291439056,-0.4281668663024896,-0.018645554780960104,-0.29832887649536166,0.375,-0.04206559,0.40176043,8
Sean McDermott,2019,3,-0.0606849789619445,-0.970959663391112,-0.07933053374290461,-1.2692885398864737,0.625,-0.054080307,0.685685,8
Sean McDermott,2020,4,0.1040626168251037,1.6650018692016593,0.024732083082199097,0.39571332931518555,0.8125,-0.012727737,0.7084374,8
Sean McDermott,2021,5,-0.0307045892715454,-0.4912734283447264,-0.005972506189346305,-0.09556009902954088,0.6471,-0.030564308,0.6778046,8
Sean McDermott,2022,6,0.1652380228042602,2.643808364868163,0.1592655166149139,2.5482482658386223,0.8125,-0.0020039678,0.647262,8
Sean McDermott,2023,7,0.046377925491333,0.742046807861328,0.2056434421062469,3.2902950736999506,0.6471,0.0073462725,0.6007221,8
Sean McDermott,2024,8,0.033350233745575,0.5336037399292,0.2389936758518219,3.8238988136291505,0.7647,0.014689326,0.73134977,8
Chip Kelly,2013,1,-0.0365058779716491,-0.5840940475463856,-0.0365058779716491,-0.5840940475463856,0.625,0.0055502057,0.6615059,4
Chip Kelly,2014,2,0.1640109419822693,2.6241750717163086,0.12750506401062017,2.0400810241699228,0.625,0.027081579,0.46098906,4
Chip Kelly,2015,3,-0.195639407634735,-3.13023052215576,-0.06813434362411483,-1.0901494979858373,0.4,0.019982517,0.5956394,4
Chip Kelly,2016,4,-0.236747920513153,-3.787966728210448,-0.3048822641372678,-4.878116226196285,0.125,-0.01483196,0.36174792,4
George Allen,1970,1,0.0078100429534911,0.1249606872558576,0.0078100429534911,0.1249606872558576,0.6786,-0.020808458,0.67078996,8
George Allen,1971,2,-0.0154829157829284,-0.2477266525268544,-0.007672872829437301,-0.12276596527099681,0.6786,0.021850526,0.6940829,8
George Allen,1972,3,0.1639892823219298,2.623828517150877,0.1563164094924925,2.50106255187988,0.7857,0.048358142,0.6217107,8
George Allen,1973,4,0.0290750496864319,0.4652007949829104,0.1853914591789244,2.9662633468627906,0.7143,0.033806086,0.68522495,8
George Allen,1974,5,0.0250397556304932,0.4006360900878912,0.21043121480941762,3.366899436950682,0.7143,0.040075243,0.68926024,8
George Allen,1975,6,0.0545279516220092,0.8724472259521472,0.2649591664314268,4.239346662902829,0.5714,0.022625566,0.51687205,8
George Allen,1976,7,0.1020052068710327,1.6320833099365233,0.3669643733024595,5.871429972839352,0.7143,0.011470497,0.6122948,8
George Allen,1977,8,0.06598109998703,1.05569759979248,0.4329454732894895,6.927127572631832,0.6429,0.04770589,0.5769189,8
Dave Wannstedt,1993,1,-0.1098721027374267,-1.7579536437988272,-0.1098721027374267,-1.7579536437988272,0.4375,0.008870244,0.5473721,11
Dave Wannstedt,1994,2,0.1422646343708038,2.276234149932861,0.0323925316333771,0.5182805061340336,0.5625,0.031906813,0.42023537,11
Dave Wannstedt,1995,3,-0.0837087631225586,-1.3393402099609375,-0.05131623148918149,-0.8210597038269039,0.5625,-0.0244748,0.64620876,11
Dave Wannstedt,1996,4,0.0487730503082275,0.78036880493164,-0.0025431811809539934,-0.040690898895263894,0.4375,-0.0016842484,0.38872695,11
Dave Wannstedt,1997,5,-0.0334981679916381,-0.5359706878662096,-0.036041349172592094,-0.5766615867614735,0.25,-0.003723532,0.28349817,11
Dave Wannstedt,1998,6,-0.0861835181713104,-1.3789362907409664,-0.12222486734390249,-1.9555978775024399,0.25,0.012132764,0.33618352,11
Dave Wannstedt,2000,7,0.0112758874893188,0.1804141998291008,-0.11094897985458368,-1.775183677673339,0.6875,0.0117073655,0.6762241,11
Dave Wannstedt,2001,8,0.1636446118354797,2.6183137893676753,0.052695631980896024,0.8431301116943364,0.6875,0.007933438,0.5238554,11
Dave Wannstedt,2002,9,-0.0984302759170532,-1.5748844146728511,-0.04573464393615717,-0.7317543029785147,0.5625,-0.027032435,0.6609303,11
Dave Wannstedt,2003,10,0.0086790919303894,0.1388654708862304,-0.03705555200576777,-0.5928888320922843,0.625,-0.012723982,0.6163209,11
Dave Wannstedt,2004,11,-0.1441281618118286,-2.3060505889892577,-0.18118371381759638,-2.898939421081542,0.1111,0.008790672,0.25522816,11
Jack Del Rio,2003,1,-0.0032936036586761,-0.0526976585388176,-0.0032936036586761,-0.0526976585388176,0.3125,-0.002893716,0.3157936,12
Jack Del Rio,2004,2,-0.0082493424415588,-0.1319894790649408,-0.0115429461002349,-0.1846871376037584,0.5625,-0.016985238,0.57074934,12
Jack Del Rio,2005,3,0.0600219964981079,0.9603519439697265,0.048479050397873,0.775664806365968,0.75,-0.020017207,0.689978,12
Jack Del Rio,2006,4,-0.0818524360656738,-1.3096389770507808,-0.0333733856678008,-0.5339741706848128,0.5,-0.020674586,0.58185244,12
Jack Del Rio,2007,5,0.051296591758728,0.820745468139648,0.0179232060909272,0.2867712974548352,0.6875,0.00257653,0.6362034,12
Jack Del Rio,2008,6,-0.097009003162384,-1.552144050598144,-0.0790857970714568,-1.2653727531433088,0.3125,-0.00014618039,0.409509,12
Jack Del Rio,2009,7,0.0163908600807189,0.2622537612915024,-0.0626949369907379,-1.0031189918518064,0.4375,0.012919575,0.42110914,12
Jack Del Rio,2010,8,0.1633476316928863,2.6135621070861808,0.1006526947021484,1.6104431152343743,0.5,0.0013645589,0.33665237,12
Jack Del Rio,2011,9,-0.1891617594242096,-3.0265881507873535,-0.0885090647220612,-1.4161450355529792,0.2727,-0.022051692,0.46186176,12
Jack Del Rio,2015,10,0.0377050638198852,0.6032810211181632,-0.050804000902176,-0.812864014434816,0.4375,-0.005856782,0.39979494,12
Jack Del Rio,2016,11,0.0304411053657531,0.4870576858520496,-0.0203628955364229,-0.3258063285827664,0.75,-0.010283291,0.7195589,12
Jack Del Rio,2017,12,-0.1455088853836059,-2.3281421661376944,-0.1658717809200288,-2.653948494720461,0.375,-0.023290366,0.5205089,12
Kevin O'Connell,2022,1,0.1623655602455139,2.5978489639282225,0.1623655602455139,2.5978489639282225,0.7647,0.0177508,0.60233444,3
Kevin O'Connell,2023,2,0.1140678554058075,1.82508568649292,0.2764334156513214,4.422934650421142,0.4118,0.04769382,0.29773214,3
Kevin O'Connell,2024,3,0.1481203660964966,2.3699258575439455,0.424553781747818,6.792860507965088,0.8235,0.05125028,0.67537963,3
Chuck Noll,1970,1,-0.0879069963932037,-1.4065119422912593,-0.0879069963932037,-1.4065119422912593,0.3571,-0.040474683,0.445007,22
Chuck Noll,1971,2,0.0508658455371856,0.8138535285949696,-0.037041150856018105,-0.5926584136962897,0.4286,0.004215926,0.37773415,22
Chuck Noll,1972,3,0.0610285765647887,0.9764572250366192,0.023987425708770597,0.38379881134032956,0.7857,-0.00068718195,0.7246714,22
Chuck Noll,1973,4,0.0901558630943298,1.4424938095092767,0.1141432888031004,1.8262926208496064,0.7143,0.023554921,0.62414414,22
Chuck Noll,1974,5,0.1503987908363342,2.406380653381347,0.2645420796394346,4.232673274230954,0.75,0.040100515,0.5996012,22
Chuck Noll,1975,6,0.0871308942794799,1.3940943084716784,0.3516729739189145,5.626767582702632,0.8571,0.03553772,0.7699691,22
Chuck Noll,1976,7,0.0248422258377075,0.39747561340332,0.376515199756622,6.024243196105952,0.7143,0.053662658,0.6894578,22
Chuck Noll,1977,8,0.1400631169319153,2.241009870910645,0.5165783166885374,8.265253067016598,0.6429,0.045838416,0.5028369,22
Chuck Noll,1978,9,0.161076009273529,2.577216148376464,0.6776543259620664,10.842469215393063,0.875,0.052096426,0.713924,22
Chuck Noll,1979,10,0.1251055598258972,2.001688957214355,0.8027598857879636,12.844158172607418,0.75,0.07214099,0.62489444,22
Chuck Noll,1980,11,0.1032874584197998,1.6525993347167969,0.9060473442077634,14.496757507324215,0.5625,0.04686874,0.45921254,22
Chuck Noll,1981,12,-0.1786169409751892,-2.8578710556030273,0.7274304032325742,11.638886451721188,0.5,0.03142196,0.67861694,22
Chuck Noll,1982,13,0.0936224405288695,1.497959048461912,0.8210528437614437,13.1368455001831,0.6667,0.060901582,0.57307756,22
Chuck Noll,1983,14,0.1067143678665161,1.7074298858642576,0.9277672116279598,14.844275386047357,0.625,0.045532763,0.51828563,22
Chuck Noll,1984,15,0.0540909171104431,0.8654546737670896,0.981858128738403,15.709730059814447,0.5625,0.037444532,0.5084091,22
Chuck Noll,1985,16,0.0470594763755798,0.7529516220092768,1.0289176051139828,16.462681681823724,0.4375,0.03980708,0.39044052,22
Chuck Noll,1986,17,0.030629813671112,0.490077018737792,1.0595474187850948,16.952758700561517,0.375,0.057958215,0.3443702,22
Chuck Noll,1987,18,0.0931766207695007,1.4908259323120112,1.1527240395545955,18.443584632873527,0.5333,0.05132407,0.44012338,22
Chuck Noll,1988,19,-0.0464389324188232,-0.7430229187011712,1.1062851071357722,17.700561714172355,0.3125,0.034261018,0.35893893,22
Chuck Noll,1989,20,0.012216031551361,0.195456504821776,1.1185011386871333,17.896018218994133,0.5625,0.042653322,0.55028397,22
Chuck Noll,1990,21,-0.0765991806983947,-1.2255868911743153,1.0419019579887385,16.670431327819816,0.5625,0.03877777,0.6390992,22
Chuck Noll,1991,22,0.0166622698307037,0.2665963172912592,1.0585642278194423,16.937027645111076,0.4375,0.039881647,0.42083773,22
Rex Ryan,2009,1,-0.0137393474578857,-0.2198295593261712,-0.0137393474578857,-0.2198295593261712,0.5625,0.0034500957,0.57623935,8
Rex Ryan,2010,2,0.1220874190330505,1.953398704528808,0.1083480715751648,1.7335691452026367,0.6875,0.027292252,0.5654126,8
Rex Ryan,2011,3,-0.1756182312965393,-2.809891700744629,-0.06727015972137451,-1.0763225555419922,0.5,-0.026446342,0.67561823,8
Rex Ryan,2012,4,-0.0825936198234558,-1.3214979171752927,-0.14986377954483032,-2.397820472717285,0.375,0.011176437,0.45759362,8
Rex Ryan,2013,5,0.1597472727298736,2.5559563636779776,0.00988349318504328,0.15813589096069247,0.5,0.019237727,0.34025273,8
Rex Ryan,2014,6,-0.0849506258964538,-1.3592100143432608,-0.07506713271141052,-1.2010741233825684,0.25,-0.0045274496,0.33495063,8
Rex Ryan,2015,7,0.0016947090625762,0.0271153450012192,-0.07337242364883433,-1.1739587783813492,0.5,-0.0073580444,0.4983053,8
Rex Ryan,2016,8,-0.0745830114364624,-1.1933281829833984,-0.14795543508529674,-2.367286961364748,0.4667,0.008610189,0.541283,8
John Fox,2002,1,-0.0759403109550476,-1.2150449752807615,-0.0759403109550476,-1.2150449752807615,0.4375,-0.04090509,0.5134403,16
John Fox,2003,2,0.0538281202316284,0.8612499237060544,-0.022112190723419196,-0.35379505157470714,0.6875,-0.0043780208,0.6336719,16
John Fox,2004,3,-0.1990354061126709,-3.1845664978027344,-0.2211475968360901,-3.5383615493774414,0.4375,-0.02445513,0.6365354,16
John Fox,2005,4,-0.0227078795433044,-0.3633260726928704,-0.24385547637939448,-3.9016876220703116,0.6875,-0.005622804,0.7102079,16
John Fox,2006,5,0.131296694278717,2.100747108459472,-0.11255878210067746,-1.8009405136108394,0.5,0.0079165995,0.3687033,16
John Fox,2007,6,0.1455642282962799,2.3290276527404785,0.033005446195602445,0.5280871391296391,0.4375,0.0063900948,0.29193577,16
John Fox,2008,7,0.1490445137023925,2.38471221923828,0.18204995989799494,2.912799358367919,0.75,0.009643614,0.6009555,16
John Fox,2009,8,-0.0322545170783996,-0.5160722732543936,0.14979544281959534,2.3967270851135254,0.5,-0.0065003037,0.5322545,16
John Fox,2010,9,-0.1982989013195037,-3.172782421112059,-0.048503458499908364,-0.7760553359985338,0.125,-0.01266256,0.3232989,16
John Fox,2011,10,-0.0216559767723083,-0.3464956283569328,-0.07015943527221666,-1.1225509643554665,0.5,0.0024296641,0.521656,16
John Fox,2012,11,0.083605945110321,1.337695121765136,0.013446509838104345,0.21514415740966952,0.8125,-0.00610584,0.72889405,16
John Fox,2013,12,0.1582581400871276,2.5321302413940416,0.17170464992523193,2.747274398803711,0.8125,-0.0013773441,0.65424186,16
John Fox,2014,13,0.060379683971405,0.96607494354248,0.23208433389663694,3.713349342346191,0.75,-0.008551419,0.6896203,16
John Fox,2015,14,0.023645669221878,0.378330707550048,0.25573000311851496,4.091680049896239,0.375,0.014506817,0.35135433,16
John Fox,2016,15,-0.0381540805101394,-0.6104652881622304,0.21757592260837555,3.481214761734009,0.1875,0.0025199652,0.22565408,16
John Fox,2017,16,0.0314416885375976,0.5030670166015616,0.24901761114597315,3.9842817783355704,0.3125,0.026560158,0.2810583,16
Bud Grant,1970,1,0.025253166770935,0.40405066833496,0.025253166770935,0.40405066833496,0.8571,-0.026916742,0.83184683,15
Bud Grant,1971,2,0.079849100780487,1.277585612487792,0.105102267551422,1.681636280822752,0.7857,0.028408289,0.7058509,15
Bud Grant,1972,3,-0.0951425433158874,-1.5222806930541983,0.009959724235534609,0.15935558776855374,0.5,-0.010408998,0.59514254,15
Bud Grant,1973,4,0.1013047595977783,1.6208761535644527,0.1112644838333129,1.7802317413330064,0.8571,0.0232265,0.75579524,15
Bud Grant,1974,5,0.0016376607894897,0.0262025726318352,0.1129021446228026,1.8064343139648416,0.7143,0.042917073,0.71266234,15
Bud Grant,1975,6,-0.0124546388626098,-0.1992742218017568,0.10044750576019279,1.6071600921630846,0.8571,0.034363866,0.86955464,15
Bud Grant,1976,7,0.1581891907691955,2.531027052307128,0.25863669652938825,4.138187144470212,0.8214,0.06327146,0.6632108,15
Bud Grant,1977,8,0.1447067955970764,2.315308729553222,0.40334349212646464,6.453495874023434,0.6429,0.062322557,0.4981932,15
Bud Grant,1978,9,0.1205960297107696,1.9295364753723137,0.5239395218372342,8.383032349395748,0.5312,0.049833864,0.41060397,15
Bud Grant,1979,10,-0.1014294624328613,-1.6228713989257808,0.4225100594043729,6.760160950469967,0.4375,0.0034245253,0.53892946,15
Bud Grant,1980,11,-0.071065068244934,-1.137041091918944,0.35144499115943895,5.623119858551023,0.5625,0.009654343,0.63356507,15
Bud Grant,1981,12,0.0180991888046264,0.2895870208740224,0.36954417996406536,5.912706879425046,0.4375,0.043666422,0.4194008,15
Bud Grant,1982,13,0.044518662071228,0.712298593139648,0.41406284203529337,6.625005472564694,0.5556,0.019556522,0.51108134,15
Bud Grant,1983,14,0.0247046947479248,0.3952751159667968,0.43876753678321817,7.020280588531491,0.5,0.037567973,0.4752953,15
Bud Grant,1985,15,0.0480104088783264,0.7681665420532224,0.4867779456615446,7.788447130584713,0.4375,0.033241212,0.3894896,15
Chuck Knox,1973,1,0.0961646338462829,1.5386341415405265,0.0961646338462829,1.5386341415405265,0.8571,0.04851359,0.76093537,22
Chuck Knox,1974,2,-0.014886177253723,-0.238178836059568,0.0812784565925599,1.3004553054809584,0.7143,0.043557584,0.7291862,22
Chuck Knox,1975,3,0.0729198952674865,1.166718324279784,0.1541983518600464,2.4671736297607425,0.8571,0.035439253,0.7841801,22
Chuck Knox,1976,4,0.0252492427825927,0.4039878845214832,0.1794475946426391,2.8711615142822255,0.75,0.055224538,0.72475076,22
Chuck Knox,1977,5,-0.0472582346916198,-0.7561317550659168,0.1321893599510193,2.1150297592163088,0.7143,0.026794612,0.76155823,22
Chuck Knox,1978,6,-0.0506048202514648,-0.8096771240234368,0.0815845396995545,1.305352635192872,0.3125,0.039011985,0.36310482,22
Chuck Knox,1979,7,-0.1363281607627868,-2.181250572204589,-0.054743621063232314,-0.875897937011717,0.4375,0.038200855,0.57382816,22
Chuck Knox,1980,8,0.0709608793258667,1.1353740692138672,0.016217258262634385,0.25947613220215016,0.6875,0.05174893,0.6165391,22
Chuck Knox,1981,9,0.0860651731491088,1.3770427703857409,0.10228243141174319,1.636518902587891,0.625,0.03209561,0.5389348,22
Chuck Knox,1982,10,-0.0140103822708129,-0.2241661163330064,0.08827204914093029,1.4123527862548846,0.4444,0.038141847,0.45841038,22
Chuck Knox,1983,11,0.0400513410568237,0.6408214569091792,0.128323390197754,2.053174243164064,0.5625,0.024742365,0.52244866,22
Chuck Knox,1984,12,0.1580252647399902,2.5284042358398433,0.2863486549377442,4.581578479003907,0.75,0.020161211,0.59197474,22
Chuck Knox,1985,13,-0.0358296632766723,-0.5732746124267568,0.2505189916610719,4.00830386657715,0.5,0.01860398,0.53582966,22
Chuck Knox,1986,14,0.0396673083305358,0.6346769332885728,0.29018629999160767,4.642980799865723,0.625,0.043773472,0.5853327,22
Chuck Knox,1987,15,0.1519068837165832,2.4305101394653312,0.44209318370819084,7.073490939331053,0.6,0.054543614,0.44809312,22
Chuck Knox,1988,16,0.0820598006248474,1.3129568099975584,0.5241529843330383,8.386447749328612,0.5625,0.058476508,0.4804402,22
Chuck Knox,1989,17,0.1569902896881103,2.5118446350097647,0.6811432740211485,10.898292384338376,0.4375,0.037952185,0.2805097,22
Chuck Knox,1990,18,0.1190635859966278,1.9050173759460447,0.8002068600177763,12.80330976028442,0.5625,0.04027459,0.4434364,22
Chuck Knox,1991,19,-0.0052266418933868,-0.0836262702941888,0.7949802181243895,12.719683489990231,0.4375,0.012640119,0.44272664,22
Chuck Knox,1992,20,-0.0193265378475189,-0.3092246055603024,0.7756536802768705,12.410458884429929,0.375,0.03545493,0.39432654,22
Chuck Knox,1993,21,0.0084048807621002,0.1344780921936032,0.7840585610389708,12.544936976623532,0.3125,0.051664203,0.30409512,22
Chuck Knox,1994,22,-0.0391576290130615,-0.626522064208984,0.7449009320259092,11.918414912414548,0.25,0.018662542,0.28915763,22
Adam Gase,2016,1,0.1300459504127502,2.080735206604003,0.1300459504127502,2.080735206604003,0.625,-0.010770768,0.49495405,5
Adam Gase,2017,2,0.0385258793830871,0.6164140701293936,0.1685718297958373,2.6971492767333967,0.375,-0.0049568117,0.33647412,5
Adam Gase,2018,3,-0.0245847105979919,-0.3933553695678704,0.1439871191978454,2.3037939071655265,0.4375,-0.038266838,0.4620847,5
Adam Gase,2019,4,0.1580025553703308,2.528040885925293,0.3019896745681762,4.831834793090819,0.4375,-0.022692502,0.27949744,5
Adam Gase,2020,5,-0.0685697048902511,-1.0971152782440177,0.2334199696779251,3.7347195148468018,0.125,-0.022085175,0.1935697,5
Norv Turner,1994,1,-0.2414489686489105,-3.863183498382568,-0.2414489686489105,-3.863183498382568,0.1875,0.022362858,0.42894897,15
Norv Turner,1995,2,-0.065912514925003,-1.054600238800048,-0.30736148357391346,-4.917783737182615,0.375,-0.026865304,0.44091251,15
Norv Turner,1996,3,-0.1588428616523742,-2.5414857864379874,-0.4662043452262877,-7.459269523620603,0.5625,-0.067585826,0.72134286,15
Norv Turner,1997,4,0.038323053073883,0.613168849182128,-0.42788129215240467,-6.846100674438475,0.5312,-0.023856372,0.49287695,15
Norv Turner,1998,5,-0.0430453419685363,-0.6887254714965808,-0.470926634120941,-7.534826145935056,0.375,-0.060437918,0.41804534,15
Norv Turner,1999,6,-0.0325842499732971,-0.5213479995727536,-0.503510884094238,-8.056174145507809,0.625,-0.0343073,0.65758425,15
Norv Turner,2000,7,-0.0297854056358337,-0.4765664901733392,-0.5332962897300717,-8.532740635681147,0.5385,-0.03952962,0.5682854,15
Norv Turner,2004,8,-0.0733893811702728,-1.1742300987243648,-0.6066856709003445,-9.706970734405513,0.3125,-0.005031258,0.38588938,15
Norv Turner,2005,9,-0.1971252560615539,-3.1540040969848624,-0.8038109269618985,-12.860974831390376,0.25,-0.032555044,0.44712526,15
Norv Turner,2007,10,-0.0229716300964355,-0.367546081542968,-0.826782557058334,-13.228520912933345,0.6875,-0.0572989,0.71047163,15
Norv Turner,2008,11,-0.1696579456329345,-2.714527130126952,-0.9964405026912685,-15.943048043060296,0.5,-0.036644638,0.66965795,15
Norv Turner,2009,12,0.1571487784385681,2.5143804550170894,-0.8392917242527004,-13.428667588043206,0.8125,-0.037870526,0.6553512,15
Norv Turner,2010,13,-0.0742530822753906,-1.1880493164062496,-0.913544806528091,-14.616716904449456,0.5625,-0.022277236,0.6367531,15
Norv Turner,2011,14,-0.0916988253593444,-1.4671812057495104,-1.0052436318874354,-16.083898110198966,0.5,-0.011209071,0.5916988,15
Norv Turner,2012,15,-0.0329033136367797,-0.5264530181884752,-1.0381469455242152,-16.610351128387443,0.4375,-0.016877532,0.4704033,15
Bruce Arians,2013,1,0.0891629457473754,1.4266071319580065,0.0891629457473754,1.4266071319580065,0.625,0.02105844,0.53583705,8
Bruce Arians,2014,2,0.1567834019660949,2.508534431457518,0.2459463477134703,3.9351415634155247,0.6875,0.03230679,0.5307166,8
Bruce Arians,2015,3,0.1090349555015564,1.7445592880249023,0.3549813032150267,5.679700851440427,0.8125,0.027820885,0.70346504,8
Bruce Arians,2016,4,0.0107870316982269,0.1725925071716304,0.3657683349132536,5.852293358612058,0.4688,0.038844973,0.45801297,8
Bruce Arians,2017,5,0.0886781513690948,1.4188504219055167,0.4544464862823484,7.2711437805175745,0.5,0.046517253,0.41132185,8
Bruce Arians,2019,6,-0.0298453271389007,-0.4775252342224112,0.4246011591434477,6.793618546295163,0.4375,0.014165193,0.46734533,8
Bruce Arians,2020,7,0.0213276743888854,0.3412427902221664,0.4459288335323331,7.1348613365173295,0.6875,0.026303768,0.6661723,8
Bruce Arians,2021,8,0.0966262266159058,1.5460196258544927,0.5425550601482388,8.680880962371821,0.7647,0.039854765,0.6680738,8
Don Coryell,1973,1,-0.0091031359195709,-0.1456501747131344,-0.0091031359195709,-0.1456501747131344,0.3214,0.0009280443,0.33050314,13
Don Coryell,1974,2,0.1561207406997681,2.49793185119629,0.1470176047801972,2.3522816764831553,0.7143,0.045651853,0.55817926,13
Don Coryell,1975,3,0.08997348613739,1.43957577819824,0.2369910909175872,3.791857454681395,0.7857,0.018966913,0.6957265,13
Don Coryell,1976,4,0.129341983127594,2.069471730041504,0.36633307404518123,5.8613291847229,0.7143,0.0495674,0.584958,13
Don Coryell,1977,5,0.0600069463253021,0.9601111412048337,0.42634002037048335,6.821440325927734,0.5,0.019251972,0.43999305,13
Don Coryell,1979,6,0.1415414810180664,2.2646636962890625,0.5678815013885498,9.086104022216796,0.75,0.040762544,0.6084585,13
Don Coryell,1980,7,0.1171784996986389,1.8748559951782224,0.6850600010871887,10.960960017395019,0.6875,0.032814622,0.5703215,13
Don Coryell,1981,8,0.0112978219985961,0.1807651519775376,0.6963578230857848,11.141725169372556,0.625,0.04571575,0.6137022,13
Don Coryell,1982,9,-0.0306978877067566,-0.4911662033081056,0.6656599353790281,10.65055896606445,0.6667,0.022865176,0.6973979,13
Don Coryell,1983,10,0.1301635205745697,2.0826163291931152,0.7958234559535978,12.733175295257565,0.375,0.007645607,0.24483648,13
Don Coryell,1984,11,-0.0037914216518402,-0.0606627464294432,0.7920320343017576,12.672512548828122,0.4375,0.013817877,0.44129142,13
Don Coryell,1985,12,-0.0064246654510498,-0.1027946472167968,0.7856073688507078,12.569717901611325,0.5,0.008029163,0.50642467,13
Don Coryell,1986,13,-0.0829213559627533,-1.3267416954040527,0.7026860128879545,11.242976206207272,0.125,-0.022957414,0.20792136,13
Marv Levy,1978,1,-0.1841852366924286,-2.9469637870788574,-0.1841852366924286,-2.9469637870788574,0.25,-0.07329434,0.43418524,16
Marv Levy,1979,2,-0.0203811824321746,-0.3260989189147936,-0.2045664191246032,-3.273062705993651,0.4375,-0.028137773,0.45788118,16
Marv Levy,1980,3,-0.0600619912147522,-0.9609918594360352,-0.26462841033935536,-4.234054565429686,0.5,-0.024732769,0.560062,16
Marv Levy,1981,4,0.0398475527763366,0.6375608444213856,-0.22478085756301874,-3.5964937210083,0.5625,-0.0374327,0.52265245,16
Marv Levy,1982,5,-0.1025631670475006,-1.6410106727600096,-0.32734402461051937,-5.23750439376831,0.3333,-0.026299864,0.43586317,16
Marv Levy,1987,6,0.1061397020339965,1.698235232543944,-0.22120432257652287,-3.539269161224366,0.4667,0.022148997,0.3605603,16
Marv Levy,1988,7,0.1364601254463195,2.183362007141112,-0.08474419713020337,-1.355907154083254,0.75,-0.005572915,0.6135399,16
Marv Levy,1989,8,-0.0225247740745544,-0.3603963851928704,-0.10726897120475777,-1.7163035392761243,0.5625,-0.0036485791,0.5850248,16
Marv Levy,1990,9,0.1079180836677551,1.7266893386840816,0.0006491124629973283,0.010385799407957252,0.8125,0.031506598,0.7045819,16
Marv Levy,1991,10,0.0779652595520019,1.2474441528320304,0.07861437201499923,1.2578299522399876,0.8125,0.0015728474,0.73453474,16
Marv Levy,1992,11,-0.0133038759231567,-0.2128620147705072,0.06531049609184253,1.0449679374694805,0.6875,0.009958267,0.7008039,16
Marv Levy,1993,12,0.1527454257011413,2.443926811218261,0.21805592179298383,3.4888947486877413,0.75,0.03568673,0.5972546,16
Marv Levy,1994,13,-0.0946111679077148,-1.5137786865234368,0.12344475388526903,1.9751160621643045,0.4375,0.01563108,0.53211117,16
Marv Levy,1995,14,0.0829023122787475,1.32643699645996,0.20634706616401655,3.3015530586242647,0.625,0.0406965,0.5420977,16
Marv Levy,1996,15,0.1290317773818969,2.0645084381103502,0.3353788435459134,5.3660614967346145,0.625,0.0319646,0.49596822,16
Marv Levy,1997,16,-0.004405528306961,-0.070488452911376,0.3309733152389524,5.2955730438232385,0.375,0.027058482,0.37940553,16
Mike Smith,2008,1,0.0860308408737182,1.3764934539794913,0.0860308408737182,1.3764934539794913,0.6875,-0.031439006,0.60146916,7
Mike Smith,2009,2,0.0330392122268676,0.5286273956298816,0.1190700531005858,1.9051208496093728,0.5625,0.015231311,0.5294608,7
Mike Smith,2010,3,0.0119197964668273,0.1907167434692368,0.1309898495674131,2.0958375930786097,0.8125,0.006546676,0.8005802,7
Mike Smith,2011,4,-0.043938934803009,-0.703022956848144,0.0870509147644041,1.3928146362304656,0.625,0.019124746,0.66893893,7
Mike Smith,2012,5,0.1522853374481201,2.4365653991699214,0.2393362522125242,3.829380035400387,0.8125,0.023848057,0.66021466,7
Mike Smith,2013,6,-0.1312120854854583,-2.0993933677673327,0.1081241667270659,1.7299866676330544,0.25,0.0068339705,0.3812121,7
Mike Smith,2014,7,-0.0997470617294311,-1.5959529876708975,0.008377104997634804,0.13403367996215687,0.375,0.0040999055,0.47474706,7
John McKay,1976,1,-0.1848678290843963,-2.957885265350341,-0.1848678290843963,-2.957885265350341,0.0,-0.042030364,0.18486783,9
John McKay,1977,2,-0.1876158019065857,-3.001852830505371,-0.37248363099098203,-5.9597380958557125,0.1429,-0.06457341,0.3305158,9
John McKay,1978,3,-0.1871213912963867,-2.993942260742187,-0.5596050222873687,-8.9536803565979,0.3125,-0.08949146,0.4996214,9
John McKay,1979,4,0.1491264104843139,2.3860225677490225,-0.41047861180305484,-6.567657788848877,0.625,0.02627045,0.4758736,9
John McKay,1980,5,-0.1475133084774017,-2.3602129356384274,-0.5579919202804565,-8.927870724487304,0.3438,-0.018426925,0.4913133,9
John McKay,1981,6,-0.105981171131134,-1.695698738098144,-0.6639730914115906,-10.623569462585449,0.5625,0.005087137,0.6684812,9
John McKay,1982,7,0.1186374252796172,1.8981988044738751,-0.5453356661319734,-8.725370658111574,0.5556,0.0051648915,0.43696257,9
John McKay,1983,8,-0.212844967842102,-3.405519485473632,-0.7581806339740753,-12.130890143585205,0.125,-0.031832755,0.33784497,9
John McKay,1984,9,-0.0007877051830291,-0.0126032829284656,-0.7589683391571044,-12.14349342651367,0.375,0.0023317933,0.3757877,9
Lovie Smith,2004,1,-0.0619017779827117,-0.9904284477233872,-0.0619017779827117,-0.9904284477233872,0.3125,-0.029525667,0.37440178,12
Lovie Smith,2005,2,0.053966224193573,0.863459587097168,-0.007935553789138704,-0.12696886062621926,0.6875,-0.021933913,0.6335338,12
Lovie Smith,2006,3,0.1481243968009948,2.3699903488159166,0.14018884301185608,2.2430214881896973,0.8125,0.012076497,0.6643756,12
Lovie Smith,2007,4,-0.0330513417720794,-0.5288214683532704,0.10713750123977668,1.714200019836427,0.4375,-0.002314061,0.47055134,12
Lovie Smith,2008,5,-0.060124933719635,-0.96199893951416,0.04701256752014168,0.7522010803222668,0.5625,-0.011214018,0.62262493,12
Lovie Smith,2009,6,0.0144149959087371,0.2306399345397936,0.06142756342887878,0.9828410148620604,0.4375,0.0078982115,0.423085,12
Lovie Smith,2010,7,0.0053150653839111,0.0850410461425776,0.06674262881278988,1.067882061004638,0.6875,-0.043558598,0.68218493,12
Lovie Smith,2011,8,-0.0160561800003051,-0.2568988800048816,0.050686448812484776,0.8109831809997564,0.5,-0.017249316,0.5160562,12
Lovie Smith,2012,9,0.0075010657310485,0.120017051696776,0.05818751454353328,0.9310002326965324,0.625,-0.026303947,0.61749893,12
Lovie Smith,2014,10,-0.2114562392234802,-3.383299827575683,-0.15326872467994693,-2.452299594879151,0.125,-0.04582295,0.33645624,12
Lovie Smith,2015,11,0.0256310105323791,0.4100961685180656,-0.12763771414756783,-2.0422034263610853,0.375,-0.019720912,0.349369,12
Lovie Smith,2022,12,-0.3081442252159119,-4.93030760345459,-0.43578193936347975,-6.972511029815676,0.2059,-0.055622995,0.5140442,12
Tom Coughlin,1995,1,-0.1187352240085601,-1.8997635841369616,-0.1187352240085601,-1.8997635841369616,0.25,-0.09193605,0.36873522,20
Tom Coughlin,1996,2,0.0558351874351501,0.8933629989624016,-0.06290003657341,-1.00640058517456,0.5625,-0.05973673,0.5066648,20
Tom Coughlin,1997,3,0.0206538438796997,0.3304615020751952,-0.042246192693710306,-0.6759390830993649,0.6875,-0.030795753,0.66684616,20
Tom Coughlin,1998,4,0.1474934220314026,2.3598947525024414,0.10524722933769229,1.6839556694030766,0.6875,0.010274708,0.5400066,20
Tom Coughlin,1999,5,0.1061522960662841,1.6984367370605455,0.21139952540397638,3.382392406463622,0.875,0.01002413,0.7688477,20
Tom Coughlin,2000,6,-0.075340449810028,-1.205447196960448,0.13605907559394836,2.176945209503174,0.4375,0.008162141,0.51284045,20
Tom Coughlin,2001,7,-0.1795790195465088,-2.8732643127441406,-0.043519943952560425,-0.6963191032409668,0.375,-0.0131806135,0.554579,20
Tom Coughlin,2002,8,-0.1738315820693969,-2.7813053131103502,-0.21735152602195731,-3.477624416351317,0.375,0.018355906,0.5488316,20
Tom Coughlin,2004,9,0.0043591558933258,0.0697464942932128,-0.2129923701286315,-3.407877922058104,0.375,0.027317584,0.37064084,20
Tom Coughlin,2005,10,0.0689980387687683,1.1039686203002927,-0.14399433135986323,-2.3039093017578116,0.6875,0.009470522,0.61850196,20
Tom Coughlin,2006,11,-0.0080415606498718,-0.1286649703979488,-0.15203589200973502,-2.4325742721557604,0.5,0.017934024,0.50804156,20
Tom Coughlin,2007,12,0.1157039999961853,1.8512639999389648,-0.03633189201354972,-0.5813102722167955,0.625,0.0031032562,0.509296,20
Tom Coughlin,2008,13,0.0327594876289367,0.5241518020629872,-0.0035724043846130232,-0.05715847015380837,0.75,0.0059716105,0.7172405,20
Tom Coughlin,2009,14,0.0643183290958404,1.0290932655334464,0.060745924711227375,0.971934795379638,0.5,0.011797935,0.43568167,20
Tom Coughlin,2010,15,0.1023982763290405,1.638372421264648,0.1631442010402679,2.610307216644286,0.625,0.026145458,0.5226017,20
Tom Coughlin,2011,16,-0.0997915863990783,-1.5966653823852528,0.06335261464118959,1.0136418342590334,0.5625,0.009946287,0.6622916,20
Tom Coughlin,2012,17,-0.096478521823883,-1.543656349182128,-0.03312590718269341,-0.5300145149230946,0.5625,-0.0027585626,0.6589785,20
Tom Coughlin,2013,18,0.0170259177684783,0.2724146842956528,-0.016099989414215112,-0.2575998306274418,0.4375,0.010625601,0.42047408,20
Tom Coughlin,2014,19,-0.0980322062969207,-1.568515300750731,-0.11413219571113581,-1.826115131378173,0.375,0.013563782,0.4730322,20
Tom Coughlin,2015,20,-0.0907228589057922,-1.4515657424926751,-0.204855054616928,-3.277680873870848,0.375,0.0017578602,0.46572286,20
Mike Shanahan,1988,1,0.0561311841011047,0.8980989456176752,0.0561311841011047,0.8980989456176752,0.4375,0.023047179,0.38136882,20
Mike Shanahan,1989,2,-0.1789809763431549,-2.8636956214904785,-0.1228497922420502,-1.9655966758728032,0.25,-0.05366054,0.42898098,20
Mike Shanahan,1995,3,0.0083022415637969,0.1328358650207504,-0.1145475506782533,-1.8327608108520528,0.5,0.005469084,0.49169776,20
Mike Shanahan,1996,4,0.1193017959594726,1.9088287353515616,0.004754245281219302,0.07606792449950883,0.8125,-0.00084769726,0.6931982,20
Mike Shanahan,1997,5,0.0182936787605285,0.292698860168456,0.0230479240417478,0.3687667846679648,0.75,0.014989972,0.7317063,20
Mike Shanahan,1998,6,0.146975576877594,2.351609230041504,0.1700235009193418,2.7203760147094687,0.875,0.03291124,0.7280244,20
Mike Shanahan,1999,7,-0.0258242785930633,-0.4131884574890128,0.1441992223262785,2.307187557220456,0.375,0.033081025,0.40082428,20
Mike Shanahan,2000,8,-0.0441678762435913,-0.7066860198974608,0.10003134608268718,1.600501537322995,0.6875,0.01200223,0.7316679,20
Mike Shanahan,2001,9,-0.0778664946556091,-1.2458639144897456,0.02216485142707808,0.3546376228332493,0.5,0.004781127,0.5778665,20
Mike Shanahan,2002,10,0.0883099734783172,1.4129595756530753,0.11047482490539529,1.7675971984863246,0.5625,0.030037552,0.47419003,20
Mike Shanahan,2003,11,0.0855400562286377,1.3686408996582031,0.19601488113403298,3.1362380981445277,0.625,0.02918905,0.53945994,20
Mike Shanahan,2004,12,0.0172762870788574,0.2764205932617184,0.21329116821289038,3.412658691406246,0.625,0.012819231,0.6077237,20
Mike Shanahan,2005,13,0.055020272731781,0.880324363708496,0.26831144094467135,4.292983055114742,0.8125,0.02255869,0.7574797,20
Mike Shanahan,2006,14,0.0302813053131103,0.4845008850097648,0.29859274625778165,4.777483940124506,0.5625,0.03588468,0.5322187,20
Mike Shanahan,2007,15,0.0505847930908203,0.8093566894531248,0.34917753934860196,5.586840629577631,0.4375,0.04253769,0.3869152,20
Mike Shanahan,2008,16,0.120542287826538,1.928676605224608,0.46971982717513994,7.515517234802239,0.5,0.018546045,0.3794577,20
Mike Shanahan,2010,17,-0.0728391110897064,-1.1654257774353023,0.3968807160854335,6.350091457366936,0.375,0.0082113445,0.4478391,20
Mike Shanahan,2011,18,-0.0930526554584503,-1.4888424873352049,0.3038280606269832,4.861248970031731,0.3125,0.020144701,0.40555266,20
Mike Shanahan,2012,19,0.0029277205467224,0.0468435287475584,0.3067557811737056,4.90809249877929,0.625,0.030090809,0.6220723,20
Mike Shanahan,2013,20,-0.307999312877655,-4.92798900604248,-0.0012435317039493632,-0.01989650726318981,0.1875,-0.000859648,0.4954993,20
Raymond Berry,1985,1,0.0721122622489929,1.1537961959838865,0.0721122622489929,1.1537961959838865,0.6875,0.033330202,0.61538774,5
Raymond Berry,1986,2,0.0670235157012939,1.0723762512207025,0.1391357779502868,2.226172447204589,0.6875,0.03611332,0.6204765,5
Raymond Berry,1987,3,0.0777649457931518,1.2442391326904287,0.2169007237434386,3.4704115798950177,0.5333,0.038857102,0.45553505,5
Raymond Berry,1988,4,0.1445033252239227,2.3120532035827632,0.36140404896736134,5.782464783477781,0.5625,0.019183218,0.41799667,5
Raymond Berry,1989,5,0.0019961893558502,0.0319390296936032,0.36340023832321156,5.814403813171385,0.3125,0.028951734,0.3105038,5
Ray Malavasi,1978,1,0.143879234790802,2.302067756652832,0.143879234790802,2.302067756652832,0.75,0.04075384,0.60612077,5
Ray Malavasi,1979,2,0.1176482141017913,1.8823714256286608,0.2615274488925933,4.184439182281492,0.5625,0.019504428,0.4448518,5
Ray Malavasi,1980,3,0.0439547300338745,0.703275680541992,0.3054821789264678,4.8877148628234846,0.6875,0.025619268,0.64354527,5
Ray Malavasi,1981,4,0.0455171465873718,0.7282743453979488,0.3509993255138396,5.615989208221434,0.375,0.026449293,0.32948285,5
Ray Malavasi,1982,5,-0.1524083676815033,-2.4385338829040526,0.19859095783233632,3.177455325317381,0.2222,0.004259199,0.37460837,5
Nick Sirianni,2021,1,0.0342830807209014,0.5485292915344224,0.0342830807209014,0.5485292915344224,0.5294,-0.032826543,0.49511692,4
Nick Sirianni,2022,2,0.0624687299728393,0.9994996795654288,0.0967518106937407,1.5480289710998512,0.8235,0.028181016,0.76103127,4
Nick Sirianni,2023,3,0.1166395231246948,1.8662323699951169,0.2133913338184355,3.414261341094968,0.6471,0.02977556,0.5304605,4
Nick Sirianni,2024,4,0.1431439743041992,2.290303588867187,0.3565353081226347,5.704564929962155,0.8235,0.027974248,0.680356,4
Art Shell,1990,1,0.1411318778991699,2.2581100463867183,0.1411318778991699,2.2581100463867183,0.75,0.04723966,0.6088681,6
Art Shell,1991,2,0.1088704466819763,1.7419271469116209,0.2500023245811462,4.000037193298339,0.5625,0.027494848,0.45362955,6
Art Shell,1992,3,0.0370090007781982,0.5921440124511712,0.28701132535934437,4.59218120574951,0.4375,0.026677996,0.400491,6
Art Shell,1993,4,0.108974814414978,1.743597030639648,0.3959861397743224,6.335778236389158,0.625,0.02057457,0.5160252,6
Art Shell,1994,5,0.0729804933071136,1.1676878929138177,0.468966633081436,7.503466129302976,0.5625,0.005244404,0.4895195,6
Art Shell,2006,6,-0.1443811655044555,-2.310098648071288,0.3245854675769805,5.193367481231688,0.125,-0.023794562,0.26938117,6
Jack Pardee,1975,1,0.0583313471794128,0.9333015548706048,0.0583313471794128,0.9333015548706048,0.2857,0.01486221,0.22736865,11
Jack Pardee,1976,2,0.0499025583267211,0.7984409332275376,0.1082339055061339,1.7317424880981425,0.5,-0.012408763,0.45009744,11
Jack Pardee,1977,3,0.0530245403289795,0.848392645263672,0.1612584458351134,2.5801351333618143,0.6429,-0.0021500587,0.58987546,11
Jack Pardee,1978,4,0.0110969543457031,0.1775512695312496,0.1723554001808165,2.757686402893064,0.5,-0.0064846575,0.48890305,11
Jack Pardee,1979,5,-0.0363948345184326,-0.5823173522949217,0.1359605656623839,2.1753690505981425,0.625,-0.01391685,0.66139483,11
Jack Pardee,1980,6,-0.1693845987319946,-2.7101535797119136,-0.0334240330696107,-0.5347845291137712,0.375,-0.028073192,0.5443846,11
Jack Pardee,1990,7,-0.0541677474975585,-0.866683959960936,-0.0875917805671692,-1.4014684890747071,0.5625,-0.014313459,0.61666775,11
Jack Pardee,1991,8,0.1112000942230224,1.7792015075683585,0.02360831365585321,0.3777330184936514,0.6875,0.030705988,0.5762999,11
Jack Pardee,1992,9,0.1040123105049133,1.6641969680786128,0.12762062416076653,2.0419299865722644,0.625,0.028002918,0.5209877,11
Jack Pardee,1993,10,0.1407690644264221,2.2523050308227535,0.2683896885871886,4.2942350173950175,0.75,0.04633969,0.60923094,11
Jack Pardee,1994,11,-0.1860256135463714,-2.9764098167419424,0.08236407504081719,1.317825200653075,0.1,0.017189592,0.2860256,11
Marvin Lewis,2003,1,-0.0690182447433471,-1.1042919158935536,-0.0690182447433471,-1.1042919158935536,0.5,-0.0037332773,0.56901824,16
Marvin Lewis,2004,2,0.061636745929718,0.986187934875488,-0.007381498813629102,-0.11810398101806563,0.5,-0.02486381,0.43836325,16
Marvin Lewis,2005,3,-0.0566504597663879,-0.9064073562622064,-0.064031958580017,-1.024511337280272,0.6875,-0.05684334,0.74415046,16
Marvin Lewis,2006,4,-0.107503056526184,-1.720048904418944,-0.171535015106201,-2.744560241699216,0.5,-0.060019135,0.60750306,16
Marvin Lewis,2007,5,-0.135157823562622,-2.162525177001952,-0.306692838668823,-4.907085418701168,0.4375,-0.059368968,0.5726578,16
Marvin Lewis,2008,6,0.0615820967674255,0.985313548278808,-0.24511074190139753,-3.9217718704223605,0.2812,-0.009245515,0.2196179,16
Marvin Lewis,2009,7,0.0431273579597473,0.6900377273559568,-0.20198338394165022,-3.2317341430664035,0.625,-0.026931286,0.58187264,16
Marvin Lewis,2010,8,-0.1880472302436828,-3.008755683898925,-0.390030614185333,-6.240489826965328,0.25,-0.039611787,0.43804723,16
Marvin Lewis,2011,9,-0.0216665267944335,-0.346664428710936,-0.4116971409797665,-6.587154255676264,0.5625,-0.015298188,0.5841665,16
Marvin Lewis,2012,10,0.1388038694858551,2.2208619117736816,-0.2728932714939114,-4.3662923439025825,0.625,-0.017373562,0.48619613,16
Marvin Lewis,2013,11,0.1127903461456298,1.8046455383300768,-0.1601029253482816,-2.5616468055725057,0.6875,-0.010341346,0.57470965,16
Marvin Lewis,2014,12,-0.0223749197006225,-0.35799871520996,-0.1824778450489041,-2.9196455207824656,0.6562,-0.020407438,0.6785749,16
Marvin Lewis,2015,13,0.0587134957313537,0.9394159317016592,-0.1237643493175504,-1.9802295890808064,0.75,0.00038421154,0.6912865,16
Marvin Lewis,2016,14,-0.2385495818138122,-3.816793309020995,-0.36231393113136257,-5.797022898101801,0.4062,-0.01000613,0.6447496,16
Marvin Lewis,2017,15,-0.0235566794872283,-0.3769068717956528,-0.38587061061859085,-6.173929769897454,0.4375,0.001695782,0.46105668,16
Marvin Lewis,2018,16,0.0375847518444061,0.6013560295104976,-0.3482858587741847,-5.5725737403869555,0.375,0.005677521,0.33741525,16
Matt LaFleur,2019,1,0.0724797248840332,1.1596755981445312,0.0724797248840332,1.1596755981445312,0.8125,-0.0022630095,0.7400203,6
Matt LaFleur,2020,2,0.1364712119102478,2.183539390563965,0.208950936794281,3.343214988708496,0.8125,0.0051526427,0.6760288,6
Matt LaFleur,2021,3,0.0303344771385193,0.4853516342163088,0.2392854139328003,3.828566622924805,0.7647,0.032144845,0.7343655,6
Matt LaFleur,2022,4,-0.1840160578727722,-2.944256925964355,0.05526935606002811,0.8843096969604498,0.4706,0.011241019,0.65461606,6
Matt LaFleur,2023,5,0.0726219803333282,1.1619516853332512,0.12789133639335631,2.046261382293701,0.5294,0.013615519,0.45677802,6
Matt LaFleur,2024,6,0.0980144425392151,1.5682310806274415,0.2259057789325714,3.6144924629211426,0.6471,0.011402309,0.54908556,6
Dan Quinn,2015,1,-0.0624100565910339,-0.9985609054565424,-0.0624100565910339,-0.9985609054565424,0.5,-0.032399,0.56241006,7
Dan Quinn,2016,2,0.0397567152976989,0.6361074447631824,-0.022653341293335003,-0.36245346069336004,0.6875,-0.03209555,0.6477433,7
Dan Quinn,2017,3,-0.0049650073051452,-0.0794401168823232,-0.027618348598480204,-0.44189357757568326,0.625,-0.05024755,0.629965,7
Dan Quinn,2018,4,-0.1570206880569458,-2.512331008911133,-0.184639036655426,-2.954224586486816,0.4375,-0.03277719,0.5945207,7
Dan Quinn,2019,5,-0.0522376894950866,-0.8358030319213856,-0.23687672615051258,-3.7900276184082013,0.4375,-0.05792722,0.4897377,7
Dan Quinn,2020,6,-0.5385842323303223,-8.617347717285156,-0.7754609584808348,-12.407375335693358,0.0,-0.10993844,0.53858423,7
Dan Quinn,2024,7,0.1354358657836913,2.1669738525390607,-0.6400250926971436,-10.240401483154297,0.7059,-0.010036349,0.57046413,7
Dick Jauron,1999,1,-0.011991411447525,-0.1918625831604,-0.011991411447525,-0.1918625831604,0.375,-0.018184096,0.3869914,9
Dick Jauron,2000,2,-0.0123818516731262,-0.1981096267700192,-0.0243732631206512,-0.3899722099304192,0.3125,-0.0674265,0.32488185,9
Dick Jauron,2001,3,0.1101908087730407,1.7630529403686512,0.0858175456523895,1.373080730438232,0.8125,-0.05169803,0.7023092,9
Dick Jauron,2002,4,-0.0539579689502716,-0.8633275032043456,0.0318595767021179,0.5097532272338864,0.25,-0.030782342,0.30395797,9
Dick Jauron,2003,5,0.1345568597316742,2.152909755706787,0.1664164364337921,2.6626629829406734,0.4375,-0.015548855,0.30294314,9
Dick Jauron,2006,6,-0.114457368850708,-1.831317901611328,0.05195906758308409,0.8313450813293455,0.4375,-0.04220122,0.55195737,9
Dick Jauron,2007,7,0.0198117792606353,0.3169884681701648,0.0717708468437194,1.1483335494995104,0.4375,-0.027100116,0.41768822,9
Dick Jauron,2008,8,-0.0535891354084014,-0.8574261665344224,0.018181711435318,0.290907382965088,0.4375,-0.05071187,0.49108914,9
Dick Jauron,2009,9,-0.0558578912734985,-0.893726260375976,-0.0376761798381805,-0.602818877410888,0.3333,-0.048472643,0.3891579,9
Bum Phillips,1975,1,0.1000989311218262,1.6015828979492193,0.1000989311218262,1.6015828979492193,0.7143,0.01974386,0.61420107,11
Bum Phillips,1976,2,0.0439838667869567,0.7037418685913072,0.1440827979087829,2.3053247665405263,0.3571,0.031567454,0.31311613,11
Bum Phillips,1977,3,0.0708359016418457,1.133374426269531,0.2149186995506286,3.4386991928100574,0.5714,0.0018958449,0.5005641,11
Bum Phillips,1978,4,0.1178551912307739,1.8856830596923824,0.3327738907814025,5.32438225250244,0.625,0.046563864,0.5071448,11
Bum Phillips,1979,5,0.0734384655952453,1.175015449523925,0.4062123563766478,6.499397702026365,0.6875,0.01753217,0.61406153,11
Bum Phillips,1980,6,0.1297816038131714,2.076505661010742,0.5359939601898192,8.575903363037106,0.6875,0.038757622,0.5577184,11
Bum Phillips,1981,7,-0.0043762922286987,-0.0700206756591792,0.5316176679611204,8.505882687377927,0.25,0.013876796,0.2543763,11
Bum Phillips,1982,8,0.0737424963951111,1.1798799423217776,0.6053601643562315,9.685762629699704,0.4444,0.009922743,0.3706575,11
Bum Phillips,1983,9,0.0407956540584564,0.6527304649353024,0.6461558184146879,10.338493094635007,0.5,0.011924207,0.45920435,11
Bum Phillips,1984,10,0.1071221232414245,1.713953971862792,0.7532779416561124,12.052447066497798,0.4375,0.035651505,0.33037788,11
Bum Phillips,1985,11,0.0428046043395995,0.684873669433592,0.7960825459957119,12.737320735931391,0.3333,0.00016182661,0.2904954,11
Tom Landry,1970,1,0.0641132824897766,1.0258125198364256,0.0641132824897766,1.0258125198364256,0.7143,-0.022539437,0.6501867,19
Tom Landry,1971,2,0.0242050058364867,0.3872800933837872,0.0883182883262633,1.4130926132202128,0.7857,0.0025820732,0.761495,19
Tom Landry,1972,3,0.0729485385894775,1.16717661743164,0.1612668269157408,2.5802692306518527,0.7143,0.0372535,0.64135146,19
Tom Landry,1973,4,0.0699275367736816,1.1188405883789057,0.2311943636894224,3.6991098190307583,0.7143,0.08836341,0.64437246,19
Tom Landry,1974,5,0.1045601798534393,1.6729628776550287,0.3357545435428617,5.3720726966857875,0.5714,0.06784096,0.46683982,19
Tom Landry,1975,6,0.0867076747894287,1.3873227966308592,0.4224622183322904,6.759395493316647,0.7143,0.079535365,0.6275923,19
Tom Landry,1976,7,0.1265813476562499,2.0253015624999984,0.5490435659885403,8.784697055816645,0.7857,0.0753746,0.65911865,19
Tom Landry,1977,8,0.0877841611862182,1.404546578979491,0.6368277271747586,10.189243634796137,0.8571,0.053502083,0.76931584,19
Tom Landry,1978,9,0.0620721578598022,0.9931545257568352,0.6988998850345608,11.182398160552973,0.75,0.038683176,0.68792784,19
Tom Landry,1979,10,0.1249733567237854,1.9995737075805664,0.8238732417583462,13.18197186813354,0.6875,0.09203327,0.56252664,19
Tom Landry,1980,11,0.0874435901641845,1.399097442626952,0.9113168319225307,14.58106931076049,0.75,0.054159343,0.6625564,19
Tom Landry,1981,12,-0.0191928148269653,-0.3070850372314448,0.8921240170955653,14.273984273529045,0.75,0.03405589,0.7691928,19
Tom Landry,1982,13,-0.0246018822669983,-0.3936301162719728,0.867522134828567,13.880354157257072,0.6667,0.029398799,0.6913019,19
Tom Landry,1983,14,0.0901558995246887,1.4424943923950193,0.9576780343532557,15.322848549652091,0.75,0.020418048,0.6598441,19
Tom Landry,1984,15,0.0664450824260711,1.0631213188171376,1.0241231167793268,16.38596986846923,0.5625,0.030907184,0.49605492,19
Tom Landry,1985,16,0.0157876014709472,0.2526016235351552,1.039910718250274,16.638571492004385,0.625,0.050972104,0.6092124,19
Tom Landry,1986,17,0.0932399630546569,1.4918394088745104,1.133150681304931,18.130410900878896,0.4375,0.0417673,0.34426004,19
Tom Landry,1987,18,0.0109027747631073,0.1744443962097168,1.1440534560680382,18.30485529708861,0.4667,0.041207016,0.45579723,19
Tom Landry,1988,19,-0.1180434823036193,-1.8886957168579088,1.0260099737644188,16.4161595802307,0.1875,0.016781539,0.30554348,19
Sean McVay,2017,1,-0.0132203698158264,-0.2115259170532224,-0.0132203698158264,-0.2115259170532224,0.6875,-0.027548432,0.70072037,8
Sean McVay,2018,2,0.0717425346374511,1.1478805541992176,0.0585221648216247,0.9363546371459952,0.8125,0.01620084,0.74075747,8
Sean McVay,2019,3,0.0490095615386962,0.7841529846191392,0.1075317263603209,1.7205076217651345,0.5625,-0.0112887025,0.51349044,8
Sean McVay,2020,4,0.0647787451744079,1.0364599227905265,0.1723104715347288,2.756967544555661,0.625,-0.0035829544,0.56022125,8
Sean McVay,2021,5,0.1235904559135436,1.9774472946166977,0.2959009274482724,4.734414839172358,0.7059,0.031568408,0.58230954,8
Sean McVay,2022,6,-0.1301473244667053,-2.0823571914672847,0.1657536029815671,2.6520576477050737,0.2941,0.027824104,0.42424732,8
Sean McVay,2023,7,0.1205020219802855,1.928032351684568,0.28625562496185264,4.580089999389642,0.5882,0.05420345,0.46769798,8
Sean McVay,2024,8,-0.0535590379714966,-0.8569446075439456,0.23269658699035603,3.7231453918456965,0.5882,0.026042998,0.64175904,8
Charley Winner,1970,1,-0.0516691307067871,-0.8267060913085936,-0.0516691307067871,-0.8267060913085936,0.6071,-0.023188531,0.65876913,3
Charley Winner,1974,2,0.1227006912231445,1.963211059570312,0.0710315605163574,1.1365049682617183,0.5,0.05177641,0.3772993,3
Charley Winner,1975,3,-0.0688242974758148,-1.1011887596130367,0.002207263040542598,0.03531620864868157,0.2222,0.008642465,0.2910243,3
John Robinson,1983,1,0.010128378868103,0.162054061889648,0.010128378868103,0.162054061889648,0.5625,0.018675685,0.5523716,9
John Robinson,1984,2,0.1212822198867797,1.9405155181884752,0.1314105987548827,2.1025695800781232,0.625,0.042051435,0.5037178,9
John Robinson,1985,3,0.0360674858093261,0.5770797729492176,0.16747808456420882,2.679649353027341,0.6875,0.02769351,0.6514325,9
John Robinson,1986,4,-0.0066590309143066,-0.1065444946289056,0.1608190536499022,2.5731048583984353,0.625,0.046976626,0.63165903,9
John Robinson,1987,5,0.0139549016952514,0.2232784271240224,0.1747739553451536,2.7963832855224577,0.4,0.030015528,0.3860451,9
John Robinson,1988,6,-0.0559814572334289,-0.8957033157348624,0.11879249811172471,1.9006799697875953,0.625,0.015388191,0.68098146,9
John Robinson,1989,7,0.0193908214569091,0.3102531433105456,0.1381833195686338,2.210933113098141,0.6875,0.005841553,0.6681092,9
John Robinson,1990,8,-0.1113830208778381,-1.7821283340454095,0.026800298690795712,0.4288047790527314,0.3125,0.018627495,0.42388302,9
John Robinson,1991,9,-0.0447516292333602,-0.7160260677337632,-0.017951330542564488,-0.2872212886810318,0.1875,0.009103313,0.23225163,9
Jeff Fisher,1995,1,-0.1299590468406677,-2.079344749450683,-0.1299590468406677,-2.079344749450683,0.4375,-0.056465328,0.56745905,21
Jeff Fisher,1996,2,-0.1088581681251525,-1.74173069000244,-0.2388172149658202,-3.8210754394531232,0.5,-0.030641615,0.60885817,21
Jeff Fisher,1997,3,0.0183261632919311,0.2932186126708976,-0.2204910516738891,-3.5278568267822257,0.5,0.00016525388,0.48167384,21
Jeff Fisher,1998,4,-0.0920931100845336,-1.4734897613525375,-0.3125841617584227,-5.001346588134763,0.5,-0.004198134,0.5920931,21
Jeff Fisher,1999,5,0.1161840558052063,1.8589448928833008,-0.1964001059532164,-3.142401695251462,0.8125,-0.0028752089,0.69631594,21
Jeff Fisher,2000,6,0.0739094614982605,1.182551383972168,-0.12249064445495589,-1.9598503112792942,0.8125,-0.008905232,0.73859054,21
Jeff Fisher,2001,7,0.0716016888618469,1.1456270217895503,-0.05088895559310899,-0.8142232894897439,0.4375,0.0087124705,0.3658983,21
Jeff Fisher,2002,8,0.0999966263771057,1.5999460220336912,0.04910767078399671,0.7857227325439473,0.6875,0.004986286,0.5875034,21
Jeff Fisher,2003,9,0.058938980102539,0.943023681640624,0.1080466508865357,1.7287464141845712,0.75,0.00797981,0.691061,21
Jeff Fisher,2004,10,-0.0192731916904449,-0.3083710670471184,0.0887734591960908,1.4203753471374527,0.3125,0.0074127913,0.3317732,21
Jeff Fisher,2005,11,-0.0701910853385925,-1.12305736541748,0.018582373857498294,0.2973179817199727,0.25,-0.0018921494,0.3201911,21
Jeff Fisher,2006,12,0.1194396913051605,1.911035060882568,0.1380220651626588,2.208353042602541,0.5,0.0074754953,0.3805603,21
Jeff Fisher,2007,13,0.0638285279273986,1.0212564468383776,0.2018505930900574,3.2296094894409184,0.625,0.01150167,0.5611715,21
Jeff Fisher,2008,14,0.053732693195343,0.859723091125488,0.2555832862854004,4.089332580566406,0.8125,-0.0006828308,0.7587673,21
Jeff Fisher,2009,15,-0.0294468402862548,-0.4711494445800768,0.2261364459991456,3.6181831359863295,0.5,-0.0038312078,0.52944684,21
Jeff Fisher,2010,16,-0.0597448945045471,-0.9559183120727536,0.1663915514945985,2.662264823913576,0.375,0.008087844,0.4347449,21
Jeff Fisher,2012,17,-0.1348469340324402,-2.157550944519043,0.03154461746215831,0.5047138793945329,0.4688,-0.018944025,0.60364693,21
Jeff Fisher,2013,18,0.0334462225437164,0.5351395606994624,0.06499084000587471,1.0398534400939954,0.4375,0.0022469163,0.40405378,21
Jeff Fisher,2014,19,0.0530221462249755,0.848354339599608,0.11801298623085021,1.8882077796936034,0.375,0.0049660504,0.32197785,21
Jeff Fisher,2015,20,0.1028448939323425,1.64551830291748,0.22085788016319272,3.5337260826110835,0.4375,0.018258601,0.3346551,21
Jeff Fisher,2016,21,-0.0270194194793701,-0.4323107116699216,0.19383846068382263,3.101415370941162,0.3077,-0.010814667,0.33471942,21
Don McCafferty,1970,1,0.1186820997238159,1.8989135955810543,0.1186820997238159,1.8989135955810543,0.8214,-0.017876983,0.7027179,4
Don McCafferty,1971,2,-0.0621447331428527,-0.9943157302856432,0.05653736658096319,0.9045978652954111,0.7143,0.021214962,0.77644473,4
Don McCafferty,1972,3,-0.3367945432662964,-5.388712692260742,-0.2802571766853332,-4.484114826965331,0.2,0.019886732,0.53679454,4
Don McCafferty,1973,4,0.0049488180160522,0.0791810882568352,-0.275308358669281,-4.404933738708496,0.4643,0.03623721,0.45935118,4
Mike Riley,1999,1,0.1182543635368347,1.8920698165893552,0.1182543635368347,1.8920698165893552,0.5,0.018955559,0.38174564,3
Mike Riley,2000,2,-0.1809015572071075,-2.89442491531372,-0.06264719367027279,-1.0023550987243646,0.0625,-0.051931202,0.24340156,3
Mike Riley,2001,3,-0.0914942920207977,-1.4639086723327632,-0.1541414856910705,-2.466263771057128,0.3125,-0.026884824,0.4039943,3
Ray Perkins,1979,1,-0.0712291598320007,-1.1396665573120113,-0.0712291598320007,-1.1396665573120113,0.375,-0.059450537,0.44622916,8
Ray Perkins,1980,2,0.0422530621290206,0.6760489940643296,-0.028976097702980104,-0.46361756324768166,0.25,-0.011834279,0.20774694,8
Ray Perkins,1981,3,0.1157402694225311,1.8518443107604976,0.086764171719551,1.388226747512816,0.5625,-0.032350093,0.44675973,8
Ray Perkins,1982,4,-0.0678252702713012,-1.0852043243408191,0.018938901448249806,0.3030224231719969,0.4444,-0.03422153,0.5122253,8
Ray Perkins,1987,5,-0.0572365518093109,-0.9157848289489744,-0.03829765036106109,-0.6127624057769775,0.2667,-0.023105383,0.32393655,8
Ray Perkins,1988,6,0.0084370374679565,0.134992599487304,-0.029860612893104592,-0.47776980628967347,0.3125,-0.0069592893,0.30406296,8
Ray Perkins,1989,7,-0.0139188170433044,-0.2227010726928704,-0.043779429936408994,-0.7004708789825439,0.3125,-0.008779794,0.32641882,8
Ray Perkins,1990,8,-0.0415527061462402,-0.6648432983398432,-0.0853321360826492,-1.3653141773223871,0.3846,-0.012680888,0.4261527,8
Jay Gruden,2014,1,-0.0199280381202697,-0.3188486099243152,-0.0199280381202697,-0.3188486099243152,0.25,0.031959802,0.26992804,6
Jay Gruden,2015,2,0.1142341494560241,1.8277463912963856,0.0943061113357544,1.5088977813720703,0.5625,0.018191844,0.44826585,6
Jay Gruden,2016,3,-0.0591559327125549,-0.9464949234008784,0.035150178623199496,0.5624028579711919,0.5312,-0.03241861,0.59035593,6
Jay Gruden,2017,4,0.0028095543384552,0.0449528694152832,0.037959732961654696,0.6073557273864751,0.4375,-0.0008792579,0.43469045,6
Jay Gruden,2018,5,0.0824372768402099,1.3189964294433585,0.1203970098018646,1.9263521568298336,0.4375,0.003639698,0.35506272,6
Jay Gruden,2019,6,-0.2787472307682037,-4.459955692291259,-0.15835022096633908,-2.5336035354614252,0.0,-0.032142103,0.27874723,6
Paul Brown,1970,1,-0.1010787950515746,-1.6172607208251937,-0.1010787950515746,-1.6172607208251937,0.5714,-0.11311537,0.6724788,6
Paul Brown,1971,2,-0.3243348234176635,-5.189357174682616,-0.4254136184692381,-6.806617895507809,0.2857,-0.12774512,0.6100348,6
Paul Brown,1972,3,-0.0402239428520202,-0.6435830856323232,-0.4656375613212583,-7.450200981140132,0.5714,0.007846415,0.61162394,6
Paul Brown,1973,4,0.1125816934585571,1.8013070953369137,-0.35305586786270116,-5.6488938858032185,0.7143,0.033646524,0.6017183,6
Paul Brown,1974,5,0.0269812643527984,0.4317002296447744,-0.32607460350990275,-5.217193656158444,0.5,0.022661805,0.47301874,6
Paul Brown,1975,6,0.1055335766792296,1.6885372268676735,-0.22054102683067317,-3.5286564292907707,0.7857,0.041919112,0.6801664,6
Vic Fangio,2019,1,0.1108166277408599,1.7730660438537584,0.1108166277408599,1.7730660438537584,0.4375,-0.009435654,0.32668337,3
Vic Fangio,2020,2,0.048592209815979,0.777475357055664,0.1594088375568389,2.5505414009094225,0.3125,0.0066351593,0.2639078,3
Vic Fangio,2021,3,-0.003600356054306,-0.057605696868896,0.1558084815025329,2.4929357040405264,0.4118,0.0010945797,0.41540036,3
Kliff Kingsbury,2019,1,-0.0242283725261688,-0.3876539604187008,-0.0242283725261688,-0.3876539604187008,0.3438,0.029574454,0.36802837,4
Kliff Kingsbury,2020,2,0.1103778183460235,1.766045093536376,0.0861494458198547,1.3783911331176752,0.5,-0.0055944026,0.38962218,4
Kliff Kingsbury,2021,3,0.0626135154724121,1.0018162475585937,0.1487629612922668,2.3802073806762687,0.6471,0.0027284622,0.5844865,4
Kliff Kingsbury,2022,4,-0.0425294682502746,-0.6804714920043936,0.1062334930419922,1.6997358886718752,0.2353,0.020324439,0.27782947,4
Lindy Infante,1988,1,-0.0856685638427734,-1.3706970214843743,-0.0856685638427734,-1.3706970214843743,0.25,-0.014707953,0.33566856,6
Lindy Infante,1989,2,-0.0318389534950256,-0.5094232559204096,-0.11750751733779899,-1.8801202774047838,0.625,-0.030285895,0.65683895,6
Lindy Infante,1990,3,-0.0546864569187164,-0.8749833106994624,-0.1721939742565154,-2.7551035881042463,0.375,-0.059477776,0.42968646,6
Lindy Infante,1991,4,-0.1201370954513549,-1.9221935272216784,-0.29233106970787026,-4.677297115325924,0.25,-0.047485918,0.3701371,6
Lindy Infante,1996,5,0.1102764010429382,1.7644224166870113,-0.18205466866493206,-2.912874698638913,0.5625,-0.013615996,0.4522236,6
Lindy Infante,1997,6,-0.0971753299236297,-1.5548052787780753,-0.2792299985885618,-4.467679977416989,0.1875,-0.041360855,0.28467533,6
Brian Daboll,2022,1,0.1102024794101714,1.7632396705627424,0.1102024794101714,1.7632396705627424,0.5588,0.007917017,0.44859752,3
Brian Daboll,2023,2,-0.0742626472473144,-1.1882023559570305,0.035939832162857,0.575037314605712,0.3529,-0.022749215,0.42716265,3
Brian Daboll,2024,3,-0.0784591958522796,-1.2553471336364737,-0.04251936368942261,-0.6803098190307617,0.1765,-0.051273167,0.2549592,3
Jim Fassel,1997,1,-0.0343568838119506,-0.5497101409912096,-0.0343568838119506,-0.5497101409912096,0.6562,-0.124792635,0.6905569,7
Jim Fassel,1998,2,-0.104836106300354,-1.677377700805664,-0.1391929901123046,-2.2270878417968736,0.5,-0.03565687,0.6048361,7
Jim Fassel,1999,3,-0.0534065961837768,-0.8545055389404288,-0.1925995862960814,-3.0815933807373024,0.4375,-0.012238413,0.4909066,7
Jim Fassel,2000,4,0.012812316417694,0.204997062683104,-0.1797872698783874,-2.8765963180541982,0.75,-0.0025007725,0.7371877,7
Jim Fassel,2001,5,-0.155077576637268,-2.481241226196288,-0.3348648465156554,-5.357837544250486,0.4375,-0.0050041676,0.5925776,7
Jim Fassel,2002,6,0.1097329258918762,1.7557268142700193,-0.22513192062377918,-3.602110729980467,0.625,-0.001200676,0.5152671,7
Jim Fassel,2003,7,-0.1749966740608215,-2.799946784973144,-0.4001285946846007,-6.402057514953611,0.25,-0.00628227,0.42499667,7
Ray Rhodes,1995,1,0.0496895909309387,0.7950334548950192,0.0496895909309387,0.7950334548950192,0.625,0.0011770129,0.5753104,5
Ray Rhodes,1996,2,0.1091583371162414,1.7465333938598624,0.1588479280471801,2.5415668487548815,0.625,-0.0078859925,0.51584166,5
Ray Rhodes,1997,3,-0.002760223197937,-0.044163571166992,0.1560877048492431,2.4974032775878894,0.4062,0.009113818,0.40896022,5
Ray Rhodes,1998,4,-0.0759028792381286,-1.2144460678100577,0.08018482561111448,1.2829572097778317,0.1875,-0.011368364,0.26340288,5
Ray Rhodes,1999,5,-0.0279498696327209,-0.4471979141235344,0.05223495597839358,0.8357592956542973,0.5,-0.027746558,0.52794987,5
Mike Tice,2002,1,-0.1667200326919555,-2.667520523071288,-0.1667200326919555,-2.667520523071288,0.375,-0.060839117,0.54172003,4
Mike Tice,2003,2,-0.0714479088783264,-1.1431665420532224,-0.23816794157028193,-3.810687065124511,0.5625,-0.012542546,0.6339479,4
Mike Tice,2004,3,-0.0991917848587036,-1.5870685577392576,-0.33735972642898554,-5.397755622863769,0.5,-0.047076166,0.5991918,4
Mike Tice,2005,4,0.109015941619873,1.744255065917968,-0.22834378480911255,-3.653500556945801,0.5625,-0.0052604377,0.45348406,4
Tommy Prothro,1971,1,0.0024863382339477,0.0397814117431632,0.0024863382339477,0.0397814117431632,0.6071,-0.008879304,0.60461366,7
Tommy Prothro,1972,2,-0.0581291682243347,-0.9300666915893552,-0.055642829990387,-0.890285279846192,0.4643,0.02128148,0.52242917,7
Tommy Prothro,1974,3,0.0888570447921752,1.4217127166748031,0.0332142148017882,0.5314274368286112,0.3571,0.037225932,0.26824296,7
Tommy Prothro,1975,4,-0.163239200925827,-2.611827214813232,-0.1300249861240388,-2.0803997779846206,0.1429,-0.0092229545,0.3061392,7
Tommy Prothro,1976,5,0.0209008024692535,0.334412839508056,-0.1091241836547853,-1.7459869384765647,0.4286,-0.021250308,0.4076992,7
Tommy Prothro,1977,6,0.1070842444896698,1.7133479118347168,-0.0020399391651154952,-0.032639026641847924,0.5,-0.004973471,0.39291576,7
Tommy Prothro,1978,7,-0.1607166826725006,-2.5714669227600098,-0.1627566218376161,-2.6041059494018577,0.25,-0.006534636,0.41071668,7
Frank Reich,2018,1,0.1061829924583435,1.698927879333496,0.1061829924583435,1.698927879333496,0.625,0.0005271435,0.518817,6
Frank Reich,2019,2,-0.1038827896118164,-1.6621246337890625,0.0023002028465270996,0.036803245544433594,0.4375,-0.01790601,0.5413828,6
Frank Reich,2020,3,0.0170897841453552,0.2734365463256832,0.0193899869918823,0.3102397918701168,0.6875,-0.007896125,0.6704102,6
Frank Reich,2021,4,-0.1187760144233703,-1.9004162307739247,-0.099386027431488,-1.590176438903808,0.5294,-0.020194292,0.648176,6
Frank Reich,2022,5,0.0968760432243347,1.5500166915893552,-0.0025099842071533013,-0.04015974731445282,0.3889,0.009318471,0.29202396,6
Frank Reich,2023,6,-0.2248642185688019,-3.5978274971008304,-0.22737420277595521,-3.6379872444152834,0.0909,0.009922236,0.31576422,6
Monte Clark,1976,1,0.1060344113349914,1.6965505813598625,0.1060344113349914,1.6965505813598625,0.5714,0.04046303,0.4653656,8
Monte Clark,1978,2,-0.0189626514911651,-0.3034024238586416,0.08707175984382631,1.393148157501221,0.4375,0.037992954,0.45646265,8
Monte Clark,1979,3,-0.0632351487874984,-1.0117623805999745,0.023836611056327908,0.38138577690124653,0.125,0.0074756593,0.18823515,8
Monte Clark,1980,4,-0.0468248128890991,-0.7491970062255856,-0.022988201832771192,-0.3678112293243391,0.5625,0.0078014135,0.6093248,8
Monte Clark,1981,5,-0.0521242022514343,-0.8339872360229488,-0.0751124040842055,-1.201798465347288,0.5,5.4478645e-05,0.5521242,8
Monte Clark,1982,6,-0.0890873795509338,-1.425398072814941,-0.16419978363513932,-2.627196538162229,0.4444,0.004460931,0.5334874,8
Monte Clark,1983,7,0.0762054026126861,1.2192864418029776,-0.08799438102245322,-1.4079100963592515,0.5625,-0.0019715726,0.4862946,8
Monte Clark,1984,8,-0.026384673166275,-0.4221547706604,-0.11437905418872822,-1.8300648670196515,0.2812,0.014626771,0.30758467,8
Bart Starr,1975,1,0.0070183343410492,0.1122933494567872,0.0070183343410492,0.1122933494567872,0.2857,-0.004753709,0.27868167,9
Bart Starr,1976,2,0.105439295387268,1.687028726196288,0.1124576297283172,1.7993220756530752,0.3571,-0.008564681,0.2516607,9
Bart Starr,1977,3,-0.0609913700103759,-0.9758619201660144,0.051466259717941304,0.8234601554870609,0.2857,-0.02456972,0.34669137,9
Bart Starr,1978,4,0.0138794862747192,0.2220717803955072,0.0653457459926605,1.045531935882568,0.5312,-0.05418369,0.5173205,9
Bart Starr,1979,5,-0.0300433933734893,-0.4806942939758288,0.03530235261917121,0.5648376419067394,0.3125,-0.048996806,0.3425434,9
Bart Starr,1980,6,0.0887763417243957,1.4204214675903313,0.12407869434356691,1.9852591094970706,0.3438,-0.013602436,0.25502366,9
Bart Starr,1981,7,0.0466956496238708,0.7471303939819328,0.1707743439674377,2.7323895034790033,0.5,-0.01769054,0.45330435,9
Bart Starr,1982,8,0.0526586590766906,0.8425385452270496,0.2234330030441283,3.574928048706053,0.6111,0.0056584477,0.55844134,9
Bart Starr,1983,9,0.0927748382091522,1.484397411346435,0.3162078412532805,5.059325460052488,0.5,0.008159697,0.40722516,9
Dick LeBeau,2001,1,0.1053162217140197,1.6850595474243153,0.1053162217140197,1.6850595474243153,0.375,-0.016965419,0.26968378,2
Dick LeBeau,2002,2,-0.1261636018753051,-2.0186176300048815,-0.020847380161285387,-0.3335580825805662,0.125,-0.021863297,0.2511636,2
Jim Dooley,1970,1,0.0387312339305877,0.6196997428894032,0.0387312339305877,0.6196997428894032,0.4286,-0.0019732118,0.38986877,2
Jim Dooley,1971,2,0.1045349703788757,1.6725595260620112,0.1432662043094634,2.2922592689514145,0.4286,-0.044434726,0.32406503,2
Matt Nagy,2018,1,0.0812886953353881,1.3006191253662096,0.0812886953353881,1.3006191253662096,0.75,0.02232778,0.6687113,4
Matt Nagy,2019,2,-0.0090718269348144,-0.1451492309570304,0.0722168684005737,1.1554698944091792,0.5,0.016419828,0.5090718,4
Matt Nagy,2020,3,0.0594002604484558,0.9504041671752927,0.13161712884902949,2.1058740615844718,0.5,-0.011856496,0.44059974,4
Matt Nagy,2021,4,0.104327337527275,1.6692374004364,0.23594446637630448,3.7751114620208717,0.3529,0.020729288,0.24857266,4
Tony Sparano,2008,1,-0.0057376623153686,-0.0918025970458976,-0.0057376623153686,-0.0918025970458976,0.6875,-0.034248114,0.69323766,4
Tony Sparano,2009,2,0.1008026003837585,1.612841606140136,0.0950649380683899,1.5210390090942385,0.4375,0.010621339,0.3366974,4
Tony Sparano,2010,3,0.0810223221778869,1.2963571548461903,0.1760872602462768,2.817396163940429,0.4375,-0.001978457,0.35647768,4
Tony Sparano,2011,4,-0.26845727186203,-4.29531634979248,-0.0923700116157532,-1.4779201858520512,0.3077,-0.03996104,0.5761573,4
Brian Billick,1999,1,-0.1028095483779907,-1.6449527740478511,-0.1028095483779907,-1.6449527740478511,0.5,-0.031813323,0.60280955,9
Brian Billick,2000,2,0.0489667057991027,0.7834672927856432,-0.053842842578887995,-0.8614854812622079,0.75,0.010857761,0.7010333,9
Brian Billick,2001,3,0.0608452558517456,0.9735240936279296,0.0070024132728576036,0.11203861236572166,0.625,0.0008614063,0.56415474,9
Brian Billick,2002,4,-0.1090102791786193,-1.7441644668579088,-0.10200786590576169,-1.632125854492187,0.4375,-0.009267747,0.5465103,9
Brian Billick,2003,5,0.0367265343666076,0.5876245498657215,-0.0652813315391541,-1.0445013046264655,0.625,-0.0077909827,0.58827347,9
Brian Billick,2004,6,-0.0254221558570861,-0.4067544937133776,-0.09070348739624019,-1.451255798339843,0.5625,-0.0022736192,0.58792216,9
Brian Billick,2005,7,-0.0236872732639312,-0.3789963722228992,-0.1143907606601714,-1.8302521705627424,0.375,-0.009793341,0.39868727,9
Brian Billick,2006,8,0.0991913080215454,1.5870609283447263,-0.015199452638626001,-0.24319124221801602,0.8125,-0.0011894703,0.7133087,9
Brian Billick,2007,9,-0.1312612891197204,-2.1001806259155265,-0.1464607417583464,-2.3433718681335423,0.3125,-0.0034792125,0.4437613,9
John North,1973,1,-0.0218913654327392,-0.3502618469238272,-0.0218913654327392,-0.3502618469238272,0.3571,0.053994834,0.37899137,3
John North,1974,2,0.0991629560947418,1.5866072975158687,0.07727159066200259,1.2363454505920415,0.3571,-0.032807678,0.25793704,3
John North,1975,3,-0.1611292417526245,-2.578067868041992,-0.0838576510906219,-1.3417224174499505,0.1667,-0.036334336,0.32782924,3
Dan Devine,1971,1,-0.0682911972045898,-1.0926591552734368,-0.0682911972045898,-1.0926591552734368,0.3571,-0.055707067,0.4253912,4
Dan Devine,1972,2,0.0851953261375427,1.3631252182006832,0.0169041289329529,0.2704660629272464,0.7143,0.032307804,0.6291047,4
Dan Devine,1973,3,0.0982665287017822,1.572264459228515,0.1151706576347351,1.8427305221557615,0.4286,0.04615152,0.33033347,4
Dan Devine,1974,4,-0.0325405730247497,-0.5206491683959952,0.08263008460998539,1.3220813537597662,0.4286,0.0018969476,0.46114057,4
Mike Macdonald,2024,1,0.0972176463127135,1.555482341003416,0.0972176463127135,1.555482341003416,0.5882,0.021519244,0.49098235,1
DeMeco Ryans,2023,1,0.0970371634483336,1.5525946151733376,0.0970371634483336,1.5525946151733376,0.5882,-0.0050610304,0.49116284,2
DeMeco Ryans,2024,2,-0.0131020277023315,-0.209632443237304,0.0839351357460021,1.3429621719360336,0.5882,0.016901195,0.601302,2
Jim Harbaugh,2011,1,0.0967523455619812,1.5480375289916992,0.0967523455619812,1.5480375289916992,0.8125,0.012058854,0.71574765,5
Jim Harbaugh,2012,2,0.0665457761764526,1.0647324188232417,0.1632981217384338,2.612769947814941,0.7188,-0.014814556,0.6522542,5
Jim Harbaugh,2013,3,0.0421445369720459,0.6743125915527344,0.2054426587104797,3.2870825393676752,0.75,-0.009253204,0.70785546,5
Jim Harbaugh,2014,4,-0.0403224825859069,-0.6451597213745104,0.1651201761245728,2.641922817993165,0.5,0.013071299,0.5403225,5
Jim Harbaugh,2024,5,0.0110436364173889,0.1766981826782224,0.1761638125419617,2.818621000671387,0.6471,0.040932357,0.63605636,5
Dick Nolan,1970,1,0.0408710837364196,0.6539373397827136,0.0408710837364196,0.6539373397827136,0.75,-0.03796673,0.7091289,9
Dick Nolan,1971,2,0.0964199999809265,1.542719999694824,0.1372910837173461,2.1966573394775377,0.6429,0.013796806,0.54648,9
Dick Nolan,1972,3,-0.003930101776123,-0.062881628417968,0.13336098194122312,2.13377571105957,0.6071,0.029109001,0.6110301,9
Dick Nolan,1973,4,-0.0189076463222503,-0.3025223411560048,0.11445333561897282,1.8312533699035651,0.3571,0.023920894,0.37600765,9
Dick Nolan,1974,5,0.0685655044078826,1.0970480705261216,0.18301884002685542,2.9283014404296868,0.4286,0.03053853,0.3600345,9
Dick Nolan,1975,6,-0.0047681728839874,-0.0762907661437984,0.17825066714286802,2.8520106742858884,0.3571,0.043079764,0.36186817,9
Dick Nolan,1978,7,0.0199411809444427,0.3190588951110832,0.19819184808731072,3.1710695693969715,0.4375,0.0686076,0.41755882,9
Dick Nolan,1979,8,0.0095628798007965,0.153006076812744,0.20775472788810723,3.3240756462097156,0.5,0.04188481,0.49043712,9
Dick Nolan,1980,9,-0.2366360127925872,-3.786176204681395,-0.02888128490447997,-0.4621005584716795,0.0,0.002720058,0.23663601,9
Al Groh,2000,1,0.093655526638031,1.498488426208496,0.093655526638031,1.498488426208496,0.5625,0.005462736,0.46884447,1
Dennis Allen,2012,1,-0.1719572842121124,-2.7513165473937984,-0.1719572842121124,-2.7513165473937984,0.25,-0.014763117,0.42195728,6
Dennis Allen,2013,2,-0.058487981557846,-0.935807704925536,-0.23044526576995839,-3.687124252319334,0.25,-0.029830605,0.30848798,6
Dennis Allen,2014,3,-0.276835173368454,-4.429362773895264,-0.5072804391384124,-8.116487026214598,0.0,-0.038402095,0.27683517,6
Dennis Allen,2022,4,0.0918909042358398,1.4702544677734368,-0.4153895349025726,-6.646232558441161,0.4118,-0.026121318,0.3199091,6
Dennis Allen,2023,5,-0.0497075229644775,-0.79532036743164,-0.4650970578670501,-7.441552925872801,0.5294,-0.035159826,0.5791075,6
Dennis Allen,2024,6,-0.1375581982612609,-2.2009311721801743,-0.602655256128311,-9.642484098052975,0.2222,-0.051270068,0.3597582,6
Darryl Rogers,1985,1,0.0912589728832244,1.4601435661315905,0.0912589728832244,1.4601435661315905,0.4375,-0.015408546,0.34624103,4
Darryl Rogers,1986,2,-0.1227964162826538,-1.9647426605224607,-0.03153744339942939,-0.5045990943908703,0.3125,-0.05280462,0.43529642,4
Darryl Rogers,1987,3,-0.0568704600811004,-0.9099273612976064,-0.08840790348052979,-1.4145264556884767,0.2667,-0.037763238,0.32357046,4
Darryl Rogers,1988,4,-0.083315737915039,-1.333051806640624,-0.17172364139556878,-2.7475782623291005,0.1818,-0.02375424,0.26511574,4
Steve Mariucci,1997,1,0.0898977518081665,1.438364028930664,0.0898977518081665,1.438364028930664,0.8125,0.00036644936,0.72260225,9
Steve Mariucci,1998,2,0.0777557492256164,1.2440919876098624,0.1676535010337829,2.6824560165405265,0.75,0.0077343583,0.67224425,9
Steve Mariucci,1999,3,-0.0542783439159393,-0.8684535026550289,0.1133751571178436,1.8140025138854976,0.25,0.019472212,0.30427834,9
Steve Mariucci,2000,4,-0.1304073333740234,-2.0865173339843746,-0.01703217625617981,-0.27251482009887695,0.375,-0.00162673,0.50540733,9
Steve Mariucci,2001,5,-0.0281144976615905,-0.449831962585448,-0.04514667391777031,-0.722346782684325,0.75,0.0045847893,0.7781145,9
Steve Mariucci,2002,6,0.0133573412895202,0.2137174606323232,-0.03178933262825011,-0.5086293220520017,0.625,0.011674464,0.61164266,9
Steve Mariucci,2003,7,0.0225715935230255,0.361145496368408,-0.00921773910522461,-0.14748382568359375,0.3125,0.011370897,0.2899284,9
Steve Mariucci,2004,8,-0.099412977695465,-1.59060764312744,-0.10863071680068961,-1.7380914688110338,0.375,-0.0030308962,0.47441298,9
Steve Mariucci,2005,9,-0.0531167842388153,-0.8498685478210448,-0.16174750103950492,-2.5879600166320786,0.3636,-0.006704837,0.41671678,9
Zac Taylor,2019,1,-0.1268005669116974,-2.028809070587158,-0.1268005669116974,-2.028809070587158,0.125,-0.0012963414,0.25180057,6
Zac Taylor,2020,2,-0.0767002320766448,-1.2272037132263167,-0.20350079898834217,-3.2560127838134747,0.2812,-0.049446434,0.35790023,6
Zac Taylor,2021,3,-0.0305165379524231,-0.4882646072387696,-0.23401733694076526,-3.744277391052244,0.5882,-0.02929169,0.61871654,6
Zac Taylor,2022,4,0.0895760059356689,1.4332160949707025,-0.14444133100509637,-2.311061296081542,0.75,-0.050284028,0.660424,6
Zac Taylor,2023,5,0.0642090827465057,1.0273453239440913,-0.08023224825859067,-1.2837159721374507,0.5294,-0.030378044,0.46519092,6
Zac Taylor,2024,6,-0.0436516910552978,-0.6984270568847648,-0.12388393931388847,-1.9821430290222155,0.5294,-0.046857297,0.5730517,6
Kay Stephenson,1983,1,0.0860064923763275,1.37610387802124,0.0860064923763275,1.37610387802124,0.5,0.011143953,0.4139935,3
Kay Stephenson,1984,2,-0.1741420626640319,-2.7862730026245104,-0.0881355702877044,-1.4101691246032704,0.125,-0.012324244,0.29914206,3
Kay Stephenson,1985,3,-0.2387290745973587,-3.8196651935577393,-0.3268646448850631,-5.22983431816101,0.0,-0.011303082,0.23872907,3
Anthony Lynn,2017,1,-0.1284632682800293,-2.0554122924804688,-0.1284632682800293,-2.0554122924804688,0.5625,-0.0748384,0.69096327,4
Anthony Lynn,2018,2,0.0834196209907531,1.3347139358520497,-0.04504364728927619,-0.7206983566284191,0.75,0.004000187,0.6665804,4
Anthony Lynn,2019,3,-0.1721639931201934,-2.7546238899230944,-0.2172076404094696,-3.4753222465515137,0.3125,0.010183394,0.484664,4
Anthony Lynn,2020,4,0.0415519177913665,0.664830684661864,-0.1756557226181031,-2.8104915618896498,0.4375,-0.0054399073,0.39594808,4
Vince Tobin,1996,1,0.0822080969810485,1.315329551696776,0.0822080969810485,1.315329551696776,0.4375,0.020353854,0.3552919,5
Vince Tobin,1997,2,-0.0682301819324493,-1.0916829109191888,0.013977915048599202,0.22364664077758722,0.25,-0.03901142,0.31823018,5
Vince Tobin,1998,3,0.0003962516784667,0.0063400268554672,0.014374166727065901,0.22998666763305442,0.5625,-0.0434857,0.56210375,5
Vince Tobin,1999,4,0.0273127853870391,0.4370045661926256,0.041686952114105,0.66699123382568,0.375,-0.051142246,0.3476872,5
Vince Tobin,2000,5,-0.0508243971347808,-0.8131903541564928,-0.009137445020675795,-0.14619912033081273,0.2857,-0.061126947,0.3365244,5
Joe Walton,1983,1,-0.028957188129425,-0.4633150100708,-0.028957188129425,-0.4633150100708,0.4375,-0.0012344122,0.4664572,7
Joe Walton,1984,2,0.0370262563228607,0.5924201011657712,0.008069068193435697,0.12910509109497115,0.4375,-0.006409377,0.40047374,7
Joe Walton,1985,3,-0.014169692993164,-0.226715087890624,-0.006100624799728303,-0.09760999679565285,0.6875,-0.044588983,0.7016697,7
Joe Walton,1986,4,0.0819535851478576,1.3112573623657215,0.0758529603481293,1.2136473655700688,0.625,0.02963394,0.5430464,7
Joe Walton,1987,5,-0.0446936249732971,-0.7150979995727536,0.031159335374832203,0.49854936599731525,0.4,0.011606663,0.44469362,7
Joe Walton,1988,6,-0.1039820826530456,-1.6637133224487295,-0.07282274727821339,-1.1651639564514142,0.5312,-0.004051149,0.6351821,7
Joe Walton,1989,7,-0.0235919654369354,-0.3774714469909664,-0.09641471271514879,-1.5426354034423806,0.25,-0.0010326505,0.27359197,7
Ken Whisenhunt,2007,1,0.0800531208515167,1.2808499336242671,0.0800531208515167,1.2808499336242671,0.5,-0.008985996,0.41994688,8
Ken Whisenhunt,2008,2,0.0376049876213073,0.6016798019409167,0.11765810847282399,1.8825297355651838,0.5625,0.019784033,0.524895,8
Ken Whisenhunt,2009,3,0.05375736951828,0.86011791229248,0.171415477991104,2.742647647857664,0.625,0.029064596,0.57124263,8
Ken Whisenhunt,2010,4,-0.1007143855094909,-1.6114301681518544,0.07070109248161309,1.1312174797058094,0.3125,0.02678442,0.4132144,8
Ken Whisenhunt,2011,5,0.0383139550685882,0.6130232810974112,0.10901504755020129,1.7442407608032207,0.5,0.020686775,0.46168604,8
Ken Whisenhunt,2012,6,-0.1073645949363708,-1.7178335189819327,0.001650452613830497,0.026407241821287952,0.3125,-0.003944546,0.4198646,8
Ken Whisenhunt,2014,7,-0.0834616422653198,-1.3353862762451167,-0.0818111896514893,-1.3089790344238288,0.125,-0.013784274,0.20846164,8
Ken Whisenhunt,2015,8,-0.1015378286600112,-1.6246052585601791,-0.1833490183115005,-2.933584292984008,0.1429,-0.02826929,0.24443783,8
Norm Van Brocklin,1970,1,-0.0105068782806396,-0.1681100524902336,-0.0105068782806396,-0.1681100524902336,0.3571,-0.03850478,0.36760688,5
Norm Van Brocklin,1971,2,0.0792192584991454,1.2675081359863265,0.0687123802185058,1.0993980834960928,0.5357,-0.0045349,0.45648074,5
Norm Van Brocklin,1972,3,-0.0591335892677307,-0.9461374282836912,0.009578790950775101,0.15326065521240162,0.5,-0.019498706,0.5591336,5
Norm Van Brocklin,1973,4,-0.0061136384963988,-0.0978182159423808,0.0034651524543763013,0.05544243927002082,0.6429,-0.009775519,0.64901364,5
Norm Van Brocklin,1974,5,-0.0442852079868316,-0.7085633277893056,-0.0408200555324553,-0.6531208885192848,0.25,0.013443559,0.2942852,5
Bobby Ross,1992,1,0.0732854008674621,1.1725664138793936,0.0732854008674621,1.1725664138793936,0.6875,-0.034394383,0.6142146,9
Bobby Ross,1993,2,-0.0686197876930236,-1.0979166030883776,0.004665613174438504,0.07464981079101607,0.5,0.02861607,0.5686198,9
Bobby Ross,1994,3,0.0739843845367431,1.1837501525878895,0.0786499977111816,1.2583999633789056,0.6875,0.04415095,0.6135156,9
Bobby Ross,1995,4,0.0193607211112976,0.3097715377807616,0.09801071882247919,1.568171501159667,0.5625,0.0089120865,0.5431393,9
Bobby Ross,1996,5,0.0776492357254028,1.2423877716064449,0.175659954547882,2.810559272766112,0.5,0.017020226,0.42235076,9
Bobby Ross,1997,6,-0.025438368320465,-0.40701389312744,0.150221586227417,2.403545379638672,0.5625,-0.0065814257,0.58793837,9
Bobby Ross,1998,7,-0.0671025514602661,-1.0736408233642576,0.08311903476715089,1.3299045562744143,0.3125,0.033079892,0.37960255,9
Bobby Ross,1999,8,-0.0256659984588623,-0.4106559753417968,0.05745303630828859,0.9192485809326174,0.5,0.022251546,0.525666,9
Bobby Ross,2000,9,0.0235067730903625,0.3761083694458,0.08095980939865109,1.2953569503784175,0.5556,-0.00033670664,0.5320932,9
Bob Hollway,1971,1,-0.1777333484649658,-2.843733575439453,-0.1777333484649658,-2.843733575439453,0.3214,-0.039462537,0.49913335,2
Bob Hollway,1972,2,0.0730414225101471,1.1686627601623536,-0.1046919259548187,-1.6750708152770992,0.3214,-0.0059274286,0.24835858,2
Joe Schmidt,1970,1,0.051862084197998,0.829793347167968,0.051862084197998,0.829793347167968,0.7143,-0.0070384145,0.6624379,3
Joe Schmidt,1971,2,-0.1240453355789185,-1.984725369262696,-0.0721832513809205,-1.154932022094728,0.5357,-0.020537198,0.65974534,3
Joe Schmidt,1972,3,0.0726861258506774,1.1629780136108383,0.0005028744697569004,0.008045991516110407,0.6071,0.030677676,0.5344139,3
Weeb Ewbank,1970,1,-0.2972958319664001,-4.756733311462401,-0.2972958319664001,-4.756733311462401,0.2857,-0.030904949,0.58299583,4
Weeb Ewbank,1971,2,0.0724932418823242,1.1598918701171872,-0.22480259008407588,-3.596841441345214,0.4286,-0.027846545,0.35610676,4
Weeb Ewbank,1972,3,-0.0931237936019897,-1.4899806976318353,-0.3179263836860656,-5.086822138977049,0.5,-0.0114558935,0.5931238,4
Weeb Ewbank,1973,4,-0.040597789812088,-0.649564636993408,-0.3585241734981536,-5.736386775970457,0.2857,-0.02037853,0.3262978,4
Brian Flores,2019,1,0.0233235955238342,0.3731775283813472,0.0233235955238342,0.3731775283813472,0.3125,0.022694796,0.2891764,3
Brian Flores,2020,2,0.0721497535705566,1.1543960571289056,0.0954733490943908,1.5275735855102528,0.625,-0.02202332,0.55285025,3
Brian Flores,2021,3,0.0188254803657531,0.3012076858520496,0.1142988294601439,1.8287812713623024,0.5294,-0.055335104,0.5105745,3
Ron Erhardt,1979,1,0.0712780356407165,1.140448570251464,0.0712780356407165,1.140448570251464,0.5625,0.024385571,0.49122196,3
Ron Erhardt,1980,2,0.0039953589439392,0.0639257431030272,0.07527339458465569,1.204374313354491,0.625,0.006873727,0.62100464,3
Ron Erhardt,1981,3,-0.1948222517967224,-3.1171560287475586,-0.11954885721206672,-1.9127817153930675,0.125,0.008042127,0.31982225,3
John McVay,1977,1,0.0703399380207061,1.1254390083312975,0.0703399380207061,1.1254390083312975,0.3571,0.012034088,0.28676006,2
John McVay,1978,2,0.0672909617424011,1.0766553878784175,0.1376308997631072,2.202094396209715,0.375,-0.013147354,0.30770904,2
Sid Gillman,1971,1,-0.1309866070747375,-2.0957857131958,-0.1309866070747375,-2.0957857131958,0.4,-0.07742399,0.5309866,2
Sid Gillman,1974,2,0.0699511170387268,1.119217872619629,-0.06103549003601069,-0.9765678405761711,0.5,-0.01387468,0.43004888,2
Barry Switzer,1994,1,0.0406187772750854,0.6499004364013664,0.0406187772750854,0.6499004364013664,0.75,0.022564054,0.7093812,4
Barry Switzer,1995,2,0.0687496662139892,1.0999946594238272,0.1093684434890746,1.7498950958251935,0.75,0.07514399,0.68125033,4
Barry Switzer,1996,3,0.0562053918838501,0.8992862701416016,0.1655738353729247,2.649181365966795,0.625,0.056266427,0.5687946,4
Barry Switzer,1997,4,-0.0282303988933563,-0.4516863822937008,0.1373434364795684,2.1974949836730944,0.375,0.039618492,0.4032304,4
Jon Gruden,1998,1,-0.0812123417854309,-1.2993974685668943,-0.0812123417854309,-1.2993974685668943,0.5,-0.025157213,0.58121234,15
Jon Gruden,1999,2,-0.1121056675910949,-1.7936906814575184,-0.1933180093765258,-3.0930881500244127,0.5,-0.03044802,0.61210567,15
Jon Gruden,2000,3,-0.0188830494880676,-0.3021287918090816,-0.2122010588645934,-3.3952169418334943,0.75,-0.021999538,0.76888305,15
Jon Gruden,2001,4,0.0211856365203857,0.3389701843261712,-0.1910154223442077,-3.0562467575073233,0.625,0.005509019,0.60381436,15
Jon Gruden,2002,5,0.0124962925910949,0.1999406814575184,-0.17851912975311282,-2.856306076049805,0.75,0.015317261,0.7375037,15
Jon Gruden,2003,6,-0.1089435219764709,-1.7430963516235345,-0.28746265172958374,-4.59940242767334,0.4375,-0.006820619,0.5464435,15
Jon Gruden,2004,7,-0.0871618092060089,-1.3945889472961424,-0.37462446093559265,-5.993991374969482,0.3125,0.005425364,0.3996618,15
Jon Gruden,2005,8,0.0333102345466613,0.5329637527465808,-0.34131422638893133,-5.461027622222901,0.6875,0.028710544,0.65418977,15
Jon Gruden,2006,9,-0.0385495722293853,-0.6167931556701648,-0.37986379861831665,-6.077820777893066,0.25,0.0007855594,0.28854957,15
Jon Gruden,2007,10,-0.0764729380607605,-1.223567008972168,-0.45633673667907715,-7.301387786865234,0.5625,0.018152654,0.63897294,15
Jon Gruden,2008,11,0.0382464528083801,0.6119432449340816,-0.418090283870697,-6.689444541931152,0.5625,0.0056166053,0.52425355,15
Jon Gruden,2018,12,-0.1663503646850586,-2.6616058349609375,-0.5844406485557556,-9.35105037689209,0.25,-0.0008665621,0.41635036,15
Jon Gruden,2019,13,0.0557770431041717,0.8924326896667472,-0.5286636054515839,-8.458617687225342,0.4375,0.012537897,0.38172296,15
Jon Gruden,2020,14,0.002572625875473,0.041162014007568,-0.5260909795761108,-8.417455673217773,0.5,0.027214795,0.49742737,15
Jon Gruden,2021,15,0.0638608694076537,1.0217739105224592,-0.46223011016845716,-7.395681762695315,0.6,0.0066064596,0.53613913,15
Leeman Bennett,1977,1,-0.1760803461074829,-2.8172855377197266,-0.1760803461074829,-2.8172855377197266,0.5,-0.109187126,0.67608035,8
Leeman Bennett,1978,2,0.0360181331634521,0.5762901306152336,-0.14006221294403082,-2.240995407104493,0.5625,0.0122461915,0.52648187,8
Leeman Bennett,1979,3,0.0268709361553192,0.4299349784851072,-0.11319127678871162,-1.8110604286193859,0.375,-0.014150292,0.34812906,8
Leeman Bennett,1980,4,0.0630784034729003,1.0092544555664047,-0.050112873315811324,-0.8018059730529812,0.75,-0.008892298,0.6869216,8
Leeman Bennett,1981,5,-0.0570810735225677,-0.9132971763610832,-0.10719394683837902,-1.7151031494140643,0.4375,-0.0023231208,0.49458107,8
Leeman Bennett,1982,6,0.0564156895637512,0.9026510330200191,-0.05077825727462782,-0.8124521163940451,0.5556,0.02139324,0.4991843,8
Leeman Bennett,1985,7,-0.1004416495561599,-1.6070663928985585,-0.15121990683078773,-2.4195185092926037,0.125,0.013146907,0.22544165,8
Leeman Bennett,1986,8,-0.167825847864151,-2.685213565826416,-0.31904575469493873,-5.10473207511902,0.125,-0.01700005,0.29282585,8
Sam Rutigliano,1978,1,-0.1111863255500793,-1.7789812088012689,-0.1111863255500793,-1.7789812088012689,0.5,-0.0797649,0.6111863,7
Sam Rutigliano,1979,2,0.0628882646560669,1.0062122344970703,-0.04829806089401241,-0.7727689743041986,0.5625,-0.002390325,0.49961174,7
Sam Rutigliano,1980,3,0.0041264295578002,0.0660228729248032,-0.04417163133621221,-0.7067461013793953,0.6875,-0.04736018,0.6833736,7
Sam Rutigliano,1981,4,-0.0509575009346008,-0.8153200149536128,-0.09512913227081302,-1.5220661163330083,0.3125,0.028238028,0.3634575,7
Sam Rutigliano,1982,5,-0.0188871747016906,-0.3021947952270496,-0.11401630697250362,-1.8242609115600579,0.4444,0.02490428,0.46328717,7
Sam Rutigliano,1983,6,-0.0138565897941589,-0.2217054367065424,-0.12787289676666252,-2.0459663482666004,0.5625,0.0056584477,0.5763566,7
Sam Rutigliano,1984,7,-0.2903653383255005,-4.645845413208008,-0.418238235092163,-6.691811761474608,0.125,-0.03550908,0.41536534,7
Dennis Erickson,1995,1,0.0554223358631134,0.8867573738098145,0.0554223358631134,0.8867573738098145,0.5,0.019314528,0.44457766,6
Dennis Erickson,1996,2,0.0221670269966125,0.3546724319458,0.0775893628597259,1.2414298057556143,0.4375,-0.011603564,0.41533297,6
Dennis Erickson,1997,3,0.0628845989704132,1.006153583526611,0.1404739618301391,2.2475833892822257,0.5,-0.011984706,0.4371154,6
Dennis Erickson,1998,4,-0.1026268601417541,-1.6420297622680655,0.03784710168838501,0.6055536270141602,0.5,-0.0038260221,0.60262686,6
Dennis Erickson,2003,5,-0.1196650862693786,-1.9146413803100577,-0.0818179845809936,-1.3090877532958975,0.4375,-0.03644383,0.5571651,6
Dennis Erickson,2004,6,-0.0982949584722518,-1.5727193355560287,-0.18011294305324538,-2.881807088851926,0.125,-0.00091548264,0.22329496,6
John Mazur,1971,1,0.0627771185398101,1.0044338966369617,0.0627771185398101,1.0044338966369617,0.4286,-0.018027008,0.36582288,2
John Mazur,1972,2,-0.0023978564023971,-0.0383657024383536,0.06037926213741301,0.9660681941986081,0.2222,-0.004491374,0.22459786,2
Frank Kush,1982,1,-0.1444135779380798,-2.3106172470092767,-0.1444135779380798,-2.3106172470092767,0.0556,-0.042551547,0.20001358,3
Frank Kush,1983,2,0.0621778070926666,0.9948449134826656,-0.0822357708454132,-1.3157723335266112,0.4375,-0.04535833,0.3753222,3
Frank Kush,1984,3,-0.0142981107711792,-0.2287697723388672,-0.0965338816165924,-1.5445421058654785,0.2667,-0.027390957,0.2809981,3
Dick MacPherson,1991,1,0.0605868995189666,0.9693903923034656,0.0605868995189666,0.9693903923034656,0.375,-0.009250164,0.3144131,2
Dick MacPherson,1992,2,-0.1396867334842682,-2.234987735748291,-0.0790998339653016,-1.2655973434448256,0.125,-0.015925422,0.26468673,2
Jonathan Gannon,2023,1,0.0023031934976577,0.0368510959625232,0.0023031934976577,0.0368510959625232,0.2353,-0.015345991,0.2329968,2
Jonathan Gannon,2024,2,0.0591683596134186,0.9466937538146976,0.0614715531110763,0.9835448497772208,0.4706,-0.0032395124,0.41143164,2
Rich Kotite,1991,1,0.0345116257667541,0.5521860122680656,0.0345116257667541,0.5521860122680656,0.625,-0.02460742,0.5904884,6
Rich Kotite,1992,2,0.0156750679016113,0.2508010864257808,0.0501866936683654,0.8029870986938464,0.6875,-0.038419545,0.67182493,6
Rich Kotite,1993,3,0.0559828281402587,0.8957252502441392,0.1061695218086241,1.6987123489379856,0.5,-0.015651315,0.44401717,6
Rich Kotite,1994,4,-0.2644134163856506,-4.230614662170409,-0.15824389457702648,-2.5319023132324237,0.4375,-0.015203357,0.7019134,6
Rich Kotite,1995,5,-0.0784536600112915,-1.255258560180664,-0.23669755458831798,-3.7871608734130877,0.1875,-0.022908688,0.26595366,6
Rich Kotite,1996,6,-0.2195983827114105,-3.513574123382568,-0.4562959372997285,-7.300734996795656,0.0625,-0.039423257,0.28209838,6
Dick Vermeil,1976,1,0.0181271500110626,0.2900344001770016,0.0181271500110626,0.2900344001770016,0.2857,0.01828155,0.26757285,15
Dick Vermeil,1977,2,-0.0912529031276703,-1.4600464500427248,-0.0731257531166077,-1.1700120498657232,0.3571,-0.0007573366,0.4483529,15
Dick Vermeil,1978,3,-0.0419044494628906,-0.6704711914062496,-0.1150302025794983,-1.8404832412719727,0.5625,-0.01793605,0.60440445,15
Dick Vermeil,1979,4,0.0143938064575195,0.230300903320312,-0.10063639612197879,-1.6101823379516607,0.6875,-0.0044342875,0.6731062,15
Dick Vermeil,1980,5,0.0306950211524963,0.4911203384399408,-0.0699413749694825,-1.11906199951172,0.75,0.012178719,0.719305,15
Dick Vermeil,1981,6,-0.040561020374298,-0.648976325988768,-0.1105023953437805,-1.768038325500488,0.625,0.011933446,0.665561,15
Dick Vermeil,1982,7,-0.1561385039806366,-2.498216063690186,-0.2666408993244171,-4.2662543891906735,0.3333,0.013137549,0.4894385,15
Dick Vermeil,1997,8,-0.1889926195144653,-3.023881912231445,-0.45563351883888237,-7.290136301422118,0.3125,-0.0073954463,0.5014926,15
Dick Vermeil,1998,9,-0.0235368609428405,-0.376589775085448,-0.4791703797817229,-7.666726076507566,0.25,-0.0035624802,0.27353686,15
Dick Vermeil,1999,10,0.054076075553894,0.865217208862304,-0.4250943042278289,-6.801508867645262,0.8125,0.032916307,0.7584239,15
Dick Vermeil,2001,11,0.0287873148918151,0.4605970382690416,-0.3963069893360138,-6.340911829376221,0.375,0.030151397,0.3462127,15
Dick Vermeil,2002,12,-0.0284808278083801,-0.4556932449340816,-0.42478781714439395,-6.796605074310303,0.5,0.037534595,0.5284808,15
Dick Vermeil,2003,13,0.0556920170783996,0.8910722732543936,-0.36909580006599435,-5.90553280105591,0.8125,0.050284505,0.756808,15
Dick Vermeil,2004,14,-0.0730936527252197,-1.1694984436035152,-0.442189452791214,-7.075031244659424,0.4375,0.013614833,0.51059365,15
Dick Vermeil,2005,15,0.0320761203765869,0.5132179260253904,-0.4101133324146271,-6.561813318634034,0.625,0.011106014,0.5929239,15
Alex Webster,1970,1,0.0348045329093933,0.5568725265502928,0.0348045329093933,0.5568725265502928,0.6429,-0.01835996,0.60809547,4
Alex Webster,1971,2,0.0555835283517837,0.8893364536285392,0.090388061261177,1.446208980178832,0.2857,-0.012411043,0.23011647,4
Alex Webster,1972,3,-0.0719793902397155,-1.151670243835448,0.0184086710214615,0.294538736343384,0.5714,-0.05967468,0.6433794,4
Alex Webster,1973,4,-0.1034390164852142,-1.6550242637634272,-0.0850303454637527,-1.3604855274200431,0.1786,0.0014140308,0.28203902,4
Tom Cable,2009,1,0.0549449920654296,0.8791198730468736,0.0549449920654296,0.8791198730468736,0.3125,-0.058917865,0.257555,2
Tom Cable,2010,2,0.0338695347309112,0.5419125556945792,0.0888145267963408,1.4210324287414529,0.5,-0.05135998,0.46613047,2
Jim Mora Jr,2004,1,0.0535734891891479,0.8571758270263664,0.0535734891891479,0.8571758270263664,0.6875,-0.05015874,0.6339265,4
Jim Mora Jr,2005,2,-0.1300137639045715,-2.080220222473144,-0.07644027471542361,-1.2230443954467778,0.5,-0.04623854,0.63001376,4
Jim Mora Jr,2006,3,-0.160218060016632,-2.563488960266112,-0.2366583347320556,-3.7865333557128897,0.4375,-0.061415672,0.59771806,4
Jim Mora Jr,2009,4,-0.1123206615447998,-1.7971305847167969,-0.3489789962768554,-5.583663940429687,0.3125,-0.040995,0.42482066,4
Ray Handley,1991,1,0.0528862178325653,0.8461794853210448,0.0528862178325653,0.8461794853210448,0.5,0.035621494,0.44711378,2
Ray Handley,1992,2,-0.167879581451416,-2.686073303222656,-0.11499336361885068,-1.8398938179016109,0.375,-0.038417995,0.5428796,2
Dom Capers,1995,1,-0.0658302903175354,-1.0532846450805664,-0.0658302903175354,-1.0532846450805664,0.4375,-0.07109851,0.5033303,8
Dom Capers,1996,2,0.0522074103355407,0.8353185653686512,-0.013622879981994698,-0.21796607971191517,0.75,-0.010037363,0.6977926,8
Dom Capers,1997,3,-0.021041065454483,-0.336657047271728,-0.0346639454364777,-0.5546231269836432,0.4375,-0.02961567,0.45854107,8
Dom Capers,1998,4,-0.1116634011268615,-1.786614418029784,-0.1463273465633392,-2.3412375450134273,0.25,-0.04424244,0.3616634,8
Dom Capers,2002,5,-0.0725791454315185,-1.161266326904296,-0.2189064919948577,-3.5025038719177233,0.25,-0.021905959,0.32257915,8
Dom Capers,2003,6,0.0261168479919433,0.4178695678710928,-0.1927896440029144,-3.0846343040466304,0.3125,-0.029252946,0.28638315,8
Dom Capers,2004,7,-0.2064005136489868,-3.3024082183837886,-0.3991901576519012,-6.387042522430419,0.4375,-0.058127522,0.6439005,8
Dom Capers,2005,8,-0.2544603645801544,-4.071365833282471,-0.6536505222320557,-10.45840835571289,0.125,-0.061320722,0.37946036,8
Ben McAdoo,2016,1,0.0494713187217712,0.7915410995483392,0.0494713187217712,0.7915410995483392,0.6875,-0.03275001,0.6380287,2
Ben McAdoo,2017,2,-0.1841693277835846,-2.9467092445373537,-0.1346980090618134,-2.1551681449890143,0.1667,-0.044491917,0.35086933,2
Brad Childress,2006,1,-0.1949231028556823,-3.1187696456909166,-0.1949231028556823,-3.1187696456909166,0.375,-0.06550628,0.5699231,5
Brad Childress,2007,2,-0.1491181850433349,-2.3858909606933585,-0.3440412878990172,-5.504660606384276,0.5,-0.040320992,0.6491182,5
Brad Childress,2008,3,0.0242450237274169,0.3879203796386704,-0.31979626417160034,-5.1167402267456055,0.625,-0.014582276,0.600755,5
Brad Childress,2009,4,0.0484647750854492,0.7754364013671872,-0.2713314890861511,-4.341303825378418,0.75,-0.003615439,0.7015352,5
Brad Childress,2010,5,-0.1428034424781799,-2.284855079650878,-0.414134931564331,-6.626158905029296,0.3,0.0034302175,0.44280344,5
Matt Rhule,2020,1,0.0393007099628448,0.6288113594055168,0.0393007099628448,0.6288113594055168,0.3125,0.035952747,0.2731993,3
Matt Rhule,2021,2,0.0481794312953948,0.7708709007263168,0.08748014125823961,1.3996822601318337,0.2941,-0.0013038814,0.24592057,3
Matt Rhule,2022,3,-0.1607979118824005,-2.572766590118408,-0.0733177706241609,-1.1730843299865743,0.2,-0.007373154,0.3607979,3
Robert Saleh,2021,1,0.0216292098045349,0.3460673568725584,0.0216292098045349,0.3460673568725584,0.2353,-0.015287951,0.21367079,4
Robert Saleh,2022,2,0.0476798444271087,0.7628775108337392,0.0693090542316436,1.1089448677062976,0.4118,-0.01752156,0.36412016,4
Robert Saleh,2023,3,-0.0145814091682434,-0.2333025466918944,0.0547276450634002,0.8756423210144032,0.4118,-0.005010575,0.4263814,4
Robert Saleh,2024,4,-0.0591361880302429,-0.9461790084838864,-0.004408542966842698,-0.07053668746948316,0.4,-0.011563718,0.4591362,4
Neill Armstrong,1978,1,0.0465011298656463,0.7440180778503408,0.0465011298656463,0.7440180778503408,0.4375,-0.029433787,0.39099887,4
Neill Armstrong,1979,2,-0.0147836804389953,-0.2365388870239248,0.031717449426651,0.507479190826416,0.625,-0.006222248,0.6397837,4
Neill Armstrong,1980,3,-0.0846115350723266,-1.3537845611572257,-0.052894085645675604,-0.8463053703308097,0.4375,-0.0103824735,0.52211154,4
Neill Armstrong,1981,4,0.0109527707099914,0.1752443313598624,-0.041941314935684204,-0.6710610389709473,0.375,-0.025491506,0.36404723,4
John Mackovic,1983,1,-0.1588545441627502,-2.541672706604003,-0.1588545441627502,-2.541672706604003,0.375,-0.037397325,0.53385454,4
John Mackovic,1984,2,-0.0402294993400573,-0.6436719894409167,-0.19908404350280748,-3.1853446960449197,0.5,0.0023422837,0.5402295,4
John Mackovic,1985,3,-0.0978789329528808,-1.5660629272460929,-0.29696297645568825,-4.751407623291012,0.375,-0.02170533,0.47287893,4
John Mackovic,1986,4,0.0461354255676269,0.7381668090820304,-0.25082755088806136,-4.013240814208982,0.625,0.0021507144,0.5788646,4
Lou Holtz,1976,1,0.0459313513517379,0.7349016216278064,0.0459313513517379,0.7349016216278064,0.2308,0.018112823,0.18486865,1
Leslie Frazier,2011,1,-0.1860341727733612,-2.9765467643737793,-0.1860341727733612,-2.9765467643737793,0.1875,-0.01179418,0.37353417,3
Leslie Frazier,2012,2,0.0440322756767272,0.7045164108276352,-0.14200189709663402,-2.2720303535461444,0.625,-0.011358798,0.5809677,3
Leslie Frazier,2013,3,-0.1008516931056976,-1.6136270896911615,-0.2428535902023316,-3.8856574432373057,0.3438,-0.00759989,0.4446517,3
Bill Johnson,1976,1,-0.0084687239646911,-0.1354995834350576,-0.0084687239646911,-0.1354995834350576,0.7143,-0.033346713,0.7227687,3
Bill Johnson,1977,2,0.0386937989234924,0.6191007827758784,0.0302250749588013,0.4836011993408208,0.5714,0.02951932,0.5327062,3
Bill Johnson,1978,3,-0.2700763344764709,-4.321221351623534,-0.23985125951766958,-3.8376201522827134,0.0,0.004951149,0.27007633,3
Rick Forzano,1974,1,0.0385761857032775,0.61721897125244,0.0385761857032775,0.61721897125244,0.5,0.006713599,0.4614238,3
Rick Forzano,1975,2,-0.0135508775711059,-0.2168140411376944,0.025025308132171596,0.40040493011474554,0.5,-0.06839752,0.5135509,3
Rick Forzano,1976,3,-0.3847547769546509,-6.156076431274414,-0.3597294688224793,-5.755671501159669,0.25,-0.028183281,0.6347548,3
Jack Patera,1976,1,-0.2594598432540893,-4.151357492065428,-0.2594598432540893,-4.151357492065428,0.1429,-0.019239515,0.40235984,7
Jack Patera,1977,2,-0.1042557755947113,-1.6680924095153808,-0.36371561884880055,-5.819449901580809,0.3571,-0.073832035,0.46135578,7
Jack Patera,1978,3,-0.0175996422767639,-0.2815942764282224,-0.38131526112556446,-6.101044178009031,0.5625,-0.051861167,0.58009964,7
Jack Patera,1979,4,0.0382065773010253,0.6113052368164048,-0.3431086838245392,-5.489738941192627,0.5625,-0.05186373,0.5242934,7
Jack Patera,1980,5,-0.1280527412891388,-2.0488438606262207,-0.471161425113678,-7.538582801818848,0.25,-0.015993118,0.37805274,7
Jack Patera,1981,6,-0.1901702284812927,-3.042723655700683,-0.6613316535949707,-10.581306457519531,0.375,-0.052576125,0.5651702,7
Jack Patera,1982,7,-0.4944832623004913,-7.91173219680786,-1.155814915895462,-18.493038654327393,0.0,-0.012730688,0.49448326,7
Jerry Burns,1986,1,-0.0612847208976745,-0.980555534362792,-0.0612847208976745,-0.980555534362792,0.5625,-0.026638806,0.6237847,6
Jerry Burns,1987,2,0.0250908310890197,0.4014532974243152,-0.0361938898086548,-0.5791022369384768,0.5333,0.046901345,0.50820917,6
Jerry Burns,1988,3,0.038017988204956,0.608287811279296,0.0018240983963011964,0.029185574340819143,0.6875,0.0445503,0.649482,6
Jerry Burns,1989,4,0.0335453748703002,0.5367259979248032,0.0353694732666014,0.5659115722656224,0.625,0.003348887,0.5914546,6
Jerry Burns,1990,5,-0.1064574718475341,-1.7033195495605455,-0.0710879985809327,-1.1374079772949233,0.375,0.00783518,0.48145747,6
Jerry Burns,1991,6,-0.1114864945411682,-1.7837839126586912,-0.1825744931221009,-2.9211918899536142,0.5,0.011871338,0.6114865,6
Todd Haley,2009,1,-0.0544038712978363,-0.8704619407653807,-0.0544038712978363,-0.8704619407653807,0.25,0.008000195,0.30440387,3
Todd Haley,2010,2,0.0378447175025939,0.6055154800415024,-0.0165591537952424,-0.2649464607238784,0.625,-0.056098044,0.5871553,3
Todd Haley,2011,3,-0.191386385345459,-3.062182165527344,-0.20794553914070138,-3.327128626251222,0.3846,-0.049387276,0.5759864,3
Shane Steichen,2023,1,0.0262138933181762,0.4194222930908192,0.0262138933181762,0.4194222930908192,0.5294,-0.03959921,0.5031861,2
Shane Steichen,2024,2,0.0297795742511749,0.4764731880187984,0.0559934675693511,0.8958954811096176,0.4706,-0.017543912,0.44082043,2
Joe Bugel,1990,1,-0.0114803314208984,-0.1836853027343744,-0.0114803314208984,-0.1836853027343744,0.3125,0.017032772,0.32398033,5
Joe Bugel,1991,2,-0.0324896574020385,-0.519834518432616,-0.0439699888229369,-0.7035198211669904,0.25,-0.046005934,0.28248966,5
Joe Bugel,1992,3,-0.0705733001232147,-1.129172801971435,-0.1145432889461516,-1.8326926231384255,0.25,-0.051232994,0.3205733,5
Joe Bugel,1993,4,0.0277296304702758,0.4436740875244128,-0.0868136584758758,-1.3890185356140128,0.4375,-0.064293504,0.40977037,5
Joe Bugel,1997,5,-0.2542797923088074,-4.068476676940918,-0.34109345078468317,-5.457495212554931,0.25,-0.11124027,0.5042798,5
Eric Mangini,2006,1,0.0266836881637573,0.4269390106201168,0.0266836881637573,0.4269390106201168,0.625,-0.021999776,0.5983163,5
Eric Mangini,2007,2,-0.13040092587471,-2.08641481399536,-0.1037172377109527,-1.6594758033752433,0.25,-0.043635726,0.38040093,5
Eric Mangini,2008,3,0.0241561532020568,0.3864984512329088,-0.0795610845088959,-1.2729773521423344,0.5625,-0.047029853,0.53834385,5
Eric Mangini,2009,4,-0.0348014235496521,-0.5568227767944336,-0.114362508058548,-1.829800128936768,0.3125,-0.043364257,0.34730142,5
Eric Mangini,2010,5,-0.0808972716331482,-1.294356346130371,-0.1952597796916962,-3.124156475067139,0.3125,-0.046779275,0.39339727,5
Butch Davis,2001,1,-0.132353127002716,-2.117650032043456,-0.132353127002716,-2.117650032043456,0.4375,-0.10931808,0.5698531,4
Butch Davis,2002,2,0.0266827344894409,0.4269237518310544,-0.1056703925132751,-1.6907262802124017,0.5625,-0.044021785,0.53581727,4
Butch Davis,2003,3,-0.0912414193153381,-1.4598627090454095,-0.1969118118286132,-3.150588989257811,0.3125,-0.034996986,0.40374142,4
Butch Davis,2004,4,-0.0648175595283508,-1.0370809524536129,-0.261729371356964,-4.187669941711424,0.2727,-0.03953302,0.33751756,4
Bill Arnsparger,1974,1,-0.051057507610321,-0.816920121765136,-0.051057507610321,-0.816920121765136,0.1429,0.0016791373,0.19395751,3
Bill Arnsparger,1975,2,0.0250663062095641,0.4010608993530256,-0.0259912014007569,-0.4158592224121104,0.3571,-0.005581379,0.3320337,3
Bill Arnsparger,1976,3,-0.1650630831718444,-2.6410093307495104,-0.1910542845726013,-3.0568685531616206,0.0,-0.061953872,0.16506308,3
Buddy Ryan,1986,1,-0.083906241607666,-1.342499865722656,-0.083906241607666,-1.342499865722656,0.3438,-0.026693553,0.42770624,7
Buddy Ryan,1987,2,0.005679560136795,0.09087296218872,-0.07822668147087099,-1.2516269035339358,0.4667,-0.0133013725,0.46102044,7
Buddy Ryan,1988,3,-0.0168350338935852,-0.2693605422973632,-0.09506171536445619,-1.520987445831299,0.625,-0.047879815,0.64183503,7
Buddy Ryan,1989,4,0.0246874690055847,0.3949995040893552,-0.07037424635887149,-1.1259879417419438,0.6875,-0.046095252,0.66281253,7
Buddy Ryan,1990,5,0.018142282962799,0.290276527404784,-0.05223196339607249,-0.8357114143371598,0.625,-0.020570874,0.6068577,7
Buddy Ryan,1994,6,-0.0217072367668151,-0.3473157882690416,-0.07393920016288759,-1.1830272026062014,0.5,-0.004796028,0.52170724,7
Buddy Ryan,1995,7,-0.1032165586948394,-1.6514649391174303,-0.177155758857727,-2.834492141723632,0.25,-0.026912123,0.35321656,7
Chan Gailey,1998,1,0.0234774351119995,0.375638961791992,0.0234774351119995,0.375638961791992,0.625,0.030896425,0.60152256,5
Chan Gailey,1999,2,-0.1800712347030639,-2.8811397552490225,-0.1565937995910644,-2.5055007934570304,0.5,0.023777664,0.68007123,5
Chan Gailey,2010,3,-0.0108668208122253,-0.1738691329956048,-0.16746062040328968,-2.679369926452635,0.25,0.015194088,0.26086682,5
Chan Gailey,2011,4,-0.0161429345607757,-0.2582869529724112,-0.18360355496406539,-2.937656879425046,0.375,0.0022545755,0.39114293,5
Chan Gailey,2012,5,-0.0216519236564636,-0.3464307785034176,-0.20525547862052898,-3.2840876579284637,0.375,-0.014366299,0.39665192,5
Mike White,1995,1,0.0234273374080657,0.3748373985290512,0.0234273374080657,0.3748373985290512,0.5,-0.069013655,0.47657266,2
Mike White,1996,2,-0.096260666847229,-1.540170669555664,-0.0728333294391633,-1.1653332710266129,0.4375,-0.013439238,0.53376067,2
Josh McDaniels,2009,1,-0.0626938939094543,-1.0031023025512689,-0.0626938939094543,-1.0031023025512689,0.5,-0.023984194,0.5626939,4
Josh McDaniels,2010,2,-0.21729376912117,-3.47670030593872,-0.2799876630306243,-4.4798026084899885,0.25,-0.041169316,0.46729377,4
Josh McDaniels,2022,3,0.0234107390880584,0.3745718254089344,-0.25657692394256587,-4.105230783081054,0.3529,-0.0029904842,0.32948926,4
Josh McDaniels,2023,4,-0.0039488971233367,-0.0631823539733872,-0.26052582106590255,-4.168413137054441,0.375,0.020270586,0.3789489,4
Hue Jackson,2011,1,0.0229947865009307,0.3679165840148912,0.0229947865009307,0.3679165840148912,0.5,-0.023249686,0.4770052,4
Hue Jackson,2016,2,-0.2802242040634155,-4.483587265014648,-0.25722941756248485,-4.115670680999758,0.0625,-0.031907648,0.3427242,4
Hue Jackson,2017,3,-0.2675302028656006,-4.280483245849609,-0.5247596204280854,-8.396153926849367,0.0,-0.064146,0.2675302,4
Hue Jackson,2018,4,-0.1881697177886963,-3.0107154846191406,-0.7129293382167817,-11.406869411468508,0.3125,-0.06286988,0.5006697,4
Rod Dowhower,1985,1,0.0219486653804779,0.3511786460876464,0.0219486653804779,0.3511786460876464,0.3125,0.032206833,0.29055133,2
Rod Dowhower,1986,2,-0.2399245053529739,-3.8387920856475826,-0.217975839972496,-3.487613439559936,0.0,-0.036004633,0.2399245,2
Bill Callahan,2002,1,0.0204551815986633,0.3272829055786128,0.0204551815986633,0.3272829055786128,0.6875,0.020694435,0.6670448,2
Bill Callahan,2003,2,-0.1059525907039642,-1.6952414512634273,-0.0854974091053009,-1.3679585456848145,0.25,0.015963554,0.3559526,2
June Jones,1994,1,-0.0119638442993164,-0.1914215087890624,-0.0119638442993164,-0.1914215087890624,0.4375,0.01742822,0.44946384,3
June Jones,1995,2,0.020175814628601,0.322813034057616,0.008211970329284602,0.13139152526855363,0.5625,-0.008939803,0.5423242,3
June Jones,1996,3,-0.0327439606189727,-0.5239033699035632,-0.0245319902896881,-0.3925118446350096,0.1875,-0.010293767,0.22024396,3
Dan Henning,1983,1,-0.0060276091098785,-0.096441745758056,-0.0060276091098785,-0.096441745758056,0.4375,-0.0062614977,0.4435276,7
Dan Henning,1984,2,-0.0689491033554077,-1.1031856536865232,-0.0749767124652862,-1.1996273994445792,0.25,-0.036263227,0.3189491,7
Dan Henning,1985,3,-0.1011790037155151,-1.6188640594482415,-0.17615571618080128,-2.8184914588928205,0.25,-0.053192824,0.351179,7
Dan Henning,1986,4,0.0192948198795318,0.3087171180725088,-0.15686089630126948,-2.5097743408203117,0.4688,-0.051359504,0.44950518,7
Dan Henning,1989,5,-0.0730551183223724,-1.1688818931579583,-0.22991601462364186,-3.67865623397827,0.375,-0.059270322,0.44805512,7
Dan Henning,1990,6,-0.0043658912181854,-0.0698542594909664,-0.23428190584182726,-3.748510493469236,0.375,-0.01324138,0.3793659,7
Dan Henning,1991,7,-0.123767077922821,-1.980273246765136,-0.3580489837646483,-5.728783740234372,0.25,-0.022405922,0.37376708,7
Raheem Morris,2009,1,-0.0312166512012481,-0.4994664192199696,-0.0312166512012481,-0.4994664192199696,0.1875,0.0059069246,0.21871665,4
Raheem Morris,2010,2,0.0184776186943054,0.2956418991088864,-0.0127390325069427,-0.2038245201110832,0.625,-0.07390034,0.6065224,4
Raheem Morris,2011,3,-0.1450065076351165,-2.320104122161864,-0.1577455401420592,-2.523928642272947,0.25,-0.06495041,0.3950065,4
Raheem Morris,2024,4,-0.0363140791893005,-0.581025267028808,-0.19405961933135968,-3.104953909301755,0.4706,-0.062182963,0.5069141,4
Jim Tomsula,2015,1,0.0184333026409149,0.2949328422546384,0.0184333026409149,0.2949328422546384,0.3125,0.027661055,0.2940667,1
Mike Mularkey,2004,1,-0.0422318577766418,-0.6757097244262688,-0.0422318577766418,-0.6757097244262688,0.5625,-0.014198303,0.60473186,5
Mike Mularkey,2005,2,-0.0953618586063385,-1.525789737701416,-0.1375937163829803,-2.2014994621276847,0.3125,0.018439114,0.40786186,5
Mike Mularkey,2012,3,-0.198194146156311,-3.171106338500976,-0.33578786253929127,-5.37260580062866,0.125,-0.012382776,0.32319415,5
Mike Mularkey,2016,4,0.0171014070510864,0.2736225128173824,-0.31868645548820485,-5.0989832878112775,0.5625,-0.045665264,0.5453986,5
Mike Mularkey,2017,5,-0.009733498096466,-0.155735969543456,-0.32841995358467085,-5.254719257354734,0.5625,-0.025140643,0.5722335,5
Arthur Smith,2021,1,-0.1565693289756775,-2.50510926361084,-0.1565693289756775,-2.50510926361084,0.4118,-0.013649225,0.5683693,3
Arthur Smith,2022,2,0.0166911213874816,0.2670579421997056,-0.13987820758819589,-2.238051321411134,0.4118,-0.06870803,0.39510888,3
Arthur Smith,2023,3,-0.0524953276634216,-0.8399252426147455,-0.1923735352516175,-3.07797656402588,0.4118,-0.04587853,0.46429533,3
Mike McCormack,1973,1,0.0161092976570129,0.2577487625122064,0.0161092976570129,0.2577487625122064,0.3929,0.0057863295,0.3767907,5
Mike McCormack,1974,2,-0.0064338445663452,-0.1029415130615232,0.0096754530906677,0.1548072494506832,0.5,-0.039886385,0.50643384,5
Mike McCormack,1975,3,-0.1942193143844604,-3.1075090301513666,-0.18454386129379272,-2.9527017807006835,0.2857,-0.054691702,0.4799193,5
Mike McCormack,1980,4,-0.0826335549354553,-1.3221368789672847,-0.267177416229248,-4.274838659667968,0.4375,-0.07738209,0.52013355,5
Mike McCormack,1981,5,-0.1096827685832977,-1.7549242973327632,-0.3768601848125457,-6.029762957000731,0.125,-0.04126163,0.23468277,5
Doug Marrone,2013,1,-0.1092427372932434,-1.7478837966918943,-0.1092427372932434,-1.7478837966918943,0.375,-0.017277956,0.48424274,6
Doug Marrone,2014,2,-0.0070685744285583,-0.1130971908569328,-0.11631131172180169,-1.860980987548827,0.5625,-0.017522454,0.5695686,6
Doug Marrone,2017,3,-0.049090564250946,-0.785449028015136,-0.1654018759727477,-2.646430015563963,0.625,-0.028485179,0.67409056,6
Doug Marrone,2018,4,-0.086799681186676,-1.388794898986816,-0.2522015571594237,-4.0352249145507795,0.3125,0.0042283833,0.39929968,6
Doug Marrone,2019,5,0.0130299031734466,0.2084784507751456,-0.23917165398597712,-3.826746463775634,0.375,-0.007875472,0.3619701,6
Doug Marrone,2020,6,-0.1576808989048004,-2.522894382476806,-0.3968525528907775,-6.34964084625244,0.0625,-0.03379318,0.2201809,6
Hank Stram,1970,1,-0.0943860279083251,-1.5101764465332017,-0.0943860279083251,-1.5101764465332017,0.5714,-0.021289349,0.665786,7
Hank Stram,1971,2,0.0045562982559204,0.0729007720947264,-0.08982972965240471,-1.4372756744384754,0.75,0.0007955432,0.7454437,7
Hank Stram,1972,3,0.0115226043701172,0.1843616699218752,-0.0783071252822875,-1.2529140045166,0.5714,0.013745725,0.5598774,7
Hank Stram,1973,4,-0.013967739200592,-0.223483827209472,-0.0922748644828795,-1.476397831726072,0.5714,0.05046302,0.58536774,7
Hank Stram,1974,5,-0.0649010042190552,-1.0384160675048832,-0.1571758687019347,-2.514813899230955,0.3571,0.02920261,0.422001,7
Hank Stram,1976,6,-0.0203743510723113,-0.3259896171569808,-0.177550219774246,-2.840803516387936,0.2857,0.014914364,0.30607435,7
Hank Stram,1977,7,-0.0543399519443512,-0.8694392311096192,-0.23189017171859722,-3.7102427474975554,0.2143,-0.02232851,0.26863995,7
Gregg Williams,2001,1,-0.0969626903533935,-1.551403045654296,-0.0969626903533935,-1.551403045654296,0.1875,-0.03957562,0.2844627,3
Gregg Williams,2002,2,-0.0565822124481201,-0.9053153991699217,-0.15354490280151362,-2.456718444824218,0.5,-0.038704276,0.5565822,3
Gregg Williams,2003,3,0.0109484791755676,0.1751756668090816,-0.14259642362594602,-2.2815427780151363,0.375,-0.01834461,0.36405152,3
Brandon Staley,2021,1,0.0084088534355163,0.1345416549682608,0.0084088534355163,0.1345416549682608,0.5294,0.020565808,0.52099115,3
Brandon Staley,2022,2,-0.088025483417511,-1.408407734680176,-0.0796166299819947,-1.2738660797119152,0.5882,-0.039586723,0.6762255,3
Brandon Staley,2023,3,-0.0004498461723327,-0.0071975387573232,-0.0800664761543274,-1.2810636184692383,0.3571,0.004124999,0.35754985,3
Dave McGinnis,2001,1,-0.1461384296417236,-2.3382148742675777,-0.1461384296417236,-2.3382148742675777,0.4375,-0.018479645,0.5836384,3
Dave McGinnis,2002,2,-0.0143857896327972,-0.2301726341247552,-0.16052421927452082,-2.568387508392333,0.3125,-0.039207697,0.3268858,3
Dave McGinnis,2003,3,0.0072430819272994,0.1158893108367904,-0.15328113734722143,-2.452498197555543,0.25,-0.035902455,0.24275692,3
Nick Saban,2005,1,0.0023189783096313,0.0371036529541008,0.0023189783096313,0.0371036529541008,0.5625,-0.028179944,0.560181,2
Nick Saban,2006,2,-0.0153025984764099,-0.2448415756225584,-0.0129836201667786,-0.2077379226684576,0.375,-0.018294454,0.3903026,2
Dave Campo,2000,1,-0.0314186811447143,-0.5026988983154288,-0.0314186811447143,-0.5026988983154288,0.3125,0.002196014,0.34391868,3
Dave Campo,2001,2,0.0015398561954498,0.0246376991271968,-0.0298788249492645,-0.478061199188232,0.3125,-0.027289331,0.31096014,3
Dave Campo,2002,3,-0.1459909379482269,-2.3358550071716304,-0.1758697628974914,-2.8139162063598624,0.3125,-0.048182607,0.45849094,3
Phil Bengtson,1970,1,0.00075216755867,0.01203468093872,0.00075216755867,0.01203468093872,0.4286,-0.03464824,0.42784783,1
Joe Philbin,2012,1,-0.0260617434978485,-0.416987895965576,-0.0260617434978485,-0.416987895965576,0.4375,-0.038519353,0.46356174,4
Joe Philbin,2013,2,-0.0063629150390625,-0.101806640625,-0.032424658536911,-0.518794536590576,0.5,-0.007842988,0.5063629,4
Joe Philbin,2014,3,0.0003455877304077,0.0055294036865232,-0.032079070806503296,-0.5132651329040527,0.5,-0.021743625,0.4996544,4
Joe Philbin,2015,4,-0.2177867889404297,-3.484588623046875,-0.24986585974693298,-3.9978537559509277,0.25,-0.039322555,0.4677868,4
Matt Patricia,2018,1,-0.0371599495410919,-0.5945591926574704,-0.0371599495410919,-0.5945591926574704,0.375,0.005491078,0.41215995,3
Matt Patricia,2019,2,-0.0235227429389953,-0.3763638870239248,-0.0606826924800872,-0.9709230796813952,0.2188,-0.021857306,0.24232274,3
Matt Patricia,2020,3,-0.0002292849063873,-0.0036685585021968,-0.060911977386474504,-0.9745916381835921,0.3636,-0.006940156,0.36382928,3
Steve Spurrier,2002,1,-0.0011233389377593,-0.0179734230041488,-0.0011233389377593,-0.0179734230041488,0.4375,-0.06521854,0.43862334,2
Steve Spurrier,2003,2,-0.145043283700943,-2.320692539215088,-0.14616662263870228,-2.3386659622192365,0.3125,-0.00072285533,0.45754328,2
Hugh Campbell,1984,1,-0.191498190164566,-3.063971042633056,-0.191498190164566,-3.063971042633056,0.1875,-0.107852936,0.3789982,2
Hugh Campbell,1985,2,-0.0018769005775451,-0.0300304092407216,-0.19337509074211112,-3.094001451873778,0.3571,-0.078192115,0.3589769,2
Marion Campbell,1975,1,-0.1253723733901977,-2.005957974243163,-0.1253723733901977,-2.005957974243163,0.2857,-0.019889593,0.41107237,8
Marion Campbell,1976,2,-0.0733455896377563,-1.1735294342041007,-0.19871796302795397,-3.1794874084472635,0.2,-0.048001632,0.2733456,8
Marion Campbell,1983,3,-0.0723982453346252,-1.1583719253540032,-0.27111620836257916,-4.3378593338012665,0.3125,-0.074420124,0.38489825,8
Marion Campbell,1984,4,-0.0093704975128173,-0.1499279602050768,-0.2804867058753965,-4.487787294006344,0.4062,-0.058253884,0.4155705,8
Marion Campbell,1985,5,-0.0019220173358917,-0.0307522773742672,-0.2824087232112882,-4.518539571380611,0.4,-0.030290604,0.40192202,8
Marion Campbell,1987,6,-0.0499864101409912,-0.7997825622558592,-0.3323951333522794,-5.31832213363647,0.2,-0.020613551,0.24998641,8
Marion Campbell,1988,7,-0.1108900606632232,-1.7742409706115712,-0.4432851940155026,-7.0925631042480415,0.3125,-0.0555768,0.42339006,8
Marion Campbell,1989,8,-0.153286874294281,-2.452589988708496,-0.5965720683097836,-9.545153092956538,0.25,-0.071336955,0.40328687,8
Tommy Hudspeth,1977,1,-0.0035727752685547,-0.0571644042968752,-0.0035727752685547,-0.0571644042968752,0.4286,0.015504479,0.43217278,1
David Shula,1992,1,-0.1244237720966339,-1.9907803535461424,-0.1244237720966339,-1.9907803535461424,0.3125,-0.04356259,0.43692377,5
David Shula,1993,2,-0.1121259033679962,-1.7940144538879392,-0.2365496754646301,-3.7847948074340816,0.1875,-0.08291584,0.2996259,5
David Shula,1994,3,-0.0046184062957763,-0.0738945007324208,-0.2411680817604064,-3.8586893081665026,0.1875,-0.04544173,0.1921184,5
David Shula,1995,4,-0.0470772385597229,-0.7532358169555664,-0.2882453203201293,-4.6119251251220685,0.4375,-0.081056654,0.48457724,5
David Shula,1996,5,-0.4384463330268859,-7.0151413284301745,-0.7266916533470151,-11.627066453552242,0.1429,-0.13055897,0.58134633,5
Dirk Koetter,2016,1,-0.0047659873962402,-0.0762557983398432,-0.0047659873962402,-0.0762557983398432,0.5625,-0.030786276,0.567266,3
Dirk Koetter,2017,2,-0.107376217842102,-1.718019485473632,-0.1121422052383422,-1.7942752838134752,0.3125,-0.029118627,0.41987622,3
Dirk Koetter,2018,3,-0.1013982594013214,-1.6223721504211424,-0.21354046463966359,-3.4166474342346174,0.3125,-0.0677048,0.41389826,3
Howard Schnellenberger,1973,1,-0.0062403314590454,-0.0998453033447264,-0.0062403314590454,-0.0998453033447264,0.2857,-0.040459156,0.29194033,2
Howard Schnellenberger,1974,2,-0.2092050015926361,-3.3472800254821777,-0.2154453330516815,-3.447125328826904,0.0,-0.07096675,0.209205,2
Vance Joseph,2017,1,-0.0073358118534088,-0.1173729896545408,-0.0073358118534088,-0.1173729896545408,0.3125,-0.050050735,0.3198358,2
Vance Joseph,2018,2,-0.0896002948284149,-1.4336047172546384,-0.0969361066818237,-1.5509777069091792,0.375,-0.039353848,0.4646003,2
Kevin Gilbride,1997,1,-0.0094224214553833,-0.1507587432861328,-0.0094224214553833,-0.1507587432861328,0.25,0.027100086,0.25942242,2
Kevin Gilbride,1998,2,-0.1062739138126373,-1.7003826210021968,-0.1156963352680206,-1.8511413642883296,0.3333,-0.05414009,0.4395739,2
Jim Haslett,2000,1,-0.0096932649612426,-0.1550922393798816,-0.0096932649612426,-0.1550922393798816,0.625,0.002067566,0.63469326,6
Jim Haslett,2001,2,-0.0129435658454895,-0.207097053527832,-0.0226368308067321,-0.3621892929077136,0.4375,-0.011178136,0.45044357,6
Jim Haslett,2002,3,-0.0798164010047912,-1.2770624160766593,-0.1024532318115233,-1.6392517089843728,0.5625,-0.04037422,0.6423164,6
Jim Haslett,2003,4,-0.1025999784469604,-1.6415996551513663,-0.2050532102584837,-3.280851364135739,0.5,-0.048944294,0.6026,6
Jim Haslett,2004,5,-0.0293787121772766,-0.4700593948364256,-0.2344319224357603,-3.750910758972165,0.5,-0.02653265,0.5293787,6
Jim Haslett,2005,6,-0.1921525299549102,-3.074440479278563,-0.4265844523906705,-6.825351238250728,0.1875,-0.053278685,0.37965253,6
Jim Schwartz,2009,1,-0.1750846803188324,-2.8013548851013184,-0.1750846803188324,-2.8013548851013184,0.125,-0.03840971,0.30008468,5
Jim Schwartz,2010,2,-0.0110782980918884,-0.1772527694702144,-0.1861629784107208,-2.9786076545715328,0.375,-0.040643603,0.3860783,5
Jim Schwartz,2011,3,-0.076150894165039,-1.218414306640624,-0.2623138725757598,-4.197021961212156,0.625,-0.06856179,0.7011509,5
Jim Schwartz,2012,4,-0.2626486420631408,-4.202378273010253,-0.5249625146389005,-8.399400234222409,0.25,-0.06773114,0.51264864,5
Jim Schwartz,2013,5,-0.1521629691123962,-2.4346075057983394,-0.6771254837512968,-10.834007740020748,0.4375,-0.053935826,0.58966297,5
Ed Biles,1981,1,-0.0116073191165924,-0.1857171058654784,-0.0116073191165924,-0.1857171058654784,0.4375,-0.0018411577,0.44910732,3
Ed Biles,1982,2,-0.1250553460359573,-2.000885536575317,-0.1366626651525497,-2.1866026424407954,0.1111,-0.044743806,0.23615535,3
Ed Biles,1983,3,-0.2100324034690857,-3.360518455505371,-0.3466950686216354,-5.5471210979461665,0.0,-0.057635963,0.2100324,3
Herm Edwards,2001,1,-0.012636125087738,-0.202178001403808,-0.012636125087738,-0.202178001403808,0.625,-0.060601473,0.6376361,8
Herm Edwards,2002,2,-0.0270056128501892,-0.4320898056030272,-0.0396417379379272,-0.6342678070068352,0.5625,-0.03485769,0.5895056,8
Herm Edwards,2003,3,-0.0757824480533599,-1.2125191688537584,-0.11542418599128709,-1.8467869758605935,0.375,-0.02541712,0.45078245,8
Herm Edwards,2004,4,-0.0640674233436584,-1.0250787734985345,-0.1794916093349455,-2.871865749359128,0.625,-0.04409176,0.6890674,8
Herm Edwards,2005,5,-0.1462737917900085,-2.340380668640136,-0.325765401124954,-5.212246417999264,0.25,-0.04097393,0.3962738,8
Herm Edwards,2006,6,-0.026365041732788,-0.421840667724608,-0.352130442857742,-5.634087085723872,0.5625,-0.028003156,0.58886504,8
Herm Edwards,2007,7,-0.2204365134239196,-3.5269842147827135,-0.5725669562816615,-9.161071300506585,0.25,-0.06860542,0.4704365,8
Herm Edwards,2008,8,-0.134321391582489,-2.149142265319824,-0.7068883478641506,-11.310213565826409,0.125,-0.037989885,0.2593214,8
Romeo Crennel,2005,1,-0.1058295667171478,-1.6932730674743648,-0.1058295667171478,-1.6932730674743648,0.375,-0.049488813,0.48082957,5
Romeo Crennel,2006,2,-0.0686280131340026,-1.0980482101440416,-0.1744575798511504,-2.7913212776184064,0.25,-0.04549554,0.318628,5
Romeo Crennel,2007,3,-0.0133188366889953,-0.2131013870239248,-0.1877764165401457,-3.0044226646423313,0.625,-0.04337573,0.63831884,5
Romeo Crennel,2008,4,-0.1595390141010284,-2.552624225616454,-0.3473154306411741,-5.5570468902587855,0.25,-0.08803201,0.409539,5
Romeo Crennel,2012,5,-0.176590085029602,-2.825441360473632,-0.5239055156707761,-8.382488250732418,0.125,-0.07090995,0.30159009,5
Gunther Cunningham,1999,1,-0.0181230306625366,-0.2899684906005856,-0.0181230306625366,-0.2899684906005856,0.5625,-0.036415398,0.58062303,2
Gunther Cunningham,2000,2,-0.1469607949256897,-2.351372718811035,-0.1650838255882263,-2.6413412094116206,0.4375,-0.025786817,0.5844608,2
Ed Hughes,1971,1,-0.0238758193016052,-0.3820131088256832,-0.0238758193016052,-0.3820131088256832,0.3214,-0.019585937,0.34527582,1
Dave Canales,2024,1,-0.0242754384517669,-0.3884070152282704,-0.0242754384517669,-0.3884070152282704,0.2941,0.025235206,0.31837544,1
Gus Bradley,2013,1,-0.027121216058731,-0.433939456939696,-0.027121216058731,-0.433939456939696,0.25,-0.043181524,0.27712122,4
Gus Bradley,2014,2,-0.0375688523054122,-0.6011016368865952,-0.0646900683641432,-1.0350410938262913,0.1875,-0.044905424,0.22506885,4
Gus Bradley,2015,3,-0.1388837993144989,-2.2221407890319824,-0.2035738676786421,-3.2571818828582737,0.3125,-0.06861231,0.4513838,4
Gus Bradley,2016,4,-0.2007597287654876,-3.2121556602478014,-0.4043335964441297,-6.469337543106075,0.1429,-0.061186045,0.34365973,4
Bruce Coslet,1990,1,-0.2089791297912597,-3.3436660766601554,-0.2089791297912597,-3.3436660766601554,0.375,-0.089387774,0.5839791,8
Bruce Coslet,1991,2,-0.0892722010612487,-1.4283552169799791,-0.29825133085250843,-4.772021293640135,0.5,-0.06309563,0.5892722,8
Bruce Coslet,1992,3,-0.1240076422691345,-1.984122276306152,-0.42225897312164296,-6.756143569946287,0.25,-0.019093513,0.37400764,8
Bruce Coslet,1993,4,-0.0278934836387634,-0.4462957382202144,-0.4501524567604064,-7.202439308166502,0.5,-0.01346153,0.5278935,8
Bruce Coslet,1997,5,-0.0973410010337829,-1.5574560165405265,-0.5474934577941892,-8.759895324707028,0.4375,-0.016045272,0.534841,8
Bruce Coslet,1998,6,-0.1438433527946472,-2.301493644714355,-0.6913368105888364,-11.061388969421383,0.1875,-0.024567068,0.33134335,8
Bruce Coslet,1999,7,-0.0682814419269561,-1.0925030708312975,-0.7596182525157925,-12.15389204025268,0.25,-0.048588216,0.31828144,8
Bruce Coslet,2000,8,-0.2828268110752105,-4.525228977203368,-1.042445063591003,-16.679121017456048,0.0,-0.045340374,0.2828268,8
Bud Carson,1989,1,-0.0512793147087097,-0.8204690353393552,-0.0512793147087097,-0.8204690353393552,0.5938,-0.09587139,0.6450793,2
Bud Carson,1990,2,-0.0279044571399688,-0.4464713142395008,-0.0791837718486785,-1.266940349578856,0.2222,-0.02762568,0.25010446,2
Marc Trestman,2013,1,-0.0758528113365173,-1.213644981384277,-0.0758528113365173,-1.213644981384277,0.5,-0.05309719,0.5758528,2
Marc Trestman,2014,2,-0.0281016528606414,-0.4496264457702624,-0.1039544641971587,-1.6632714271545392,0.3125,-0.01374349,0.34060165,2
Antonio Pierce,2024,1,-0.0300659880161285,-0.481055808258056,-0.0300659880161285,-0.481055808258056,0.2353,-0.027585536,0.265366,1
Mike Munchak,2011,1,-0.0321751236915588,-0.5148019790649409,-0.0321751236915588,-0.5148019790649409,0.5625,-0.03172815,0.5946751,3
Mike Munchak,2012,2,-0.0588909089565277,-0.9422545433044432,-0.0910660326480865,-1.457056522369384,0.375,-0.043520868,0.4338909,3
Mike Munchak,2013,3,-0.0377147793769836,-0.6034364700317376,-0.1287808120250701,-2.0604929924011217,0.4375,-0.06507605,0.47521478,3
Steve Wilks,2018,1,-0.0332214534282684,-0.5315432548522944,-0.0332214534282684,-0.5315432548522944,0.1875,-0.029156208,0.22072145,1
Joe Vitt,2012,1,-0.0344103574752807,-0.5505657196044912,-0.0344103574752807,-0.5505657196044912,0.5,-0.04466805,0.53441036,1
Bud Wilkinson,1978,1,-0.0388462841510772,-0.6215405464172352,-0.0388462841510772,-0.6215405464172352,0.375,0.029208273,0.41384628,2
Bud Wilkinson,1979,2,-0.1705144075870514,-2.728230521392822,-0.2093606917381286,-3.3497710678100576,0.2308,-0.015890181,0.4013144,2
John Rauch,1970,1,-0.0476473867893219,-0.7623581886291504,-0.0476473867893219,-0.7623581886291504,0.25,-0.038764656,0.2976474,1
Harland Svare,1972,1,-0.1407941149234771,-2.2527058387756336,-0.1407941149234771,-2.2527058387756336,0.3214,-0.05377984,0.46219411,2
Harland Svare,1973,2,-0.0501140356063842,-0.8018245697021472,-0.1909081505298613,-3.0545304084777807,0.1875,-0.005860314,0.23761404,2
Mike Nolan,2005,1,-0.050585925579071,-0.809374809265136,-0.050585925579071,-0.809374809265136,0.25,-0.00092059374,0.30058593,4
Mike Nolan,2006,2,-0.1018596291542053,-1.6297540664672847,-0.1524455547332763,-2.439128875732421,0.4375,-0.062698096,0.5393596,4
Mike Nolan,2007,3,-0.0816024243831634,-1.3056387901306143,-0.2340479791164397,-3.7447676658630353,0.3125,-0.05866608,0.39410242,4
Mike Nolan,2008,4,-0.2298425071716308,-3.6774801147460927,-0.4638904862880705,-7.422247780609128,0.2857,-0.05696407,0.5155425,4
Rich Brooks,1995,1,-0.0845997929573059,-1.3535966873168943,-0.0845997929573059,-1.3535966873168943,0.4375,-0.046141863,0.5220998,2
Rich Brooks,1996,2,-0.0534541606903076,-0.8552665710449217,-0.1380539536476135,-2.208863258361816,0.375,-0.016587734,0.42845416,2
Rod Marinelli,2006,1,-0.2162895798683166,-3.4606332778930655,-0.2162895798683166,-3.4606332778930655,0.1875,-0.058143646,0.40378958,3
Rod Marinelli,2007,2,-0.0539886951446533,-0.8638191223144528,-0.2702782750129699,-4.324452400207519,0.4375,-0.0677731,0.4914887,3
Rod Marinelli,2008,3,-0.1803413927555084,-2.8854622840881343,-0.4506196677684783,-7.2099146842956525,0.0,-0.055865206,0.1803414,3
Jerod Mayo,2024,1,-0.0543219789981841,-0.8691516639709456,-0.0543219789981841,-0.8691516639709456,0.2353,0.0036845505,0.28962198,1
Blanton Collier,1970,1,-0.0579205155372619,-0.9267282485961904,-0.0579205155372619,-0.9267282485961904,0.5,-0.09946537,0.5579205,1
Marty Mornhinweg,2001,1,-0.2554140090942383,-4.0866241455078125,-0.2554140090942383,-4.0866241455078125,0.125,-0.057499737,0.380414,2
Marty Mornhinweg,2002,2,-0.0598465502262115,-0.957544803619384,-0.3152605593204498,-5.044168949127196,0.1875,-0.06831977,0.24734655,2
Bill Peterson,1972,1,-0.0609309987783431,-0.9748959804534896,-0.0609309987783431,-0.9748959804534896,0.0714,0.021676123,0.132331,2
Bill Peterson,1973,2,-0.1765002310276031,-2.8240036964416495,-0.2374312298059462,-3.798899676895139,0.0,-0.039068818,0.17650023,2
Abe Gibron,1972,1,-0.221619413948059,-3.545910623168944,-0.221619413948059,-3.545910623168944,0.3214,-0.10040906,0.5430194,3
Abe Gibron,1973,2,-0.0804756946086883,-1.2876111137390127,-0.3020951085567473,-4.833521736907957,0.2143,-0.01588586,0.2947757,3
Abe Gibron,1974,3,-0.0617287986755371,-0.9876607788085936,-0.3638239072322844,-5.821182515716551,0.2857,-0.03237784,0.3474288,3
Joe Judge,2020,1,-0.126466691493988,-2.023467063903808,-0.126466691493988,-2.023467063903808,0.375,0.006087482,0.5014667,2
Joe Judge,2021,2,-0.0630291745185852,-1.0084667922973631,-0.1894958660125732,-3.0319338562011713,0.2353,-0.022581846,0.29832917,2
Paul Wiggin,1975,1,-0.0640349785327911,-1.0245596565246575,-0.0640349785327911,-1.0245596565246575,0.3571,-0.026590914,0.42113498,3
Paul Wiggin,1976,2,-0.1642435888290405,-2.627897421264648,-0.2282785673618316,-3.6524570777893057,0.3571,-0.08659065,0.5213436,3
Paul Wiggin,1977,3,-0.2579756577968597,-4.127610524749755,-0.4862542251586913,-7.780067602539061,0.1429,-0.09489307,0.40087566,3
Rob Chudzinski,2013,1,-0.0678592920303344,-1.0857486724853505,-0.0678592920303344,-1.0857486724853505,0.25,-0.04158297,0.3178593,1
Mike Pettine,2014,1,-0.0718060731887817,-1.1488971710205071,-0.0718060731887817,-1.1488971710205071,0.4375,-0.046052873,0.5093061,2
Mike Pettine,2015,2,-0.1034543812274932,-1.6552700996398912,-0.1752604544162749,-2.8041672706603986,0.1875,-0.0448779,0.29095438,2
Chris Palmer,1999,1,-0.2593029737472534,-4.148847579956055,-0.2593029737472534,-4.148847579956055,0.125,0.012687087,0.38430297,2
Chris Palmer,2000,2,-0.0738444924354553,-1.1815118789672847,-0.33314746618270874,-5.33035945892334,0.1875,-0.06626794,0.2613445,2
Les Steckel,1984,1,-0.076060950756073,-1.216975212097168,-0.076060950756073,-1.216975212097168,0.1875,-0.028847367,0.26356095,1
Brian Callahan,2024,1,-0.0780724213123321,-1.2491587409973135,-0.0780724213123321,-1.2491587409973135,0.1765,0.04001656,0.25457242,1
Ken Meyer,1977,1,-0.0785536269187927,-1.2568580307006831,-0.0785536269187927,-1.2568580307006831,0.3571,0.0006301701,0.43565363,1
Charlie Waller,1970,1,-0.0800508625030517,-1.2808138000488272,-0.0800508625030517,-1.2808138000488272,0.4643,-0.06485975,0.54435086,1
Lane Kiffin,2007,1,-0.0818697810173034,-1.3099164962768544,-0.0818697810173034,-1.3099164962768544,0.25,-0.0051445663,0.33186978,2
Lane Kiffin,2008,2,-0.182171881198883,-2.914750099182128,-0.2640416622161864,-4.224666595458983,0.25,-0.08029622,0.43217188,2
Frank Gansz,1987,1,-0.0830341871261596,-1.3285469940185537,-0.0830341871261596,-1.3285469940185537,0.2667,0.01783666,0.3497342,2
Frank Gansz,1988,2,-0.1095319903373718,-1.752511845397949,-0.1925661774635314,-3.0810588394165026,0.2812,-0.027970463,0.390732,2
Freddie Kitchens,2019,1,-0.0830887556076049,-1.3294200897216784,-0.0830887556076049,-1.3294200897216784,0.375,0.003278613,0.45808876,1
Scott Linehan,2006,1,-0.0843936204910278,-1.3502979278564449,-0.0843936204910278,-1.3502979278564449,0.5,-0.034131467,0.5843936,3
Scott Linehan,2007,2,-0.1585133671760559,-2.5362138748168945,-0.2429069876670837,-3.8865118026733394,0.1875,-0.05039549,0.34601337,3
Scott Linehan,2008,3,-0.2435393929481506,-3.8966302871704097,-0.4864463806152343,-7.783142089843749,0.0,-0.052329347,0.2435394,3
Clive Rush,1970,1,-0.0850493361711502,-1.360789378738403,-0.0850493361711502,-1.360789378738403,0.1429,-0.037097737,0.22794934,1
Bill Austin,1970,1,-0.0902001990318298,-1.4432031845092768,-0.0902001990318298,-1.4432031845092768,0.4286,-0.027684629,0.5188002,1
Harvey Johnson,1971,1,-0.0912640707254409,-1.4602251316070545,-0.0912640707254409,-1.4602251316070545,0.0714,-0.04906866,0.16266407,1
J.D. Roberts,1970,1,-0.1982406278610229,-3.1718500457763663,-0.1982406278610229,-3.1718500457763663,0.1429,-0.06055519,0.34114063,3
J.D. Roberts,1971,2,-0.1340922216415405,-2.145475546264648,-0.33233284950256337,-5.317325592041014,0.3571,-0.10567567,0.49119222,3
J.D. Roberts,1972,3,-0.0988693369865417,-1.5819093917846672,-0.4312021864891051,-6.899234983825681,0.1786,-0.071597606,0.27746934,3
Richard Williamson,1991,1,-0.1012982130050659,-1.6207714080810545,-0.1012982130050659,-1.6207714080810545,0.1875,-0.073832646,0.2887982,1
Ed Khayat,1972,1,-0.103780849123001,-1.660493585968016,-0.103780849123001,-1.660493585968016,0.1786,-0.025986642,0.28238085,1
Greg Schiano,2012,1,-0.106544554233551,-1.704712867736816,-0.106544554233551,-1.704712867736816,0.4375,-0.008939803,0.54404455,2
Greg Schiano,2013,2,-0.2428385615348816,-3.8854169845581055,-0.3493831157684326,-5.590129852294922,0.25,0.0031617582,0.49283856,2
Hank Bullough,1986,1,-0.1122174027442932,-1.7954784439086913,-0.1122174027442932,-1.7954784439086913,0.2222,-0.047689974,0.3344174,1
Pete McCulley,1978,1,-0.1135143519878387,-1.8162296318054192,-0.1135143519878387,-1.8162296318054192,0.1111,-0.013859123,0.22461435,1
Urban Meyer,2021,1,-0.115309308719635,-1.84494893951416,-0.115309308719635,-1.84494893951416,0.1538,-0.040429994,0.2691093,1
Jim Ringo,1977,1,-0.1155716843128204,-1.8491469490051264,-0.1155716843128204,-1.8491469490051264,0.2143,-0.040224493,0.32987168,1
Nathaniel Hackett,2022,1,-0.1169178183555603,-1.8706850936889647,-0.1169178183555603,-1.8706850936889647,0.2667,0.0132109225,0.38361782,1
David Culley,2021,1,-0.1190360531330108,-1.9045768501281728,-0.1190360531330108,-1.9045768501281728,0.2353,0.0049057007,0.35433605,1
Richie Petitbon,1993,1,-0.1234912574291229,-1.9758601188659664,-0.1234912574291229,-1.9758601188659664,0.25,-0.058229834,0.37349126,1
Steve Spagnuolo,2009,1,-0.1276949346065521,-2.0431189537048335,-0.1276949346065521,-2.0431189537048335,0.0625,-0.022909835,0.19019493,3
Steve Spagnuolo,2010,2,-0.1463427543640136,-2.3414840698242174,-0.2740376889705657,-4.384603023529051,0.4375,-0.07381636,0.58384275,3
Steve Spagnuolo,2011,3,-0.2821294069290161,-4.514070510864258,-0.5561670958995818,-8.898673534393309,0.125,-0.1022982,0.4071294,3
Matt Eberflus,2022,1,-0.1351443753242492,-2.162310005187987,-0.1351443753242492,-2.162310005187987,0.1765,-0.022336364,0.31164438,3
Matt Eberflus,2023,2,-0.1393100888252258,-2.228961421203613,-0.274454464149475,-4.3912714263916,0.4118,-0.090013295,0.5511101,3
Matt Eberflus,2024,3,-0.269526714515686,-4.312427432250976,-0.5439811786651609,-8.703698858642575,0.3333,-0.07942641,0.6028267,3
Pat Shurmur,2011,1,-0.2613966464996338,-4.182346343994141,-0.2613966464996338,-4.182346343994141,0.25,-0.03735915,0.51139665,4
Pat Shurmur,2012,2,-0.1901571154594421,-3.0425138473510738,-0.4515537619590759,-7.224860191345215,0.3125,-0.055327058,0.5026571,4
Pat Shurmur,2018,3,-0.2353554964065551,-3.7656879425048815,-0.686909258365631,-10.990548133850096,0.3125,-0.05315122,0.5478555,4
Pat Shurmur,2019,4,-0.1419692933559417,-2.271508693695067,-0.8288785517215727,-13.262056827545162,0.25,-0.06184569,0.3919693,4
Jerry Williams,1970,1,-0.1522493958473205,-2.435990333557128,-0.1522493958473205,-2.435990333557128,0.25,-0.051636487,0.4022494,2
Jerry Williams,1971,2,-0.4934457242488861,-7.895131587982178,-0.6456951200962067,-10.331121921539307,0.0,-0.045689166,0.49344572,2
Homer Rice,1979,1,-0.1550010740756988,-2.4800171852111808,-0.1550010740756988,-2.4800171852111808,0.25,-0.020389885,0.40500107,1
Bobby Petrino,2007,1,-0.1592690972805023,-2.5483055564880366,-0.1592690972805023,-2.5483055564880366,0.2308,0.013447642,0.3900691,1
Wally Lemm,1970,1,-0.1627869606018066,-2.604591369628906,-0.1627869606018066,-2.604591369628906,0.25,-0.07739815,0.41278696,1
Jim Zorn,2008,1,-0.1699135899543762,-2.718617439270019,-0.1699135899543762,-2.718617439270019,0.5,-0.060540855,0.6699136,2
Jim Zorn,2009,2,-0.1633322834968567,-2.613316535949707,-0.3332458734512329,-5.331933975219727,0.25,-0.04498273,0.41333228,2
Mike Singletary,2009,1,-0.1817635893821716,-2.9082174301147456,-0.1817635893821716,-2.9082174301147456,0.5,-0.09744871,0.6817636,2
Mike Singletary,2010,2,-0.2147754375457763,-3.436407000732421,-0.3965390269279479,-6.344624430847166,0.3333,-0.016823173,0.54807544,2
Rod Rust,1990,1,-0.1924485564231872,-3.079176902770995,-0.1924485564231872,-3.079176902770995,0.0625,-0.030836195,0.25494856,1
Cam Cameron,2007,1,-0.199984610080719,-3.199753761291504,-0.199984610080719,-3.199753761291504,0.0625,-0.055810705,0.2624846,1
