Team,Year,Actual_Win_Pct,Predicted_With_Coach,Predicted_Replacement,Coaching_WAR,Predicted_Impact,Prediction_Error_Coach,Prediction_Error_Replacement,Primary_Coach,Combined_Coach,WAR_Percentile,Background,OC_Years,DC_Years
CHI,1974,0.2857,0.25668895,0.29054832,-0.0048483245849609,-0.033859372,0.0290110475540161,-0.0048483245849609,Abe Gibron,Abe Gibron,44.26619132501485,Defensive,0,2
CHI,1973,0.2143,0.2487943,0.3210367,-0.106736696434021,-0.072242394,-0.0344943023443222,-0.106736696434021,Abe Gibron,Abe Gibron,14.73559120617944,Defensive,0,2
CHI,1972,0.3214,0.3708053,0.5785385,-0.2571384774208068,-0.20773318,-0.0494052933216094,-0.2571384774208068,Abe Gibron,Abe Gibron,1.30718954248366,Defensive,0,2
MIA,2016,0.625,0.55074596,0.44123787,0.1837621331214904,0.1095081,0.074254035949707,0.1837621331214904,Adam Gase,Adam Gase,93.58288770053476,Offensive,3,0
NYJ,2019,0.4375,0.34868002,0.3090571,0.1284429132938385,0.039622933,0.0888199806213378,0.1284429132938385,Adam Gase,Adam Gase,84.78906714200832,Offensive,3,0
MIA,2017,0.375,0.34996983,0.30609518,0.0689048171043396,0.04387465,0.0250301659107208,0.0689048171043396,Adam Gase,Adam Gase,68.15210932857991,Offensive,3,0
MIA,2018,0.4375,0.50683314,0.51242644,-0.0749264359474182,-0.0055933,-0.0693331360816955,-0.0749264359474182,Adam Gase,Adam Gase,22.04396910279264,Offensive,3,0
NYJ,2020,0.125,0.20283988,0.21758379,-0.0925837904214859,-0.014743909,-0.0778398811817169,-0.0925837904214859,Adam Gase,Adam Gase,17.88472964943553,Offensive,3,0
SFO,1987,0.8667,0.6484334,0.573002,0.2936980192184448,0.07543141,0.2182666127204895,0.2936980192184448,Bill Walsh,Bill Walsh,99.46524064171123,Other,0,0
SFO,1984,0.9375,0.7904644,0.72963315,0.2078668475151062,0.06083125,0.1470355987548828,0.2078668475151062,Bill Walsh,Bill Walsh,95.95959595959596,Other,0,0
SFO,1981,0.8125,0.5680197,0.6646611,0.1478388905525207,-0.09664142,0.2444803118705749,0.1478388905525207,Bill Walsh,Bill Walsh,88.94830659536542,Other,0,0
SFO,1986,0.6562,0.5720453,0.56802154,0.0881784641265869,0.0040237904,0.0841546737670898,0.0881784641265869,Bill Walsh,Bill Walsh,74.8663101604278,Other,0,0
SFO,1980,0.375,0.29989928,0.29646796,0.0785320401191711,0.0034313202,0.0751007199287414,0.0785320401191711,Bill Walsh,Bill Walsh,71.89542483660131,Other,0,0
SFO,1988,0.625,0.67889327,0.6271203,-0.0021203160285949,0.051772952,-0.0538932681083679,-0.0021203160285949,Bill Walsh,Bill Walsh,44.97920380273322,Other,0,0
SFO,1985,0.625,0.639631,0.6329097,-0.0079097151756286,0.006721258,-0.0146309733390808,-0.0079097151756286,Bill Walsh,Bill Walsh,42.780748663101605,Other,0,0
SFO,1983,0.625,0.68796843,0.66941625,-0.0444162487983703,0.018552184,-0.0629684329032898,-0.0444162487983703,Bill Walsh,Bill Walsh,30.95662507427213,Other,0,0
SFO,1982,0.3333,0.5598154,0.44367284,-0.1103728358268738,0.11614257,-0.2265154067993164,-0.1103728358268738,Bill Walsh,Bill Walsh,13.666072489601902,Other,0,0
SFO,1979,0.125,0.36170828,0.36149603,-0.2364960312843322,0.00021225214,-0.2367082834243774,-0.2364960312843322,Bill Walsh,Bill Walsh,2.13903743315508,Other,0,0
CLE,2003,0.3125,0.2861498,0.28044468,0.0320553183555603,0.005705118,0.026350200176239,0.0320553183555603,Butch Davis,Butch Davis,56.26856803327392,Other,0,0
CLE,2002,0.5625,0.5239116,0.535212,0.027288019657135,-0.011300385,0.0385884046554565,0.027288019657135,Butch Davis,Butch Davis,54.72370766488414,Other,0,0
CLE,2004,0.25,0.26446858,0.25621498,-0.0062149763107299,0.008253604,-0.0144685804843902,-0.0062149763107299,Butch Davis,Butch Davis / Terry Robiskie,43.49376114081996,Other,0,0
CLE,2001,0.4375,0.47052944,0.48900405,-0.0515040457248687,-0.018474609,-0.0330294370651245,-0.0515040457248687,Butch Davis,Butch Davis,28.10457516339869,Other,0,0
NYJ,2000,0.5625,0.5128071,0.47473902,0.0877609848976135,0.038068056,0.0496929287910461,0.0877609848976135,Al Groh,Al Groh,74.56922162804516,Defensive,1,10
SDG,1987,0.5333,0.37763068,0.28596833,0.2473316665172577,0.09166235,0.1556693192005157,0.2473316665172577,Al Saunders,Al Saunders,98.45513963161022,Offensive,16,0
SDG,1988,0.375,0.32231134,0.31608304,0.0589169561862945,0.006228298,0.0526886582374572,0.0589169561862945,Al Saunders,Al Saunders,65.00297088532383,Offensive,16,0
NYG,1970,0.6429,0.604766,0.5872557,0.0556442836761474,0.017510295,0.0381339887619018,0.0556442836761474,Alex Webster,Alex Webster,63.87403446226976,Other,0,0
NYG,1971,0.2857,0.28579247,0.31000552,-0.0243055158138275,-0.024213046,-9.246997833251004e-05,-0.0243055158138275,Alex Webster,Alex Webster,36.898395721925134,Other,0,0
NYG,1972,0.5714,0.59796923,0.6081638,-0.0367637740135192,-0.01019454,-0.0265692339897155,-0.0367637740135192,Alex Webster,Alex Webster,33.214497920380275,Other,0,0
NYG,1973,0.1786,0.24394396,0.27815145,-0.0995514525413513,-0.034207493,-0.0653439594745635,-0.0995514525413513,Alex Webster,Alex Webster,16.636957813428403,Other,0,0
SFO,1976,0.5714,0.4877957,0.42823598,0.1431640221118927,0.059559733,0.0836042894363403,0.1431640221118927,Monte Clark,Monte Clark,87.87878787878788,Other,0,0
DET,1982,0.4444,0.4781071,0.39383712,0.0505628758907318,0.08426997,-0.0337070947647094,0.0505628758907318,Monte Clark,Monte Clark,62.56684491978609,Other,0,0
DET,1983,0.5625,0.5322992,0.5498669,0.0126330852508544,-0.017567694,0.0302007794380188,0.0126330852508544,Monte Clark,Monte Clark,50.326797385620914,Other,0,0
DET,1978,0.4375,0.45675188,0.4356405,0.0018594861030578,0.02111137,-0.0192518830299377,0.0018594861030578,Monte Clark,Monte Clark,46.10814022578729,Other,0,0
DET,1981,0.5,0.48794693,0.5051922,-0.005192220211029,-0.017245293,0.0120530724525451,-0.005192220211029,Monte Clark,Monte Clark,44.14735591206179,Other,0,0
DET,1984,0.2812,0.32059377,0.30835924,-0.0271592355251312,0.012234539,-0.039393774318695,-0.0271592355251312,Monte Clark,Monte Clark,36.06654783125372,Other,0,0
DET,1980,0.5625,0.56060034,0.64105886,-0.07855886220932,-0.08045852,0.0018996596336364,-0.07855886220932,Monte Clark,Monte Clark,21.15270350564468,Other,0,0
DET,1979,0.125,0.2361848,0.27171716,-0.1467171609401703,-0.035532355,-0.1111848056316375,-0.1467171609401703,Monte Clark,Monte Clark,7.605466428995841,Other,0,0
GNB,2004,0.625,0.51638526,0.37022778,0.2547722160816192,0.14615747,0.1086147427558898,0.2547722160816192,Mike Sherman,Mike Sherman,98.75222816399288,Offensive,2,0
GNB,2002,0.75,0.7049566,0.5867957,0.1632043123245239,0.1181609,0.045043408870697,0.1632043123245239,Mike Sherman,Mike Sherman,91.20617944147357,Offensive,2,0
GNB,2001,0.75,0.7059921,0.62040216,0.1295978426933288,0.085589945,0.0440078973770141,0.1295978426933288,Mike Sherman,Mike Sherman,85.1455733808675,Offensive,2,0
GNB,2003,0.625,0.69423294,0.6202516,0.0047484040260314,0.073981345,-0.0692329406738281,0.0047484040260314,Mike Sherman,Mike Sherman,47.17765894236482,Offensive,2,0
GNB,2000,0.5625,0.6190642,0.56095904,0.0015409588813781,0.05810517,-0.0565642118453979,0.0015409588813781,Mike Sherman,Mike Sherman,45.98930481283423,Offensive,2,0
GNB,2005,0.25,0.3291815,0.30791387,-0.0579138696193695,0.021267623,-0.0791814923286438,-0.0579138696193695,Mike Sherman,Mike Sherman,26.38146167557932,Offensive,2,0
KAN,2024,0.8824,0.7432097,0.63057154,0.2518284558296203,0.112638175,0.139190280342102,0.2518284558296203,Andy Reid,Andy Reid,98.57397504456328,Offensive,3,0
KAN,2022,0.8235,0.6932354,0.6069765,0.2165234909057617,0.08625889,0.1302646026611328,0.2165234909057617,Andy Reid,Andy Reid,96.79144385026738,Offensive,3,0
KAN,2020,0.875,0.8013803,0.68215275,0.1928472518920898,0.11922753,0.0736197233200073,0.1928472518920898,Andy Reid,Andy Reid,94.53357100415924,Offensive,3,0
KAN,2014,0.5625,0.51993394,0.37657008,0.185929924249649,0.14336386,0.0425660610198974,0.185929924249649,Andy Reid,Andy Reid,93.93939393939394,Offensive,3,0
KAN,2016,0.75,0.6698911,0.5811563,0.1688436865806579,0.088734806,0.0801088809967041,0.1688436865806579,Andy Reid,Andy Reid,91.85977421271538,Offensive,3,0
PHI,2003,0.75,0.65045923,0.596873,0.1531270146369934,0.053586245,0.0995407700538635,0.1531270146369934,Andy Reid,Andy Reid,89.78015448603684,Offensive,3,0
KAN,2018,0.75,0.6942484,0.6025724,0.1474276185035705,0.091676,0.055751621723175,0.1474276185035705,Andy Reid,Andy Reid,88.77005347593582,Offensive,3,0
PHI,2004,0.8125,0.7483808,0.6748266,0.1376733779907226,0.07355416,0.0641192197799682,0.1376733779907226,Andy Reid,Andy Reid,86.9281045751634,Offensive,3,0
KAN,2023,0.6471,0.608731,0.52138644,0.1257135554313659,0.08734453,0.0383690281867981,0.1257135554313659,Andy Reid,Andy Reid,84.13547237076648,Offensive,3,0
KAN,2019,0.75,0.7574707,0.6370515,0.112948477268219,0.120419204,-0.0074707269668579,0.112948477268219,Andy Reid,Andy Reid,81.28342245989305,Offensive,3,0
KAN,2015,0.6875,0.6860687,0.5810072,0.1064928174018859,0.10506153,0.0014312863349914,0.1064928174018859,Andy Reid,Andy Reid,79.61972667855021,Offensive,3,0
KAN,2021,0.7059,0.7220278,0.6121849,0.0937151178359985,0.1098429,-0.0161277786254883,0.0937151178359985,Andy Reid,Andy Reid,76.58942364824718,Offensive,3,0
PHI,2005,0.375,0.35791817,0.2833672,0.0916328132152557,0.07455099,0.0170818269252777,0.0916328132152557,Andy Reid,Andy Reid,75.99524658348187,Offensive,3,0
PHI,2009,0.6875,0.67455834,0.60472983,0.0827701687812805,0.06982851,0.0129416584968566,0.0827701687812805,Andy Reid,Andy Reid,72.84610814022578,Offensive,3,0
PHI,2002,0.75,0.7092517,0.6747932,0.0752068161964416,0.034458518,0.0407482981681823,0.0752068161964416,Andy Reid,Andy Reid,70.58823529411765,Offensive,3,0
PHI,2001,0.6875,0.636999,0.61380315,0.0736968517303466,0.023195863,0.0505009889602661,0.0736968517303466,Andy Reid,Andy Reid,70.05347593582889,Offensive,3,0
PHI,2007,0.5,0.48626235,0.44009605,0.0599039494991302,0.0461663,0.0137376487255096,0.0599039494991302,Andy Reid,Andy Reid,65.24064171122996,Offensive,3,0
KAN,2013,0.6875,0.70410895,0.64146715,0.0460328459739685,0.0626418,-0.0166089534759521,0.0460328459739685,Andy Reid,Andy Reid,61.37849079025549,Offensive,3,0
PHI,2010,0.625,0.635188,0.58256775,0.0424322485923767,0.052620232,-0.0101879835128784,0.0424322485923767,Andy Reid,Andy Reid,59.83363042186571,Offensive,3,0
PHI,2008,0.5938,0.6123037,0.5948311,-0.001031109046936,0.017472565,-0.0185036742210388,-0.001031109046936,Andy Reid,Andy Reid,45.45454545454545,Offensive,3,0
PHI,2000,0.6875,0.66181695,0.69952905,-0.0120290517807006,-0.037712097,0.025683045387268,-0.0120290517807006,Andy Reid,Andy Reid,41.770647653000594,Offensive,3,0
KAN,2017,0.625,0.72063345,0.6403174,-0.0153173804283142,0.08031607,-0.0956334471702575,-0.0153173804283142,Andy Reid,Andy Reid,40.22578728461082,Offensive,3,0
PHI,2006,0.625,0.6750714,0.6462976,-0.0212975740432739,0.028773844,-0.0500714182853698,-0.0212975740432739,Andy Reid,Andy Reid,38.146167557932266,Offensive,3,0
PHI,2011,0.5,0.5291224,0.52576196,-0.0257619619369506,0.0033604503,-0.0291224122047424,-0.0257619619369506,Andy Reid,Andy Reid,36.42305407011289,Offensive,3,0
PHI,2012,0.25,0.34567174,0.2875019,-0.0375019013881683,0.05816984,-0.0956717431545257,-0.0375019013881683,Andy Reid,Andy Reid,32.97682709447415,Offensive,3,0
PHI,1999,0.3125,0.42971963,0.42362073,-0.111120730638504,0.0060988963,-0.1172196269035339,-0.111120730638504,Andy Reid,Andy Reid,13.30956625074272,Offensive,3,0
SDG,2018,0.75,0.5940734,0.60285306,0.1471469402313232,-0.008779645,0.1559265851974487,0.1471469402313232,Anthony Lynn,Anthony Lynn,88.59180035650624,Offensive,2,0
SDG,2020,0.4375,0.4214903,0.4206044,0.016895592212677,0.00088590384,0.0160096883773803,0.016895592212677,Anthony Lynn,Anthony Lynn,51.396316102198455,Offensive,2,0
SDG,2017,0.5625,0.6323539,0.65019125,-0.0876912474632263,-0.017837346,-0.0698539018630981,-0.0876912474632263,Anthony Lynn,Anthony Lynn,18.89483065953654,Offensive,2,0
SDG,2019,0.3125,0.48909843,0.49121776,-0.1787177622318267,-0.0021193326,-0.1765984296798706,-0.1787177622318267,Anthony Lynn,Anthony Lynn,4.69399881164587,Offensive,2,0
RAI,2024,0.2353,0.2585164,0.22082067,0.0144793346405029,0.037695736,-0.0232164010524749,0.0144793346405029,Antonio Pierce,Antonio Pierce,50.74272133095663,Defensive,0,2
CIN,2013,0.6875,0.550104,0.50511724,0.1823827624320984,0.044986784,0.137395977973938,0.1823827624320984,Marvin Lewis,Marvin Lewis,93.52346999405825,Other,0,0
CIN,2012,0.625,0.52023685,0.4931891,0.1318109035491943,0.027047753,0.1047631502151489,0.1318109035491943,Marvin Lewis,Marvin Lewis,85.44266191325015,Other,0,0
CIN,2009,0.625,0.5871394,0.5385482,0.0864518284797668,0.048591256,0.0378605723381042,0.0864518284797668,Marvin Lewis,Marvin Lewis,74.15329768270945,Other,0,0
CIN,2015,0.75,0.65605164,0.67940146,0.0705985426902771,-0.023349822,0.0939483642578125,0.0705985426902771,Marvin Lewis,Marvin Lewis,68.86512180629828,Other,0,0
CIN,2004,0.5,0.45865807,0.4382519,0.0617480874061584,0.020406157,0.0413419306278228,0.0617480874061584,Marvin Lewis,Marvin Lewis,65.77540106951871,Other,0,0
CIN,2018,0.375,0.41693583,0.35311353,0.0218864679336547,0.0638223,-0.0419358313083648,0.0218864679336547,Marvin Lewis,Marvin Lewis,52.88175876411171,Other,0,0
CIN,2014,0.6562,0.6005121,0.63778764,0.0184123599052429,-0.037275553,0.0556879126548767,0.0184123599052429,Marvin Lewis,Marvin Lewis,51.81224004753416,Other,0,0
CIN,2011,0.5625,0.5449733,0.5520452,0.010454773902893,-0.0070719123,0.0175266861915588,0.010454773902893,Marvin Lewis,Marvin Lewis,49.43553178847296,Other,0,0
CIN,2005,0.6875,0.67252,0.6806561,0.0068439245223999,-0.008136094,0.0149800181388854,0.0068439245223999,Marvin Lewis,Marvin Lewis,48.1283422459893,Other,0,0
CIN,2008,0.2812,0.27946833,0.2746986,0.0065014147281646,0.0047697425,0.0017316722393035,0.0065014147281646,Marvin Lewis,Marvin Lewis,47.83125371360665,Other,0,0
CIN,2017,0.4375,0.44015718,0.4513654,-0.0138654112815856,-0.011208236,-0.0026571750640869,-0.0138654112815856,Marvin Lewis,Marvin Lewis,40.879382055852645,Other,0,0
CIN,2003,0.5,0.52375096,0.543936,-0.043936014175415,-0.020185053,-0.0237509608268737,-0.043936014175415,Marvin Lewis,Marvin Lewis,31.016042780748663,Other,0,0
CIN,2006,0.5,0.57689583,0.5678163,-0.0678163170814514,0.009079516,-0.0768958330154419,-0.0678163170814514,Marvin Lewis,Marvin Lewis,23.707664884135475,Other,0,0
CIN,2010,0.25,0.36202753,0.37895894,-0.1289589405059814,-0.016931415,-0.1120275259017944,-0.1289589405059814,Marvin Lewis,Marvin Lewis,10.1010101010101,Other,0,0
CIN,2007,0.4375,0.5532927,0.5672337,-0.1297336816787719,-0.01394099,-0.115792691707611,-0.1297336816787719,Marvin Lewis,Marvin Lewis,9.92275698158051,Other,0,0
CIN,2016,0.4062,0.5301908,0.5503937,-0.1441937005996704,-0.020202875,-0.1239908254623413,-0.1441937005996704,Marvin Lewis,Marvin Lewis,7.9619726678550204,Other,0,0
RAI,1990,0.75,0.6686463,0.61182666,0.1381733417510986,0.056819618,0.0813537240028381,0.1381733417510986,Art Shell,Art Shell,87.04693998811646,Other,0,0
RAI,1991,0.5625,0.5500649,0.46775812,0.0947418808937072,0.0823068,0.0124350786209106,0.0947418808937072,Art Shell,Art Shell,76.8270944741533,Other,0,0
RAI,1992,0.4375,0.37220764,0.39207494,0.0454250574111938,-0.019867301,0.0652923583984375,0.0454250574111938,Art Shell,Art Shell,61.08140225787284,Other,0,0
RAI,1993,0.625,0.6276195,0.60022247,0.0247775316238403,0.027397037,-0.0026195049285888,0.0247775316238403,Art Shell,Art Shell,53.83244206773619,Other,0,0
RAI,1994,0.5625,0.5287303,0.5469066,0.015593409538269,-0.018176317,0.0337697267532348,0.015593409538269,Art Shell,Art Shell,50.98039215686274,Other,0,0
RAI,2006,0.125,0.20071638,0.23339322,-0.1083932220935821,-0.032676846,-0.0757163763046264,-0.1083932220935821,Art Shell,Art Shell,14.200831847890672,Other,0,0
ATL,2023,0.4118,0.28688493,0.30677387,0.1050261288166046,-0.019888937,0.1249150662899017,0.1050261288166046,Arthur Smith,Arthur Smith,79.38205585264409,Offensive,4,0
ATL,2022,0.4118,0.36169645,0.46141675,-0.0496167511463165,-0.0997203,0.0501035480976104,-0.0496167511463165,Arthur Smith,Arthur Smith,29.05525846702317,Offensive,4,0
ATL,2021,0.4118,0.47710174,0.50852215,-0.0967221529006958,-0.03142041,-0.0653017432212829,-0.0967221529006958,Arthur Smith,Arthur Smith,17.11229946524064,Offensive,4,0
DAL,1995,0.75,0.74438715,0.6366861,0.1133139133453369,0.10770106,0.0056128501892089,0.1133139133453369,Barry Switzer,Barry Switzer,81.4022578728461,Offensive,7,0
DAL,1994,0.75,0.7084437,0.6842619,0.0657380819320678,0.024181783,0.0415562987327575,0.0657380819320678,Barry Switzer,Barry Switzer,66.96375519904932,Offensive,7,0
DAL,1996,0.625,0.64605075,0.5855173,0.0394827127456665,0.060533464,-0.021050751209259,0.0394827127456665,Barry Switzer,Barry Switzer,58.46702317290553,Offensive,7,0
DAL,1997,0.375,0.41073632,0.36453065,0.0104693472385406,0.04620567,-0.0357363224029541,0.0104693472385406,Barry Switzer,Barry Switzer,49.494949494949495,Offensive,7,0
GNB,1982,0.6111,0.55250883,0.45044777,0.1606522320270538,0.10206106,0.05859116897583,0.1606522320270538,Bart Starr,Bart Starr,90.67142008318478,Other,0,0
GNB,1976,0.3571,0.3007289,0.29402584,0.0630741616249084,0.006703049,0.0563711126804351,0.0630741616249084,Bart Starr,Bart Starr,66.07248960190137,Other,0,0
GNB,1983,0.5,0.46815115,0.45889923,0.0411007702350616,0.009251922,0.0318488478660583,0.0411007702350616,Bart Starr,Bart Starr,59.239453357100416,Other,0,0
GNB,1975,0.2857,0.3208189,0.3202831,-0.0345830851078033,0.00053581595,-0.0351189010620117,-0.0345830851078033,Bart Starr,Bart Starr,33.80867498514558,Other,0,0
GNB,1979,0.3125,0.29713568,0.3533093,-0.0408093035221099,-0.056173623,0.0153643190860748,-0.0408093035221099,Bart Starr,Bart Starr,32.02614379084967,Other,0,0
GNB,1980,0.3438,0.33668703,0.3920593,-0.0482592963695526,-0.055372268,0.0071129715919494,-0.0482592963695526,Bart Starr,Bart Starr,29.590017825311943,Other,0,0
GNB,1981,0.5,0.49089965,0.5786392,-0.0786392092704773,-0.08773956,0.0091003477573394,-0.0786392092704773,Bart Starr,Bart Starr,21.09328579916815,Other,0,0
GNB,1978,0.5312,0.5577807,0.61204,-0.0808399832725524,-0.0542593,-0.0265806830406188,-0.0808399832725524,Bart Starr,Bart Starr,20.43969102792632,Other,0,0
GNB,1977,0.2857,0.35210648,0.37282318,-0.0871231787681579,-0.020716697,-0.0664064817905425,-0.0871231787681579,Bart Starr,Bart Starr,19.0136660724896,Other,0,0
DAL,1991,0.6875,0.5141294,0.4569513,0.2305487096309662,0.05717811,0.1733705997467041,0.2305487096309662,Jimmy Johnson,Jimmy Johnson,97.50445632798576,Offensive,3,0
DAL,1992,0.8125,0.7083389,0.61407113,0.1984288692474365,0.094267786,0.1041610836982727,0.1984288692474365,Jimmy Johnson,Jimmy Johnson,95.30600118835412,Offensive,3,0
MIA,1999,0.5625,0.4884376,0.41789657,0.144603431224823,0.070541024,0.0740624070167541,0.144603431224823,Jimmy Johnson,Jimmy Johnson,88.17587641117053,Offensive,3,0
MIA,1997,0.5625,0.51584256,0.44742534,0.1150746643543243,0.06841722,0.0466574430465698,0.1150746643543243,Jimmy Johnson,Jimmy Johnson,81.87759952465835,Offensive,3,0
DAL,1993,0.75,0.6774559,0.64153016,0.1084698438644409,0.035925746,0.0725440979003906,0.1084698438644409,Jimmy Johnson,Jimmy Johnson,80.33273915626857,Offensive,3,0
DAL,1990,0.4375,0.40305352,0.34768346,0.08981654047966,0.055370063,0.0344464778900146,0.08981654047966,Jimmy Johnson,Jimmy Johnson,75.34165181224004,Offensive,3,0
CIN,1977,0.5714,0.5250574,0.48460123,0.086798770570755,0.040456146,0.0463426245689392,0.086798770570755,Bill Johnson,Bill Johnson,74.33155080213903,Offensive,3,0
MIA,1998,0.625,0.62372524,0.61565125,0.0093487501144409,0.008073986,0.0012747645378112,0.0093487501144409,Jimmy Johnson,Jimmy Johnson,48.84135472370767,Offensive,3,0
CIN,1976,0.7143,0.68808407,0.72568023,-0.0113802320480346,-0.037596166,0.0262159340858459,-0.0113802320480346,Bill Johnson,Bill Johnson,41.830065359477125,Offensive,3,0
CIN,1978,0.25,0.27731946,0.30595082,-0.0559508204460144,-0.02863136,-0.027319461107254,-0.0559508204460144,Bill Johnson,Bill Johnson / Homer Rice,26.856803327391564,Offensive,3,0
MIA,1996,0.5,0.530521,0.5845966,-0.084596574306488,-0.0540756,-0.0305209755897521,-0.084596574306488,Jimmy Johnson,Jimmy Johnson,19.66726084373144,Offensive,3,0
DAL,1989,0.0625,0.12625325,0.16841704,-0.1059170365333557,-0.04216379,-0.0637532472610473,-0.1059170365333557,Jimmy Johnson,Jimmy Johnson,14.854426619132502,Offensive,3,0
BUF,1971,0.0714,0.1603726,0.19079208,-0.1193920837402343,-0.030419484,-0.0889725999593734,-0.1193920837402343,Harvey Johnson,Harvey Johnson,11.58645276292335,Offensive,3,0
NYG,2016,0.6875,0.551576,0.6054536,0.0820463895797729,-0.053877592,0.1359239816665649,0.0820463895797729,Ben McAdoo,Ben McAdoo,72.60843731431966,Offensive,3,0
NYG,2017,0.1875,0.2781304,0.29170698,-0.1042069792747497,-0.013576567,-0.0906304121017456,-0.1042069792747497,Ben McAdoo,Ben McAdoo / Steve Spagnuolo,15.38918597742127,Offensive,3,0
DET,2024,0.8824,0.7019127,0.5874375,0.2949624895095825,0.11447519,0.1804872988700866,0.2949624895095825,Dan Campbell,Dan Campbell,99.64349376114082,Other,0,0
DET,2023,0.7059,0.63877887,0.6000707,0.1058292850494384,0.03870815,0.0671211346626281,0.1058292850494384,Dan Campbell,Dan Campbell,79.56030897207368,Other,0,0
ATL,1976,0.2857,0.24509136,0.27554888,0.0101511246681213,-0.030457512,0.0406086362123489,0.0101511246681213,Marion Campbell,Marion Campbell / Pat Peppler,49.25727866904337,Other,0,0
PHI,1985,0.4375,0.42296126,0.4657104,-0.0282104015350341,-0.042749137,0.0145387351512908,-0.0282104015350341,Marion Campbell,Fred Bruney / Marion Campbell,35.47237076648842,Other,0,0
ATL,1987,0.2,0.226808,0.2509355,-0.0509354948997497,-0.024127498,-0.0268079966306686,-0.0509354948997497,Marion Campbell,Marion Campbell,28.34224598930481,Other,0,0
DET,2022,0.5294,0.5042038,0.5917626,-0.0623626023292541,-0.087558806,0.0251962036132812,-0.0623626023292541,Dan Campbell,Dan Campbell,25.13368983957219,Other,0,0
PHI,1984,0.4062,0.42819655,0.4686956,-0.0624956107616424,-0.04049906,-0.0219965494155883,-0.0624956107616424,Marion Campbell,Marion Campbell,25.074272133095665,Other,0,0
PHI,1983,0.3125,0.3105371,0.40060565,-0.0881056487560272,-0.09006855,0.0019629001617431,-0.0881056487560272,Marion Campbell,Marion Campbell,18.71657754010695,Other,0,0
ATL,1975,0.2857,0.33958283,0.3843139,-0.0986139111995696,-0.04473108,-0.0538828306674957,-0.0986139111995696,Marion Campbell,Marion Campbell,16.87462863933452,Other,0,0
DET,2021,0.2059,0.2793413,0.31543976,-0.109539760684967,-0.03609845,-0.07344131026268,-0.109539760684967,Dan Campbell,Dan Campbell,13.844325609031491,Other,0,0
OTI,1985,0.3125,0.36639735,0.44115403,-0.1286540329456329,-0.07475668,-0.053897351026535,-0.1286540329456329,Hugh Campbell,Hugh Campbell / Jerry Glanville,10.21984551396316,Other,0,0
ATL,1988,0.3125,0.3753878,0.4537715,-0.1412715017795562,-0.078383714,-0.0628877878189086,-0.1412715017795562,Marion Campbell,Marion Campbell,8.318478906714201,Other,0,0
OTI,1984,0.1875,0.36581552,0.38718757,-0.1996875703334808,-0.02137205,-0.17831552028656,-0.1996875703334808,Hugh Campbell,Hugh Campbell,3.5650623885918007,Other,0,0
ATL,1989,0.1875,0.29284266,0.41115162,-0.2236516177654266,-0.11830896,-0.1053426563739776,-0.2236516177654266,Marion Campbell,Jim Hanifan / Marion Campbell,2.43612596553773,Other,0,0
NYG,1974,0.1429,0.16122507,0.22078899,-0.0778889854907989,-0.05956392,-0.0183250655889511,-0.0778889854907989,Bill Arnsparger,Bill Arnsparger,21.21212121212121,Defensive,0,18
NYG,1975,0.3571,0.37225264,0.44338712,-0.0862871209621429,-0.07113448,-0.0151526431083679,-0.0862871209621429,Bill Arnsparger,Bill Arnsparger,19.429590017825312,Defensive,0,18
WAS,1970,0.4286,0.48319027,0.530764,-0.1021639837265014,-0.047573715,-0.0545902682781219,-0.1021639837265014,Bill Austin,Bill Austin,15.983363042186571,Other,0,0
NWE,2007,1.0,0.7475739,0.66084564,0.3391543626785278,0.086728275,0.2524260878562927,0.3391543626785278,Bill Belichick,Bill Belichick,99.8217468805704,Defensive,0,6
NWE,2004,0.875,0.6290495,0.59917706,0.2758229374885559,0.029872417,0.2459505200386047,0.2758229374885559,Bill Belichick,Bill Belichick,99.16815210932856,Defensive,0,6
NWE,2017,0.8125,0.596908,0.5715738,0.2409262061119079,0.02533418,0.2155920267105102,0.2409262061119079,Bill Belichick,Bill Belichick,98.15805109922758,Defensive,0,6
NWE,2013,0.75,0.5691867,0.5108464,0.2391536235809326,0.05834031,0.1808133125305175,0.2391536235809326,Bill Belichick,Bill Belichick,97.97979797979798,Defensive,0,6
NWE,2010,0.875,0.7444483,0.6406077,0.2343922853469848,0.10384059,0.1305516958236694,0.2343922853469848,Bill Belichick,Bill Belichick,97.8015448603684,Defensive,0,6
NWE,2016,0.875,0.7583496,0.6615824,0.2134175896644592,0.09676719,0.1166504025459289,0.2134175896644592,Bill Belichick,Bill Belichick,96.55377302436123,Defensive,0,6
CLE,1994,0.6875,0.4996509,0.50140387,0.1860961318016052,-0.0017529726,0.1878491044044494,0.1860961318016052,Bill Belichick,Bill Belichick,93.99881164587048,Defensive,0,6
NWE,2015,0.75,0.61640084,0.5722515,0.1777485013008117,0.04414934,0.1335991621017456,0.1777485013008117,Bill Belichick,Bill Belichick,93.10754604872253,Defensive,0,6
NWE,2003,0.875,0.7116326,0.7107843,0.1642156839370727,0.0008482933,0.1633673906326294,0.1642156839370727,Bill Belichick,Bill Belichick,91.26559714795007,Defensive,0,6
NWE,2005,0.625,0.531554,0.4832919,0.141708105802536,0.04826209,0.0934460163116455,0.141708105802536,Bill Belichick,Bill Belichick,87.64111705288175,Defensive,0,6
NWE,2011,0.8125,0.7635347,0.680823,0.131676971912384,0.0827117,0.0489652752876281,0.131676971912384,Bill Belichick,Bill Belichick,85.38324420677363,Defensive,0,6
CLE,1993,0.4375,0.28502324,0.3160255,0.1214745044708252,-0.031002253,0.1524767577648162,0.1214745044708252,Bill Belichick,Bill Belichick,83.12537136066548,Defensive,0,6
NWE,2006,0.75,0.6861851,0.64918756,0.1008124351501464,0.036997557,0.0638148784637451,0.1008124351501464,Bill Belichick,Bill Belichick,78.55020796197266,Defensive,0,6
NWE,2008,0.6875,0.66128856,0.5974432,0.0900567770004272,0.06384534,0.0262114405632019,0.0900567770004272,Bill Belichick,Bill Belichick,75.4604872251931,Defensive,0,6
NWE,2019,0.75,0.69706166,0.6724835,0.077516496181488,0.024578154,0.0529383420944213,0.077516496181488,Bill Belichick,Bill Belichick,71.36066547831254,Defensive,0,6
NWE,2014,0.75,0.72508585,0.67251503,0.0774849653244018,0.05257082,0.0249141454696655,0.0774849653244018,Bill Belichick,Bill Belichick,71.301247771836,Defensive,0,6
CLE,1992,0.4375,0.30105436,0.3603915,0.0771085023880004,-0.05933714,0.1364456415176391,0.0771085023880004,Bill Belichick,Bill Belichick,71.06357694592988,Defensive,0,6
NWE,2012,0.75,0.7633526,0.68166274,0.0683372616767883,0.081689835,-0.0133525729179382,0.0683372616767883,Bill Belichick,Bill Belichick,67.9144385026738,Defensive,0,6
NWE,2009,0.625,0.63654053,0.56633955,0.0586604475975036,0.07020098,-0.0115405321121215,0.0586604475975036,Bill Belichick,Bill Belichick,64.82471776589423,Defensive,0,6
NWE,2002,0.5625,0.5819375,0.55403155,0.0084684491157531,0.027905941,-0.0194374918937683,0.0084684491157531,Bill Belichick,Bill Belichick,48.544266191325015,Defensive,0,6
NWE,2001,0.6875,0.64584196,0.6880698,-0.0005698204040527,-0.042227864,0.0416580438613891,-0.0005698204040527,Bill Belichick,Bill Belichick,45.573380867498514,Defensive,0,6
NWE,2018,0.6875,0.72576684,0.68926185,-0.0017618536949157,0.036504984,-0.0382668375968933,-0.0017618536949157,Bill Belichick,Bill Belichick,45.1574569221628,Defensive,0,6
NWE,2022,0.4706,0.5452269,0.5010815,-0.0304815262794494,0.044145346,-0.0746268719673156,-0.0304815262794494,Bill Belichick,Bill Belichick,34.81877599524658,Defensive,0,6
NWE,2020,0.4375,0.48957163,0.47289437,-0.0353943705558776,0.01667726,-0.0520716309547424,-0.0353943705558776,Bill Belichick,Bill Belichick,33.51158645276293,Defensive,0,6
NWE,2023,0.2353,0.3344142,0.276583,-0.0412829861164092,0.057831228,-0.0991142138957977,-0.0412829861164092,Bill Belichick,Bill Belichick,31.84789067142008,Defensive,0,6
NWE,2000,0.3125,0.3465847,0.35799754,-0.0454975366592407,-0.011412829,-0.0340847074985504,-0.0454975366592407,Bill Belichick,Bill Belichick,30.60011883541296,Defensive,0,6
NWE,2021,0.5882,0.6937821,0.63510525,-0.0469052522659302,0.05867684,-0.1055820911407471,-0.0469052522659302,Bill Belichick,Bill Belichick,30.303030303030305,Defensive,0,6
CLE,1991,0.375,0.54679257,0.5474201,-0.1724200844764709,-0.0006275177,-0.1717925667762756,-0.1724200844764709,Bill Belichick,Bill Belichick,5.347593582887701,Defensive,0,6
CLE,1995,0.3125,0.46994185,0.4883075,-0.1758075058460235,-0.018365651,-0.1574418544769287,-0.1758075058460235,Bill Belichick,Bill Belichick,4.991087344028521,Defensive,0,6
RAI,2002,0.6875,0.69586104,0.6524109,0.0350890755653381,0.043450117,-0.0083610415458679,0.0350890755653381,Bill Callahan,Bill Callahan,57.04099821746881,Offensive,8,0
RAI,2003,0.25,0.33476707,0.30981234,-0.0598123371601104,0.024954736,-0.084767073392868,-0.0598123371601104,Bill Callahan,Bill Callahan,25.66844919786097,Offensive,8,0
PIT,2004,0.9375,0.7438232,0.6578019,0.2796980738639831,0.086021245,0.1936768293380737,0.2796980738639831,Bill Cowher,Bill Cowher,99.28698752228163,Defensive,0,3
PIT,1995,0.6875,0.5675757,0.47380227,0.2136977314949035,0.093773425,0.1199243068695068,0.2136977314949035,Bill Cowher,Bill Cowher,96.6131907308378,Defensive,0,3
PIT,2001,0.8125,0.6719816,0.62700623,0.1854937672615051,0.04497534,0.1405184268951416,0.1854937672615051,Bill Cowher,Bill Cowher,93.82055852644088,Defensive,0,3
PIT,2002,0.6562,0.5918251,0.54259086,0.1136091434478759,0.04923427,0.0643748723983764,0.1136091434478759,Bill Cowher,Bill Cowher,81.46167557932263,Defensive,0,3
PIT,2005,0.6875,0.6535053,0.57587415,0.111625850200653,0.077631176,0.0339946746826171,0.111625850200653,Bill Cowher,Bill Cowher,81.04575163398692,Defensive,0,3
PIT,1994,0.75,0.68698096,0.6691837,0.0808163285255432,0.017797291,0.0630190372467041,0.0808163285255432,Bill Cowher,Bill Cowher,72.31134878193701,Defensive,0,3
PIT,1997,0.6875,0.62057894,0.6250144,0.0624855756759643,-0.0044354796,0.066921055316925,0.0624855756759643,Bill Cowher,Bill Cowher,65.89423648247178,Defensive,0,3
PIT,1992,0.6875,0.6433414,0.6299157,0.0575842857360839,0.013425708,0.0441585779190063,0.0575842857360839,Bill Cowher,Bill Cowher,64.40879382055853,Defensive,0,3
PIT,1996,0.625,0.63070273,0.6446379,-0.0196378827095031,-0.013935149,-0.0057027339935302,-0.0196378827095031,Bill Cowher,Bill Cowher,38.32442067736185,Defensive,0,3
PIT,1999,0.375,0.44139925,0.3952396,-0.0202395915985107,0.046159655,-0.0663992464542388,-0.0202395915985107,Bill Cowher,Bill Cowher,38.26500297088533,Defensive,0,3
PIT,2006,0.5,0.5683791,0.5215825,-0.0215824842453002,0.04679662,-0.0683791041374206,-0.0215824842453002,Bill Cowher,Bill Cowher,38.027332144979205,Defensive,0,3
PIT,2000,0.5625,0.620347,0.58702934,-0.0245293378829956,0.033317685,-0.0578470230102539,-0.0245293378829956,Bill Cowher,Bill Cowher,36.77956030897207,Defensive,0,3
PIT,1998,0.4375,0.50533557,0.52224004,-0.0847400426864624,-0.016904473,-0.0678355693817138,-0.0847400426864624,Bill Cowher,Bill Cowher,19.607843137254903,Defensive,0,3
PIT,1993,0.5625,0.64245915,0.6496265,-0.0871264934539794,-0.0071673393,-0.0799591541290283,-0.0871264934539794,Bill Cowher,Bill Cowher,18.954248366013072,Defensive,0,3
PIT,2003,0.375,0.5393139,0.5042705,-0.1292704939842224,0.03504342,-0.1643139123916626,-0.1292704939842224,Bill Cowher,Bill Cowher,10.041592394533572,Defensive,0,3
KAN,2006,0.5625,0.50318676,0.5146989,0.0478010773658752,-0.01151216,0.0593132376670837,0.0478010773658752,Herm Edwards,Herm Edwards,62.091503267973856,Other,0,0
NYJ,2001,0.625,0.6066516,0.61243814,0.0125618577003479,-0.005786538,0.0183483958244323,0.0125618577003479,Herm Edwards,Herm Edwards,50.26737967914438,Other,0,0
NYJ,2004,0.625,0.6592848,0.61886954,0.0061304569244384,0.040415227,-0.034284770488739,0.0061304569244384,Herm Edwards,Herm Edwards,47.653000594177065,Other,0,0
NYJ,2002,0.5625,0.56305826,0.5680719,-0.0055719017982482,-0.0050136447,-0.0005582571029663,-0.0055719017982482,Herm Edwards,Herm Edwards,43.90968508615568,Other,0,0
NYJ,2003,0.375,0.3916106,0.40379784,-0.028797835111618,-0.0121872425,-0.0166105926036834,-0.028797835111618,Herm Edwards,Herm Edwards,35.294117647058826,Other,0,0
KAN,2007,0.25,0.29883707,0.3584356,-0.1084356009960174,-0.059598535,-0.0488370656967163,-0.1084356009960174,Herm Edwards,Herm Edwards,14.14141414141414,Other,0,0
KAN,2008,0.125,0.19245036,0.25496465,-0.1299646496772766,-0.06251429,-0.0674503594636917,-0.1299646496772766,Herm Edwards,Herm Edwards,9.863339275103982,Other,0,0
NYJ,2005,0.25,0.3267895,0.38223833,-0.1322383284568786,-0.05544883,-0.0767894983291626,-0.1322383284568786,Herm Edwards,Herm Edwards,9.62566844919786,Other,0,0
HTX,2019,0.625,0.42630824,0.39086565,0.2341343462467193,0.03544259,0.1986917555332183,0.2341343462467193,Bill O'Brien,Bill O'Brien,97.68270944741532,Offensive,8,0
HTX,2016,0.5625,0.39131325,0.35878375,0.2037162482738495,0.032529503,0.1711867451667785,0.2037162482738495,Bill O'Brien,Bill O'Brien,95.60308972073678,Offensive,8,0
HTX,2015,0.5625,0.45788842,0.40127492,0.1612250804901123,0.056613505,0.1046115756034851,0.1612250804901123,Bill O'Brien,Bill O'Brien,90.84967320261438,Offensive,8,0
HTX,2018,0.6875,0.597863,0.60286677,0.0846332311630249,-0.0050037503,0.0896369814872741,0.0846332311630249,Bill O'Brien,Bill O'Brien,73.55912061794415,Offensive,8,0
HTX,2014,0.5625,0.5794616,0.5482891,0.0142108798027038,0.031172454,-0.0169615745544433,0.0142108798027038,Bill O'Brien,Bill O'Brien,50.68330362448009,Offensive,8,0
HTX,2017,0.25,0.2792762,0.25569457,-0.005694568157196,0.023581624,-0.0292761921882629,-0.005694568157196,Bill O'Brien,Bill O'Brien,43.85026737967914,Offensive,8,0
HTX,2020,0.25,0.34528685,0.35632655,-0.106326550245285,-0.011039704,-0.0952868461608886,-0.106326550245285,Bill O'Brien,Bill O'Brien / Romeo Crennel,14.795008912655971,Offensive,8,0
NYG,1986,0.875,0.7200055,0.6335075,0.2414925098419189,0.08649802,0.1549944877624511,0.2414925098419189,Bill Parcells,Bill Parcells,98.2174688057041,Defensive,0,4
NWE,1994,0.625,0.52973354,0.43439275,0.1906072497367859,0.09534079,0.0952664613723754,0.1906072497367859,Bill Parcells,Bill Parcells,94.35531788472964,Defensive,0,4
DAL,2003,0.625,0.5219357,0.44549006,0.1795099377632141,0.07644564,0.1030642986297607,0.1795099377632141,Bill Parcells,Bill Parcells,93.22638146167556,Defensive,0,4
NYJ,1998,0.75,0.69083077,0.6114955,0.1385045051574707,0.07933527,0.0591692328453063,0.1385045051574707,Bill Parcells,Bill Parcells,87.22519310754605,Defensive,0,4
NYG,1989,0.75,0.69679195,0.61965597,0.1303440332412719,0.07713598,0.05320805311203,0.1303440332412719,Bill Parcells,Bill Parcells,85.20499108734403,Defensive,0,4
NYG,1987,0.4,0.4130746,0.28496787,0.1150321304798126,0.12810674,-0.0130746126174926,0.1150321304798126,Bill Parcells,Bill Parcells,81.81818181818183,Defensive,0,4
NYG,1988,0.625,0.5997879,0.5165224,0.1084775924682617,0.08326548,0.0252121090888977,0.1084775924682617,Bill Parcells,Bill Parcells,80.3921568627451,Defensive,0,4
NYG,1990,0.8125,0.78361887,0.71453106,0.0979689359664917,0.0690878,0.0288811326026916,0.0979689359664917,Bill Parcells,Bill Parcells,77.65894236482471,Defensive,0,4
DAL,2005,0.5625,0.52426666,0.4727992,0.0897007882595062,0.05146745,0.0382333397865295,0.0897007882595062,Bill Parcells,Bill Parcells,75.28223410576351,Defensive,0,4
DAL,2004,0.375,0.3224095,0.2900648,0.084935188293457,0.0323447,0.0525904893875122,0.084935188293457,Bill Parcells,Bill Parcells,73.6779560308972,Defensive,0,4
NWE,1996,0.6875,0.6677807,0.6175827,0.0699173212051391,0.05019802,0.0197193026542663,0.0699173212051391,Bill Parcells,Bill Parcells,68.56803327391563,Defensive,0,4
NYJ,1999,0.5,0.51889205,0.44598958,0.0540104210376739,0.07290247,-0.0188920497894287,0.0540104210376739,Bill Parcells,Bill Parcells,63.39869281045751,Defensive,0,4
NYG,1985,0.625,0.6226285,0.60476565,0.0202343463897705,0.017862856,0.0023714900016784,0.0202343463897705,Bill Parcells,Bill Parcells,52.64408793820559,Defensive,0,4
NWE,1993,0.3125,0.35004997,0.29432207,0.0181779265403747,0.0557279,-0.0375499725341796,0.0181779265403747,Bill Parcells,Bill Parcells,51.63398692810458,Defensive,0,4
NYG,1984,0.5625,0.52436715,0.544487,0.0180130004882812,-0.020119846,0.0381328463554382,0.0180130004882812,Bill Parcells,Bill Parcells,51.57456922162804,Defensive,0,4
DAL,2006,0.5625,0.55490506,0.55645096,0.0060490369796752,-0.0015459061,0.0075949430465698,0.0060490369796752,Bill Parcells,Bill Parcells,47.593582887700535,Defensive,0,4
NWE,1995,0.375,0.4588406,0.4222721,-0.0472720861434936,0.036568522,-0.0838406085968017,-0.0472720861434936,Bill Parcells,Bill Parcells,30.065359477124183,Defensive,0,4
NYJ,1997,0.5625,0.6038107,0.6153572,-0.052857220172882,-0.011546493,-0.0413107275962829,-0.052857220172882,Bill Parcells,Bill Parcells,27.688651218062983,Defensive,0,4
NYG,1983,0.2188,0.2680275,0.27758616,-0.0587861620903015,-0.009558648,-0.049227514219284,-0.0587861620903015,Bill Parcells,Bill Parcells,26.14379084967321,Defensive,0,4
OTI,1972,0.0714,0.120220274,0.17049512,-0.0990951226711273,-0.05027485,-0.048820273733139,-0.0990951226711273,Bill Peterson,Bill Peterson,16.755793226381464,Other,0,0
OTI,1973,0.0714,0.13119608,0.24055058,-0.1691505776405334,-0.109354496,-0.0597960816383361,-0.1691505776405334,Bill Peterson,Bill Peterson / Sid Gillman,5.585264408793821,Other,0,0
CLE,1970,0.5,0.49880284,0.49445394,0.0055460631847381,0.004348904,0.0011971592903137,0.0055460631847381,Blanton Collier,Blanton Collier,47.41532976827095,Other,0,0
CRD,1972,0.3214,0.28532347,0.24917793,0.0722220672607422,0.036145538,0.0360765291690826,0.0722220672607422,Bob Hollway,Bob Hollway,69.45929887106358,Defensive,0,11
CRD,1971,0.3214,0.34872368,0.37228885,-0.0508888529300689,-0.023565173,-0.02732367978096,-0.0508888529300689,Bob Hollway,Bob Hollway,28.401663695781345,Defensive,0,11
ATL,2007,0.25,0.3445105,0.34315425,-0.0931542515754699,0.0013562441,-0.0945104956626892,-0.0931542515754699,Bobby Petrino,Bobby Petrino / Emmitt Thomas,17.70647653000594,Offensive,14,0
SDG,1995,0.5625,0.4595349,0.36111954,0.2013804614543914,0.098415375,0.1029650866985321,0.2013804614543914,Bobby Ross,Bobby Ross,95.48425430778371,Other,0,0
SDG,1996,0.5,0.48837224,0.3742202,0.1257798075675964,0.114152044,0.0116277635097503,0.1257798075675964,Bobby Ross,Bobby Ross,84.19489007724302,Other,0,0
SDG,1994,0.6875,0.6681278,0.62070864,0.0667913556098938,0.04741913,0.0193722248077392,0.0667913556098938,Bobby Ross,Bobby Ross,67.3202614379085,Other,0,0
DET,2000,0.5625,0.5400708,0.49664852,0.065851479768753,0.043422252,0.0224292278289794,0.065851479768753,Bobby Ross,Bobby Ross / Gary Moeller,67.08259061200238,Other,0,0
DET,1999,0.5,0.4780601,0.45790315,0.0420968532562255,0.02015695,0.0219399034976959,0.0420968532562255,Bobby Ross,Bobby Ross,59.71479500891266,Other,0,0
SDG,1992,0.6875,0.6291964,0.6595637,0.0279362797737121,-0.030367315,0.0583035945892334,0.0279362797737121,Bobby Ross,Bobby Ross,55.02079619726678,Other,0,0
SDG,1993,0.5,0.55043274,0.48672575,0.0132742524147033,0.063706994,-0.0504327416419982,0.0132742524147033,Bobby Ross,Bobby Ross,50.44563279857398,Other,0,0
DET,1997,0.5625,0.53666884,0.5605271,0.0019729137420654,-0.02385825,0.0258311629295349,0.0019729137420654,Bobby Ross,Bobby Ross,46.22697563874034,Other,0,0
DET,1998,0.3125,0.34498486,0.33743867,-0.0249386727809906,0.0075461864,-0.0324848592281341,-0.0249386727809906,Bobby Ross,Bobby Ross,36.60130718954248,Other,0,0
MIN,2008,0.625,0.5525569,0.50321686,0.1217831373214721,0.04934001,0.0724431276321411,0.1217831373214721,Brad Childress,Brad Childress,83.24420677361853,Offensive,15,0
MIN,2009,0.75,0.7358193,0.65652317,0.0934768319129943,0.07929611,0.0141807198524475,0.0934768319129943,Brad Childress,Brad Childress,76.53000594177065,Offensive,15,0
MIN,2010,0.375,0.41421637,0.4270532,-0.0520532131195068,-0.012836844,-0.0392163693904876,-0.0520532131195068,Brad Childress,Brad Childress / Leslie Frazier,27.86690433749257,Offensive,15,0
MIN,2007,0.5,0.5456605,0.5728533,-0.0728533267974853,-0.027192831,-0.0456604957580566,-0.0728533267974853,Brad Childress,Brad Childress,22.63814616755793,Offensive,15,0
MIN,2006,0.375,0.51415396,0.5229845,-0.147984504699707,-0.008830547,-0.1391539573669433,-0.147984504699707,Brad Childress,Brad Childress,7.427213309566251,Offensive,15,0
SDG,2021,0.5294,0.53176814,0.5110012,0.0183987707138061,0.020766914,-0.0023681431770324,0.0183987707138061,Brandon Staley,Brandon Staley,51.75282234105764,Defensive,0,6
SDG,2022,0.5882,0.6267203,0.62071085,-0.0325108497619629,0.0060094595,-0.0385203092575073,-0.0325108497619629,Brandon Staley,Brandon Staley,34.34343434343434,Defensive,0,6
SDG,2023,0.2941,0.36534905,0.35694563,-0.0628456338882446,0.00840342,-0.0712490543365478,-0.0628456338882446,Brandon Staley,Brandon Staley / Giff Smith,24.9554367201426,Defensive,0,6
RAV,2001,0.625,0.52559125,0.39236772,0.2326322793960571,0.13322353,0.099408745765686,0.2326322793960571,Brian Billick,Brian Billick,97.6232917409388,Offensive,9,0
RAV,2006,0.8125,0.7221892,0.6897084,0.122791588306427,0.032480776,0.0903108119964599,0.122791588306427,Brian Billick,Brian Billick,83.54129530600119,Offensive,9,0
RAV,2000,0.75,0.7229768,0.6590964,0.0909035801887512,0.063880384,0.0270231962203979,0.0909035801887512,Brian Billick,Brian Billick,75.6387403446227,Offensive,9,0
RAV,2003,0.625,0.59989405,0.5805679,0.0444321036338806,0.01932615,0.0251059532165527,0.0444321036338806,Brian Billick,Brian Billick,60.78431372549019,Offensive,9,0
RAV,1999,0.5,0.48462108,0.5067852,-0.0067852139472961,-0.022164136,0.0153789222240448,-0.0067852139472961,Brian Billick,Brian Billick,43.13725490196079,Offensive,9,0
RAV,2005,0.375,0.364384,0.40748706,-0.0324870645999908,-0.04310307,0.0106160044670104,-0.0324870645999908,Brian Billick,Brian Billick,34.40285204991088,Offensive,9,0
RAV,2004,0.5625,0.6304709,0.62306976,-0.0605697631835937,0.0074011087,-0.067970871925354,-0.0605697631835937,Brian Billick,Brian Billick,25.430778371954844,Offensive,9,0
RAV,2002,0.4375,0.5342949,0.5063005,-0.0688005089759826,0.027994394,-0.0967949032783508,-0.0688005089759826,Brian Billick,Brian Billick,23.46999405822935,Offensive,9,0
RAV,2007,0.3125,0.37721804,0.42719448,-0.1146944761276245,-0.04997644,-0.0647180378437042,-0.1146944761276245,Brian Billick,Brian Billick,12.59655377302436,Offensive,9,0
OTI,2024,0.1765,0.33600035,0.30514368,-0.1286436841487884,0.030856669,-0.1595003530979156,-0.1286436841487884,Brian Callahan,Brian Callahan,10.338680926916222,Offensive,5,0
NYG,2022,0.5588,0.5084792,0.50349414,0.055305856513977,0.0049850345,0.0503208220481872,0.055305856513977,Brian Daboll,Brian Daboll,63.69578134284016,Offensive,9,0
NYG,2024,0.1765,0.2164427,0.23921394,-0.0627139434814453,-0.02277124,-0.0399427042007446,-0.0627139434814453,Brian Daboll,Brian Daboll,25.01485442661913,Offensive,9,0
NYG,2023,0.3529,0.42435303,0.46514556,-0.1122455581188202,-0.040792525,-0.0714530333042144,-0.1122455581188202,Brian Daboll,Brian Daboll,13.071895424836605,Offensive,9,0
MIA,2020,0.625,0.53872734,0.59020823,0.0347917675971984,-0.05148089,0.086272656917572,0.0347917675971984,Brian Flores,Brian Flores,56.98158051099228,Defensive,0,3
MIA,2021,0.5294,0.49999446,0.50059247,0.0288075298309326,-0.0005980134,0.029405543231964,0.0288075298309326,Brian Flores,Brian Flores,55.258467023172905,Defensive,0,3
MIA,2019,0.3125,0.29378107,0.32511318,-0.0126131772994995,-0.031332105,0.0187189280986785,-0.0126131772994995,Brian Flores,Brian Flores,41.41414141414141,Defensive,0,3
SDG,2006,0.875,0.77729064,0.66917056,0.2058294415473938,0.108120084,0.0977093577384948,0.2058294415473938,Marty Schottenheimer,Marty Schottenheimer,95.78134284016636,Offensive,15,0
KAN,1997,0.8125,0.7369146,0.68116856,0.1313314437866211,0.05574602,0.0755854249000549,0.1313314437866211,Marty Schottenheimer,Marty Schottenheimer,85.32382650029709,Offensive,15,0
KAN,1995,0.8125,0.7321304,0.68478453,0.1277154684066772,0.047345877,0.0803695917129516,0.1277154684066772,Marty Schottenheimer,Marty Schottenheimer,84.72964943553178,Offensive,15,0
KAN,1994,0.5625,0.50357085,0.4670275,0.095472514629364,0.03654337,0.0589291453361511,0.095472514629364,Marty Schottenheimer,Marty Schottenheimer,77.00534759358288,Offensive,15,0
SDG,2004,0.75,0.7185042,0.65603083,0.0939691662788391,0.062473357,0.0314958095550537,0.0939691662788391,Marty Schottenheimer,Marty Schottenheimer,76.6488413547237,Offensive,15,0
KAN,1989,0.5312,0.4593516,0.43793592,0.0932640814304351,0.02141568,0.0718484007835388,0.0932640814304351,Marty Schottenheimer,Marty Schottenheimer,76.47058823529412,Offensive,15,0
KAN,1991,0.625,0.5704901,0.5417993,0.0832006931304931,0.028690815,0.0545098781585693,0.0832006931304931,Marty Schottenheimer,Marty Schottenheimer,73.02436125965538,Offensive,15,0
CLE,1987,0.6667,0.65705985,0.5886088,0.0780911986351012,0.06845105,0.0096401516914367,0.0780911986351012,Marty Schottenheimer,Marty Schottenheimer,71.65775401069519,Offensive,15,0
CLE,1988,0.625,0.59274006,0.5504038,0.0745962262153625,0.042336285,0.0322599411010742,0.0745962262153625,Marty Schottenheimer,Marty Schottenheimer,70.35056446821153,Offensive,15,0
SDG,2005,0.5625,0.5504767,0.4948488,0.0676512122154235,0.055627882,0.0120233297348022,0.0676512122154235,Marty Schottenheimer,Marty Schottenheimer,67.67676767676768,Offensive,15,0
CLE,1986,0.75,0.72110146,0.6855804,0.0644196271896362,0.03552109,0.028898537158966,0.0644196271896362,Marty Schottenheimer,Marty Schottenheimer,66.36957813428401,Offensive,15,0
KAN,1993,0.6875,0.6412814,0.62898475,0.0585152506828308,0.012296677,0.0462185740470886,0.0585152506828308,Marty Schottenheimer,Marty Schottenheimer,64.64646464646465,Offensive,15,0
KAN,1998,0.4375,0.4172633,0.412701,0.0247989892959594,0.0045622885,0.0202367007732391,0.0247989892959594,Marty Schottenheimer,Marty Schottenheimer,53.89185977421271,Offensive,15,0
KAN,1996,0.5625,0.563828,0.5533894,0.0091106295585632,0.010438621,-0.0013279914855957,0.0091106295585632,Marty Schottenheimer,Marty Schottenheimer,48.722519310754606,Offensive,15,0
SDG,2003,0.25,0.29432565,0.24340543,0.006594568490982,0.05092022,-0.0443256497383117,0.006594568490982,Marty Schottenheimer,Marty Schottenheimer,47.89067142008319,Offensive,15,0
KAN,1992,0.625,0.6273651,0.62657636,-0.0015763640403747,0.00078874826,-0.0023651123046875,-0.0015763640403747,Marty Schottenheimer,Marty Schottenheimer,45.33571004159239,Offensive,15,0
KAN,1990,0.6875,0.70119315,0.70305294,-0.0155529379844665,-0.0018597841,-0.0136931538581848,-0.0155529379844665,Marty Schottenheimer,Marty Schottenheimer,40.16636957813429,Offensive,15,0
CLE,1985,0.5,0.49805593,0.5168725,-0.0168725252151489,-0.01881659,0.0019440650939941,-0.0168725252151489,Marty Schottenheimer,Marty Schottenheimer,39.27510398098633,Offensive,15,0
SDG,2002,0.5,0.5386255,0.5745675,-0.0745674967765808,-0.035942018,-0.0386254787445068,-0.0745674967765808,Marty Schottenheimer,Marty Schottenheimer,22.281639928698752,Offensive,15,0
WAS,2001,0.5,0.61082435,0.5767412,-0.0767412185668945,0.034083128,-0.1108243465423584,-0.0767412185668945,Marty Schottenheimer,Marty Schottenheimer,21.509209744503863,Offensive,15,0
CRD,2014,0.6875,0.5927811,0.49353608,0.1939639151096344,0.09924504,0.0947188735008239,0.1939639151096344,Bruce Arians,Bruce Arians,94.71182412358884,Offensive,12,0
CRD,2015,0.8125,0.72748387,0.64364964,0.1688503623008728,0.08383423,0.085016131401062,0.1688503623008728,Bruce Arians,Bruce Arians,91.91919191919192,Offensive,12,0
TAM,2021,0.7647,0.72014236,0.6102604,0.1544395730018616,0.10988194,0.0445576354980469,0.1544395730018616,Bruce Arians,Bruce Arians,90.13666072489602,Offensive,12,0
CRD,2017,0.5,0.47840652,0.36770076,0.1322992444038391,0.11070576,0.0215934813022613,0.1322992444038391,Bruce Arians,Bruce Arians,85.50207961972667,Offensive,12,0
CRD,2013,0.625,0.5942073,0.5160923,0.1089076995849609,0.07811499,0.0307927131652832,0.1089076995849609,Bruce Arians,Bruce Arians,80.57040998217468,Offensive,12,0
TAM,2019,0.4375,0.4787761,0.39335263,0.0441473722457885,0.08542347,-0.0412760972976684,0.0441473722457885,Bruce Arians,Bruce Arians,60.42780748663101,Offensive,12,0
TAM,2020,0.6875,0.7187669,0.6654405,0.0220595002174377,0.053326428,-0.0312669277191162,0.0220595002174377,Bruce Arians,Bruce Arians,53.06001188354129,Offensive,12,0
CRD,2016,0.4688,0.520659,0.465154,0.003646007823944,0.055505037,-0.0518590294837951,0.003646007823944,Bruce Arians,Bruce Arians,46.76173499702912,Offensive,12,0
CIN,1997,0.4375,0.43524897,0.4277401,0.0097599029541015,0.007508874,0.0022510290145874,0.0097599029541015,Bruce Coslet,Bruce Coslet,48.96019013666073,Offensive,9,0
CIN,1999,0.25,0.24869299,0.28789347,-0.0378934741020202,-0.039200485,0.0013070106506347,-0.0378934741020202,Bruce Coslet,Bruce Coslet,32.73915626856803,Offensive,9,0
CIN,2000,0.25,0.26177555,0.29123107,-0.0412310659885406,-0.029455513,-0.0117755532264709,-0.0412310659885406,Bruce Coslet,Bruce Coslet / Dick LeBeau,31.907308377896616,Offensive,9,0
NYJ,1993,0.5,0.5329519,0.64145255,-0.1414525508880615,-0.10850066,-0.0329518914222717,-0.1414525508880615,Bruce Coslet,Bruce Coslet,8.25906120023767,Offensive,9,0
NYJ,1991,0.5,0.5533859,0.6662181,-0.166218101978302,-0.11283219,-0.0533859133720397,-0.166218101978302,Bruce Coslet,Bruce Coslet,5.88235294117647,Offensive,9,0
CIN,1998,0.1875,0.32438836,0.3740969,-0.1865969002246856,-0.049708545,-0.1368883550167083,-0.1865969002246856,Bruce Coslet,Bruce Coslet,4.337492572786691,Offensive,9,0
NYJ,1990,0.375,0.44655395,0.57446784,-0.1994678378105163,-0.12791389,-0.0715539455413818,-0.1994678378105163,Bruce Coslet,Bruce Coslet,3.62448009506833,Offensive,9,0
NYJ,1992,0.25,0.34298164,0.48253953,-0.2325395345687866,-0.1395579,-0.0929816365242004,-0.2325395345687866,Bruce Coslet,Bruce Coslet,2.1984551396316103,Offensive,9,0
CLE,1989,0.5938,0.57363796,0.68581605,-0.0920160495758056,-0.11217809,0.0201620376586914,-0.0920160495758056,Bud Carson,Bud Carson,18.003565062388592,Defensive,0,22
CLE,1990,0.1875,0.28055263,0.32115892,-0.1336589157581329,-0.04060629,-0.0930526256561279,-0.1336589157581329,Bud Carson,Bud Carson / Jim Shofner,9.32857991681521,Defensive,0,22
MIN,1977,0.6429,0.5081915,0.4023555,0.2405445078849792,0.105836034,0.1347084740638733,0.2405445078849792,Bud Grant,Bud Grant,98.09863339275104,Other,0,0
MIN,1973,0.8571,0.7584037,0.6945156,0.1625844141006469,0.06388813,0.0986962815284728,0.1625844141006469,Bud Grant,Bud Grant,91.0873440285205,Other,0,0
MIN,1971,0.7857,0.7250903,0.6421118,0.1435882217407226,0.08297855,0.0606096751213073,0.1435882217407226,Bud Grant,Bud Grant,87.93820558526441,Other,0,0
MIN,1982,0.5556,0.5464376,0.4189775,0.1366225009918212,0.12746012,0.0091623788833618,0.1366225009918212,Bud Grant,Bud Grant,86.39334521687462,Other,0,0
MIN,1970,0.8571,0.83929294,0.7234265,0.1336734791755676,0.11586642,0.0178070565223693,0.1336734791755676,Bud Grant,Bud Grant,85.73975044563281,Other,0,0
MIN,1976,0.8214,0.7962059,0.7398074,0.0815925730705261,0.05639845,0.0251941217422485,0.0815925730705261,Bud Grant,Bud Grant,72.54901960784314,Other,0,0
MIN,1975,0.8571,0.84309196,0.77958256,0.0775174399375915,0.063509405,0.0140080352783202,0.0775174399375915,Bud Grant,Bud Grant,71.42008318478906,Other,0,0
MIN,1974,0.7143,0.73621345,0.649227,0.0650729768753052,0.08698642,-0.0219134456634521,0.0650729768753052,Bud Grant,Bud Grant,66.66666666666666,Other,0,0
MIN,1978,0.5312,0.52651346,0.49659687,0.0346031271934509,0.029916584,0.0046865427017211,0.0346031271934509,Bud Grant,Bud Grant,56.80332739156269,Other,0,0
MIN,1983,0.5,0.513272,0.50165653,-0.0016565322875976,0.011615455,-0.0132719874382019,-0.0016565322875976,Bud Grant,Bud Grant,45.21687462863934,Other,0,0
MIN,1981,0.4375,0.45785007,0.4436556,-0.0061556100845336,0.014194459,-0.0203500688076019,-0.0061556100845336,Bud Grant,Bud Grant,43.612596553773024,Other,0,0
MIN,1980,0.5625,0.65265447,0.63979536,-0.0772953629493713,0.012859106,-0.0901544690132141,-0.0772953629493713,Bud Grant,Bud Grant,21.330956625074272,Other,0,0
MIN,1985,0.4375,0.4989716,0.5238441,-0.0863441228866577,-0.024872512,-0.0614716112613678,-0.0863441228866577,Bud Grant,Bud Grant,19.37017231134878,Other,0,0
MIN,1979,0.4375,0.5045983,0.55148077,-0.1139807701110839,-0.04688245,-0.067098319530487,-0.1139807701110839,Bud Grant,Bud Grant,12.774806892453952,Other,0,0
MIN,1972,0.5,0.5855037,0.6201901,-0.1201900839805603,-0.034686387,-0.0855036973953247,-0.1201900839805603,Bud Grant,Bud Grant,11.40819964349376,Other,0,0
CRD,1978,0.375,0.445665,0.46304864,-0.0880486369132995,-0.017383635,-0.0706650018692016,-0.0880486369132995,Bud Wilkinson,Bud Wilkinson,18.77599524658348,Other,0,0
CRD,1979,0.3125,0.3816767,0.40404126,-0.0915412604808807,-0.022364557,-0.0691767036914825,-0.0915412604808807,Bud Wilkinson,Bud Wilkinson / Larry Wilson,18.181818181818183,Other,0,0
PHI,1987,0.4667,0.39707085,0.4131866,0.0535133902549743,-0.016115755,0.0696291450977325,0.0535133902549743,Buddy Ryan,Buddy Ryan,63.33927510398099,Defensive,0,10
PHI,1990,0.625,0.5720137,0.62067723,0.0043227672576904,-0.048663557,0.0529863238334655,0.0043227672576904,Buddy Ryan,Buddy Ryan,46.99940582293524,Defensive,0,10
PHI,1989,0.6875,0.6082038,0.69216835,-0.0046683549880981,-0.08396453,0.0792961716651916,-0.0046683549880981,Buddy Ryan,Buddy Ryan,44.32560903149139,Defensive,0,10
PHI,1988,0.625,0.63493586,0.66492665,-0.0399266481399536,-0.029990792,-0.0099358558654785,-0.0399266481399536,Buddy Ryan,Buddy Ryan,32.323232323232325,Defensive,0,10
CRD,1994,0.5,0.48962182,0.5405285,-0.0405284762382507,-0.05090666,0.0103781819343566,-0.0405284762382507,Buddy Ryan,Buddy Ryan,32.0855614973262,Defensive,0,10
CRD,1995,0.25,0.26189834,0.3404098,-0.0904097855091095,-0.07851145,-0.0118983387947082,-0.0904097855091095,Buddy Ryan,Buddy Ryan,18.30065359477124,Defensive,0,10
PHI,1986,0.3438,0.41202122,0.47350997,-0.1297099673271179,-0.061488748,-0.0682212197303772,-0.1297099673271179,Buddy Ryan,Buddy Ryan,9.98217468805704,Defensive,0,10
DAL,2016,0.8125,0.64137423,0.60759,0.2049099802970886,0.03378421,0.1711257696151733,0.2049099802970886,Jason Garrett,Jason Garrett,95.72192513368984,Other,0,0
DAL,2018,0.625,0.54431105,0.51461077,0.110389232635498,0.02970028,0.0806889533996582,0.110389232635498,Jason Garrett,Jason Garrett,80.8080808080808,Other,0,0
DAL,2017,0.5625,0.5034399,0.46145666,0.1010433435440063,0.041983247,0.0590600967407226,0.1010433435440063,Jason Garrett,Jason Garrett,78.6096256684492,Other,0,0
DAL,2014,0.75,0.7313556,0.66253257,0.0874674320220947,0.06882304,0.0186443924903869,0.0874674320220947,Jason Garrett,Jason Garrett,74.4503862150921,Other,0,0
DAL,2012,0.5,0.45729014,0.43210214,0.0678978562355041,0.025187999,0.042709857225418,0.0678978562355041,Jason Garrett,Jason Garrett,67.79560308972073,Other,0,0
DAL,2019,0.5,0.5094849,0.46358794,0.0364120602607727,0.045896947,-0.0094848871231079,0.0364120602607727,Jason Garrett,Jason Garrett,57.338086749851456,Other,0,0
DAL,2015,0.25,0.28600278,0.22145373,0.0285462737083435,0.06454906,-0.0360027849674224,0.0285462737083435,Jason Garrett,Jason Garrett,55.13963161021984,Other,0,0
DAL,2013,0.5,0.51296735,0.48125568,0.0187443196773529,0.031711668,-0.0129673480987548,0.0187443196773529,Jason Garrett,Jason Garrett,51.99049316696376,Other,0,0
DAL,2011,0.5,0.5962669,0.6162878,-0.1162878274917602,-0.020020902,-0.0962669253349304,-0.1162878274917602,Jason Garrett,Jason Garrett,12.35888294711824,Other,0,0
SDG,2009,0.8125,0.6283788,0.6211661,0.1913338899612426,0.0072126985,0.1841211915016174,0.1913338899612426,Norv Turner,Norv Turner,94.41473559120618,Other,0,0
SDG,2007,0.6875,0.6332721,0.60157734,0.0859226584434509,0.03169477,0.0542278885841369,0.0859226584434509,Norv Turner,Norv Turner,74.03446226975639,Other,0,0
WAS,1997,0.5312,0.48107147,0.5119313,0.0192686998367309,-0.030859828,0.0501285278320312,0.0192686998367309,Norv Turner,Norv Turner,52.406417112299465,Other,0,0
RAI,2004,0.3125,0.39556766,0.31888103,-0.0063810348510742,0.07668662,-0.0830676555633544,-0.0063810348510742,Norv Turner,Norv Turner,43.43434343434344,Other,0,0
WAS,1995,0.375,0.36043692,0.3835587,-0.0085586905479431,-0.023121774,0.0145630836486816,-0.0085586905479431,Norv Turner,Norv Turner,42.60249554367201,Other,0,0
SDG,2012,0.4375,0.45088488,0.44977447,-0.0122744739055633,0.0011104047,-0.0133848786354064,-0.0122744739055633,Norv Turner,Norv Turner,41.592394533571,Other,0,0
WAS,2000,0.5,0.46874216,0.52351236,-0.0235123634338378,-0.0547702,0.0312578380107879,-0.0235123634338378,Norv Turner,Norv Turner / Terry Robiskie,37.25490196078432,Other,0,0
SDG,2010,0.5625,0.6586613,0.596227,-0.0337269902229309,0.062434316,-0.0961613059043884,-0.0337269902229309,Norv Turner,Norv Turner,34.046345811051694,Other,0,0
WAS,1999,0.625,0.6974793,0.673859,-0.0488590002059936,0.023620307,-0.0724793076515197,-0.0488590002059936,Norv Turner,Norv Turner,29.233511586452764,Other,0,0
WAS,1996,0.5625,0.6271004,0.62470746,-0.0622074604034423,0.0023929477,-0.0646004080772399,-0.0622074604034423,Norv Turner,Norv Turner,25.19310754604872,Other,0,0
RAI,2005,0.25,0.3615793,0.3216725,-0.07167249917984,0.0399068,-0.1115792989730835,-0.07167249917984,Norv Turner,Norv Turner,22.81639928698752,Other,0,0
SDG,2011,0.5,0.64918756,0.5911752,-0.0911751985549926,0.058012366,-0.1491875648498535,-0.0911751985549926,Norv Turner,Norv Turner,18.24123588829472,Other,0,0
WAS,1998,0.375,0.48867223,0.5173189,-0.1423189043998718,-0.028646678,-0.1136722266674041,-0.1423189043998718,Norv Turner,Norv Turner,8.19964349376114,Other,0,0
SDG,2008,0.5,0.7047377,0.65431565,-0.1543156504631042,0.050422072,-0.2047377228736877,-0.1543156504631042,Norv Turner,Norv Turner,6.714200831847891,Other,0,0
WAS,1994,0.1875,0.41304454,0.46035704,-0.2728570401668548,-0.047312498,-0.2255445420742035,-0.2728570401668548,Norv Turner,Norv Turner,0.5941770647653001,Other,0,0
NOR,1982,0.4444,0.36537185,0.28134856,0.1630514437198639,0.0840233,0.0790281468868255,0.1630514437198639,Bum Phillips,Bum Phillips,91.14676173499704,Defensive,0,5
OTI,1978,0.625,0.52269816,0.5222558,0.1027442216873169,0.00044238567,0.1023018360137939,0.1027442216873169,Bum Phillips,Bum Phillips,79.0255496137849,Defensive,0,5
OTI,1975,0.7143,0.6159662,0.6394943,0.0748057001113892,-0.023528099,0.0983337991714478,0.0748057001113892,Bum Phillips,Bum Phillips,70.46939988116459,Defensive,0,5
OTI,1980,0.6875,0.6491172,0.6247962,0.062703788280487,0.02432096,0.0383828282356262,0.062703788280487,Bum Phillips,Bum Phillips,65.9536541889483,Defensive,0,5
OTI,1977,0.5714,0.5254777,0.5193232,0.0520767702102661,0.0061544776,0.0459222926139831,0.0520767702102661,Bum Phillips,Bum Phillips,62.92335115864528,Defensive,0,5
NOR,1984,0.4375,0.38671955,0.3862493,0.0512506961822509,0.00047025084,0.0507804453372955,0.0512506961822509,Bum Phillips,Bum Phillips,62.74509803921568,Defensive,0,5
OTI,1979,0.6875,0.6587233,0.6466365,0.0408635139465332,0.012086809,0.0287767052650451,0.0408635139465332,Bum Phillips,Bum Phillips,59.00178253119429,Defensive,0,5
NOR,1983,0.5,0.44984612,0.50286853,-0.0028685331344604,-0.053022414,0.0501538813114166,-0.0028685331344604,Bum Phillips,Bum Phillips,44.741532976827095,Defensive,0,5
NOR,1985,0.3125,0.33926833,0.32127276,-0.0087727606296539,0.017995566,-0.0267683267593383,-0.0087727606296539,Bum Phillips,Bum Phillips / Wade Phillips,42.54307783719548,Defensive,0,5
OTI,1976,0.3571,0.3741341,0.37435335,-0.0172533492088318,-0.00021925569,-0.0170340935230255,-0.0172533492088318,Bum Phillips,Bum Phillips,39.096850861556746,Defensive,0,5
NOR,1981,0.25,0.27392045,0.30948034,-0.0594803392887115,-0.035559893,-0.0239204466342926,-0.0594803392887115,Bum Phillips,Bum Phillips,25.84670231729056,Defensive,0,5
MIA,2007,0.0625,0.2268171,0.2496809,-0.1871809065341949,-0.022863805,-0.164317101240158,-0.1871809065341949,Cam Cameron,Cam Cameron,4.27807486631016,Offensive,14,0
DAL,1998,0.625,0.5060542,0.43082315,0.1941768527030944,0.075231075,0.1189457774162292,0.1941768527030944,Chan Gailey,Chan Gailey,94.8306595365419,Offensive,10,2
BUF,2012,0.375,0.35133886,0.3306858,0.0443142056465148,0.020653069,0.0236611366271972,0.0443142056465148,Chan Gailey,Chan Gailey,60.66547831253713,Offensive,10,2
BUF,2011,0.375,0.38353127,0.36463016,0.0103698372840881,0.01890111,-0.0085312724113464,0.0103698372840881,Chan Gailey,Chan Gailey,49.376114081996434,Offensive,10,2
BUF,2010,0.25,0.30686846,0.2512625,-0.0012624859809875,0.055605978,-0.0568684637546539,-0.0012624859809875,Chan Gailey,Chan Gailey,45.39512774806892,Offensive,10,2
DAL,1999,0.5,0.68495226,0.64360595,-0.1436059474945068,0.04134631,-0.1849522590637207,-0.1436059474945068,Chan Gailey,Chan Gailey,8.02139037433155,Offensive,10,2
DET,1985,0.4375,0.41403925,0.3714067,0.0660932958126068,0.04263255,0.0234607458114624,0.0660932958126068,Darryl Rogers,Darryl Rogers,67.1420083184789,Other,0,0
DET,1987,0.2667,0.27934378,0.2948298,-0.028129785823822,-0.015486002,-0.0126437838554382,-0.028129785823822,Darryl Rogers,Darryl Rogers,35.53178847296494,Other,0,0
DET,1988,0.25,0.2942975,0.30455104,-0.0545510351657867,-0.010253549,-0.0442974865436553,-0.0545510351657867,Darryl Rogers,Darryl Rogers / Wayne Fontes,27.450980392156865,Other,0,0
DET,1986,0.3125,0.38987553,0.42297593,-0.1104759275913238,-0.033100396,-0.0773755311965942,-0.1104759275913238,Darryl Rogers,Darryl Rogers,13.606654783125371,Other,0,0
NYJ,1974,0.5,0.49281406,0.42471904,0.0752809643745422,0.06809503,0.007185935974121,0.0752809643745422,Charley Winner,Charley Winner,70.64765300059418,Defensive,0,4
CRD,1970,0.6071,0.624487,0.5955272,0.0115728279113769,0.02895981,-0.0173869828224182,0.0115728279113769,Charley Winner,Charley Winner,49.97029114676174,Defensive,0,4
NYJ,1975,0.2143,0.28153878,0.26573437,-0.0514343745231628,0.01580441,-0.0672387845039367,-0.0514343745231628,Charley Winner,Charley Winner / Ken Shipp,28.16399286987522,Defensive,0,4
SDG,1970,0.4643,0.4139926,0.4185157,0.0457842879772186,-0.0045230985,0.0503073864459991,0.0457842879772186,Charlie Waller,Charlie Waller,61.25965537730244,Offensive,7,0
PHI,2014,0.625,0.4653147,0.44055274,0.1844472587108612,0.024761945,0.1596853137016296,0.1844472587108612,Chip Kelly,Chip Kelly,93.64230540701128,Offensive,12,1
PHI,2013,0.625,0.6439809,0.6581719,-0.0331718921661376,-0.014190972,-0.0189809203147888,-0.0331718921661376,Chip Kelly,Chip Kelly,34.105763517528224,Offensive,12,1
PHI,2015,0.4375,0.5849125,0.54268867,-0.1051886677742004,0.04222381,-0.1474124789237976,-0.1051886677742004,Chip Kelly,Chip Kelly / Pat Shurmur,15.092097445038622,Offensive,12,1
SFO,2016,0.125,0.43008915,0.3798158,-0.2548157870769501,0.05027336,-0.3050891458988189,-0.2548157870769501,Chip Kelly,Chip Kelly,1.42602495543672,Offensive,12,1
CLE,2000,0.1875,0.18417527,0.21210004,-0.0246000438928604,-0.027924776,0.00332473218441,-0.0246000438928604,Chris Palmer,Chris Palmer,36.72014260249554,Offensive,15,0
CLE,1999,0.125,0.33356827,0.38152426,-0.2565242648124695,-0.04795599,-0.208568274974823,-0.2565242648124695,Chris Palmer,Chris Palmer,1.36660724896019,Offensive,15,0
NWE,1976,0.7857,0.6769149,0.5915459,0.1941541201591491,0.08536899,0.1087851292610168,0.1941541201591491,Chuck Fairbanks,Chuck Fairbanks,94.77124183006536,Other,0,0
NWE,1978,0.6875,0.6182248,0.6033343,0.0841656923294067,0.014890492,0.0692752003669738,0.0841656923294067,Chuck Fairbanks,Chuck Fairbanks / Hank Bullough / Ron Erhardt,73.44028520499108,Other,0,0
NWE,1977,0.6429,0.62103426,0.5833125,0.0595874885559082,0.037721753,0.0218657354354858,0.0595874885559082,Chuck Fairbanks,Chuck Fairbanks,65.18122400475342,Other,0,0
NWE,1975,0.2143,0.20795323,0.20396872,0.0103312813520431,0.003984511,0.006346770453453,0.0103312813520431,Chuck Fairbanks,Chuck Fairbanks,49.3166963755199,Other,0,0
NWE,1974,0.5,0.5111224,0.5450139,-0.0450139045715332,-0.0338915,-0.0111224055290222,-0.0450139045715332,Chuck Fairbanks,Chuck Fairbanks,30.77837195484254,Other,0,0
NWE,1973,0.3571,0.34954402,0.47450402,-0.1174040237903595,-0.124960005,0.0075559814929961,-0.1174040237903595,Chuck Fairbanks,Chuck Fairbanks,12.12121212121212,Other,0,0
SEA,1987,0.6,0.516757,0.36228818,0.2377118229866027,0.15446883,0.0832429885864257,0.2377118229866027,Chuck Knox,Chuck Knox,97.92038027332146,Other,0,0
RAM,1975,0.8571,0.8421063,0.6896229,0.1674771209716796,0.1524834,0.0149937172889709,0.1674771209716796,Chuck Knox,Chuck Knox,91.6815210932858,Other,0,0
RAM,1973,0.8571,0.82824266,0.73450226,0.1225977440834045,0.0937404,0.0288573404312133,0.1225977440834045,Chuck Knox,Chuck Knox,83.48187759952465,Other,0,0
SEA,1990,0.5625,0.47069794,0.4546521,0.1078478991985321,0.016045839,0.0918020606040954,0.1078478991985321,Chuck Knox,Chuck Knox,80.21390374331551,Other,0,0
SEA,1984,0.75,0.66314125,0.6487691,0.1012309193611145,0.01437217,0.0868587493896484,0.1012309193611145,Chuck Knox,Chuck Knox,78.72846108140226,Other,0,0
BUF,1982,0.4444,0.457449,0.3479795,0.096420514011383,0.1094695,-0.0130489891529083,0.096420514011383,Chuck Knox,Chuck Knox,77.12418300653596,Other,0,0
SEA,1989,0.4375,0.367615,0.3494562,0.0880438089370727,0.018158823,0.0698849856853485,0.0880438089370727,Chuck Knox,Chuck Knox,74.68805704099822,Other,0,0
SEA,1991,0.4375,0.42200854,0.36020872,0.0772912800312042,0.061799824,0.0154914557933807,0.0772912800312042,Chuck Knox,Chuck Knox,71.18241235888296,Other,0,0
BUF,1981,0.625,0.60271496,0.5513302,0.0736697912216186,0.051384747,0.0222850441932678,0.0736697912216186,Chuck Knox,Chuck Knox,69.99405822935235,Other,0,0
BUF,1980,0.6875,0.6618748,0.617141,0.0703589916229248,0.044733763,0.0256252288818359,0.0703589916229248,Chuck Knox,Chuck Knox,68.74628639334522,Other,0,0
RAM,1976,0.75,0.74962395,0.6824248,0.0675752162933349,0.06719917,0.0003760457038879,0.0675752162933349,Chuck Knox,Chuck Knox,67.5579322638146,Other,0,0
SEA,1983,0.5625,0.54881644,0.49567077,0.0668292343616485,0.053145677,0.0136835575103759,0.0668292343616485,Chuck Knox,Chuck Knox,67.43909685086156,Other,0,0
RAM,1974,0.7143,0.7294035,0.6492557,0.0650443070411682,0.0801478,-0.0151034957885741,0.0650443070411682,Chuck Knox,Chuck Knox,66.60724896019013,Other,0,0
RAM,1977,0.7143,0.7409872,0.65802824,0.056271755027771,0.08295894,-0.0266871816635131,0.056271755027771,Chuck Knox,Chuck Knox,64.08199643493762,Other,0,0
SEA,1988,0.5625,0.58726525,0.5200352,0.042464792728424,0.067230046,-0.0247652530670166,0.042464792728424,Chuck Knox,Chuck Knox,59.89304812834224,Other,0,0
RAM,1993,0.3125,0.31305495,0.30836052,0.0041394829750061,0.004694432,-0.0005549490451812,0.0041394829750061,Chuck Knox,Chuck Knox,46.821152703505646,Other,0,0
RAM,1992,0.375,0.3872623,0.3730966,0.0019034147262573,0.014165729,-0.0122623145580291,0.0019034147262573,Chuck Knox,Chuck Knox,46.16755793226381,Other,0,0
SEA,1986,0.625,0.66265947,0.63087445,-0.0058744549751281,0.03178501,-0.037659466266632,-0.0058744549751281,Chuck Knox,Chuck Knox,43.672014260249554,Other,0,0
RAM,1994,0.25,0.29712626,0.3172871,-0.0672870874404907,-0.020160824,-0.0471262633800506,-0.0672870874404907,Chuck Knox,Chuck Knox,23.826500297088533,Other,0,0
SEA,1985,0.5,0.5652232,0.58654684,-0.0865468382835388,-0.021323621,-0.065223217010498,-0.0865468382835388,Chuck Knox,Chuck Knox,19.25133689839572,Other,0,0
BUF,1978,0.3125,0.43232697,0.43286526,-0.1203652620315551,-0.00053828955,-0.1198269724845886,-0.1203652620315551,Chuck Knox,Chuck Knox,11.34878193701723,Other,0,0
BUF,1979,0.4375,0.61968374,0.63677746,-0.1992774605751037,-0.017093718,-0.1821837425231933,-0.1992774605751037,Chuck Knox,Chuck Knox,3.68389780154486,Other,0,0
PIT,1978,0.875,0.78029317,0.6806942,0.1943057775497436,0.099598944,0.0947068333625793,0.1943057775497436,Chuck Noll,Chuck Noll,94.94949494949496,Other,0,0
PIT,1987,0.5333,0.48425758,0.38611063,0.1471893663883209,0.098146945,0.0490424211502075,0.1471893663883209,Chuck Noll,Chuck Noll,88.7106357694593,Other,0,0
PIT,1974,0.75,0.6682905,0.61458164,0.1354183554649353,0.05370885,0.0817095041275024,0.1354183554649353,Chuck Noll,Chuck Noll,86.21509209744504,Other,0,0
PIT,1982,0.6667,0.6717648,0.5380962,0.1286038105010986,0.1336686,-0.0050647910118103,0.1286038105010986,Chuck Noll,Chuck Noll,84.90790255496138,Other,0,0
PIT,1977,0.6429,0.6227429,0.5357884,0.1071115831375122,0.086954474,0.0201571086883545,0.1071115831375122,Chuck Noll,Chuck Noll,79.91681521093285,Other,0,0
PIT,1985,0.4375,0.43807256,0.3479693,0.0895307064056396,0.09010327,-0.0005725622177124,0.0895307064056396,Chuck Noll,Chuck Noll,75.22281639928698,Other,0,0
PIT,1975,0.8571,0.82435006,0.77034676,0.086753239250183,0.0540033,0.0327499409675597,0.086753239250183,Chuck Noll,Chuck Noll,74.27213309566251,Other,0,0
PIT,1980,0.5625,0.5369303,0.4771489,0.0853511095046997,0.059781432,0.0255696773529052,0.0853511095046997,Chuck Noll,Chuck Noll,73.79679144385027,Other,0,0
PIT,1979,0.75,0.74806064,0.6663318,0.0836681723594665,0.081728816,0.0019393563270568,0.0836681723594665,Chuck Noll,Chuck Noll,73.20261437908496,Other,0,0
PIT,1973,0.7143,0.698699,0.6395943,0.0747056835174561,0.05910468,0.0156010025024414,0.0747056835174561,Chuck Noll,Chuck Noll,70.40998217468805,Other,0,0
PIT,1972,0.7857,0.72712904,0.712958,0.0727420217514037,0.014171064,0.0585709578514098,0.0727420217514037,Chuck Noll,Chuck Noll,69.6969696969697,Other,0,0
PIT,1984,0.5625,0.5787605,0.50914735,0.0533526539802551,0.06961316,-0.0162605047225952,0.0533526539802551,Chuck Noll,Chuck Noll,63.27985739750446,Other,0,0
PIT,1991,0.4375,0.41829938,0.39816964,0.0393303632736206,0.02012974,0.0192006230354309,0.0393303632736206,Chuck Noll,Chuck Noll,58.40760546642899,Other,0,0
PIT,1976,0.7143,0.7422909,0.68666834,0.027631663608551,0.055622578,-0.0279909140586852,0.027631663608551,Chuck Noll,Chuck Noll,54.78312537136066,Other,0,0
PIT,1970,0.3571,0.34809414,0.34143394,0.0156660576820373,0.006660193,0.0090058644771575,0.0156660576820373,Chuck Noll,Chuck Noll,51.03980986333928,Other,0,0
PIT,1983,0.625,0.6570344,0.61519086,0.009809136390686,0.041843534,-0.0320343971252441,0.009809136390686,Chuck Noll,Chuck Noll,49.01960784313725,Other,0,0
PIT,1989,0.5625,0.5721049,0.5675797,-0.0050796866416931,0.0045251846,-0.0096048712730407,-0.0050796866416931,Chuck Noll,Chuck Noll,44.20677361853833,Other,0,0
PIT,1971,0.4286,0.45128486,0.46370804,-0.0351080430984497,-0.0124231875,-0.0226848556041717,-0.0351080430984497,Chuck Noll,Chuck Noll,33.63042186571598,Other,0,0
PIT,1988,0.3125,0.36783862,0.34961176,-0.037111759185791,0.018226862,-0.0553386211395263,-0.037111759185791,Chuck Noll,Chuck Noll,33.03624480095068,Other,0,0
PIT,1990,0.5625,0.6538829,0.6330051,-0.0705050826072692,0.020877838,-0.0913829207420349,-0.0705050826072692,Chuck Noll,Chuck Noll,23.054070112893644,Other,0,0
PIT,1986,0.375,0.48695552,0.4827699,-0.1077699065208435,0.004185617,-0.1119555234909057,-0.1077699065208435,Chuck Noll,Chuck Noll,14.49792038027332,Other,0,0
PIT,1981,0.5,0.67882776,0.6567068,-0.1567068099975586,0.022120953,-0.1788277626037597,-0.1567068099975586,Chuck Noll,Chuck Noll,6.59536541889483,Other,0,0
CLT,2012,0.6875,0.52403444,0.4731965,0.2143034934997558,0.050837934,0.1634655594825744,0.2143034934997558,Chuck Pagano,Chuck Pagano,96.67260843731432,Defensive,0,5
CLT,2014,0.6875,0.5852515,0.47609633,0.2114036679267883,0.10915518,0.1022484898567199,0.2114036679267883,Chuck Pagano,Chuck Pagano,96.31610219845514,Defensive,0,5
CLT,2013,0.6875,0.57857525,0.54777175,0.1397282481193542,0.030803502,0.1089247465133667,0.1397282481193542,Chuck Pagano,Chuck Pagano,87.46286393345217,Defensive,0,5
CLT,2016,0.5,0.45350757,0.36056012,0.1394398808479309,0.09294745,0.0464924275875091,0.1394398808479309,Chuck Pagano,Chuck Pagano,87.40344622697563,Defensive,0,5
CLT,2015,0.5,0.49139977,0.43133044,0.0686695575714111,0.060069323,0.0086002349853515,0.0686695575714111,Chuck Pagano,Chuck Pagano,68.09269162210339,Defensive,0,5
CLT,2017,0.25,0.38539016,0.38995612,-0.1399561166763305,-0.004565954,-0.1353901624679565,-0.1399561166763305,Chuck Pagano,Chuck Pagano,8.615567439096852,Defensive,0,5
ATL,2012,0.8125,0.6784958,0.5781658,0.2343341708183288,0.100329995,0.1340041756629943,0.2343341708183288,Mike Smith,Mike Smith,97.74212715389186,Other,0,0
ATL,2009,0.5625,0.48058534,0.41642797,0.1460720300674438,0.06415737,0.0819146633148193,0.1460720300674438,Mike Smith,Mike Smith,88.41354723707666,Other,0,0
CHI,2006,0.8125,0.7546924,0.6757102,0.1367897987365722,0.078982174,0.0578076243400573,0.1367897987365722,Lovie Smith,Lovie Smith,86.51218062982768,Other,0,0
ATL,2008,0.6875,0.54057294,0.5783388,0.1091611981391906,-0.03776586,0.1469270586967468,0.1091611981391906,Mike Smith,Mike Smith,80.68924539512776,Other,0,0
ATL,2010,0.8125,0.8014503,0.75671935,0.0557806491851806,0.04473096,0.0110496878623962,0.0557806491851806,Mike Smith,Mike Smith,63.933452168746285,Other,0,0
CHI,2012,0.625,0.5684535,0.5756766,0.0493233799934387,-0.0072231293,0.0565465092658996,0.0493233799934387,Lovie Smith,Lovie Smith,62.32917409387998,Other,0,0
CHI,2010,0.6875,0.6435929,0.64430386,0.0431961417198181,-0.0007109642,0.0439071059226989,0.0431961417198181,Lovie Smith,Lovie Smith,60.19013666072489,Other,0,0
CHI,2005,0.6875,0.6585585,0.6647126,0.0227873921394348,-0.00615412,0.0289415121078491,0.0227873921394348,Lovie Smith,Lovie Smith,53.17884729649436,Other,0,0
ATL,2011,0.625,0.6739393,0.610185,0.0148149728775024,0.06375426,-0.0489392876625061,0.0148149728775024,Mike Smith,Mike Smith,50.86155674390969,Other,0,0
CHI,2011,0.5,0.48099014,0.4912063,0.0087937116622924,-0.010216147,0.0190098583698272,0.0087937116622924,Lovie Smith,Lovie Smith,48.66310160427808,Other,0,0
TAM,2015,0.375,0.4118024,0.38543504,-0.0104350447654724,0.026367366,-0.0368024110794067,-0.0104350447654724,Lovie Smith,Lovie Smith,42.06773618538324,Other,0,0
CHI,2007,0.4375,0.46188197,0.4563328,-0.0188328027725219,0.0055491626,-0.0243819653987884,-0.0188328027725219,Lovie Smith,Lovie Smith,38.44325609031492,Other,0,0
CHI,2009,0.4375,0.4420364,0.47614864,-0.038648635149002,-0.034112245,-0.0045363903045654,-0.038648635149002,Lovie Smith,Lovie Smith,32.6797385620915,Other,0,0
ATL,2014,0.375,0.43012655,0.42789707,-0.0528970658779144,0.002229482,-0.0551265478134155,-0.0528970658779144,Mike Smith,Mike Smith,27.62923351158645,Other,0,0
CHI,2004,0.3125,0.32343647,0.3667796,-0.0542795956134796,-0.043343127,-0.0109364688396453,-0.0542795956134796,Lovie Smith,Lovie Smith,27.51039809863339,Other,0,0
CHI,2008,0.5625,0.6102872,0.61739266,-0.0548926591873168,-0.0071054697,-0.0477871894836425,-0.0548926591873168,Lovie Smith,Lovie Smith,27.213309566250743,Other,0,0
ATL,2013,0.25,0.3368673,0.3542157,-0.1042157113552093,-0.017348409,-0.0868673026561737,-0.1042157113552093,Mike Smith,Mike Smith,15.32976827094474,Other,0,0
TAM,2014,0.125,0.21921156,0.27458036,-0.1495803594589233,-0.055368796,-0.0942115634679794,-0.1495803594589233,Lovie Smith,Lovie Smith,7.18954248366013,Other,0,0
HTX,2022,0.2059,0.3923373,0.4563049,-0.2504049077987671,-0.063967615,-0.186437292432785,-0.2504049077987671,Lovie Smith,Lovie Smith,1.6042780748663104,Other,0,0
NWE,1970,0.1429,0.18103798,0.24714588,-0.104245876288414,-0.0661079,-0.0381379773378372,-0.104245876288414,Clive Rush,Clive Rush / John Mazur,15.27035056446821,Offensive,5,0
GNB,1973,0.4286,0.3888922,0.3363387,0.0922613011360168,0.052553505,0.0397077964305877,0.0922613011360168,Dan Devine,Dan Devine,76.232917409388,Other,0,0
GNB,1972,0.7143,0.64839745,0.64282244,0.0714775555610657,0.0055750012,0.0659025543212891,0.0714775555610657,Dan Devine,Dan Devine,69.34046345811052,Other,0,0
GNB,1974,0.4286,0.48344994,0.4240236,0.004576401567459,0.059426337,-0.0548499359130859,0.004576401567459,Dan Devine,Dan Devine,47.05882352941176,Other,0,0
GNB,1971,0.3571,0.3706074,0.42111194,-0.0640119413375854,-0.050504535,-0.0135074059009552,-0.0640119413375854,Dan Devine,Dan Devine,24.71776589423648,Other,0,0
ATL,1983,0.4375,0.4534759,0.44997096,-0.0124709606170654,0.003504932,-0.0159758925437927,-0.0124709606170654,Dan Henning,Dan Henning,41.53297682709447,Offensive,16,0
ATL,1986,0.4688,0.4735001,0.5358551,-0.0670551144599914,-0.06235501,-0.0047001027584075,-0.0670551144599914,Dan Henning,Dan Henning,24.004753416518124,Offensive,16,0
ATL,1984,0.25,0.31196994,0.33010483,-0.0801048278808593,-0.018134892,-0.0619699358940124,-0.0801048278808593,Dan Henning,Dan Henning,20.7961972667855,Offensive,16,0
ATL,1985,0.25,0.34035245,0.34854308,-0.0985430777072906,-0.008190632,-0.0903524458408355,-0.0985430777072906,Dan Henning,Dan Henning,16.99346405228758,Offensive,16,0
SDG,1990,0.375,0.4062729,0.47358733,-0.0985873341560363,-0.067314446,-0.0312728881835937,-0.0985873341560363,Dan Henning,Dan Henning,16.93404634581105,Offensive,16,0
SDG,1989,0.375,0.45635098,0.50006413,-0.1250641345977783,-0.043713152,-0.0813509821891784,-0.1250641345977783,Dan Henning,Dan Henning,10.754604872251932,Offensive,16,0
SDG,1991,0.25,0.43985453,0.5208533,-0.2708532810211181,-0.08099875,-0.1898545324802398,-0.2708532810211181,Dan Henning,Dan Henning,0.6535947712418301,Offensive,16,0
WAS,2024,0.7059,0.62647027,0.5719083,0.1339917048454284,0.054561973,0.0794297322273254,0.1339917048454284,Dan Quinn,Dan Quinn,85.79916815210933,Defensive,0,8
ATL,2017,0.625,0.5699042,0.5369406,0.0880594253540039,0.032963634,0.0550957918167114,0.0880594253540039,Dan Quinn,Dan Quinn,74.74747474747475,Defensive,0,8
ATL,2019,0.4375,0.40933418,0.3706749,0.0668250918388366,0.038659275,0.0281658172607421,0.0668250918388366,Dan Quinn,Dan Quinn,67.37967914438502,Defensive,0,8
ATL,2016,0.6875,0.6520609,0.6324875,0.0550125241279602,0.01957345,0.0354390740394592,0.0550125241279602,Dan Quinn,Dan Quinn,63.63636363636363,Defensive,0,8
ATL,2015,0.5,0.49105236,0.5326284,-0.0326284170150756,-0.041576058,0.0089476406574249,-0.0326284170150756,Dan Quinn,Dan Quinn,34.284016636957816,Defensive,0,8
ATL,2018,0.4375,0.5431348,0.5804142,-0.1429141759872436,-0.037279367,-0.1056348085403442,-0.1429141759872436,Dan Quinn,Dan Quinn,8.14022578728461,Defensive,0,8
ATL,2020,0.25,0.45991632,0.5349513,-0.2849513292312622,-0.075035006,-0.2099163234233856,-0.2849513292312622,Dan Quinn,Dan Quinn / Raheem Morris,0.4753416518122401,Defensive,0,8
ATL,1998,0.875,0.68377227,0.6510709,0.2239291071891784,0.032701373,0.1912277340888977,0.2239291071891784,Dan Reeves,Dan Reeves,97.20736779560308,Offensive,4,0
DEN,1987,0.7,0.6237728,0.53015035,0.1698496460914611,0.093622446,0.0762272000312804,0.1698496460914611,Dan Reeves,Dan Reeves,92.03802733214498,Offensive,4,0
DEN,1984,0.8125,0.6822242,0.6741021,0.1383978724479675,0.0081220865,0.1302757859230041,0.1383978724479675,Dan Reeves,Dan Reeves,87.10635769459299,Offensive,4,0
DEN,1992,0.5,0.40474808,0.37603074,0.1239692568778991,0.028717339,0.0952519178390502,0.1239692568778991,Dan Reeves,Dan Reeves,83.66013071895425,Offensive,4,0
DEN,1989,0.6875,0.5832143,0.58884007,0.0986599326133728,-0.0056257844,0.104285717010498,0.0986599326133728,Dan Reeves,Dan Reeves,77.89661319073083,Offensive,4,0
DEN,1983,0.5625,0.50704175,0.5117297,0.0507702827453613,-0.004687965,0.0554582476615905,0.0507702827453613,Dan Reeves,Dan Reeves,62.62626262626263,Offensive,4,0
DEN,1991,0.75,0.72741663,0.70448047,0.0455195307731628,0.022936165,0.0225833654403686,0.0455195307731628,Dan Reeves,Dan Reeves,61.14081996434938,Offensive,4,0
NYG,1994,0.5625,0.499955,0.5253532,0.0371468067169189,-0.025398195,0.0625450015068054,0.0371468067169189,Dan Reeves,Dan Reeves,57.69459298871064,Offensive,4,0
NYG,1993,0.6875,0.68335474,0.663325,0.0241749882698059,0.020029724,0.0041452646255493,0.0241749882698059,Dan Reeves,Dan Reeves,53.65418894830659,Offensive,4,0
ATL,2003,0.3125,0.2426404,0.29411632,0.0183836817741394,-0.051475912,0.0698595941066742,0.0183836817741394,Dan Reeves,Dan Reeves / Wade Phillips,51.69340463458111,Offensive,4,0
DEN,1986,0.6875,0.63370365,0.6740918,0.0134081840515136,-0.040388167,0.0537963509559631,0.0134081840515136,Dan Reeves,Dan Reeves,50.505050505050505,Offensive,4,0
DEN,1985,0.6875,0.6818695,0.68529713,0.0022028684616088,-0.0034276247,0.0056304931640625,0.0022028684616088,Dan Reeves,Dan Reeves,46.3458110516934,Offensive,4,0
DEN,1988,0.5,0.5201285,0.5183447,-0.0183447003364563,0.0017837882,-0.0201284885406494,-0.0183447003364563,Dan Reeves,Dan Reeves,38.74034462269756,Offensive,4,0
DEN,1981,0.625,0.63916314,0.65771776,-0.0327177643775939,-0.018554628,-0.0141631364822387,-0.0327177643775939,Dan Reeves,Dan Reeves,34.22459893048128,Offensive,4,0
ATL,1999,0.3125,0.3147848,0.34549224,-0.0329922437667846,-0.030707449,-0.0022847950458526,-0.0329922437667846,Dan Reeves,Dan Reeves,34.165181224004755,Offensive,4,0
ATL,2000,0.25,0.24148047,0.29970697,-0.0497069656848907,-0.058226496,0.0085195302963256,-0.0497069656848907,Dan Reeves,Dan Reeves,28.99584076054664,Offensive,4,0
DEN,1982,0.2222,0.29494902,0.27850434,-0.056304341840744,0.016444683,-0.0727490249156951,-0.056304341840744,Dan Reeves,Dan Reeves,26.737967914438503,Offensive,4,0
ATL,2002,0.5938,0.5941905,0.6540202,-0.0602201902389526,-0.059829712,-0.0003904783248901,-0.0602201902389526,Dan Reeves,Dan Reeves,25.549613784907905,Offensive,4,0
DEN,1990,0.3125,0.37753367,0.4278726,-0.1153725981712341,-0.050338924,-0.0650336742401123,-0.1153725981712341,Dan Reeves,Dan Reeves,12.418300653594772,Offensive,4,0
ATL,1997,0.4375,0.5466739,0.5653662,-0.1278662085533142,-0.018692315,-0.1091738939285278,-0.1278662085533142,Dan Reeves,Dan Reeves,10.39809863339275,Offensive,4,0
ATL,2001,0.4375,0.45218325,0.57704294,-0.1395429372787475,-0.12485969,-0.0146832466125488,-0.1395429372787475,Dan Reeves,Dan Reeves,8.674985145573382,Offensive,4,0
NYG,1996,0.375,0.51029414,0.5608511,-0.1858510971069336,-0.050556958,-0.1352941393852234,-0.1858510971069336,Dan Reeves,Dan Reeves,4.45632798573975,Offensive,4,0
NYG,1995,0.3125,0.53194976,0.58061564,-0.2681156396865845,-0.04866588,-0.219449758529663,-0.2681156396865845,Dan Reeves,Dan Reeves,0.7724301841948901,Offensive,4,0
DAL,2001,0.3125,0.257506,0.2977659,0.0147340893745422,-0.040259898,0.054993987083435,0.0147340893745422,Dave Campo,Dave Campo,50.80213903743316,Defensive,0,11
DAL,2002,0.3125,0.31042197,0.37550142,-0.0630014240741729,-0.06507945,0.0020780265331268,-0.0630014240741729,Dave Campo,Dave Campo,24.89601901366608,Defensive,0,11
DAL,2000,0.3125,0.3721018,0.4254288,-0.1129288077354431,-0.053326994,-0.0596018135547637,-0.1129288077354431,Dave Campo,Dave Campo,13.01247771836007,Defensive,0,11
CAR,2024,0.2941,0.35237944,0.28590345,0.0081965461730956,0.06647599,-0.0582794412612915,0.0081965461730956,Dave Canales,Dave Canales,48.425430778371954,Offensive,3,0
CRD,2002,0.3125,0.30587688,0.3495119,-0.0370118916034698,-0.04363501,0.0066231191158294,-0.0370118916034698,Dave McGinnis,Dave McGinnis,33.155080213903744,Defensive,0,5
CRD,2003,0.25,0.25274262,0.3146274,-0.0646274089813232,-0.06188479,-0.0027426183223724,-0.0646274089813232,Dave McGinnis,Dave McGinnis,24.65834818775995,Defensive,0,5
CRD,2001,0.4375,0.5086315,0.56614834,-0.1286483407020568,-0.057516813,-0.0711315274238586,-0.1286483407020568,Dave McGinnis,Dave McGinnis,10.279263220439692,Defensive,0,5
MIA,2001,0.6875,0.55897135,0.5200999,0.1674001216888427,0.038871467,0.1285286545753479,0.1674001216888427,Dave Wannstedt,Dave Wannstedt,91.62210338680929,Defensive,0,9
CHI,1994,0.5625,0.44117758,0.40173846,0.1607615351676941,0.039439112,0.1213224232196807,0.1607615351676941,Dave Wannstedt,Dave Wannstedt,90.79025549613785,Defensive,0,9
CHI,1996,0.4375,0.4092764,0.39320686,0.0442931354045867,0.016069531,0.0282236039638519,0.0442931354045867,Dave Wannstedt,Dave Wannstedt,60.54664289958408,Defensive,0,9
MIA,2000,0.6875,0.6499771,0.64344174,0.0440582633018493,0.0065353513,0.0375229120254516,0.0440582633018493,Dave Wannstedt,Dave Wannstedt,60.36838978015449,Defensive,0,9
MIA,2003,0.625,0.5844712,0.61855567,0.0064443349838256,-0.03408444,0.0405287742614746,0.0064443349838256,Dave Wannstedt,Dave Wannstedt,47.771836007130126,Defensive,0,9
MIA,2004,0.25,0.25139642,0.2680443,-0.0180442929267883,-0.016647875,-0.0013964176177978,-0.0180442929267883,Dave Wannstedt,Dave Wannstedt / Jim Bates,38.799762329174094,Defensive,0,9
CHI,1995,0.5625,0.58371043,0.58437604,-0.021876037120819,-0.00066560507,-0.0212104320526123,-0.021876037120819,Dave Wannstedt,Dave Wannstedt,37.96791443850268,Defensive,0,9
CHI,1997,0.25,0.29534116,0.28051895,-0.0305189490318298,0.014822215,-0.0453411638736724,-0.0305189490318298,Dave Wannstedt,Dave Wannstedt,34.75935828877005,Defensive,0,9
CHI,1998,0.25,0.3438725,0.31562123,-0.0656212270259857,0.02825126,-0.0938724875450134,-0.0656212270259857,Dave Wannstedt,Dave Wannstedt,24.24242424242424,Defensive,0,9
MIA,2002,0.5625,0.6354965,0.63259774,-0.0700977444648742,0.0028987527,-0.0729964971542358,-0.0700977444648742,Dave Wannstedt,Dave Wannstedt,23.11348781937017,Defensive,0,9
CHI,1993,0.4375,0.50693953,0.5610891,-0.1235890984535217,-0.054149568,-0.0694395303726196,-0.1235890984535217,Dave Wannstedt,Dave Wannstedt,10.93285799168152,Defensive,0,9
HTX,2021,0.2353,0.341892,0.39611268,-0.1608126804351806,-0.054220676,-0.1065920040130615,-0.1608126804351806,David Culley,David Culley,6.23885918003565,Offensive,2,0
CIN,1995,0.4375,0.3893503,0.41421166,0.0232883393764495,-0.024861366,0.0481497049331665,0.0232883393764495,David Shula,David Shula,53.41651812240048,Offensive,2,0
CIN,1992,0.3125,0.31067467,0.34041196,-0.0279119610786438,-0.029737294,0.0018253326416015,-0.0279119610786438,David Shula,David Shula,35.71004159239453,Offensive,2,0
CIN,1994,0.1875,0.22295177,0.22618538,-0.0386853814125061,-0.0032336116,-0.0354517698287963,-0.0386853814125061,David Shula,David Shula,32.62032085561498,Offensive,2,0
CIN,1996,0.5,0.5152477,0.59385306,-0.0938530564308166,-0.078605354,-0.0152477025985717,-0.0938530564308166,David Shula,Bruce Coslet / David Shula,17.587641117052883,Offensive,2,0
CIN,1993,0.1875,0.28210416,0.4018045,-0.214304506778717,-0.11970034,-0.0946041643619537,-0.214304506778717,David Shula,David Shula,2.6737967914438503,Offensive,2,0
HTX,2023,0.5882,0.5594407,0.56949747,0.0187025339126586,-0.010056794,0.0287593276023864,0.0187025339126586,DeMeco Ryans,DeMeco Ryans,51.93107546048723,Defensive,0,2
HTX,2024,0.5882,0.60824984,0.5899945,-0.001794490146637,0.018255353,-0.020049843120575,-0.001794490146637,DeMeco Ryans,DeMeco Ryans,45.09803921568628,Defensive,0,2
NOR,2022,0.4118,0.389084,0.3527802,0.0590198069095611,0.03630382,0.0227159886837005,0.0590198069095611,Dennis Allen,Dennis Allen,65.06238859180036,Defensive,0,9
NOR,2023,0.5294,0.50572836,0.5442656,-0.0148656278610229,-0.038537264,0.0236716360092162,-0.0148656278610229,Dennis Allen,Dennis Allen,40.64171122994652,Defensive,0,9
RAI,2013,0.25,0.26861504,0.28555846,-0.0355584621429443,-0.016943425,-0.018615037202835,-0.0355584621429443,Dennis Allen,Dennis Allen,33.33333333333333,Defensive,0,9
NOR,2024,0.2941,0.37618816,0.3736782,-0.0795782073974609,0.0025099516,-0.0820881589889526,-0.0795782073974609,Dennis Allen,Darren Rizzi / Dennis Allen,20.91503267973856,Defensive,0,9
RAI,2014,0.1875,0.24172813,0.2778038,-0.0903038084506988,-0.03607568,-0.054228127002716,-0.0903038084506988,Dennis Allen,Dennis Allen / Tony Sparano,18.36007130124777,Defensive,0,9
RAI,2012,0.25,0.31483197,0.38891226,-0.1389122605323791,-0.07408029,-0.0648319721221923,-0.1389122605323791,Dennis Allen,Dennis Allen,8.793820558526441,Defensive,0,9
SEA,1997,0.5,0.4011627,0.3749964,0.1250036060810089,0.02616632,0.0988372862339019,0.1250036060810089,Dennis Erickson,Dennis Erickson,84.01663695781343,Offensive,10,0
SEA,1996,0.4375,0.39014715,0.3419717,0.0955283045768737,0.048175454,0.0473528504371643,0.0955283045768737,Dennis Erickson,Dennis Erickson,77.0647653000594,Offensive,10,0
SEA,1995,0.5,0.50034523,0.4285324,0.0714676082134246,0.07181284,-0.000345230102539,0.0714676082134246,Dennis Erickson,Dennis Erickson,69.28104575163398,Offensive,10,0
SEA,1998,0.5,0.5026728,0.49922103,0.0007789731025695,0.0034517646,-0.002672791481018,0.0007789731025695,Dennis Erickson,Dennis Erickson,45.92988710635769,Offensive,10,0
SFO,2003,0.4375,0.50189126,0.4601835,-0.0226835012435913,0.041707754,-0.0643912553787231,-0.0226835012435913,Dennis Erickson,Dennis Erickson,37.49257278669043,Offensive,10,0
SFO,2004,0.125,0.22694598,0.17494376,-0.0499437600374221,0.05200222,-0.1019459813833236,-0.0499437600374221,Dennis Erickson,Dennis Erickson,28.81758764111705,Offensive,10,0
MIN,1998,0.9375,0.7096934,0.6701672,0.2673327922821045,0.039526165,0.2278066277503967,0.2673327922821045,Dennis Green,Dennis Green,99.10873440285204,Offensive,1,0
MIN,2000,0.6875,0.50486654,0.4745718,0.2129282057285308,0.030294746,0.1826334595680236,0.2129282057285308,Dennis Green,Dennis Green,96.4349376114082,Offensive,1,0
MIN,1999,0.625,0.47875118,0.45769393,0.1673060655593872,0.021057248,0.1462488174438476,0.1673060655593872,Dennis Green,Dennis Green,91.56268568033272,Offensive,1,0
MIN,1997,0.5625,0.43506795,0.40222928,0.1602707207202911,0.032838672,0.1274320483207702,0.1602707207202911,Dennis Green,Dennis Green,90.61200237670826,Offensive,1,0
MIN,1994,0.625,0.5416646,0.5413575,0.0836424827575683,0.00030708313,0.0833353996276855,0.0836424827575683,Dennis Green,Dennis Green,73.14319667260844,Offensive,1,0
MIN,1996,0.5625,0.5292393,0.49476832,0.0677316784858703,0.034470975,0.033260703086853,0.0677316784858703,Dennis Green,Dennis Green,67.7361853832442,Offensive,1,0
CRD,2004,0.375,0.32293373,0.31352085,0.0614791512489318,0.009412885,0.0520662665367126,0.0614791512489318,Dennis Green,Dennis Green,65.47831253713606,Offensive,1,0
MIN,2001,0.3125,0.30487964,0.2800162,0.0324837863445282,0.024863422,0.0076203644275665,0.0324837863445282,Dennis Green,Dennis Green / Mike Tice,56.38740344622698,Offensive,1,0
CRD,2005,0.3125,0.31900886,0.29368502,0.0188149809837341,0.025323838,-0.006508857011795,0.0188149809837341,Dennis Green,Dennis Green,52.16874628639334,Offensive,1,0
MIN,1992,0.6875,0.75385875,0.692885,-0.0053849816322326,0.060973763,-0.066358745098114,-0.0053849816322326,Dennis Green,Dennis Green,43.969102792632206,Offensive,1,0
CRD,2006,0.3125,0.39202133,0.34623855,-0.0337385535240173,0.045782775,-0.0795213282108306,-0.0337385535240173,Dennis Green,Dennis Green,33.98692810457516,Offensive,1,0
MIN,1995,0.5,0.6395911,0.5856198,-0.0856198072433471,0.05397129,-0.139591097831726,-0.0856198072433471,Dennis Green,Dennis Green,19.48900772430184,Offensive,1,0
MIN,1993,0.5625,0.6278804,0.6490227,-0.0865226984024047,-0.021142304,-0.0653803944587707,-0.0865226984024047,Dennis Green,Dennis Green,19.31075460487225,Offensive,1,0
CHI,2001,0.8125,0.5802787,0.5991481,0.2133519053459167,-0.0188694,0.2322213053703308,0.2133519053459167,Dick Jauron,Dick Jauron,96.49435531788473,Defensive,0,7
CHI,2003,0.4375,0.3071182,0.3088673,0.1286326944828033,-0.0017490983,0.1303817927837371,0.1286326944828033,Dick Jauron,Dick Jauron,84.9673202614379,Defensive,0,7
CHI,1999,0.375,0.24682896,0.2756979,0.0993021130561828,-0.028868929,0.1281710416078567,0.0993021130561828,Dick Jauron,Dick Jauron,78.01544860368391,Defensive,0,7
CHI,2002,0.25,0.24233726,0.18108124,0.068918764591217,0.06125602,0.0076627433300018,0.068918764591217,Dick Jauron,Dick Jauron,68.21152703505645,Defensive,0,7
CHI,2000,0.3125,0.32270882,0.3011407,0.011359304189682,0.02156812,-0.0102088153362274,0.011359304189682,Dick Jauron,Dick Jauron,49.85145573380868,Defensive,0,7
BUF,2009,0.375,0.36335528,0.37078074,0.0042192637920379,-0.0074254572,0.0116447210311889,0.0042192637920379,Dick Jauron,Dick Jauron / Perry Fewell,46.88057040998218,Defensive,0,7
BUF,2007,0.4375,0.47563583,0.5006685,-0.0631685256958007,-0.0250327,-0.038135826587677,-0.0631685256958007,Dick Jauron,Dick Jauron,24.836601307189543,Defensive,0,7
BUF,2008,0.4375,0.5039233,0.51993215,-0.0824321508407592,-0.016008854,-0.0664232969284057,-0.0824321508407592,Dick Jauron,Dick Jauron,20.083184789067143,Defensive,0,7
BUF,2006,0.4375,0.4796832,0.54108065,-0.1035806536674499,-0.061397463,-0.0421831905841827,-0.1035806536674499,Dick Jauron,Dick Jauron,15.56743909685086,Defensive,0,7
CIN,2001,0.375,0.35543132,0.3976128,-0.0226128101348876,-0.04218149,0.0195686817169189,-0.0226128101348876,Dick LeBeau,Dick LeBeau,37.67082590612002,Defensive,0,27
CIN,2002,0.125,0.17673153,0.19373134,-0.0687313377857208,-0.016999811,-0.051731526851654,-0.0687313377857208,Dick LeBeau,Dick LeBeau,23.52941176470588,Defensive,0,27
NWE,1991,0.375,0.33410057,0.3639139,0.011086106300354,-0.02981332,0.0408994257450103,0.011086106300354,Dick MacPherson,Dick MacPherson,49.73262032085562,Other,0,0
NWE,1992,0.125,0.2517878,0.2708955,-0.1458955109119415,-0.0191077,-0.1267878115177154,-0.1458955109119415,Dick MacPherson,Dick MacPherson,7.84313725490196,Other,0,0
SFO,1972,0.6071,0.56585306,0.500209,0.1068910261154174,0.065644085,0.0412469407081603,0.1068910261154174,Dick Nolan,Dick Nolan,79.7979797979798,Defensive,0,3
SFO,1971,0.6429,0.62285316,0.55893785,0.0839621523857117,0.06391531,0.02004684009552,0.0839621523857117,Dick Nolan,Dick Nolan,73.32144979203802,Defensive,0,3
SFO,1970,0.75,0.70253086,0.66722727,0.0827727317810058,0.035303593,0.047469139099121,0.0827727317810058,Dick Nolan,Dick Nolan,72.90552584670232,Defensive,0,3
SFO,1974,0.4286,0.40357608,0.3724497,0.0561503039360046,0.03112638,0.0250239239692687,0.0561503039360046,Dick Nolan,Dick Nolan,63.992869875222816,Defensive,0,3
SFO,1973,0.3571,0.3429924,0.32185948,0.0352405210494994,0.021132916,0.0141076048374175,0.0352405210494994,Dick Nolan,Dick Nolan,57.10041592394533,Defensive,0,3
SFO,1975,0.3571,0.33843678,0.33189672,0.025203277683258,0.00654006,0.018663217639923,0.025203277683258,Dick Nolan,Dick Nolan,54.07011289364231,Defensive,0,3
NOR,1979,0.5,0.5968676,0.5577796,-0.0577796101570129,0.03908801,-0.0968676209449768,-0.0577796101570129,Dick Nolan,Dick Nolan,26.44087938205585,Defensive,0,3
NOR,1978,0.4375,0.49673703,0.5559196,-0.1184195876121521,-0.059182554,-0.0592370331287384,-0.1184195876121521,Dick Nolan,Dick Nolan,11.824123588829472,Defensive,0,3
NOR,1980,0.0625,0.22090998,0.25779557,-0.1952955722808838,-0.03688559,-0.158409982919693,-0.1952955722808838,Dick Nolan,Dick Nolan / Dick Stanfel,3.9809863339275102,Defensive,0,3
BUF,1970,0.25,0.29607695,0.3206974,-0.070697396993637,-0.024620444,-0.0460769534111022,-0.070697396993637,John Rauch,John Rauch,22.99465240641712,Other,0,0
TAM,2024,0.5882,0.37623945,0.39818794,0.1900120646476745,-0.021948487,0.211960551214218,0.1900120646476745,Todd Bowles,Todd Bowles,94.2364824717766,Other,0,0
NYJ,2016,0.3125,0.23083848,0.21021503,0.1022849678993225,0.020623446,0.0816615223884582,0.1022849678993225,Todd Bowles,Todd Bowles,78.96613190730838,Other,0,0
KAN,2010,0.625,0.56652266,0.6100494,0.0149505734443664,-0.04352677,0.0584773421287536,0.0149505734443664,Todd Haley,Todd Haley,50.92097445038621,Other,0,0
TAM,2023,0.5294,0.56046027,0.5731746,-0.0437745958328247,-0.012714326,-0.0310602694511413,-0.0437745958328247,Todd Bowles,Todd Bowles,31.0754604872252,Other,0,0
NYJ,2018,0.25,0.2884218,0.30115795,-0.0511579513549804,-0.012736142,-0.0384218096733093,-0.0511579513549804,Todd Bowles,Todd Bowles,28.28282828282828,Other,0,0
NYJ,2015,0.625,0.65299994,0.6769337,-0.0519337058067321,-0.023933768,-0.0279999375343322,-0.0519337058067321,Todd Bowles,Todd Bowles,27.926322043969105,Other,0,0
TAM,2022,0.4706,0.5754927,0.5468761,-0.0762760728836059,0.028616607,-0.1048926800727844,-0.0762760728836059,Todd Bowles,Todd Bowles,21.806298276886512,Other,0,0
NYJ,2017,0.3125,0.42944443,0.40545753,-0.0929575264453888,0.023986906,-0.1169444322586059,-0.0929575264453888,Todd Bowles,Todd Bowles,17.825311942959,Other,0,0
KAN,2011,0.4375,0.502262,0.5427416,-0.1052415966987609,-0.0404796,-0.064761996269226,-0.1052415966987609,Todd Haley,Romeo Crennel / Todd Haley,15.032679738562091,Other,0,0
KAN,2009,0.25,0.33310053,0.38916653,-0.1391665339469909,-0.056066006,-0.0831005275249481,-0.1391665339469909,Todd Haley,Todd Haley,8.73440285204991,Other,0,0
RAM,1999,0.8125,0.7728547,0.71426135,0.0982386469841003,0.058593333,0.0396453142166137,0.0982386469841003,Dick Vermeil,Dick Vermeil,77.77777777777779,Offensive,1,0
KAN,2003,0.8125,0.7805872,0.71809626,0.0944037437438964,0.06249094,0.0319128036499023,0.0944037437438964,Dick Vermeil,Dick Vermeil,76.76767676767676,Offensive,1,0
PHI,1980,0.75,0.738365,0.71305615,0.0369438529014587,0.025308847,0.0116350054740905,0.0369438529014587,Dick Vermeil,Dick Vermeil,57.63517528223411,Offensive,1,0
KAN,2004,0.4375,0.4616523,0.42495692,0.0125430822372436,0.03669539,-0.0241523087024688,0.0125430822372436,Dick Vermeil,Dick Vermeil,50.20796197266786,Offensive,1,0
KAN,2005,0.625,0.6288963,0.6144592,0.0105407834053039,0.014437079,-0.0038962960243225,0.0105407834053039,Dick Vermeil,Dick Vermeil,49.554367201426025,Offensive,1,0
PHI,1981,0.625,0.6569274,0.64167464,-0.0166746377944946,0.015252769,-0.0319274067878723,-0.0166746377944946,Dick Vermeil,Dick Vermeil,39.57219251336899,Offensive,1,0
PHI,1979,0.6875,0.67913795,0.70427614,-0.0167761445045471,-0.0251382,0.0083620548248291,-0.0167761445045471,Dick Vermeil,Dick Vermeil,39.45335710041593,Offensive,1,0
KAN,2001,0.375,0.397773,0.44142058,-0.0664205849170684,-0.043647587,-0.0227729976177215,-0.0664205849170684,Dick Vermeil,Dick Vermeil,24.12358882947118,Offensive,1,0
KAN,2002,0.5,0.6659567,0.56649286,-0.0664928555488586,0.09946382,-0.1659566760063171,-0.0664928555488586,Dick Vermeil,Dick Vermeil,24.06417112299465,Offensive,1,0
PHI,1982,0.3333,0.50181395,0.41219977,-0.0788997654438019,0.08961418,-0.1685139481544494,-0.0788997654438019,Dick Vermeil,Dick Vermeil,21.03386809269162,Offensive,1,0
PHI,1976,0.2857,0.34100172,0.36616343,-0.080463432598114,-0.025161713,-0.0553017192363738,-0.080463432598114,Dick Vermeil,Dick Vermeil,20.73677956030897,Offensive,1,0
RAM,1998,0.25,0.32779303,0.35132283,-0.1013228297233581,-0.023529798,-0.0777930319309234,-0.1013228297233581,Dick Vermeil,Dick Vermeil,16.161616161616163,Offensive,1,0
PHI,1978,0.5625,0.5981029,0.66568387,-0.1031838655471801,-0.06758094,-0.0356029272079467,-0.1031838655471801,Dick Vermeil,Dick Vermeil,15.805109922756982,Offensive,1,0
RAM,1997,0.3125,0.47566253,0.48397157,-0.1714715659618377,-0.0083090365,-0.1631625294685363,-0.1714715659618377,Dick Vermeil,Dick Vermeil,5.40701128936423,Offensive,1,0
PHI,1977,0.3571,0.47893742,0.5520162,-0.1949161986351013,-0.07307878,-0.121837417268753,-0.1949161986351013,Dick Vermeil,Dick Vermeil,4.040404040404041,Offensive,1,0
TAM,2016,0.5625,0.5096974,0.48038092,0.0821190774440765,0.029316455,0.0528026223182678,0.0821190774440765,Dirk Koetter,Dirk Koetter,72.6678550207962,Offensive,26,0
TAM,2018,0.3125,0.31079093,0.33528543,-0.0227854251861572,-0.024494499,0.0017090737819671,-0.0227854251861572,Dirk Koetter,Dirk Koetter,37.37373737373738,Offensive,26,0
TAM,2017,0.3125,0.34266362,0.37440735,-0.0619073510169982,-0.031743735,-0.0301636159420013,-0.0619073510169982,Dirk Koetter,Dirk Koetter,25.311942959001783,Offensive,26,0
CAR,1996,0.75,0.7367503,0.6810071,0.0689929127693176,0.055743217,0.0132496953010559,0.0689929127693176,Dom Capers,Dom Capers,68.27094474153299,Defensive,0,16
HTX,2003,0.3125,0.28310463,0.30169034,0.0108096599578857,-0.018585712,0.0293953716754913,0.0108096599578857,Dom Capers,Dom Capers,49.61378490790256,Defensive,0,16
CAR,1995,0.4375,0.42193842,0.46190476,-0.024404764175415,-0.039966345,0.0155615806579589,-0.024404764175415,Dom Capers,Dom Capers,36.8389780154486,Defensive,0,16
CAR,1997,0.4375,0.41704386,0.4930732,-0.0555731952190399,-0.07602933,0.0204561352729797,-0.0555731952190399,Dom Capers,Dom Capers,27.09447415329768,Defensive,0,16
HTX,2002,0.25,0.3095699,0.42769355,-0.1776935458183288,-0.11812365,-0.0595698952674865,-0.1776935458183288,Dom Capers,Dom Capers,4.81283422459893,Defensive,0,16
CAR,1998,0.25,0.35802203,0.43456003,-0.1845600306987762,-0.076538,-0.1080220341682434,-0.1845600306987762,Dom Capers,Dom Capers,4.515745692216281,Defensive,0,16
HTX,2004,0.4375,0.5178906,0.63422346,-0.196723461151123,-0.11633289,-0.0803905725479126,-0.196723461151123,Dom Capers,Dom Capers,3.92156862745098,Defensive,0,16
HTX,2005,0.125,0.25919673,0.37799025,-0.2529902458190918,-0.11879352,-0.1341967284679412,-0.2529902458190918,Dom Capers,Dom Capers,1.54486036838978,Defensive,0,16
SDG,1982,0.6667,0.64038694,0.50456685,0.1621331517219543,0.13582009,0.0263130609512328,0.1621331517219543,Don Coryell,Don Coryell,90.96850861556744,Other,0,0
SDG,1980,0.6875,0.6072876,0.5394327,0.1480672955513,0.06785488,0.0802124142646789,0.1480672955513,Don Coryell,Don Coryell,89.00772430184195,Other,0,0
SDG,1979,0.75,0.67161804,0.61391413,0.1360858678817749,0.057703912,0.0783819556236267,0.1360858678817749,Don Coryell,Don Coryell,86.3339275103981,Other,0,0
CRD,1974,0.7143,0.62176514,0.5926757,0.1216243141174316,0.02908945,0.09253486328125,0.1216243141174316,Don Coryell,Don Coryell,83.184789067142,Other,0,0
CRD,1975,0.7857,0.68452674,0.66447514,0.1212248570442199,0.020051599,0.1011732584953307,0.1212248570442199,Don Coryell,Don Coryell,83.00653594771242,Other,0,0
CRD,1976,0.7143,0.66536605,0.607156,0.107144021320343,0.058210075,0.0489339464187622,0.107144021320343,Don Coryell,Don Coryell,79.97623291740939,Other,0,0
SDG,1983,0.375,0.36637908,0.32233676,0.0526632368564605,0.04404232,0.0086209177970886,0.0526632368564605,Don Coryell,Don Coryell,63.042186571598336,Other,0,0
SDG,1985,0.5,0.4963738,0.4571122,0.042887806892395,0.03926161,0.0036261975765228,0.042887806892395,Don Coryell,Don Coryell,60.07130124777184,Other,0,0
SDG,1986,0.25,0.24568082,0.22373855,0.0262614488601684,0.021942273,0.0043191760778427,0.0262614488601684,Don Coryell,Al Saunders / Don Coryell,54.426619132501486,Other,0,0
CRD,1977,0.5,0.49569005,0.48063895,0.0193610489368438,0.015051097,0.0043099522590637,0.0193610489368438,Don Coryell,Don Coryell,52.52525252525253,Other,0,0
SDG,1981,0.625,0.69785386,0.6399467,-0.014946699142456,0.057907164,-0.0728538632392883,-0.014946699142456,Don Coryell,Don Coryell,40.52287581699346,Other,0,0
SDG,1984,0.4375,0.46879914,0.4544731,-0.0169731080532073,0.014326036,-0.0312991440296173,-0.0169731080532073,Don Coryell,Don Coryell,39.15626856803328,Other,0,0
CRD,1973,0.3214,0.28777537,0.3771105,-0.0557105110645294,-0.08933514,0.0336246325016021,-0.0557105110645294,Don Coryell,Don Coryell,26.97563874034462,Other,0,0
CLT,1970,0.8214,0.76862746,0.66299266,0.1584073437690735,0.10563481,0.0527725352287292,0.1584073437690735,Don McCafferty,Don McCafferty,90.37433155080214,Other,0,0
CLT,1971,0.7143,0.721507,0.67701644,0.0372835629463196,0.044490576,-0.0072070128440856,0.0372835629463196,Don McCafferty,Don McCafferty,57.81342840166369,Other,0,0
DET,1973,0.4643,0.4600104,0.42804793,0.036252074766159,0.031962484,0.0042895906448364,0.036252074766159,Don McCafferty,Don McCafferty,57.27866904337493,Other,0,0
CLT,1972,0.3571,0.5283506,0.60368544,-0.2465854386329651,-0.07533485,-0.1712505916595459,-0.2465854386329651,Don McCafferty,Don McCafferty / John Sandusky,1.72311348781937,Other,0,0
MIA,1974,0.7857,0.5693125,0.4919979,0.2937021023750304,0.077314615,0.2163874871253966,0.2937021023750304,Don Shula,Don Shula,99.52465834818776,Defensive,0,2
MIA,1972,1.0,0.8384213,0.70674795,0.2932520508766174,0.13167334,0.1615787148475647,0.2932520508766174,Don Shula,Don Shula,99.4058229352347,Defensive,0,2
MIA,1993,0.5625,0.26725504,0.27997988,0.2825201153755188,-0.012724847,0.295244961977005,0.2825201153755188,Don Shula,Don Shula,99.34640522875816,Defensive,0,2
MIA,1982,0.7778,0.6199999,0.50105107,0.2767489316940308,0.11894882,0.157800114440918,0.2767489316940308,Don Shula,Don Shula,99.22756981580513,Defensive,0,2
MIA,1987,0.5333,0.32204828,0.29385135,0.2394486542224884,0.02819693,0.2112517233371734,0.2394486542224884,Don Shula,Don Shula,98.0392156862745,Defensive,0,2
MIA,1979,0.625,0.4415598,0.39496794,0.2300320565700531,0.046591848,0.1834402084350586,0.2300320565700531,Don Shula,Don Shula,97.4450386215092,Defensive,0,2
MIA,1995,0.5625,0.44955027,0.3660029,0.1964971125125885,0.08354738,0.1129497289657592,0.1964971125125885,Don Shula,Don Shula,95.2465834818776,Defensive,0,2
MIA,1984,0.875,0.760255,0.68571556,0.1892844438552856,0.07453942,0.114745020866394,0.1892844438552856,Don Shula,Don Shula,94.17706476530006,Defensive,0,2
MIA,1985,0.75,0.59472793,0.57015175,0.1798482537269592,0.024576187,0.1552720665931701,0.1798482537269592,Don Shula,Don Shula,93.28579916815212,Defensive,0,2
MIA,1973,0.8571,0.77261364,0.6824615,0.1746384998321533,0.090152144,0.0844863554000854,0.1746384998321533,Don Shula,Don Shula,92.63220439691028,Defensive,0,2
MIA,1971,0.75,0.68869764,0.57907593,0.1709240674972534,0.1096217,0.061302363872528,0.1709240674972534,Don Shula,Don Shula,92.21628045157458,Defensive,0,2
MIA,1981,0.7188,0.57788193,0.56172657,0.1570734298706054,0.016155362,0.140918067741394,0.1570734298706054,Don Shula,Don Shula,90.3149138443256,Defensive,0,2
MIA,1975,0.7143,0.65280163,0.56086016,0.1534398429870606,0.091941476,0.0614983671188354,0.1534398429870606,Don Shula,Don Shula,89.95840760546643,Defensive,0,2
MIA,1970,0.7143,0.62776566,0.5787271,0.135572873878479,0.04903853,0.0865343444824219,0.135572873878479,Don Shula,Don Shula,86.27450980392157,Defensive,0,2
MIA,1977,0.7143,0.64937305,0.59640336,0.1178966396331787,0.052969694,0.0649269454956055,0.1178966396331787,Don Shula,Don Shula,82.35294117647058,Defensive,0,2
MIA,1980,0.5,0.4308602,0.41920194,0.0807980597019195,0.011658251,0.0691398084163665,0.0807980597019195,Don Shula,Don Shula,72.25193107546049,Defensive,0,2
MIA,1990,0.75,0.6889827,0.6721379,0.0778620839118957,0.016844809,0.0610172748565673,0.0778620839118957,Don Shula,Don Shula,71.59833630421866,Defensive,0,2
MIA,1978,0.6875,0.6982812,0.616322,0.0711780190467834,0.08195925,-0.0107812285423278,0.0711780190467834,Don Shula,Don Shula,69.1027926322044,Defensive,0,2
MIA,1992,0.6875,0.6428223,0.6164037,0.0710963010787963,0.026418626,0.0446776747703552,0.0710963010787963,Don Shula,Don Shula,69.04337492572786,Defensive,0,2
MIA,1983,0.75,0.73979247,0.68969685,0.0603031516075134,0.050095618,0.0102075338363647,0.0603031516075134,Don Shula,Don Shula,65.30005941770648,Defensive,0,2
MIA,1988,0.375,0.35403585,0.34708238,0.0279176235198974,0.006953478,0.0209641456604003,0.0279176235198974,Don Shula,Don Shula,54.96137849079026,Defensive,0,2
MIA,1994,0.625,0.67150897,0.63168687,-0.0066868662834167,0.0398221,-0.0465089678764343,-0.0066868662834167,Don Shula,Don Shula,43.25609031491384,Defensive,0,2
MIA,1989,0.5,0.5371309,0.52200145,-0.0220014452934265,0.015129447,-0.0371308922767639,-0.0220014452934265,Don Shula,Don Shula,37.908496732026144,Defensive,0,2
MIA,1986,0.5,0.5558724,0.5275784,-0.0275784134864807,0.028293967,-0.0558723807334899,-0.0275784134864807,Don Shula,Don Shula,35.947712418300654,Defensive,0,2
MIA,1991,0.5,0.5478982,0.5492639,-0.0492638945579528,-0.0013657212,-0.0478981733322143,-0.0492638945579528,Don Shula,Don Shula,29.114676173499703,Defensive,0,2
MIA,1976,0.4286,0.52383095,0.47861344,-0.0500134362220764,0.045217514,-0.0952309502601623,-0.0500134362220764,Don Shula,Don Shula,28.639334521687463,Defensive,0,2
BUF,2014,0.5625,0.51519346,0.51527005,0.0472299456596374,-7.659197e-05,0.0473065376281738,0.0472299456596374,Doug Marrone,Doug Marrone,61.85383244206773,Offensive,3,0
JAX,2017,0.625,0.6118678,0.6030033,0.0219966769218444,0.008864462,0.0131322145462036,0.0219966769218444,Doug Marrone,Doug Marrone,52.94117647058824,Offensive,3,0
JAX,2019,0.375,0.38388762,0.38028988,-0.0052898824214935,0.0035977364,-0.0088876187801361,-0.0052898824214935,Doug Marrone,Doug Marrone,44.02852049910874,Offensive,3,0
JAX,2018,0.3125,0.3712893,0.33318636,-0.0206863582134246,0.038102955,-0.058789312839508,-0.0206863582134246,Doug Marrone,Doug Marrone,38.20558526440879,Offensive,3,0
BUF,2013,0.375,0.43792203,0.4593816,-0.0843816101551055,-0.02145958,-0.0629220306873321,-0.0843816101551055,Doug Marrone,Doug Marrone,19.726678550207964,Offensive,3,0
JAX,2020,0.0625,0.15586066,0.19995256,-0.137452557682991,-0.044091895,-0.0933606624603271,-0.137452557682991,Doug Marrone,Doug Marrone,8.97207367795603,Offensive,3,0
PHI,2017,0.8125,0.629383,0.6103949,0.2021051049232483,0.018988132,0.1831169724464416,0.2021051049232483,Doug Pederson,Doug Pederson,95.54367201426024,Offensive,3,0
PHI,2018,0.5625,0.5130466,0.46528253,0.0972174704074859,0.047764093,0.0494533777236938,0.0972174704074859,Doug Pederson,Doug Pederson,77.30243612596553,Offensive,3,0
PHI,2019,0.5625,0.5660256,0.51575214,0.046747863292694,0.050273478,-0.0035256147384643,0.046747863292694,Doug Pederson,Doug Pederson,61.73499702911468,Offensive,3,0
PHI,2020,0.2812,0.33167094,0.25719595,0.0240040504455566,0.07447499,-0.0504709399223327,0.0240040504455566,Doug Pederson,Doug Pederson,53.535353535353536,Offensive,3,0
JAX,2024,0.2353,0.27583927,0.253672,-0.0183720037460327,0.022167265,-0.0405392691612243,-0.0183720037460327,Doug Pederson,Doug Pederson,38.68092691622103,Offensive,3,0
PHI,2016,0.4375,0.52148163,0.4887577,-0.051257699728012,0.032723933,-0.0839816331863403,-0.051257699728012,Doug Pederson,Doug Pederson,28.22341057635176,Offensive,3,0
JAX,2023,0.5294,0.616269,0.59895825,-0.0695582538604736,0.017310739,-0.0868689924240112,-0.0695582538604736,Doug Pederson,Doug Pederson,23.29174093879976,Offensive,3,0
JAX,2022,0.5294,0.64826506,0.6382168,-0.1088167935371399,0.01004827,-0.1188650637626648,-0.1088167935371399,Doug Pederson,Doug Pederson,13.963161021984552,Offensive,3,0
OTI,1981,0.4375,0.4472155,0.40525088,0.0322491228580474,0.04196462,-0.0097154974937438,0.0322491228580474,Ed Biles,Ed Biles,56.32798573975044,Defensive,0,6
OTI,1982,0.1111,0.16442755,0.15205579,-0.0409557850599288,0.012371764,-0.0533275486469268,-0.0409557850599288,Ed Biles,Ed Biles,31.966726084373143,Defensive,0,6
OTI,1983,0.125,0.18589908,0.1999113,-0.0749112963676452,-0.0140122175,-0.0608990788459777,-0.0749112963676452,Ed Biles,Chuck Studley / Ed Biles,22.103386809269164,Defensive,0,6
OTI,1971,0.3214,0.28589243,0.34545115,-0.024051146364212,-0.05955872,0.0355075730323791,-0.024051146364212,Ed Hughes,Ed Hughes,37.19548425430778,Offensive,11,0
PHI,1972,0.1786,0.26488337,0.32152382,-0.1429238153934478,-0.056640446,-0.0862833692073822,-0.1429238153934478,Ed Khayat,Ed Khayat,8.080808080808081,Other,0,0
RAM,1989,0.6875,0.6488248,0.5790917,0.1084082722663879,0.06973308,0.0386751890182495,0.1084082722663879,John Robinson,John Robinson,80.27332144979204,Other,0,0
RAM,1984,0.625,0.5921479,0.51964426,0.1053557395935058,0.07250363,0.0328521132469177,0.1053557395935058,John Robinson,John Robinson,79.44147355912062,Other,0,0
RAM,1983,0.5625,0.5559364,0.47112942,0.0913705825805664,0.08480698,0.0065636038780212,0.0913705825805664,John Robinson,John Robinson,75.87641117052881,Other,0,0
RAM,1987,0.4,0.41797018,0.32965562,0.0703443825244903,0.08831456,-0.0179701805114745,0.0703443825244903,John Robinson,John Robinson,68.65715983363042,Other,0,0
RAM,1988,0.625,0.64589167,0.5882579,0.036742091178894,0.057633758,-0.0208916664123535,0.036742091178894,John Robinson,John Robinson,57.51633986928104,Other,0,0
RAM,1986,0.625,0.6272184,0.63555294,-0.0105529427528381,-0.0083345175,-0.0022184252738952,-0.0105529427528381,John Robinson,John Robinson,41.948900772430186,Other,0,0
RAM,1985,0.6875,0.7119382,0.7301116,-0.0426115989685058,-0.018173397,-0.024438202381134,-0.0426115989685058,John Robinson,John Robinson,31.313131313131315,Other,0,0
RAM,1991,0.1875,0.30728623,0.28642356,-0.0989235639572143,0.020862669,-0.1197862327098846,-0.0989235639572143,John Robinson,John Robinson,16.81521093285799,Other,0,0
RAM,1990,0.3125,0.42216465,0.4213053,-0.1088052988052368,0.00085934997,-0.109664648771286,-0.1088052988052368,John Robinson,John Robinson,14.022578728461085,Other,0,0
CRD,1999,0.375,0.27522618,0.26395914,0.111040860414505,0.011267036,0.0997738242149353,0.111040860414505,Vince Tobin,Vince Tobin,80.9863339275104,Other,0,0
CRD,1996,0.4375,0.36752626,0.33288103,0.1046189665794372,0.03464523,0.069973737001419,0.1046189665794372,Vince Tobin,Vince Tobin,79.2038027332145,Other,0,0
CRD,1998,0.5625,0.52462375,0.5698409,-0.0073409080505371,-0.045217156,0.0378762483596801,-0.0073409080505371,Vince Tobin,Vince Tobin,42.95900178253119,Other,0,0
CRD,1997,0.25,0.24695762,0.28943294,-0.039432942867279,-0.042475328,0.003042384982109,-0.039432942867279,Vince Tobin,Vince Tobin,32.44206773618538,Other,0,0
CRD,2000,0.1875,0.27118382,0.34081087,-0.1533108651638031,-0.06962705,-0.08368381857872,-0.1533108651638031,Vince Tobin,Dave McGinnis / Vince Tobin,6.833036244800951,Other,0,0
NYJ,2006,0.625,0.52745503,0.5597016,0.0652983784675598,-0.03224659,0.0975449681282043,0.0652983784675598,Eric Mangini,Eric Mangini,66.72608437314321,Defensive,0,2
NYJ,2008,0.5625,0.524122,0.5347371,0.0277628898620605,-0.01061511,0.0383780002593994,0.0277628898620605,Eric Mangini,Eric Mangini,54.84254307783719,Defensive,0,2
CLE,2009,0.3125,0.31786287,0.33760786,-0.0251078605651855,-0.019744992,-0.0053628683090209,-0.0251078605651855,Eric Mangini,Eric Mangini,36.54188948306595,Defensive,0,2
CLE,2010,0.3125,0.34360468,0.38725847,-0.0747584700584411,-0.043653786,-0.0311046838760375,-0.0747584700584411,Eric Mangini,Eric Mangini,22.16280451574569,Defensive,0,2
NYJ,2007,0.25,0.27688557,0.33802903,-0.0880290269851684,-0.061143458,-0.0268855690956115,-0.0880290269851684,Eric Mangini,Eric Mangini,18.83541295306001,Defensive,0,2
GNB,1985,0.5,0.39246732,0.31165677,0.1883432269096374,0.08081055,0.1075326800346374,0.1883432269096374,Forrest Gregg,Forrest Gregg,94.11764705882352,Other,0,0
CIN,1982,0.7778,0.7713391,0.66853887,0.1092611315727234,0.10280025,0.0064608815193176,0.1092611315727234,Forrest Gregg,Forrest Gregg,80.74866310160428,Other,0,0
CIN,1981,0.75,0.69784963,0.6759628,0.0740371942520141,0.021886826,0.0521503686904907,0.0740371942520141,Forrest Gregg,Forrest Gregg,70.17231134878193,Other,0,0
GNB,1987,0.3667,0.40920433,0.3340223,0.0326776866436004,0.07518202,-0.0425043340206146,0.0326776866436004,Forrest Gregg,Forrest Gregg,56.50623885918004,Other,0,0
CLE,1976,0.6429,0.5763862,0.6214512,0.021448800945282,-0.045064986,0.0665137866973877,0.021448800945282,Forrest Gregg,Forrest Gregg,52.82234105763518,Other,0,0
CLE,1975,0.2143,0.18066436,0.22011194,-0.0058119363307952,-0.039447576,0.0336356394767761,-0.0058119363307952,Forrest Gregg,Forrest Gregg,43.790849673202615,Other,0,0
CIN,1980,0.375,0.3837746,0.42350543,-0.048505425453186,-0.039730817,-0.0087746083736419,-0.048505425453186,Forrest Gregg,Forrest Gregg,29.47118241235888,Other,0,0
CLE,1977,0.4286,0.42100424,0.47836357,-0.049763573551178,-0.057359338,0.0075957642555236,-0.049763573551178,Forrest Gregg,Dick Modzelewski / Forrest Gregg,28.936423054070115,Other,0,0
GNB,1986,0.25,0.2691182,0.31470084,-0.0647008419036865,-0.045582652,-0.0191181898117065,-0.0647008419036865,Forrest Gregg,Forrest Gregg,24.598930481283425,Other,0,0
GNB,1984,0.5,0.57631665,0.56589,-0.0658900141716003,0.0104266405,-0.0763166546821594,-0.0658900141716003,Forrest Gregg,Forrest Gregg,24.18300653594771,Other,0,0
CIN,1983,0.4375,0.51567024,0.5663474,-0.1288474202156067,-0.05067718,-0.0781702399253845,-0.1288474202156067,Forrest Gregg,Forrest Gregg,10.16042780748663,Other,0,0
JAX,1998,0.6875,0.5300911,0.46845534,0.2190446555614471,0.061635762,0.1574088931083679,0.2190446555614471,Tom Coughlin,Tom Coughlin,96.85086155674392,Other,0,0
JAX,1999,0.875,0.75650847,0.6650525,0.2099475264549255,0.091455996,0.118491530418396,0.2099475264549255,Tom Coughlin,Tom Coughlin,96.13784907902556,Other,0,0
NYG,2007,0.625,0.5054119,0.49583465,0.1291653513908386,0.009577274,0.1195880770683288,0.1291653513908386,Tom Coughlin,Tom Coughlin,85.08615567439097,Other,0,0
NYG,2010,0.625,0.5801668,0.50758445,0.1174155473709106,0.072582364,0.0448331832885742,0.1174155473709106,Tom Coughlin,Tom Coughlin,82.23410576351753,Other,0,0
NYG,2013,0.4375,0.38899887,0.32994342,0.1075565814971923,0.059055448,0.0485011339187622,0.1075565814971923,Tom Coughlin,Tom Coughlin,80.09506833036245,Other,0,0
JAX,1996,0.5625,0.43860194,0.46144348,0.1010565161705017,-0.022841543,0.1238980591297149,0.1010565161705017,Tom Coughlin,Tom Coughlin,78.66904337492574,Other,0,0
NYG,2005,0.6875,0.62541056,0.5881983,0.0993016958236694,0.037212253,0.0620894432067871,0.0993016958236694,Tom Coughlin,Tom Coughlin,77.95603089720736,Other,0,0
NYG,2009,0.5,0.4660224,0.40803918,0.0919608175754547,0.05798322,0.033977597951889,0.0919608175754547,Tom Coughlin,Tom Coughlin,76.11408199643493,Other,0,0
JAX,1997,0.6875,0.6347038,0.61125976,0.0762402415275573,0.023444057,0.052796185016632,0.0762402415275573,Tom Coughlin,Tom Coughlin,70.94474153297683,Other,0,0
NYG,2008,0.75,0.68594575,0.683117,0.0668830275535583,0.0028287768,0.064054250717163,0.0668830275535583,Tom Coughlin,Tom Coughlin,67.49851455733808,Other,0,0
NYG,2004,0.375,0.37537166,0.34519058,0.0298094153404235,0.03018108,-0.0003716647624969,0.0298094153404235,Tom Coughlin,Tom Coughlin,55.43672014260249,Other,0,0
NYG,2012,0.5625,0.6700458,0.5899798,-0.0274798274040222,0.080065966,-0.107545793056488,-0.0274798274040222,Tom Coughlin,Tom Coughlin,36.007130124777184,Other,0,0
NYG,2011,0.5625,0.6058793,0.5900851,-0.0275850892066955,0.015794218,-0.0433793067932128,-0.0275850892066955,Tom Coughlin,Tom Coughlin,35.88829471182412,Other,0,0
NYG,2006,0.5,0.5661198,0.5403533,-0.0403532981872558,0.025766492,-0.0661197900772094,-0.0403532981872558,Tom Coughlin,Tom Coughlin,32.204396910279264,Other,0,0
NYG,2014,0.375,0.46326256,0.43207383,-0.0570738315582275,0.031188726,-0.0882625579833984,-0.0570738315582275,Tom Coughlin,Tom Coughlin,26.61913250148544,Other,0,0
JAX,2000,0.4375,0.5057141,0.4962474,-0.0587474107742309,0.009466708,-0.0682141184806823,-0.0587474107742309,Tom Coughlin,Tom Coughlin,26.203208556149733,Other,0,0
NYG,2015,0.375,0.47027373,0.44021833,-0.0652183294296264,0.030055404,-0.095273733139038,-0.0652183294296264,Tom Coughlin,Tom Coughlin,24.42067736185384,Other,0,0
JAX,2001,0.375,0.4826705,0.4880068,-0.1130068004131317,-0.0053363144,-0.1076704859733581,-0.1130068004131317,Tom Coughlin,Tom Coughlin,12.95306001188354,Other,0,0
JAX,1995,0.25,0.29253942,0.3833254,-0.1333253979682922,-0.09078598,-0.0425394177436828,-0.1333253979682922,Tom Coughlin,Tom Coughlin,9.44741532976827,Other,0,0
JAX,2002,0.375,0.59900445,0.56920415,-0.1942041516304016,0.029800296,-0.2240044474601745,-0.1942041516304016,Tom Coughlin,Tom Coughlin,4.159239453357101,Other,0,0
KAN,1987,0.2667,0.2561051,0.24741878,0.0192812238454818,0.008686319,0.0105949048519134,0.0192812238454818,Frank Gansz,Frank Gansz,52.46583481877599,Other,0,0
KAN,1988,0.2812,0.3042678,0.30384493,-0.022644928741455,0.00042286515,-0.023067793893814,-0.022644928741455,Frank Gansz,Frank Gansz,37.55199049316696,Other,0,0
CLT,1983,0.4375,0.4131056,0.4308572,0.0066427886486053,-0.017751604,0.0243943929672241,0.0066427886486053,Frank Kush,Frank Kush,48.00950683303625,Other,0,0
CLT,1984,0.25,0.24209139,0.33052167,-0.080521672964096,-0.088430285,0.0079086124897003,-0.080521672964096,Frank Kush,Frank Kush / Hal Hunter,20.61794414735592,Other,0,0
CLT,1982,0.0556,0.119469,0.1746728,-0.1190727973222732,-0.055203795,-0.0638690018892288,-0.1190727973222732,Frank Kush,Frank Kush,11.705288175876412,Other,0,0
CLT,2018,0.625,0.52773356,0.534048,0.0909519791603088,-0.0063144565,0.0972664356231689,0.0909519791603088,Frank Reich,Frank Reich,75.69815805109923,Offensive,4,0
CLT,2020,0.6875,0.66224915,0.6286706,0.0588294267654418,0.033578575,0.0252508521080017,0.0588294267654418,Frank Reich,Frank Reich,64.9435531788473,Offensive,4,0
CLT,2022,0.2647,0.23241842,0.2536498,0.0110501989841461,-0.021231383,0.0322815820693969,0.0110501989841461,Frank Reich,Frank Reich / Jeff Saturday,49.673202614379086,Offensive,4,0
CLT,2021,0.5294,0.62078834,0.6363448,-0.1069447904586792,-0.015556455,-0.0913883358001709,-0.1069447904586792,Frank Reich,Frank Reich,14.616755793226382,Offensive,4,0
CLT,2019,0.4375,0.5707253,0.57607204,-0.1385720372200012,-0.0053467155,-0.1332253217697143,-0.1385720372200012,Frank Reich,Frank Reich,8.85323826500297,Offensive,4,0
CAR,2023,0.1176,0.2762181,0.33457872,-0.2169787227153778,-0.058360636,-0.1586180864810943,-0.2169787227153778,Frank Reich,Chris Tabor / Frank Reich,2.6143790849673203,Offensive,4,0
CLE,2019,0.375,0.35198095,0.39917916,-0.0241791605949401,-0.047198206,0.0230190455913543,-0.0241791605949401,Freddie Kitchens,Freddie Kitchens,36.957813428401664,Offensive,3,0
DEN,2015,0.75,0.570923,0.53356564,0.216434359550476,0.03735733,0.1790770292282104,0.216434359550476,Gary Kubiak,Gary Kubiak,96.73202614379085,Offensive,13,0
HTX,2007,0.5,0.3372419,0.28899923,0.211000770330429,0.04824266,0.1627581119537353,0.211000770330429,Gary Kubiak,Gary Kubiak,96.2566844919786,Offensive,13,0
HTX,2012,0.75,0.62617713,0.60167545,0.1483245491981506,0.024501681,0.1238228678703308,0.1483245491981506,Gary Kubiak,Gary Kubiak,89.06714200831848,Offensive,13,0
HTX,2008,0.5,0.3958349,0.40746146,0.0925385355949401,-0.011626571,0.104165107011795,0.0925385355949401,Gary Kubiak,Gary Kubiak,76.35175282234106,Offensive,13,0
DEN,2016,0.5625,0.5204294,0.50554526,0.0569547414779663,0.014884114,0.0420706272125244,0.0569547414779663,Gary Kubiak,Gary Kubiak,64.1711229946524,Offensive,13,0
HTX,2009,0.5625,0.5457811,0.56413686,-0.0016368627548217,-0.018355787,0.0167189240455627,-0.0016368627548217,Gary Kubiak,Gary Kubiak,45.27629233511586,Offensive,13,0
HTX,2013,0.125,0.16698545,0.15322426,-0.0282242596149444,0.013761193,-0.0419854521751403,-0.0282242596149444,Gary Kubiak,Gary Kubiak / Wade Phillips,35.35353535353536,Offensive,13,0
HTX,2011,0.625,0.684766,0.6542525,-0.0292525291442871,0.030513465,-0.0597659945487976,-0.0292525291442871,Gary Kubiak,Gary Kubiak,34.997029114676174,Offensive,13,0
HTX,2006,0.375,0.37272534,0.45662063,-0.0816206336021423,-0.083895296,0.0022746622562408,-0.0816206336021423,Gary Kubiak,Gary Kubiak,20.380273321449792,Offensive,13,0
HTX,2010,0.375,0.48836327,0.50190544,-0.1269054412841797,-0.013542175,-0.1133632659912109,-0.1269054412841797,Gary Kubiak,Gary Kubiak,10.63576945929887,Offensive,13,0
CRD,1987,0.4667,0.33905637,0.34201103,0.124688965511322,-0.0029546618,0.1276436273574829,0.124688965511322,Gene Stallings,Gene Stallings,83.89780154486037,Other,0,0
CRD,1988,0.4375,0.46716514,0.49000525,-0.0525052547454834,-0.022840112,-0.0296651422977447,-0.0525052547454834,Gene Stallings,Gene Stallings,27.807486631016044,Other,0,0
CRD,1989,0.3125,0.35164052,0.37750384,-0.0650038421154022,-0.02586332,-0.0391405224800109,-0.0650038421154022,Gene Stallings,Gene Stallings / Hank Kuhlmann,24.53951277480689,Other,0,0
CRD,1986,0.2812,0.37405854,0.398618,-0.1174180126667022,-0.024559468,-0.0928585446357727,-0.1174180126667022,Gene Stallings,Gene Stallings,12.06179441473559,Other,0,0
WAS,1972,0.7857,0.7683522,0.69699025,0.0887097484588622,0.07136196,0.0173477894783019,0.0887097484588622,George Allen,George Allen,74.98514557338086,Defensive,0,2
WAS,1974,0.7143,0.71515566,0.6588108,0.0554892056465149,0.056344867,-0.0008556611061095,0.0554892056465149,George Allen,George Allen,63.81461675579323,Defensive,0,2
WAS,1976,0.7143,0.6870075,0.6639539,0.0503460996627808,0.023053586,0.0272925131797791,0.0503460996627808,George Allen,George Allen,62.50742721330956,Defensive,0,2
WAS,1977,0.6429,0.6388133,0.59400344,0.048896561050415,0.044809878,0.004086683177948,0.048896561050415,George Allen,George Allen,62.26975638740344,Defensive,0,2
RAM,1970,0.6786,0.66930556,0.6376253,0.040974722957611,0.031680286,0.0092944370269775,0.040974722957611,George Allen,George Allen,59.15032679738562,Defensive,0,2
WAS,1973,0.7143,0.7642316,0.6966191,0.0176809065818787,0.06761253,-0.0499316222190856,0.0176809065818787,George Allen,George Allen,51.51515151515152,Defensive,0,2
WAS,1975,0.5714,0.5775754,0.57841885,-0.0070188508987426,-0.0008434653,-0.0061753855705261,-0.0070188508987426,George Allen,George Allen,43.07783719548425,Defensive,0,2
WAS,1971,0.6786,0.7213832,0.7095256,-0.0309255851745605,0.011857629,-0.0427832139968872,-0.0309255851745605,George Allen,George Allen,34.69994058229353,Defensive,0,2
SFO,1990,0.875,0.74525934,0.6463407,0.2286592721939087,0.09891862,0.1297406554222107,0.2286592721939087,George Seifert,George Seifert,97.38562091503267,Defensive,0,6
SFO,1989,0.875,0.7864596,0.688897,0.1861029863357544,0.09756261,0.0885403752326965,0.1861029863357544,George Seifert,George Seifert,94.058229352347,Defensive,0,6
SFO,1992,0.875,0.8063894,0.7032209,0.1717790961265564,0.10316849,0.0686106085777282,0.1717790961265564,George Seifert,George Seifert,92.2756981580511,Defensive,0,6
SFO,1991,0.625,0.61168003,0.49094674,0.1340532600879669,0.12073329,0.013319969177246,0.1340532600879669,George Seifert,George Seifert,85.85858585858585,Defensive,0,6
SFO,1996,0.75,0.7281705,0.6383136,0.1116864085197448,0.08985692,0.0218294858932495,0.1116864085197448,George Seifert,George Seifert,81.10516934046346,Defensive,0,6
SFO,1994,0.8125,0.8065226,0.72708607,0.0854139328002929,0.07943654,0.0059773921966552,0.0854139328002929,George Seifert,George Seifert,73.8562091503268,Defensive,0,6
SFO,1995,0.6875,0.71296686,0.67128456,0.016215443611145,0.041682303,-0.0254668593406677,0.016215443611145,George Seifert,George Seifert,51.21806298276886,Defensive,0,6
SFO,1993,0.625,0.7085107,0.62532705,-0.0003270506858825,0.083183646,-0.0835106968879699,-0.0003270506858825,George Seifert,George Seifert,45.632798573975045,Defensive,0,6
CAR,2000,0.4375,0.47152296,0.46944365,-0.0319436490535736,0.002079308,-0.0340229570865631,-0.0319436490535736,George Seifert,George Seifert,34.52168746286393,Defensive,0,6
CAR,1999,0.5,0.5648252,0.5452403,-0.0452402830123901,0.019584894,-0.0648251771926879,-0.0452402830123901,George Seifert,George Seifert,30.65953654188948,Defensive,0,6
CAR,2001,0.0625,0.26442143,0.35597023,-0.2934702336788177,-0.0915488,-0.2019214332103729,-0.2934702336788177,George Seifert,George Seifert,0.35650623885918,Defensive,0,6
TAM,2012,0.4375,0.39711785,0.41349652,0.0240034759044647,-0.01637867,0.0403821468353271,0.0240034759044647,Greg Schiano,Greg Schiano,53.475935828877006,Defensive,0,2
TAM,2013,0.25,0.50126654,0.5081674,-0.2581673860549927,-0.006900847,-0.2512665390968323,-0.2581673860549927,Greg Schiano,Greg Schiano,1.2477718360071302,Defensive,0,2
BUF,2002,0.5,0.4550891,0.45115945,0.0488405525684356,0.003929645,0.0449109077453613,0.0488405525684356,Gregg Williams,Gregg Williams,62.21033868092691,Defensive,0,17
BUF,2003,0.375,0.38751027,0.37769747,-0.002697467803955,0.009812802,-0.0125102698802948,-0.002697467803955,Gregg Williams,Gregg Williams,44.800950683303626,Defensive,0,17
BUF,2001,0.1875,0.2124912,0.21428412,-0.0267841219902038,-0.0017929226,-0.0249911993741989,-0.0267841219902038,Gregg Williams,Gregg Williams,36.125965537730245,Defensive,0,17
KAN,1999,0.5625,0.5851616,0.6178556,-0.0553556084632873,-0.032693982,-0.0226616263389587,-0.0553556084632873,Gunther Cunningham,Gunther Cunningham,27.153891859774216,Defensive,0,16
KAN,2000,0.4375,0.51557666,0.5520486,-0.1145486235618591,-0.036471963,-0.0780766606330871,-0.1145486235618591,Gunther Cunningham,Gunther Cunningham,12.655971479500892,Defensive,0,16
JAX,2013,0.25,0.23798211,0.29993317,-0.0499331653118133,-0.061951056,0.0120178908109664,-0.0499331653118133,Gus Bradley,Gus Bradley,28.87700534759358,Defensive,0,23
JAX,2015,0.3125,0.3313496,0.36739036,-0.054890364408493,-0.036040753,-0.0188496112823486,-0.054890364408493,Gus Bradley,Gus Bradley,27.27272727272727,Defensive,0,23
JAX,2016,0.1875,0.23779139,0.25975856,-0.0722585618495941,-0.021967173,-0.0502913892269134,-0.0722585618495941,Gus Bradley,Doug Marrone / Gus Bradley,22.756981580510992,Defensive,0,23
JAX,2014,0.1875,0.1996216,0.26737696,-0.079876959323883,-0.06775536,-0.0121216028928756,-0.079876959323883,Gus Bradley,Gus Bradley,20.855614973262032,Defensive,0,23
BUF,1986,0.25,0.3353917,0.40287882,-0.1528788208961486,-0.06748712,-0.0853917002677917,-0.1528788208961486,Hank Bullough,Hank Bullough / Marv Levy,6.8924539512774805,Defensive,0,16
KAN,1971,0.75,0.7414105,0.7231662,0.0268337726593017,0.018244267,0.0085895061492919,0.0268337726593017,Hank Stram,Hank Stram,54.54545454545454,Other,0,0
KAN,1972,0.5714,0.6131176,0.59730446,-0.0259044633865356,0.015813112,-0.0417175756454467,-0.0259044633865356,Hank Stram,Hank Stram,36.30421865715983,Other,0,0
KAN,1973,0.5714,0.6124238,0.60032076,-0.0289207564353942,0.012103021,-0.0410237775802612,-0.0289207564353942,Hank Stram,Hank Stram,35.175282234105765,Other,0,0
KAN,1970,0.5714,0.6635669,0.6188328,-0.0474328266143798,0.04473406,-0.0921668873786926,-0.0474328266143798,Hank Stram,Hank Stram,29.88710635769459,Other,0,0
KAN,1974,0.3571,0.4128228,0.41195723,-0.0548572341442108,0.00086557865,-0.055722812795639,-0.0548572341442108,Hank Stram,Hank Stram,27.332144979203804,Other,0,0
NOR,1976,0.2857,0.30890182,0.34621385,-0.0605138473987579,-0.03731203,-0.0232018166065215,-0.0605138473987579,Hank Stram,Hank Stram,25.49019607843137,Other,0,0
NOR,1977,0.2143,0.257762,0.3150843,-0.100784308385849,-0.057322294,-0.0434620148658752,-0.100784308385849,Hank Stram,Hank Stram,16.28045157456922,Other,0,0
SDG,1973,0.1786,0.23064837,0.23496574,-0.0563657416343688,-0.004317373,-0.0520483685970306,-0.0563657416343688,Harland Svare,Harland Svare / Ron Waller,26.67855020796197,Defensive,0,6
SDG,1972,0.3214,0.39475846,0.4830946,-0.1616946028232574,-0.08833614,-0.0733584629058837,-0.1616946028232574,Harland Svare,Harland Svare,6.1794414735591205,Defensive,0,6
CIN,1979,0.25,0.3865887,0.46117187,-0.2111718654632568,-0.07458317,-0.1365886926651001,-0.2111718654632568,Homer Rice,Homer Rice,2.8520499108734403,Other,0,0
CLT,1973,0.2857,0.2845978,0.25842205,0.0272779531002044,0.026175767,0.0011021859169006,0.0272779531002044,Howard Schnellenberger,Howard Schnellenberger,54.66428995840761,Offensive,12,0
CLT,1974,0.1429,0.14805047,0.25388685,-0.1109868486881256,-0.10583638,-0.0051504721403121,-0.1109868486881256,Howard Schnellenberger,Howard Schnellenberger / Joe Thomas,13.428401663695782,Offensive,12,0
RAI,2011,0.5,0.4099793,0.42173675,0.0782632529735565,-0.011757433,0.0900206863880157,0.0782632529735565,Hue Jackson,Hue Jackson,71.71717171717171,Offensive,12,0
CLE,2018,0.4688,0.45973164,0.4809178,-0.0121178113937377,-0.021186173,0.0090683615684509,-0.0121178113937377,Hue Jackson,Gregg Williams / Hue Jackson,41.65181224004753,Offensive,12,0
CLE,2016,0.0625,0.25596285,0.29352444,-0.2310244441032409,-0.037561595,-0.19346284866333,-0.2310244441032409,Hue Jackson,Hue Jackson,2.2578728461081403,Offensive,12,0
CLE,2017,0.0,0.24241437,0.26244226,-0.2624422609806061,-0.02002789,-0.2424143701791763,-0.2624422609806061,Hue Jackson,Hue Jackson,0.9506833036244802,Offensive,12,0
CIN,2022,0.75,0.6305501,0.59986764,0.1501323580741882,0.030682445,0.1194499135017395,0.1501323580741882,Zac Taylor,Zac Taylor,89.36423054070113,Offensive,1,0
CIN,2023,0.5294,0.42864674,0.43614247,0.0932575255870818,-0.007495731,0.100753256702423,0.0932575255870818,Zac Taylor,Zac Taylor,76.41117052881758,Offensive,1,0
CIN,2021,0.5882,0.5352432,0.5814887,0.0067112714767455,-0.046245515,0.0529567868232726,0.0067112714767455,Zac Taylor,Zac Taylor,48.06892453951278,Offensive,1,0
CIN,2024,0.5294,0.51699823,0.5352629,-0.0058628827095031,-0.018264651,0.0124017685890197,-0.0058628827095031,Zac Taylor,Zac Taylor,43.731431966726085,Offensive,1,0
CIN,2020,0.2812,0.3102865,0.31570762,-0.0345076239585876,-0.005421132,-0.0290864921092987,-0.0345076239585876,Zac Taylor,Zac Taylor,33.8680926916221,Offensive,1,0
CIN,2019,0.125,0.24232943,0.28243455,-0.1574345529079437,-0.04010512,-0.1173294335603714,-0.1574345529079437,Zac Taylor,Zac Taylor,6.47653000594177,Offensive,1,0
NOR,1971,0.3571,0.3737715,0.46518323,-0.1080832282543182,-0.09141174,-0.0166714886665344,-0.1080832282543182,J.D. Roberts,J.D. Roberts,14.43850267379679,Other,0,0
NOR,1972,0.1786,0.22810031,0.31612104,-0.1375210417747497,-0.08802073,-0.0495003147363662,-0.1375210417747497,J.D. Roberts,J.D. Roberts,8.9126559714795,Other,0,0
NOR,1970,0.1786,0.19822794,0.38175717,-0.2031571699619293,-0.18352923,-0.0196279419898986,-0.2031571699619293,J.D. Roberts,J.D. Roberts / Tom Fears,3.297682709447415,Other,0,0
JAX,2010,0.5,0.40096033,0.33746105,0.1625389456748962,0.06349927,0.0990396738052368,0.1625389456748962,Jack Del Rio,Jack Del Rio,91.02792632204395,Defensive,0,8
RAI,2016,0.75,0.67105234,0.6527256,0.0972744226455688,0.01832676,0.0789476633071899,0.0972744226455688,Jack Del Rio,Jack Del Rio,77.4212715389186,Defensive,0,8
JAX,2007,0.6875,0.62990224,0.6160752,0.0714247822761535,0.013827026,0.0575977563858032,0.0714247822761535,Jack Del Rio,Jack Del Rio,69.16221033868094,Defensive,0,8
JAX,2005,0.75,0.6792731,0.68095213,0.0690478682518005,-0.0016790032,0.0707268714904785,0.0690478682518005,Jack Del Rio,Jack Del Rio,68.33036244800951,Defensive,0,8
RAI,2015,0.4375,0.42684674,0.43088588,0.0066141188144683,-0.0040391386,0.0106532573699951,0.0066141188144683,Jack Del Rio,Jack Del Rio,47.95008912655972,Defensive,0,8
JAX,2004,0.5625,0.55717415,0.57500106,-0.012501060962677,-0.017826915,0.0053258538246154,-0.012501060962677,Jack Del Rio,Jack Del Rio,41.47355912061794,Defensive,0,8
JAX,2008,0.3125,0.39790753,0.3630296,-0.0505295991897583,0.034877926,-0.0854075253009796,-0.0505295991897583,Jack Del Rio,Jack Del Rio,28.52049910873441,Defensive,0,8
JAX,2006,0.5,0.57169175,0.5768478,-0.0768477916717529,-0.00515604,-0.0716917514801025,-0.0768477916717529,Jack Del Rio,Jack Del Rio,21.449792038027333,Defensive,0,8
RAI,2017,0.375,0.42675102,0.4692406,-0.0942406058311462,-0.04248959,-0.0517510175704956,-0.0942406058311462,Jack Del Rio,Jack Del Rio,17.40938799762329,Defensive,0,8
JAX,2009,0.4375,0.52195704,0.5552777,-0.1177777051925659,-0.033320665,-0.0844570398330688,-0.1177777051925659,Jack Del Rio,Jack Del Rio,11.883541295306,Defensive,0,8
JAX,2003,0.3125,0.35257182,0.43316245,-0.1206624507904052,-0.080590636,-0.040071815252304,-0.1206624507904052,Jack Del Rio,Jack Del Rio,11.2893642305407,Defensive,0,8
JAX,2011,0.3125,0.4303286,0.48099735,-0.1684973537921905,-0.050668746,-0.1178286075592041,-0.1684973537921905,Jack Del Rio,Jack Del Rio / Mel Tucker,5.704099821746881,Defensive,0,8
OTI,2006,0.5,0.40208316,0.3357785,0.1642214953899383,0.066304654,0.097916841506958,0.1642214953899383,Jeff Fisher,Jeff Fisher,91.32501485442664,Other,0,0
OTI,1999,0.8125,0.72034746,0.6522297,0.1602702736854553,0.06811774,0.0921525359153747,0.1602702736854553,Jeff Fisher,Jeff Fisher,90.55258467023172,Other,0,0
OTI,2000,0.8125,0.73421437,0.66798246,0.1445175409317016,0.06623191,0.0782856345176696,0.1445175409317016,Jeff Fisher,Jeff Fisher,88.116458704694,Other,0,0
RAM,2014,0.375,0.29083076,0.23745655,0.1375434547662735,0.053374216,0.0841692388057708,0.1375434547662735,Jeff Fisher,Jeff Fisher,86.86868686868688,Other,0,0
OTI,2008,0.8125,0.7262314,0.712201,0.1002990007400512,0.014030397,0.0862686038017273,0.1002990007400512,Jeff Fisher,Jeff Fisher,78.49079025549614,Other,0,0
OTI,2003,0.75,0.70490116,0.6801619,0.0698381066322326,0.024739265,0.0450988411903381,0.0698381066322326,Jeff Fisher,Jeff Fisher,68.44919786096256,Other,0,0
RAM,2013,0.4375,0.40987456,0.37357306,0.0639269351959228,0.036301494,0.0276254415512084,0.0639269351959228,Jeff Fisher,Jeff Fisher,66.25074272133095,Other,0,0
OTI,2002,0.6875,0.67481524,0.62536764,0.0621323585510253,0.049447596,0.0126847624778747,0.0621323585510253,Jeff Fisher,Jeff Fisher,65.83481877599525,Other,0,0
RAM,2015,0.4375,0.39305952,0.37589675,0.0616032481193542,0.01716277,0.0444404780864715,0.0616032481193542,Jeff Fisher,Jeff Fisher,65.59714795008912,Other,0,0
OTI,2001,0.4375,0.4304621,0.3949112,0.0425888001918792,0.035550892,0.0070379078388214,0.0425888001918792,Jeff Fisher,Jeff Fisher,59.95246583481878,Other,0,0
OTI,2007,0.625,0.5885761,0.615625,0.009374976158142,-0.027048945,0.036423921585083,0.009374976158142,Jeff Fisher,Jeff Fisher,48.9007724301842,Other,0,0
OTI,2004,0.3125,0.343153,0.30778503,0.0047149658203125,0.035367966,-0.0306529998779296,0.0047149658203125,Jeff Fisher,Jeff Fisher,47.1182412358883,Other,0,0
OTI,2010,0.375,0.39130437,0.3752135,-0.0002135038375854,0.01609087,-0.0163043737411499,-0.0002135038375854,Jeff Fisher,Jeff Fisher,45.751633986928105,Other,0,0
OTI,1997,0.5,0.48478836,0.5024108,-0.0024108290672302,-0.01762247,0.0152116417884826,-0.0024108290672302,Jeff Fisher,Jeff Fisher,44.919786096256686,Other,0,0
RAM,2012,0.4688,0.51500267,0.5066119,-0.0378118836402893,0.008390784,-0.0462026679039001,-0.0378118836402893,Jeff Fisher,Jeff Fisher,32.79857397504456,Other,0,0
OTI,2009,0.5,0.5441413,0.5487384,-0.048738420009613,-0.0045971274,-0.0441412925720214,-0.048738420009613,Jeff Fisher,Jeff Fisher,29.29292929292929,Other,0,0
OTI,1996,0.5,0.51527524,0.5599184,-0.0599184036254882,-0.044643164,-0.015275239944458,-0.0599184036254882,Jeff Fisher,Jeff Fisher,25.60903149138443,Other,0,0
RAM,2016,0.25,0.28412345,0.32240987,-0.0724098682403564,-0.038286418,-0.0341234505176544,-0.0724098682403564,Jeff Fisher,Jeff Fisher / John Fassel,22.69756387403446,Other,0,0
OTI,1998,0.5,0.5603684,0.5828008,-0.082800805568695,-0.022432387,-0.0603684186935424,-0.082800805568695,Jeff Fisher,Jeff Fisher,20.023767082590613,Other,0,0
OTI,1995,0.4375,0.47057882,0.5242067,-0.0867066979408264,-0.05362788,-0.0330788195133209,-0.0867066979408264,Jeff Fisher,Jeff Fisher,19.19191919191919,Other,0,0
OTI,2005,0.25,0.35705364,0.3581802,-0.1081801950931549,-0.0011265576,-0.1070536375045776,-0.1081801950931549,Jeff Fisher,Jeff Fisher,14.37908496732026,Other,0,0
OTI,1993,0.75,0.70483947,0.6414462,0.1085538268089294,0.063393295,0.0451605319976806,0.1085538268089294,Jack Pardee,Jack Pardee,80.45157456922163,Defensive,0,1
OTI,1991,0.6875,0.66162735,0.6259719,0.0615280866622924,0.03565544,0.0258726477622985,0.0615280866622924,Jack Pardee,Jack Pardee,65.5377302436126,Defensive,0,1
CHI,1975,0.2857,0.24668442,0.2302429,0.0554571069002151,0.016441524,0.039015582871437,0.0554571069002151,Jack Pardee,Jack Pardee,63.75519904931669,Defensive,0,1
CHI,1977,0.6429,0.5693201,0.58960134,0.0532986620903015,-0.020281255,0.0735799173355102,0.0532986620903015,Jack Pardee,Jack Pardee,63.22043969102793,Defensive,0,1
OTI,1992,0.625,0.6079333,0.58360547,0.0413945317268371,0.024327815,0.0170667171478271,0.0413945317268371,Jack Pardee,Jack Pardee,59.35828877005348,Defensive,0,1
WAS,1978,0.5,0.49837345,0.51278734,-0.0127873420715332,-0.014413893,0.0016265511512756,-0.0127873420715332,Jack Pardee,Jack Pardee,41.23588829471183,Defensive,0,1
WAS,1979,0.625,0.628236,0.6982487,-0.0732486844062805,-0.07001269,-0.0032359957695007,-0.0732486844062805,Jack Pardee,Jack Pardee,22.459893048128343,Defensive,0,1
CHI,1976,0.5,0.5284153,0.59398574,-0.0939857363700866,-0.065570414,-0.0284153223037719,-0.0939857363700866,Jack Pardee,Jack Pardee,17.46880570409982,Defensive,0,1
OTI,1990,0.5625,0.63590336,0.6621244,-0.0996243953704834,-0.026221037,-0.0734033584594726,-0.0996243953704834,Jack Pardee,Jack Pardee,16.51812240047534,Defensive,0,1
OTI,1994,0.125,0.29520088,0.36637238,-0.2413723766803741,-0.07117149,-0.1702008843421936,-0.2413723766803741,Jack Pardee,Jack Pardee / Jeff Fisher,1.9013666072489603,Defensive,0,1
WAS,1980,0.375,0.50596464,0.61810565,-0.2431056499481201,-0.11214101,-0.1309646368026733,-0.2431056499481201,Jack Pardee,Jack Pardee,1.84194890077243,Defensive,0,1
SEA,1979,0.5625,0.43055645,0.42509025,0.1374097466468811,0.005466193,0.1319435536861419,0.1374097466468811,Jack Patera,Jack Patera,86.7498514557338,Other,0,0
SEA,1982,0.4444,0.4631461,0.38666454,0.0577354604244232,0.07648155,-0.0187460905075073,0.0577354604244232,Jack Patera,Jack Patera / Mike McCormack,64.49792038027333,Other,0,0
SEA,1977,0.3571,0.38111404,0.37992603,-0.0228260258674621,0.00118801,-0.0240140358448028,-0.0228260258674621,Jack Patera,Jack Patera,37.31431966726084,Other,0,0
SEA,1978,0.5625,0.5572978,0.6106853,-0.0481852889060974,-0.053387463,0.0052021741867065,-0.0481852889060974,Jack Patera,Jack Patera,29.76827094474153,Other,0,0
SEA,1981,0.375,0.4233413,0.5324547,-0.1574547290802002,-0.109113425,-0.048341304063797,-0.1574547290802002,Jack Patera,Jack Patera,6.417112299465241,Other,0,0
SEA,1980,0.25,0.45705947,0.50476533,-0.2547653317451477,-0.04770586,-0.2070594727993011,-0.2547653317451477,Jack Patera,Jack Patera,1.48544266191325,Other,0,0
SEA,1976,0.1429,0.3621402,0.46986943,-0.3269694348335266,-0.10772923,-0.2192402084827423,-0.3269694348335266,Jack Patera,Jack Patera,0.05941770647653,Other,0,0
WAS,2018,0.4375,0.352789,0.3473803,0.0901196897029876,0.0054087043,0.0847109854221344,0.0901196897029876,Jay Gruden,Jay Gruden,75.51990493166963,Offensive,6,0
WAS,2015,0.5625,0.5179828,0.49959064,0.0629093647003173,0.018392146,0.0445172190666198,0.0629093647003173,Jay Gruden,Jay Gruden,66.01307189542483,Offensive,6,0
WAS,2017,0.4375,0.46307138,0.4420691,-0.0045691132545471,0.021002263,-0.0255713760852813,-0.0045691132545471,Jay Gruden,Jay Gruden,44.38502673796791,Offensive,6,0
WAS,2014,0.25,0.27516443,0.25983536,-0.0098353624343872,0.015329063,-0.0251644253730773,-0.0098353624343872,Jay Gruden,Jay Gruden,42.24598930481284,Offensive,6,0
WAS,2016,0.5312,0.54931945,0.5678857,-0.0366856968879699,-0.01856625,-0.0181194460868835,-0.0366856968879699,Jay Gruden,Jay Gruden,33.273915626856805,Offensive,6,0
WAS,2019,0.1875,0.3104939,0.33367547,-0.1461754739284515,-0.023181587,-0.1229938864707946,-0.1461754739284515,Jay Gruden,Bill Callahan / Jay Gruden,7.66488413547237,Offensive,6,0
NWE,2024,0.2353,0.33910072,0.32975134,-0.0944513425350189,0.009349376,-0.1038007184982299,-0.0944513425350189,Jerod Mayo,Jerod Mayo,17.349970291146764,Other,0,0
MIN,1987,0.5333,0.52790606,0.43604422,0.0972557838439941,0.091861844,0.0053939397811889,0.0972557838439941,Jerry Burns,Jerry Burns,77.36185383244207,Offensive,18,4
MIN,1989,0.625,0.5704683,0.5586029,0.0663970708847045,0.011865377,0.0545316934585571,0.0663970708847045,Jerry Burns,Jerry Burns,67.26084373143196,Offensive,18,4
MIN,1988,0.6875,0.68553185,0.6413604,0.0461395978927612,0.044171453,0.0019681453704833,0.0461395978927612,Jerry Burns,Jerry Burns,61.43790849673203,Offensive,18,4
MIN,1986,0.5625,0.56324905,0.6102787,-0.0477787256240844,-0.047029674,-0.0007490515708923,-0.0477787256240844,Jerry Burns,Jerry Burns,29.827688651218065,Offensive,18,4
MIN,1991,0.5,0.5478486,0.5519055,-0.0519055128097534,-0.0040569305,-0.0478485822677612,-0.0519055128097534,Jerry Burns,Jerry Burns,27.98573975044563,Offensive,18,4
MIN,1990,0.375,0.5108979,0.49889275,-0.1238927543163299,0.0120051205,-0.1358978748321533,-0.1238927543163299,Jerry Burns,Jerry Burns,10.87344028520499,Offensive,18,4
OTI,1987,0.6,0.5216185,0.42430723,0.1756927728652954,0.09731126,0.0783815145492553,0.1756927728652954,Jerry Glanville,Jerry Glanville,92.75103980986331,Defensive,0,12
OTI,1988,0.625,0.59434956,0.53729224,0.0877077579498291,0.05705732,0.0306504368782043,0.0877077579498291,Jerry Glanville,Jerry Glanville,74.50980392156863,Defensive,0,12
ATL,1991,0.625,0.52409977,0.5440029,0.0809971094131469,-0.019903123,0.1009002327919006,0.0809971094131469,Jerry Glanville,Jerry Glanville,72.37076648841355,Defensive,0,12
ATL,1992,0.375,0.347794,0.33655742,0.0384425818920135,0.011236578,0.027206003665924,0.0384425818920135,Jerry Glanville,Jerry Glanville,58.110516934046345,Defensive,0,12
ATL,1993,0.375,0.3551359,0.3449747,0.0300253033638,0.010161191,0.0198641121387481,0.0300253033638,Jerry Glanville,Jerry Glanville,55.61497326203209,Defensive,0,12
OTI,1986,0.3125,0.33685422,0.36822698,-0.0557269752025604,-0.031372756,-0.0243542194366455,-0.0557269752025604,Jerry Glanville,Jerry Glanville,26.91622103386809,Defensive,0,12
OTI,1989,0.5625,0.6025969,0.639041,-0.076541006565094,-0.036444128,-0.0400968790054321,-0.076541006565094,Jerry Glanville,Jerry Glanville,21.62804515745692,Defensive,0,12
ATL,1990,0.3125,0.40157628,0.4351715,-0.1226715147495269,-0.033595234,-0.089076280593872,-0.1226715147495269,Jerry Glanville,Jerry Glanville,11.11111111111111,Defensive,0,12
PHI,1971,0.4643,0.39409173,0.43173593,0.0325640671730041,-0.037644207,0.0702082746505737,0.0325640671730041,Jerry Williams,Ed Khayat / Jerry Williams,56.44682115270351,Offensive,1,0
PHI,1970,0.25,0.3296265,0.38253745,-0.1325374543666839,-0.052910954,-0.0796265006065368,-0.1325374543666839,Jerry Williams,Jerry Williams,9.5068330362448,Offensive,1,0
CLT,2009,0.875,0.63463145,0.45140228,0.4235977232456207,0.18322918,0.2403685450553894,0.4235977232456207,Jim Caldwell,Jim Caldwell,100.0,Offensive,2,0
CLT,2010,0.625,0.56195134,0.3670374,0.2579626142978668,0.19491395,0.0630486607551574,0.2579626142978668,Jim Caldwell,Jim Caldwell,98.8116458704694,Offensive,2,0
DET,2014,0.6875,0.6521145,0.61470085,0.0727991461753845,0.037413657,0.0353854894638061,0.0727991461753845,Jim Caldwell,Jim Caldwell,69.75638740344623,Offensive,2,0
DET,2015,0.4375,0.48908475,0.4044717,0.0330283045768737,0.084613055,-0.0515847504138946,0.0330283045768737,Jim Caldwell,Jim Caldwell,56.56565656565656,Offensive,2,0
DET,2017,0.5625,0.5831791,0.56065506,0.0018449425697326,0.022524059,-0.0206791162490844,0.0018449425697326,Jim Caldwell,Jim Caldwell,46.04872251931075,Offensive,2,0
DET,2016,0.5625,0.5710251,0.57168925,-0.0091892480850219,-0.00066417456,-0.0085250735282897,-0.0091892480850219,Jim Caldwell,Jim Caldwell,42.48366013071895,Offensive,2,0
CLT,2011,0.125,0.27540928,0.30342093,-0.1784209311008453,-0.02801165,-0.1504092812538147,-0.1784209311008453,Jim Caldwell,Jim Caldwell,4.753416518122401,Offensive,2,0
CHI,1970,0.4286,0.4138003,0.38720515,0.0413948462963104,0.026595145,0.0147997008323669,0.0413948462963104,Jim Dooley,Jim Dooley,59.41770647653001,Defensive,0,2
CHI,1971,0.4286,0.33440825,0.40237838,0.0262216197013854,-0.06797013,0.0941917465686797,0.0262216197013854,Jim Dooley,Jim Dooley,54.36720142602496,Defensive,0,2
NYG,2002,0.625,0.5433475,0.55151135,0.0734886527061462,-0.008163869,0.0816525220870971,0.0734886527061462,Jim Fassel,Jim Fassel,69.93464052287581,Offensive,12,0
NYG,2000,0.75,0.72295916,0.7063442,0.0436558127403259,0.016614974,0.0270408391952514,0.0436558127403259,Jim Fassel,Jim Fassel,60.24955436720143,Offensive,12,0
NYG,1997,0.6562,0.5193262,0.61553437,0.0406656348228454,-0.096208155,0.1368737899780273,0.0406656348228454,Jim Fassel,Jim Fassel,58.88294711824123,Offensive,12,0
NYG,1999,0.4375,0.4153237,0.41853222,0.0189677774906158,-0.003208518,0.0221762955188751,0.0189677774906158,Jim Fassel,Jim Fassel,52.28758169934641,Offensive,12,0
NYG,2003,0.25,0.28297135,0.26598108,-0.0159810781478881,0.016990274,-0.0329713523387908,-0.0159810781478881,Jim Fassel,Jim Fassel,39.988116458704695,Offensive,12,0
NYG,2001,0.4375,0.5377914,0.5548337,-0.117333710193634,-0.017042339,-0.10029137134552,-0.117333710193634,Jim Fassel,Jim Fassel,12.180629827688652,Offensive,12,0
NYG,1998,0.5,0.64273185,0.63373536,-0.1337353587150573,0.008996487,-0.1427318453788757,-0.1337353587150573,Jim Fassel,Jim Fassel,9.26916221033868,Offensive,12,0
CRD,1982,0.5556,0.3879861,0.36064997,0.194950026845932,0.02733612,0.1676139062404632,0.194950026845932,Jim Hanifan,Jim Hanifan,95.068330362448,Other,0,0
CRD,1981,0.4375,0.26107234,0.31099966,0.1265003383159637,-0.049927324,0.1764276623725891,0.1265003383159637,Jim Hanifan,Jim Hanifan,84.43256090314914,Other,0,0
CRD,1983,0.5312,0.5366132,0.511014,0.0201860153198242,0.025599241,-0.0054132259368896,0.0201860153198242,Jim Hanifan,Jim Hanifan,52.584670231729056,Other,0,0
CRD,1984,0.5625,0.5644369,0.60016555,-0.0376655459403991,-0.035728633,-0.001936912536621,-0.0376655459403991,Jim Hanifan,Jim Hanifan,32.91740938799762,Other,0,0
CRD,1980,0.3125,0.42775056,0.41185224,-0.0993522405624389,0.015898317,-0.1152505576610565,-0.0993522405624389,Jim Hanifan,Jim Hanifan,16.696375519904933,Other,0,0
CRD,1985,0.3125,0.4075172,0.4807772,-0.1682772040367126,-0.07326001,-0.0950171947479248,-0.1682772040367126,Jim Hanifan,Jim Hanifan,5.822935234699941,Other,0,0
SFO,2011,0.8125,0.72662216,0.68822414,0.1242758631706237,0.038398027,0.0858778357505798,0.1242758631706237,Jim Harbaugh,Jim Harbaugh,83.77896613190731,Other,0,0
SFO,2013,0.75,0.71413016,0.62972414,0.120275855064392,0.08440602,0.0358698368072509,0.120275855064392,Jim Harbaugh,Jim Harbaugh,82.82828282828282,Other,0,0
SFO,2012,0.7188,0.6956307,0.65376043,0.0650395668029785,0.041870296,0.0231692708015441,0.0650395668029785,Jim Harbaugh,Jim Harbaugh,66.54783125371361,Other,0,0
SDG,2024,0.6471,0.68101054,0.6636684,-0.0165683940887451,0.01734215,-0.0339105443000793,-0.0165683940887451,Jim Harbaugh,Jim Harbaugh,39.69102792632204,Other,0,0
SFO,2014,0.5,0.5641096,0.54689556,-0.0468955636024475,0.01721406,-0.0641096234321594,-0.0468955636024475,Jim Harbaugh,Jim Harbaugh,30.36244800950683,Other,0,0
NOR,2000,0.625,0.62509674,0.62848336,-0.0034833550453186,-0.0033866167,-9.673833847045898e-05,-0.0034833550453186,Jim Haslett,Jim Haslett,44.622697563874034,Defensive,0,16
NOR,2002,0.5625,0.6076047,0.6060759,-0.0435758829116821,0.0015287995,-0.0451046824455261,-0.0435758829116821,Jim Haslett,Jim Haslett,31.13487819370172,Defensive,0,16
NOR,2004,0.5,0.5196889,0.55074954,-0.0507495403289794,-0.031060636,-0.0196889042854309,-0.0507495403289794,Jim Haslett,Jim Haslett,28.46108140225787,Defensive,0,16
NOR,2001,0.4375,0.49040166,0.49657702,-0.0590770244598388,-0.006175369,-0.0529016554355621,-0.0590770244598388,Jim Haslett,Jim Haslett,26.02495543672014,Defensive,0,16
NOR,2003,0.5,0.5396027,0.5996102,-0.0996102094650268,-0.060007513,-0.0396026968955993,-0.0996102094650268,Jim Haslett,Jim Haslett,16.577540106951872,Defensive,0,16
NOR,2005,0.1875,0.28489897,0.32868055,-0.141180545091629,-0.04378158,-0.097398966550827,-0.141180545091629,Jim Haslett,Jim Haslett,8.377896613190732,Defensive,0,16
ATL,2004,0.6875,0.5947206,0.6433281,0.044171929359436,-0.04860747,0.0927793979644775,0.044171929359436,Jim Mora Jr,Jim Mora Jr,60.48722519310754,Defensive,0,5
ATL,2006,0.4375,0.44633776,0.51918536,-0.0816853642463684,-0.072847605,-0.0088377594947814,-0.0816853642463684,Jim Mora Jr,Jim Mora Jr,20.32085561497326,Defensive,0,5
ATL,2005,0.5,0.5402486,0.6196813,-0.1196812987327575,-0.079432726,-0.0402485728263855,-0.1196812987327575,Jim Mora Jr,Jim Mora Jr,11.467617349970292,Defensive,0,5
SEA,2009,0.3125,0.40172625,0.44601193,-0.1335119307041168,-0.044285685,-0.0892262458801269,-0.1335119307041168,Jim Mora Jr,Jim Mora Jr,9.38799762329174,Defensive,0,5
CLT,1999,0.8125,0.7121351,0.5000741,0.3124259114265442,0.21206099,0.1003649234771728,0.3124259114265442,Jim Mora Sr,Jim Mora Sr,99.76232917409388,Defensive,0,4
NOR,1987,0.8,0.7276251,0.5796099,0.2203901290893555,0.1480152,0.0723749279975891,0.2203901290893555,Jim Mora Sr,Jim Mora Sr,96.96969696969695,Defensive,0,4
NOR,1992,0.75,0.669314,0.59738415,0.1526158452033996,0.07192987,0.0806859731674194,0.1526158452033996,Jim Mora Sr,Jim Mora Sr,89.66131907308377,Defensive,0,4
NOR,1990,0.5,0.4199644,0.37384847,0.1261515319347381,0.046115935,0.0800355970859527,0.1261515319347381,Jim Mora Sr,Jim Mora Sr,84.3731431966726,Defensive,0,4
NOR,1988,0.625,0.5105037,0.5068447,0.118155300617218,0.00365901,0.1144962906837463,0.118155300617218,Jim Mora Sr,Jim Mora Sr,82.5906120023767,Defensive,0,4
NOR,1993,0.5,0.44910184,0.41107124,0.0889287590980529,0.038030595,0.0508981645107269,0.0889287590980529,Jim Mora Sr,Jim Mora Sr,75.0445632798574,Defensive,0,4
NOR,1991,0.6875,0.6605599,0.6062953,0.0812047123908996,0.054264605,0.026940107345581,0.0812047123908996,Jim Mora Sr,Jim Mora Sr,72.43018419489007,Defensive,0,4
CLT,2000,0.625,0.61647266,0.58507186,0.039928138256073,0.0314008,0.0085273385047912,0.039928138256073,Jim Mora Sr,Jim Mora Sr,58.64527629233511,Defensive,0,4
NOR,1989,0.5625,0.5391227,0.53689814,0.0256018638610839,0.0022245646,0.0233772993087768,0.0256018638610839,Jim Mora Sr,Jim Mora Sr,54.18894830659536,Defensive,0,4
CLT,2001,0.375,0.4294567,0.46719223,-0.0921922326087951,-0.03773552,-0.0544567108154296,-0.0921922326087951,Jim Mora Sr,Jim Mora Sr,17.94414735591206,Defensive,0,4
NOR,1986,0.4375,0.5159588,0.53746945,-0.0999694466590881,-0.02151066,-0.0784587860107421,-0.0999694466590881,Jim Mora Sr,Jim Mora Sr,16.45870469399881,Defensive,0,4
NOR,1994,0.4375,0.5154915,0.55594844,-0.1184484362602233,-0.04045695,-0.0779914855957031,-0.1184484362602233,Jim Mora Sr,Jim Mora Sr,11.76470588235294,Defensive,0,4
NOR,1995,0.4375,0.5384654,0.5878846,-0.1503846049308776,-0.049419224,-0.1009653806686401,-0.1503846049308776,Jim Mora Sr,Jim Mora Sr,7.07070707070707,Defensive,0,4
CLT,1998,0.1875,0.25603005,0.35595307,-0.1684530675411224,-0.099923015,-0.0685300529003143,-0.1684530675411224,Jim Mora Sr,Jim Mora Sr,5.763517528223411,Defensive,0,4
NOR,1996,0.1875,0.3504666,0.50129867,-0.3137986660003662,-0.15083206,-0.1629666090011596,-0.3137986660003662,Jim Mora Sr,Jim Mora Sr / Rick Venturi,0.11883541295306,Defensive,0,4
BUF,1977,0.2143,0.30242127,0.29494798,-0.0806479818344116,0.00747329,-0.0881212718009948,-0.0806479818344116,Jim Ringo,Jim Ringo,20.558526440879383,Offensive,7,0
DET,2010,0.375,0.31309947,0.38858843,-0.0135884284973144,-0.075488955,0.0619005262851715,-0.0135884284973144,Jim Schwartz,Jim Schwartz,41.05763517528224,Defensive,0,17
DET,2011,0.625,0.60803604,0.67321295,-0.0482129454612731,-0.065176904,0.0169639587402343,-0.0482129454612731,Jim Schwartz,Jim Schwartz,29.708853238265004,Defensive,0,17
DET,2009,0.125,0.17495395,0.22774372,-0.1027437150478363,-0.052789763,-0.0499539524316787,-0.1027437150478363,Jim Schwartz,Jim Schwartz,15.86452762923351,Defensive,0,17
DET,2013,0.4375,0.50496155,0.5461504,-0.1086503863334655,-0.041188836,-0.0674615502357482,-0.1086503863334655,Jim Schwartz,Jim Schwartz,14.08199643493761,Defensive,0,17
DET,2012,0.25,0.3688886,0.43601906,-0.1860190629959106,-0.067130476,-0.1188885867595672,-0.1860190629959106,Jim Schwartz,Jim Schwartz,4.396910279263221,Defensive,0,17
SFO,2015,0.3125,0.3517063,0.30062798,0.0118720233440399,0.05107832,-0.0392062962055206,0.0118720233440399,Jim Tomsula,Jim Tomsula,50.02970885323826,Defensive,0,2
WAS,2008,0.5,0.58135706,0.6196462,-0.1196461915969848,-0.03828913,-0.0813570618629455,-0.1196461915969848,Jim Zorn,Jim Zorn,11.527035056446822,Offensive,3,0
WAS,2009,0.25,0.38125584,0.4003776,-0.1503776013851165,-0.019121766,-0.1312558352947235,-0.1503776013851165,Jim Zorn,Jim Zorn,7.130124777183601,Offensive,3,0
CRD,1991,0.25,0.24817394,0.26498446,-0.0149844586849212,-0.016810521,0.0018260627985,-0.0149844586849212,Joe Bugel,Joe Bugel,40.46345811051694,Offensive,4,0
CRD,1993,0.4375,0.40202206,0.49711472,-0.0596147179603576,-0.095092654,0.0354779362678527,-0.0596147179603576,Joe Bugel,Joe Bugel,25.727866904337493,Offensive,4,0
CRD,1992,0.25,0.26797646,0.3171835,-0.0671834945678711,-0.04920703,-0.0179764628410339,-0.0671834945678711,Joe Bugel,Joe Bugel,23.885918003565063,Offensive,4,0
CRD,1990,0.3125,0.40447074,0.48263177,-0.1701317727565765,-0.07816103,-0.0919707417488098,-0.1701317727565765,Joe Bugel,Joe Bugel,5.525846702317291,Offensive,4,0
RAI,1997,0.25,0.39229733,0.52714384,-0.2771438360214233,-0.13484651,-0.1422973275184631,-0.2771438360214233,Joe Bugel,Joe Bugel,0.53475935828877,Offensive,4,0
WAS,1982,0.8889,0.6483565,0.5159059,0.3729940833091736,0.13245058,0.2405435027122497,0.3729940833091736,Joe Gibbs,Joe Gibbs,99.88116458704694,Offensive,3,0
WAS,1986,0.75,0.5853495,0.51332754,0.2366724610328674,0.07202196,0.1646504998207092,0.2366724610328674,Joe Gibbs,Joe Gibbs,97.86096256684492,Offensive,3,0
WAS,1987,0.7333,0.66726905,0.524062,0.2092380221366881,0.14320707,0.0660309489250182,0.2092380221366881,Joe Gibbs,Joe Gibbs,96.07843137254902,Offensive,3,0
WAS,1983,0.875,0.8254767,0.6928825,0.1821175217628479,0.13259423,0.0495232939720153,0.1821175217628479,Joe Gibbs,Joe Gibbs,93.4640522875817,Offensive,3,0
WAS,1985,0.625,0.53190124,0.45678416,0.1682158410549163,0.07511708,0.093098759651184,0.1682158410549163,Joe Gibbs,Joe Gibbs,91.74093879976232,Offensive,3,0
WAS,1991,0.875,0.8535205,0.7257475,0.1492524743080139,0.12777299,0.0214794874191284,0.1492524743080139,Joe Gibbs,Joe Gibbs,89.12655971479501,Offensive,3,0
WAS,1988,0.4375,0.37308025,0.33025438,0.1072456240653991,0.042825878,0.0644197463989257,0.1072456240653991,Joe Gibbs,Joe Gibbs,80.03565062388593,Offensive,3,0
WAS,1984,0.6875,0.7045292,0.6287299,0.0587701201438903,0.075799346,-0.0170292258262634,0.0587701201438903,Joe Gibbs,Joe Gibbs,64.88413547237076,Offensive,3,0
WAS,1990,0.625,0.6028165,0.5823844,0.0426155924797058,0.020432115,0.0221834778785705,0.0426155924797058,Joe Gibbs,Joe Gibbs,60.011883541295305,Offensive,3,0
WAS,1989,0.625,0.6011331,0.5834766,0.0415233969688415,0.017656505,0.0238668918609619,0.0415233969688415,Joe Gibbs,Joe Gibbs,59.47712418300654,Offensive,3,0
WAS,2007,0.5625,0.5504428,0.52119905,0.0413009524345397,0.029243767,0.0120571851730346,0.0413009524345397,Joe Gibbs,Joe Gibbs,59.29887106357694,Offensive,3,0
WAS,2005,0.625,0.64209276,0.63162535,-0.0066253542900085,0.01046741,-0.0170927643775939,-0.0066253542900085,Joe Gibbs,Joe Gibbs,43.31550802139038,Offensive,3,0
WAS,1981,0.5,0.49251756,0.5174021,-0.0174021124839782,-0.024884552,0.0074824392795562,-0.0174021124839782,Joe Gibbs,Joe Gibbs,39.037433155080215,Offensive,3,0
WAS,1992,0.5625,0.65348697,0.59795934,-0.0354593396186828,0.055527627,-0.0909869670867919,-0.0354593396186828,Joe Gibbs,Joe Gibbs,33.45216874628639,Offensive,3,0
WAS,2004,0.375,0.4504967,0.43057778,-0.0555777847766876,0.019918919,-0.0754967033863067,-0.0555777847766876,Joe Gibbs,Joe Gibbs,27.035056446821155,Offensive,3,0
WAS,2006,0.3125,0.38664955,0.4139233,-0.101423293352127,-0.027273744,-0.0741495490074157,-0.101423293352127,Joe Gibbs,Joe Gibbs,16.102198455139632,Offensive,3,0
NYG,2021,0.2353,0.25804928,0.25946328,-0.0241632804393768,-0.001414001,-0.0227492794513702,-0.0241632804393768,Joe Judge,Joe Judge,37.076648841354725,Other,0,0
NYG,2020,0.375,0.42860907,0.4776637,-0.1026636958122253,-0.049054623,-0.0536090731620788,-0.1026636958122253,Joe Judge,Joe Judge,15.92394533571004,Other,0,0
MIA,2014,0.5,0.4823776,0.45569,0.0443100035190582,0.026687592,0.0176224112510681,0.0443100035190582,Joe Philbin,Joe Philbin,60.60606060606061,Offensive,14,0
MIA,2012,0.4375,0.38324708,0.4028944,0.0346055924892425,-0.01964733,0.0542529225349426,0.0346055924892425,Joe Philbin,Joe Philbin,56.86274509803921,Offensive,14,0
MIA,2013,0.5,0.52372515,0.49750757,0.0024924278259277,0.02621758,-0.023725152015686,0.0024924278259277,Joe Philbin,Joe Philbin,46.583481877599525,Offensive,14,0
MIA,2015,0.375,0.45567384,0.47830343,-0.1033034324645996,-0.022629589,-0.0806738436222076,-0.1033034324645996,Joe Philbin,Dan Campbell / Joe Philbin,15.745692216280451,Offensive,14,0
DET,1972,0.6071,0.5395086,0.48223057,0.1248694261074065,0.057278007,0.0675914188385009,0.1248694261074065,Joe Schmidt,Joe Schmidt,83.9572192513369,Other,0,0
DET,1970,0.7143,0.6961126,0.6467022,0.0675978296279907,0.049410403,0.0181874268531799,0.0675978296279907,Joe Schmidt,Joe Schmidt,67.61734997029116,Other,0,0
DET,1971,0.5357,0.6247495,0.62739426,-0.0916942589759827,-0.0026447773,-0.089049481678009,-0.0916942589759827,Joe Schmidt,Joe Schmidt,18.122400475341653,Other,0,0
NOR,2012,0.4375,0.47359377,0.41903022,0.0184697806835174,0.054563552,-0.0360937714576721,0.0184697806835174,Joe Vitt,Aaron Kromer / Joe Vitt,51.87165775401069,Other,0,0
NYJ,1986,0.625,0.53076357,0.4778528,0.1471472084522247,0.052910775,0.0942364335060119,0.1471472084522247,Joe Walton,Joe Walton,88.65121806298278,Offensive,10,0
NYJ,1984,0.4375,0.32492837,0.35218766,0.0853123366832733,-0.02725929,0.1125716269016265,0.0853123366832733,Joe Walton,Joe Walton,73.73737373737373,Offensive,10,0
NYJ,1985,0.6875,0.61697507,0.63809305,0.0494069457054138,-0.021117985,0.0705249309539794,0.0494069457054138,Joe Walton,Joe Walton,62.38859180035651,Offensive,10,0
NYJ,1987,0.4,0.4196954,0.37418258,0.0258174180984497,0.045512825,-0.0196954071521758,0.0258174180984497,Joe Walton,Joe Walton,54.248366013071895,Offensive,10,0
NYJ,1988,0.5312,0.5896993,0.5778608,-0.0466607726097106,0.011838555,-0.0584993279457092,-0.0466607726097106,Joe Walton,Joe Walton,30.48128342245989,Offensive,10,0
NYJ,1989,0.25,0.30210882,0.30627102,-0.0562710165977478,-0.0041621923,-0.0521088242530822,-0.0562710165977478,Joe Walton,Joe Walton,26.79738562091504,Offensive,10,0
NYJ,1983,0.4375,0.4681612,0.5375837,-0.1000837087631225,-0.06942251,-0.0306611955165863,-0.1000837087631225,Joe Walton,Joe Walton,16.39928698752228,Offensive,10,0
CHI,1978,0.4375,0.37197164,0.4142553,0.023244708776474,-0.042283654,0.0655283629894256,0.023244708776474,Neill Armstrong,Neill Armstrong,53.35710041592394,Other,0,0
CHI,1979,0.625,0.5996847,0.6377128,-0.0127127766609191,-0.03802806,0.0253152847290039,-0.0127127766609191,Neill Armstrong,Neill Armstrong,41.29530600118835,Other,0,0
CHI,1980,0.4375,0.44618267,0.4727761,-0.0352760851383209,-0.026593417,-0.0086826682090759,-0.0352760851383209,Neill Armstrong,Neill Armstrong,33.57100415923945,Other,0,0
CHI,1981,0.375,0.44781947,0.5020795,-0.1270794868469238,-0.054260015,-0.0728194713592529,-0.1270794868469238,Neill Armstrong,Neill Armstrong,10.57635175282234,Other,0,0
DEN,2013,0.8125,0.58897376,0.58757734,0.2249226570129394,0.0013964176,0.2235262393951416,0.2249226570129394,John Fox,John Fox,97.26678550207964,Defensive,0,10
CAR,2008,0.75,0.61172694,0.574036,0.1759639978408813,0.037690938,0.1382730603218078,0.1759639978408813,John Fox,John Fox,92.81045751633988,Defensive,0,10
DEN,2012,0.8125,0.6671963,0.6439998,0.1685001850128173,0.023196459,0.145303726196289,0.1685001850128173,John Fox,John Fox,91.80035650623886,Defensive,0,10
DEN,2014,0.75,0.6105456,0.5901446,0.1598554253578186,0.020401001,0.1394544243812561,0.1598554253578186,John Fox,John Fox,90.4931669637552,Defensive,0,10
CAR,2006,0.5,0.3830862,0.35720825,0.142791748046875,0.025877953,0.1169137954711914,0.142791748046875,John Fox,John Fox,87.81937017231135,Defensive,0,10
CAR,2003,0.6875,0.57897377,0.56960136,0.1178986430168151,0.009372413,0.1085262298583984,0.1178986430168151,John Fox,John Fox,82.41235888294712,Defensive,0,10
CAR,2007,0.4375,0.36975908,0.33266625,0.1048337519168853,0.037092835,0.0677409172058105,0.1048337519168853,John Fox,John Fox,79.26322043969103,Defensive,0,10
CAR,2009,0.5,0.46721324,0.4556255,0.0443744957447052,0.011587739,0.0327867567539215,0.0443744957447052,John Fox,John Fox,60.72489601901366,Defensive,0,10
CAR,2005,0.6875,0.69691414,0.6632901,0.0242099165916442,0.033624053,-0.0094141364097595,0.0242099165916442,John Fox,John Fox,53.71360665478313,Defensive,0,10
CHI,2017,0.3125,0.3135089,0.2963518,0.0161482095718383,0.017157108,-0.0010088980197906,0.0161482095718383,John Fox,John Fox,51.15864527629233,Defensive,0,10
CHI,2015,0.375,0.42213106,0.36361238,0.0113876163959503,0.058518678,-0.047131061553955,0.0113876163959503,John Fox,John Fox,49.9108734402852,Defensive,0,10
CHI,2016,0.1875,0.24661699,0.17923224,0.0082677602767944,0.06738475,-0.0591169893741607,0.0082677602767944,John Fox,John Fox,48.48484848484848,Defensive,0,10
DEN,2011,0.5,0.47779688,0.52821195,-0.0282119512557983,-0.05041507,0.022203117609024,-0.0282119512557983,John Fox,John Fox,35.41295306001188,Defensive,0,10
CAR,2002,0.4375,0.41895577,0.49233884,-0.0548388361930847,-0.07338306,0.0185442268848419,-0.0548388361930847,John Fox,John Fox,27.39156268568033,Defensive,0,10
CAR,2004,0.4375,0.6165041,0.6112859,-0.173785924911499,0.005218148,-0.1790040731430053,-0.173785924911499,John Fox,John Fox,5.169340463458111,Defensive,0,10
CAR,2010,0.125,0.24035347,0.30109647,-0.1760964691638946,-0.060743004,-0.1153534650802612,-0.1760964691638946,John Fox,John Fox,4.87225193107546,Defensive,0,10
RAV,2019,0.875,0.7329751,0.6239051,0.2510948777198791,0.10907,0.1420248746871948,0.2510948777198791,John Harbaugh,John Harbaugh,98.51455733808676,Other,0,0
RAV,2020,0.6875,0.60699075,0.5099666,0.1775333881378173,0.09702414,0.0805092453956604,0.1775333881378173,John Harbaugh,John Harbaugh,93.048128342246,Other,0,0
RAV,2011,0.75,0.7019642,0.6175186,0.1324813961982727,0.084445596,0.0480358004570007,0.1324813961982727,John Harbaugh,John Harbaugh,85.56149732620321,Other,0,0
RAV,2015,0.3125,0.27348435,0.18346724,0.1290327608585357,0.09001711,0.0390156507492065,0.1290327608585357,John Harbaugh,John Harbaugh,85.02673796791443,Other,0,0
RAV,2021,0.4706,0.45121357,0.3565045,0.114095500087738,0.09470907,0.0193864315509796,0.114095500087738,John Harbaugh,John Harbaugh,81.5805109922757,Other,0,0
RAV,2023,0.7647,0.76549476,0.6673277,0.0973722979545593,0.09816706,-0.0007947638511657,0.0973722979545593,John Harbaugh,John Harbaugh,77.48068924539513,Other,0,0
RAV,2014,0.625,0.59899503,0.535781,0.0892189741134643,0.063214004,0.0260049700736999,0.0892189741134643,John Harbaugh,John Harbaugh,75.10398098633392,Other,0,0
RAV,2012,0.625,0.6145612,0.5464919,0.0785080790519714,0.06806928,0.0104387998580932,0.0785080790519714,John Harbaugh,John Harbaugh,71.77658942364825,Other,0,0
RAV,2022,0.5882,0.5553836,0.5175754,0.0706246168136596,0.03780824,0.0328163773536681,0.0706246168136596,John Harbaugh,John Harbaugh,68.92453951277481,Other,0,0
RAV,2010,0.75,0.73701096,0.6843559,0.065644085407257,0.05265504,0.0129890441894531,0.065644085407257,John Harbaugh,John Harbaugh,66.84491978609626,Other,0,0
RAV,2018,0.625,0.6005918,0.5607405,0.0642595291137695,0.039851308,0.024408221244812,0.0642595291137695,John Harbaugh,John Harbaugh,66.31016042780749,Other,0,0
RAV,2008,0.6875,0.6315418,0.6271138,0.0603861808776855,0.0044279695,0.0559582114219665,0.0603861808776855,John Harbaugh,John Harbaugh,65.359477124183,Other,0,0
RAV,2024,0.7059,0.75756747,0.6638044,0.0420955881118774,0.09376305,-0.0516674653053284,0.0420955881118774,John Harbaugh,John Harbaugh,59.65537730243613,Other,0,0
RAV,2017,0.5625,0.6103897,0.5543738,0.0081261992454528,0.05601591,-0.0478897094726562,0.0081261992454528,John Harbaugh,John Harbaugh,48.36601307189542,Other,0,0
RAV,2016,0.5,0.57324,0.5146718,-0.0146718025207519,0.05856818,-0.0732399821281433,-0.0146718025207519,John Harbaugh,John Harbaugh,40.760546642899584,Other,0,0
RAV,2009,0.5625,0.61969763,0.62957954,-0.0670795440673828,-0.009881914,-0.057197630405426,-0.0670795440673828,John Harbaugh,John Harbaugh,23.9453357100416,Other,0,0
RAV,2013,0.5,0.56872594,0.5716019,-0.071601927280426,-0.0028759837,-0.0687259435653686,-0.071601927280426,John Harbaugh,John Harbaugh,22.935234699940583,Other,0,0
KAN,1986,0.625,0.57633656,0.6294628,-0.0044627785682678,-0.053126216,0.0486634373664855,-0.0044627785682678,John Mackovic,John Mackovic,44.44444444444444,Offensive,7,0
KAN,1984,0.5,0.52768844,0.5065153,-0.0065153241157531,0.02117312,-0.027688443660736,-0.0065153241157531,John Mackovic,John Mackovic,43.3749257278669,Offensive,7,0
KAN,1985,0.375,0.41009802,0.38239282,-0.0073928236961364,0.027705193,-0.0350980162620544,-0.0073928236961364,John Mackovic,John Mackovic,42.840166369578135,Offensive,7,0
KAN,1983,0.375,0.46800664,0.5510135,-0.1760135293006897,-0.08300689,-0.0930066406726837,-0.1760135293006897,John Mackovic,John Mackovic,4.931669637551991,Offensive,7,0
RAI,1976,0.9286,0.7846997,0.6653794,0.2632205949783325,0.11932027,0.1439003215789794,0.2632205949783325,John Madden,John Madden,99.04931669637551,Defensive,0,3
RAI,1974,0.8571,0.75053215,0.66414464,0.1929553647994994,0.086387515,0.1065678497314452,0.1929553647994994,John Madden,John Madden,94.59298871063578,Defensive,0,3
RAI,1977,0.7857,0.7348353,0.6350041,0.1506958968162536,0.09983122,0.0508646733283996,0.1506958968162536,John Madden,John Madden,89.42364824717765,Defensive,0,3
RAI,1970,0.6429,0.57811403,0.5448389,0.0980610946655273,0.033275127,0.0647859672546387,0.0980610946655273,John Madden,John Madden,77.71836007130125,Defensive,0,3
RAI,1975,0.7857,0.7322442,0.7020009,0.083699083995819,0.030243278,0.0534558064460753,0.083699083995819,John Madden,John Madden,73.2620320855615,Defensive,0,3
RAI,1973,0.6786,0.62616205,0.6127949,0.0658051239013671,0.013367176,0.0524379478454589,0.0658051239013671,John Madden,John Madden,67.02317290552585,Defensive,0,3
RAI,1971,0.6429,0.60398686,0.57804483,0.0648551682472229,0.025942028,0.0389131406784057,0.0648551682472229,John Madden,John Madden,66.42899584076055,Defensive,0,3
RAI,1972,0.75,0.7115995,0.69138825,0.0586117506027221,0.02021128,0.0384004712104797,0.0586117506027221,John Madden,John Madden,64.70588235294117,Defensive,0,3
RAI,1978,0.5625,0.5669501,0.5846007,-0.0221006870269775,-0.017650604,-0.0044500827789306,-0.0221006870269775,John Madden,John Madden,37.78966131907308,Defensive,0,3
NWE,1972,0.2143,0.22495277,0.22283901,-0.0085390127420425,0.0021137595,-0.0106527722597122,-0.0085390127420425,John Mazur,John Mazur / Phil Bengtson,42.661913250148544,Defensive,2,3
NWE,1971,0.4286,0.38953224,0.4389535,-0.0103534890651703,-0.04942125,0.0390677617549896,-0.0103534890651703,John Mazur,John Mazur,42.12715389185978,Defensive,2,3
TAM,1982,0.5556,0.50378084,0.39908487,0.1565151339530944,0.104695976,0.0518191581726074,0.1565151339530944,John McKay,John McKay,90.19607843137256,Other,0,0
TAM,1979,0.625,0.5107531,0.50937235,0.115627646446228,0.0013807416,0.1142469048500061,0.115627646446228,John McKay,John McKay,82.05585264408793,Other,0,0
TAM,1984,0.375,0.37172094,0.40380862,-0.0288086235523223,-0.032087684,0.0032790601253509,-0.0288086235523223,John McKay,John McKay,35.234699940582296,Other,0,0
TAM,1981,0.5625,0.6282743,0.6739647,-0.1114646792411804,-0.045690358,-0.0657743215560913,-0.1114646792411804,John McKay,John McKay,13.19073083778966,Other,0,0
TAM,1980,0.3438,0.4402887,0.5079522,-0.1641522132873535,-0.06766352,-0.0964886927127838,-0.1641522132873535,John McKay,John McKay,5.941770647653001,Other,0,0
TAM,1978,0.3125,0.41148227,0.48510468,-0.1726046800613403,-0.073622406,-0.0989822745323181,-0.1726046800613403,John McKay,John McKay,5.228758169934641,Other,0,0
TAM,1983,0.125,0.29145437,0.33530572,-0.2103057205677032,-0.043851346,-0.1664543747901916,-0.2103057205677032,John McKay,John McKay,2.9114676173499703,Other,0,0
TAM,1977,0.1429,0.26022562,0.35689873,-0.2139987250328064,-0.0966731,-0.117325623846054,-0.2139987250328064,John McKay,John McKay,2.7332144979203803,Other,0,0
TAM,1976,0.0,0.0758142,0.24577937,-0.2457793653011322,-0.16996516,-0.075814202427864,-0.2457793653011322,John McKay,John McKay,1.7825311942959003,Other,0,0
NYG,1977,0.3571,0.30566147,0.27480373,0.0822962721347808,0.030857742,0.0514385303020477,0.0822962721347808,John McVay,John McVay,72.72727272727273,Other,0,0
NYG,1976,0.2143,0.24737929,0.22939351,-0.0150935120105743,0.017985776,-0.0330792880773544,-0.0150935120105743,John McVay,John McVay,40.28520499108734,Other,0,0
NYG,1978,0.375,0.375012,0.40263575,-0.0276357531547546,-0.027623743,-1.2010335922241213e-05,-0.0276357531547546,John McVay,John McVay,35.76945929887106,Other,0,0
NOR,1974,0.3571,0.25241664,0.26229554,0.0948044558525085,-0.009878904,0.1046833594799041,0.0948044558525085,John North,John North,76.88651218062984,Other,0,0
NOR,1973,0.3571,0.29120052,0.31818542,0.0389145811557769,-0.0269849,0.0658994813919067,0.0389145811557769,John North,John North,58.288770053475936,Other,0,0
NOR,1975,0.1429,0.3248509,0.34015232,-0.1972523232460022,-0.015301436,-0.1819508870601654,-0.1972523232460022,John North,Ernie Hefferle / John North,3.86215092097445,Other,0,0
DEN,1976,0.6429,0.5399019,0.47014916,0.1727508405685425,0.06975275,0.1029980877876282,0.1727508405685425,John Ralston,John Ralston,92.39453357100416,Offensive,1,0
DEN,1975,0.4286,0.36476433,0.30722424,0.1213757561206817,0.05754009,0.0638356672286987,0.1213757561206817,John Ralston,John Ralston,83.06595365418895,Offensive,1,0
DEN,1972,0.3571,0.3037872,0.2504525,0.1066475113391876,0.053334713,0.0533127983570098,0.1066475113391876,John Ralston,John Ralston,79.67914438502673,Offensive,1,0
DEN,1973,0.5714,0.5321733,0.5167298,0.0546702279090881,0.015443504,0.0392267240524292,0.0546702279090881,John Ralston,John Ralston,63.51752822341058,Offensive,1,0
DEN,1974,0.5357,0.5675681,0.55312705,-0.0174270503997803,0.014441073,-0.0318681233406067,-0.0174270503997803,John Ralston,John Ralston,38.97801544860368,Offensive,1,0
RAI,2021,0.5882,0.5318313,0.46164966,0.1265503437042235,0.07018167,0.0563686758995055,0.1265503437042235,Jon Gruden,Jon Gruden / Rich Bisaccia,84.49197860962568,Offensive,3,0
TAM,2005,0.6875,0.6309734,0.60165215,0.0858478546142578,0.029321253,0.0565266013145446,0.0858478546142578,Jon Gruden,Jon Gruden,73.91562685680333,Offensive,3,0
TAM,2002,0.75,0.7093179,0.7044058,0.0455942153930664,0.004912138,0.0406820774078369,0.0455942153930664,Jon Gruden,Jon Gruden,61.20023767082591,Offensive,3,0
RAI,2020,0.5,0.49836674,0.4561558,0.0438441932201385,0.042210937,0.0016332566738128,0.0438441932201385,Jon Gruden,Jon Gruden,60.30897207367796,Offensive,3,0
RAI,2000,0.75,0.7550085,0.71604484,0.0339551568031311,0.038963675,-0.0050085186958312,0.0339551568031311,Jon Gruden,Jon Gruden,56.74390968508616,Offensive,3,0
RAI,2019,0.4375,0.44386318,0.43811744,-0.0006174445152282,0.0057457387,-0.0063631832599639,-0.0006174445152282,Jon Gruden,Jon Gruden,45.513963161021984,Offensive,3,0
TAM,2006,0.25,0.2805826,0.25994354,-0.0099435448646545,0.020639062,-0.0305826067924499,-0.0099435448646545,Jon Gruden,Jon Gruden,42.1865715983363,Offensive,3,0
TAM,2008,0.5625,0.5711316,0.5851259,-0.0226259231567382,-0.013994336,-0.0086315870285034,-0.0226259231567382,Jon Gruden,Jon Gruden,37.61140819964349,Offensive,3,0
RAI,1998,0.5,0.49092013,0.5240848,-0.0240848064422607,-0.03316468,0.0090798735618591,-0.0240848064422607,Jon Gruden,Jon Gruden,37.136066547831255,Offensive,3,0
RAI,2001,0.625,0.63044643,0.6512385,-0.0262385010719299,-0.020792067,-0.005446434020996,-0.0262385010719299,Jon Gruden,Jon Gruden,36.185383244206776,Offensive,3,0
RAI,1999,0.5,0.55575144,0.58903855,-0.0890385508537292,-0.033287108,-0.0557514429092407,-0.0890385508537292,Jon Gruden,Jon Gruden,18.538324420677363,Offensive,3,0
TAM,2007,0.5625,0.5657039,0.65419567,-0.0916956663131713,-0.08849174,-0.0032039284706115,-0.0916956663131713,Jon Gruden,Jon Gruden,18.062982768865123,Offensive,3,0
TAM,2003,0.4375,0.5241225,0.5835982,-0.1460981965065002,-0.05947572,-0.0866224765777587,-0.1460981965065002,Jon Gruden,Jon Gruden,7.724301841948901,Offensive,3,0
RAI,2018,0.25,0.38307142,0.40175244,-0.1517524421215057,-0.01868102,-0.1330714225769043,-0.1517524421215057,Jon Gruden,Jon Gruden,6.951871657754011,Offensive,3,0
TAM,2004,0.3125,0.43813765,0.48691478,-0.1744147837162017,-0.048777133,-0.1256376504898071,-0.1744147837162017,Jon Gruden,Jon Gruden,5.05050505050505,Offensive,3,0
CRD,2024,0.4706,0.43064696,0.3786346,0.0919653981685638,0.052012354,0.0399530440330505,0.0919653981685638,Jonathan Gannon,Jonathan Gannon,76.17349970291146,Defensive,0,2
CRD,2023,0.2353,0.26608393,0.25947493,-0.0241749331474304,0.006608993,-0.0307839259624481,-0.0241749331474304,Jonathan Gannon,Jonathan Gannon,37.0172311348782,Defensive,0,2
RAI,2023,0.4706,0.40802234,0.44070798,0.0298920184135437,-0.032685637,0.0625776558876037,0.0298920184135437,Josh McDaniels,Antonio Pierce / Josh McDaniels,55.49613784907904,Offensive,15,0
RAI,2022,0.3529,0.37033874,0.36700732,-0.014107315158844,0.0033314228,-0.0174387379646301,-0.014107315158844,Josh McDaniels,Josh McDaniels,40.819964349376114,Offensive,15,0
DEN,2009,0.5,0.5234805,0.6263979,-0.1263979077339172,-0.10291743,-0.023480474948883,-0.1263979077339172,Josh McDaniels,Josh McDaniels,10.6951871657754,Offensive,15,0
DEN,2010,0.25,0.42731556,0.4071445,-0.1571444869041443,0.020171076,-0.1773155629634857,-0.1571444869041443,Josh McDaniels,Eric Studesville / Josh McDaniels,6.535947712418301,Offensive,15,0
ATL,1995,0.5625,0.5489459,0.64189756,-0.0793975591659545,-0.092951655,0.0135540962219238,-0.0793975591659545,June Jones,June Jones,20.974450386215093,Offensive,7,0
ATL,1994,0.4375,0.4809909,0.57490915,-0.1374091506004333,-0.093918264,-0.0434908866882324,-0.1374091506004333,June Jones,June Jones,9.03149138443256,Offensive,7,0
ATL,1996,0.1875,0.23862423,0.3589177,-0.1714177131652832,-0.12029348,-0.0511242300271987,-0.1714177131652832,June Jones,June Jones,5.466428995840761,Offensive,7,0
BUF,1983,0.5,0.49267906,0.49010673,0.0098932683467864,0.0025723279,0.0073209404945373,0.0098932683467864,Kay Stephenson,Kay Stephenson,49.19786096256685,Offensive,1,0
BUF,1985,0.125,0.22199948,0.24681279,-0.1218127906322479,-0.02481331,-0.0969994813203811,-0.1218127906322479,Kay Stephenson,Hank Bullough / Kay Stephenson,11.17052881758764,Offensive,1,0
BUF,1984,0.125,0.3329017,0.3379814,-0.2129814028739929,-0.0050797164,-0.2079016864299774,-0.2129814028739929,Kay Stephenson,Kay Stephenson,2.7926322043969103,Offensive,1,0
SFO,1977,0.3571,0.38513604,0.46222895,-0.1051289538383484,-0.077092916,-0.0280360380649566,-0.1051289538383484,Ken Meyer,Ken Meyer,15.151515151515152,Offensive,9,0
CRD,2007,0.5,0.38106397,0.37674972,0.123250275850296,0.004314244,0.1189360320568084,0.123250275850296,Ken Whisenhunt,Ken Whisenhunt,83.60071301247773,Offensive,8,0
CRD,2011,0.5,0.4366408,0.4481651,0.0518349111080169,-0.01152429,0.0633592009544372,0.0518349111080169,Ken Whisenhunt,Ken Whisenhunt,62.86393345216874,Offensive,8,0
CRD,2008,0.5625,0.56223345,0.5686612,-0.0061612129211425,-0.006427765,0.0002665519714355,-0.0061612129211425,Ken Whisenhunt,Ken Whisenhunt,43.55317884729649,Offensive,8,0
CRD,2009,0.625,0.6584427,0.65658617,-0.0315861701965332,0.0018565059,-0.0334426760673522,-0.0315861701965332,Ken Whisenhunt,Ken Whisenhunt,34.58110516934047,Offensive,8,0
CRD,2012,0.3125,0.36236337,0.3778468,-0.0653468072414398,-0.015483439,-0.0498633682727813,-0.0653468072414398,Ken Whisenhunt,Ken Whisenhunt,24.361259655377303,Offensive,8,0
CRD,2010,0.3125,0.36708862,0.3780759,-0.065575897693634,-0.010987282,-0.0545886158943176,-0.065575897693634,Ken Whisenhunt,Ken Whisenhunt,24.301841948900773,Offensive,8,0
OTI,2015,0.1875,0.2384455,0.2845318,-0.0970318019390106,-0.046086296,-0.0509455054998397,-0.0970318019390106,Ken Whisenhunt,Ken Whisenhunt / Mike Mularkey,17.052881758764112,Offensive,8,0
OTI,2014,0.125,0.19230446,0.23336013,-0.1083601266145706,-0.041055664,-0.0673044621944427,-0.1083601266145706,Ken Whisenhunt,Ken Whisenhunt,14.260249554367205,Offensive,8,0
SDG,1997,0.25,0.30977765,0.23875791,0.0112420916557312,0.07101974,-0.0597776472568511,0.0112420916557312,Kevin Gilbride,Kevin Gilbride,49.79203802733215,Offensive,20,2
SDG,1998,0.3125,0.39302436,0.42733186,-0.1148318648338317,-0.03430751,-0.0805243551731109,-0.1148318648338317,Kevin Gilbride,June Jones / Kevin Gilbride,12.537136066547832,Offensive,20,2
MIN,2022,0.7647,0.6922586,0.59211564,0.1725843593597412,0.100142956,0.0724414035797119,0.1725843593597412,Kevin O'Connell,Kevin O'Connell,92.33511586452762,Offensive,3,0
MIN,2024,0.8235,0.74165434,0.67276305,0.1507369503974914,0.06889129,0.0818456635475158,0.1507369503974914,Kevin O'Connell,Kevin O'Connell,89.48306595365419,Offensive,3,0
MIN,2023,0.4118,0.36810124,0.29206553,0.1197344689846038,0.07603571,0.0436987607955932,0.1197344689846038,Kevin O'Connell,Kevin O'Connell,82.7688651218063,Offensive,3,0
CLE,2023,0.6471,0.51072884,0.40137848,0.245721517419815,0.10935035,0.1363711639404297,0.245721517419815,Kevin Stefanski,Kevin Stefanski,98.33630421865716,Offensive,1,0
CLE,2020,0.6875,0.6221898,0.5530505,0.1344494819641113,0.0691393,0.0653101801872253,0.1344494819641113,Kevin Stefanski,Kevin Stefanski,86.09625668449198,Offensive,1,0
CLE,2021,0.4706,0.41746676,0.36836398,0.1022360235214233,0.049102783,0.0531332403182983,0.1022360235214233,Kevin Stefanski,Kevin Stefanski,78.90671420083186,Offensive,1,0
CLE,2022,0.4118,0.4254491,0.40613925,0.0056607454299926,0.019309849,-0.0136491031169891,0.0056607454299926,Kevin Stefanski,Kevin Stefanski,47.474747474747474,Offensive,1,0
CLE,2024,0.1765,0.2430824,0.18861498,-0.0121149793863296,0.054467425,-0.0665824041366577,-0.0121149793863296,Kevin Stefanski,Kevin Stefanski,41.711229946524064,Offensive,1,0
CRD,2020,0.5,0.36048737,0.37420344,0.1257965564727783,-0.013716072,0.1395126283168792,0.1257965564727783,Kliff Kingsbury,Kliff Kingsbury,84.25430778371955,Offensive,5,0
CRD,2021,0.6471,0.6538646,0.59548014,0.0516198559761047,0.058384478,-0.0067646221160888,0.0516198559761047,Kliff Kingsbury,Kliff Kingsbury,62.80451574569221,Offensive,5,0
CRD,2019,0.3438,0.39003962,0.34766018,-0.0038601839065551,0.04237944,-0.0462396227836608,-0.0038601839065551,Kliff Kingsbury,Kliff Kingsbury,44.50386215092097,Offensive,5,0
CRD,2022,0.2353,0.41009682,0.3315629,-0.0962629065036773,0.07853392,-0.1747968241691589,-0.0962629065036773,Kliff Kingsbury,Kliff Kingsbury,17.17171717171717,Offensive,5,0
SFO,2019,0.8125,0.62378097,0.56606615,0.2464338541030883,0.05771482,0.1887190341949463,0.2464338541030883,Kyle Shanahan,Kyle Shanahan,98.3957219251337,Offensive,9,0
SFO,2021,0.5882,0.4950389,0.43490136,0.1532986433029174,0.06013754,0.0931611032009124,0.1532986433029174,Kyle Shanahan,Kyle Shanahan,89.83957219251337,Offensive,9,0
SFO,2017,0.375,0.28693825,0.26419595,0.1108040511608123,0.022742301,0.0880617499351501,0.1108040511608123,Kyle Shanahan,Kyle Shanahan,80.86749851455734,Offensive,9,0
SFO,2020,0.375,0.31908262,0.26606905,0.1089309453964233,0.053013563,0.0559173822402954,0.1089309453964233,Kyle Shanahan,Kyle Shanahan,80.62982768865122,Offensive,9,0
SFO,2022,0.7647,0.7561263,0.7065532,0.0581467792510986,0.049573064,0.0085737154006958,0.0581467792510986,Kyle Shanahan,Kyle Shanahan,64.58704693998811,Offensive,9,0
SFO,2018,0.25,0.23465455,0.21327613,0.0367238670587539,0.021378413,0.0153454542160034,0.0367238670587539,Kyle Shanahan,Kyle Shanahan,57.45692216280452,Offensive,9,0
SFO,2023,0.7059,0.731271,0.68713176,0.0187682374954223,0.044139266,-0.0253710285186767,0.0187682374954223,Kyle Shanahan,Kyle Shanahan,52.04991087344028,Offensive,9,0
SFO,2024,0.3529,0.36815426,0.33696377,0.0159362272262573,0.031190485,-0.0152542575359344,0.0159362272262573,Kyle Shanahan,Kyle Shanahan,51.09922756981581,Offensive,9,0
RAI,2007,0.25,0.33085415,0.29041928,-0.0404192805290222,0.040434867,-0.0808541476726532,-0.0404192805290222,Lane Kiffin,Lane Kiffin,32.144979203802734,Offensive,5,0
RAI,2008,0.3125,0.42599455,0.46062836,-0.1481283605098724,-0.034633815,-0.1134945452213287,-0.1481283605098724,Lane Kiffin,Lane Kiffin / Tom Cable,7.308377896613191,Offensive,5,0
ATL,1982,0.5556,0.52720255,0.4351348,0.1204652017116546,0.09206775,0.0283974534034728,0.1204652017116546,Leeman Bennett,Leeman Bennett,82.94711824123588,Offensive,1,0
ATL,1980,0.75,0.6611718,0.6729164,0.0770835876464843,-0.011744618,0.0888282060623169,0.0770835876464843,Leeman Bennett,Leeman Bennett,71.00415923945336,Offensive,1,0
ATL,1978,0.5625,0.48677495,0.49406937,0.0684306323528289,-0.0072944164,0.0757250487804412,0.0684306323528289,Leeman Bennett,Leeman Bennett,68.03327391562686,Offensive,1,0
ATL,1981,0.4375,0.48699883,0.47692797,-0.0394279658794403,0.01007086,-0.049498826265335,-0.0394279658794403,Leeman Bennett,Leeman Bennett,32.50148544266192,Offensive,1,0
ATL,1979,0.375,0.4218065,0.4864611,-0.1114611029624939,-0.06465459,-0.046806514263153,-0.1114611029624939,Leeman Bennett,Leeman Bennett,13.25014854426619,Offensive,1,0
ATL,1977,0.5,0.57531875,0.62341195,-0.1234119534492492,-0.0480932,-0.0753187537193298,-0.1234119534492492,Leeman Bennett,Leeman Bennett,10.992275698158052,Offensive,1,0
TAM,1986,0.125,0.2002933,0.28736544,-0.162365436553955,-0.087072134,-0.0752933025360107,-0.162365436553955,Leeman Bennett,Leeman Bennett,6.0606060606060606,Offensive,1,0
TAM,1985,0.125,0.26252356,0.32732856,-0.2023285627365112,-0.064805,-0.1375235617160797,-0.2023285627365112,Leeman Bennett,Leeman Bennett,3.3868092691622103,Offensive,1,0
MIN,1984,0.1875,0.17567728,0.19711372,-0.0096137225627899,-0.021436438,0.0118227154016494,-0.0096137225627899,Les Steckel,Les Steckel,42.30540701128936,Offensive,5,0
MIN,2012,0.625,0.53098387,0.53547865,0.0895213484764099,-0.0044947863,0.0940161347389221,0.0895213484764099,Leslie Frazier,Leslie Frazier,75.16339869281046,Defensive,0,8
MIN,2013,0.3438,0.41801238,0.4205348,-0.0767347895622253,-0.002522409,-0.0742123805999755,-0.0767347895622253,Leslie Frazier,Leslie Frazier,21.5686274509804,Defensive,0,8
MIN,2011,0.1875,0.3025011,0.36190608,-0.1744060814380645,-0.05940497,-0.1150011122226715,-0.1744060814380645,Leslie Frazier,Leslie Frazier,5.109922756981581,Defensive,0,8
CLT,1996,0.5625,0.50063384,0.48507604,0.0774239599704742,0.015557796,0.0618661642074584,0.0774239599704742,Lindy Infante,Lindy Infante,71.24183006535948,Offensive,10,0
GNB,1988,0.25,0.27053297,0.28385636,-0.0338563621044158,-0.013323396,-0.0205329656600952,-0.0338563621044158,Lindy Infante,Lindy Infante,33.92751039809863,Offensive,10,0
GNB,1989,0.625,0.62345135,0.6839022,-0.0589022040367126,-0.060450852,0.0015486478805541,-0.0589022040367126,Lindy Infante,Lindy Infante,26.08437314319667,Offensive,10,0
GNB,1990,0.375,0.4118631,0.4506641,-0.0756641030311584,-0.038801014,-0.036863088607788,-0.0756641030311584,Lindy Infante,Lindy Infante,21.92513368983957,Offensive,10,0
CLT,1997,0.1875,0.21785663,0.27747175,-0.0899717509746551,-0.05961512,-0.0303566306829452,-0.0899717509746551,Lindy Infante,Lindy Infante,18.4194890077243,Offensive,10,0
GNB,1991,0.25,0.32123235,0.3595495,-0.1095494925975799,-0.038317144,-0.0712323486804962,-0.1095494925975799,Lindy Infante,Lindy Infante,13.78490790255496,Offensive,10,0
NYJ,1976,0.2143,0.09380874,0.16673581,0.0475641869783401,-0.07292707,0.1204912596225738,0.0475641869783401,Lou Holtz,Lou Holtz / Mike Holovak,62.00237670825906,Other,0,0
BUF,1973,0.6429,0.48362407,0.49576655,0.1471334496974945,-0.012142479,0.1592759291172027,0.1471334496974945,Lou Saban,Lou Saban,88.5323826500297,Other,0,0
BUF,1974,0.6429,0.55650973,0.524863,0.1180369953155517,0.03164673,0.0863902667999267,0.1180369953155517,Lou Saban,Lou Saban,82.53119429590018,Other,0,0
DEN,1970,0.3929,0.3897111,0.30852273,0.0843772689342499,0.08118838,0.0031888882160187,0.0843772689342499,Lou Saban,Lou Saban,73.49970291146761,Other,0,0
BUF,1975,0.5714,0.6117572,0.5874776,-0.0160776244163513,0.024279594,-0.040357218837738,-0.0160776244163513,Lou Saban,Lou Saban,39.928698752228165,Other,0,0
DEN,1971,0.3214,0.37897334,0.3616907,-0.0402907000541686,0.017282635,-0.0575733350276946,-0.0402907000541686,Lou Saban,Jerry Smith / Lou Saban,32.263814616755795,Other,0,0
BUF,1972,0.3214,0.36385673,0.46611142,-0.144711421585083,-0.10225469,-0.0424567328453063,-0.144711421585083,Lou Saban,Lou Saban,7.902554961378491,Other,0,0
BUF,1976,0.1429,0.2678062,0.29089862,-0.1479986210823059,-0.023092419,-0.124906202173233,-0.1479986210823059,Lou Saban,Jim Ringo / Lou Saban,7.36779560308972,Other,0,0
CHI,2014,0.3125,0.3103118,0.30753356,0.0049664378166198,0.002778232,0.0021882057189941,0.0049664378166198,Marc Trestman,Marc Trestman,47.29649435531789,Offensive,12,0
CHI,2013,0.5,0.53962314,0.5673003,-0.0673003196716308,-0.027677178,-0.0396231412887573,-0.0673003196716308,Marc Trestman,Marc Trestman,23.767082590612,Offensive,12,0
DET,2002,0.1875,0.20797576,0.30929834,-0.1217983365058898,-0.10132258,-0.020475760102272,-0.1217983365058898,Marty Mornhinweg,Marty Mornhinweg,11.229946524064172,Offensive,12,0
DET,2001,0.125,0.258759,0.41519696,-0.29019695520401,-0.15643796,-0.1337589919567108,-0.29019695520401,Marty Mornhinweg,Marty Mornhinweg,0.41592394533571,Offensive,12,0
BUF,1993,0.75,0.6559768,0.59583485,0.1541651487350464,0.06014192,0.0940232276916503,0.1541651487350464,Marv Levy,Marv Levy,90.07724301841948,Other,0,0
BUF,1990,0.8125,0.7233978,0.664834,0.1476659774780273,0.05856377,0.0891022086143493,0.1476659774780273,Marv Levy,Marv Levy,88.82947118241236,Other,0,0
BUF,1996,0.625,0.5431583,0.49645117,0.1285488307476043,0.046707124,0.0818417072296142,0.1285488307476043,Marv Levy,Marv Levy,84.84848484848484,Other,0,0
BUF,1988,0.75,0.6542766,0.63564014,0.1143598556518554,0.018636465,0.0957233905792236,0.1143598556518554,Marv Levy,Marv Levy,81.69934640522875,Other,0,0
BUF,1991,0.8125,0.7872955,0.70883864,0.1036613583564758,0.07845688,0.0252044796943664,0.1036613583564758,Marv Levy,Marv Levy,79.08496732026144,Other,0,0
BUF,1987,0.4667,0.42408264,0.36990637,0.0967936341285705,0.05417627,0.042617363166809,0.0967936341285705,Marv Levy,Marv Levy,77.18360071301248,Other,0,0
BUF,1995,0.625,0.5931847,0.5531202,0.0718798041343689,0.040064514,0.0318152904510498,0.0718798041343689,Marv Levy,Marv Levy,69.39988116458706,Other,0,0
BUF,1997,0.375,0.3660113,0.3500758,0.0249241888523101,0.01593548,0.0089887082576751,0.0249241888523101,Marv Levy,Marv Levy,53.95127748068924,Other,0,0
BUF,1992,0.6875,0.7135008,0.67764294,0.0098570585250854,0.035857856,-0.0260007977485656,0.0098570585250854,Marv Levy,Marv Levy,49.07902554961379,Other,0,0
KAN,1981,0.5625,0.53521705,0.5538019,0.0086981058120727,-0.018584847,0.0272829532623291,0.0086981058120727,Marv Levy,Marv Levy,48.603683897801545,Other,0,0
KAN,1979,0.4375,0.4017313,0.4332279,0.0042721033096313,-0.031496584,0.0357686877250671,0.0042721033096313,Marv Levy,Marv Levy,46.9399881164587,Other,0,0
KAN,1980,0.5,0.51062185,0.53476787,-0.0347678661346435,-0.02414602,-0.0106218457221984,-0.0347678661346435,Marv Levy,Marv Levy,33.74925727866904,Other,0,0
BUF,1989,0.5625,0.5806536,0.6111272,-0.0486271977424621,-0.03047359,-0.0181536078453063,-0.0486271977424621,Marv Levy,Marv Levy,29.35234699940582,Other,0,0
BUF,1994,0.4375,0.51338345,0.51126015,-0.0737601518630981,0.0021232963,-0.0758834481239318,-0.0737601518630981,Marv Levy,Marv Levy,22.34105763517528,Other,0,0
KAN,1982,0.3333,0.39131704,0.41103783,-0.0777378324985504,-0.019720793,-0.0580170397281646,-0.0777378324985504,Marv Levy,Marv Levy,21.27153891859774,Other,0,0
KAN,1978,0.25,0.31873128,0.51569957,-0.265699565410614,-0.19696829,-0.068731278181076,-0.265699565410614,Marv Levy,Marv Levy,0.8912655971479502,Other,0,0
CHI,2023,0.4118,0.44916674,0.52692336,-0.1151233584403991,-0.07775661,-0.0373667449474334,-0.1151233584403991,Matt Eberflus,Matt Eberflus,12.4777183600713,Defensive,0,13
CHI,2022,0.1765,0.29908988,0.30737406,-0.1308740601539612,-0.008284181,-0.1225898787975311,-0.1308740601539612,Matt Eberflus,Matt Eberflus,9.68508615567439,Defensive,0,13
CHI,2024,0.2941,0.44708562,0.59984887,-0.3057488664627075,-0.15276325,-0.1529856189727783,-0.3057488664627075,Matt Eberflus,Matt Eberflus / Thomas Brown,0.23767082590612,Defensive,0,13
GNB,2020,0.8125,0.75981146,0.6630248,0.1494752168655395,0.09678668,0.0526885390281677,0.1494752168655395,Matt LaFleur,Matt LaFleur,89.24539512774807,Offensive,3,0
GNB,2024,0.6471,0.61687255,0.52003807,0.1270619317054748,0.09683448,0.0302274509429931,0.1270619317054748,Matt LaFleur,Matt LaFleur,84.5513963161022,Offensive,3,0
GNB,2023,0.5294,0.49814773,0.4133868,0.1160132080554962,0.084760934,0.03125227394104,0.1160132080554962,Matt LaFleur,Matt LaFleur,82.11527035056447,Offensive,3,0
GNB,2019,0.8125,0.79269946,0.7048557,0.1076443195343017,0.087843776,0.0198005437850952,0.1076443195343017,Matt LaFleur,Matt LaFleur,80.15448603683897,Offensive,3,0
GNB,2021,0.7647,0.76120144,0.7271078,0.03759217710495,0.03409362,0.0034985587120056,0.03759217710495,Matt LaFleur,Matt LaFleur,57.87284610814023,Offensive,3,0
GNB,2022,0.4706,0.6426854,0.6075047,-0.1369047254562377,0.035180688,-0.1720854133605956,-0.1369047254562377,Matt LaFleur,Matt LaFleur,9.090909090909092,Offensive,3,0
CHI,2018,0.75,0.7071419,0.6360853,0.1139147281646728,0.071056604,0.0428581237792968,0.1139147281646728,Matt Nagy,Matt Nagy,81.52109328579917,Offensive,4,0
CHI,2020,0.5,0.44210467,0.41379693,0.0862030684947967,0.028307736,0.0578953325748443,0.0862030684947967,Matt Nagy,Matt Nagy,74.09387997623291,Offensive,4,0
CHI,2021,0.3529,0.33015984,0.28725547,0.0656445340156555,0.042904377,0.0227401570320129,0.0656445340156555,Matt Nagy,Matt Nagy,66.90433749257278,Offensive,4,0
CHI,2019,0.5,0.5436934,0.51385856,-0.0138585567474365,0.029834867,-0.0436934232711792,-0.0138585567474365,Matt Nagy,Matt Nagy,40.938799762329175,Offensive,4,0
DET,2018,0.375,0.3697386,0.33814475,0.0368552505970001,0.03159386,0.0052613914012908,0.0368552505970001,Matt Patricia,Matt Patricia,57.57575757575758,Defensive,0,7
DET,2019,0.2188,0.20436983,0.2190711,-0.0002711051225662,-0.014701277,0.0144301718950271,-0.0002711051225662,Matt Patricia,Matt Patricia,45.692216280451575,Defensive,0,7
DET,2020,0.3125,0.3403387,0.32832056,-0.015820562839508,0.012018144,-0.0278387069702148,-0.015820562839508,Matt Patricia,Darrell Bevell / Matt Patricia,40.047534165181226,Defensive,0,7
CAR,2021,0.2941,0.24822494,0.24324948,0.0508505240440368,0.004975468,0.0458750561237334,0.0508505240440368,Matt Rhule,Matt Rhule,62.68568033273916,Offensive,4,0
CAR,2020,0.3125,0.31316173,0.26789674,0.0446032583713531,0.04526499,-0.0006617307662963,0.0446032583713531,Matt Rhule,Matt Rhule,60.90314913844325,Offensive,4,0
CAR,2022,0.4118,0.3686178,0.37991217,0.0318878322124481,-0.011294365,0.0431821971416473,0.0318878322124481,Matt Rhule,Matt Rhule / Steve Wilks,56.09031491384433,Offensive,4,0
CHI,1987,0.7333,0.4784762,0.32018858,0.413111418056488,0.15828761,0.2548238034725189,0.413111418056488,Mike Ditka,Mike Ditka,99.94058229352348,Other,0,0
CHI,1986,0.875,0.7612978,0.65504277,0.2199572324752807,0.106255054,0.1137021780014038,0.2199572324752807,Mike Ditka,Mike Ditka,96.91027926322045,Other,0,0
CHI,1985,0.9375,0.8368304,0.73140574,0.2060942649841308,0.10542464,0.1006696224212646,0.2060942649841308,Mike Ditka,Mike Ditka,95.8407605466429,Other,0,0
CHI,1988,0.75,0.69648457,0.61213255,0.1378674507141113,0.08435202,0.0535154342651367,0.1378674507141113,Mike Ditka,Mike Ditka,86.98752228163993,Other,0,0
NOR,1997,0.375,0.34168118,0.2834714,0.0915285944938659,0.058209777,0.033318817615509,0.0915285944938659,Mike Ditka,Mike Ditka,75.93582887700535,Other,0,0
CHI,1984,0.625,0.6174934,0.56742626,0.0575737357139587,0.050067127,0.0075066089630126,0.0575737357139587,Mike Ditka,Mike Ditka,64.349376114082,Other,0,0
NOR,1998,0.375,0.36377665,0.32781196,0.0471880435943603,0.035964698,0.0112233459949493,0.0471880435943603,Mike Ditka,Mike Ditka,61.79441473559121,Other,0,0
CHI,1991,0.6875,0.7159572,0.6557497,0.0317503213882446,0.060207546,-0.028457224369049,0.0317503213882446,Mike Ditka,Mike Ditka,56.030897207367794,Other,0,0
CHI,1990,0.6875,0.71820307,0.7098505,-0.0223504900932312,0.008352578,-0.030703067779541,-0.0223504900932312,Mike Ditka,Mike Ditka,37.73024361259655,Other,0,0
CHI,1982,0.3333,0.37340716,0.38041607,-0.047116065454483,-0.00700891,-0.0401071552753448,-0.047116065454483,Mike Ditka,Mike Ditka,30.184194890077244,Other,0,0
CHI,1983,0.5,0.53563315,0.5693816,-0.0693815946578979,-0.033748448,-0.0356331467628479,-0.0693815946578979,Mike Ditka,Mike Ditka,23.351158645276293,Other,0,0
CHI,1992,0.3125,0.39877537,0.3967309,-0.084230899810791,0.0020444691,-0.0862753689289093,-0.084230899810791,Mike Ditka,Mike Ditka,19.78609625668449,Other,0,0
NOR,1999,0.1875,0.25596818,0.29095584,-0.1034558415412902,-0.03498766,-0.0684681832790374,-0.1034558415412902,Mike Ditka,Mike Ditka,15.62685680332739,Other,0,0
CHI,1989,0.375,0.5060383,0.47867674,-0.1036767363548278,0.027361572,-0.1310383081436157,-0.1036767363548278,Mike Ditka,Mike Ditka,15.508021390374331,Other,0,0
GNB,1995,0.6875,0.5196893,0.43491024,0.2525897622108459,0.084779084,0.1678106784820556,0.2525897622108459,Mike Holmgren,Mike Holmgren,98.69281045751634,Offensive,8,0
GNB,1998,0.6875,0.49813503,0.47504392,0.212456077337265,0.023091108,0.1893649697303772,0.212456077337265,Mike Holmgren,Mike Holmgren,96.37551990493168,Offensive,8,0
SEA,2005,0.8125,0.66595256,0.63161874,0.1808812618255615,0.034333825,0.1465474367141723,0.1808812618255615,Mike Holmgren,Mike Holmgren,93.34521687462863,Offensive,8,0
GNB,1997,0.8125,0.7140489,0.6364401,0.1760599017143249,0.077608824,0.0984510779380798,0.1760599017143249,Mike Holmgren,Mike Holmgren,92.8698752228164,Offensive,8,0
SEA,2006,0.5625,0.42109367,0.386867,0.1756330132484436,0.034226686,0.1414063274860382,0.1756330132484436,Mike Holmgren,Mike Holmgren,92.6916221033868,Offensive,8,0
GNB,1992,0.5625,0.4424068,0.42813522,0.1343647837638855,0.014271587,0.1200931966304779,0.1343647837638855,Mike Holmgren,Mike Holmgren,86.03683897801545,Offensive,8,0
GNB,1996,0.8125,0.79580915,0.679654,0.1328459978103637,0.11615515,0.0166908502578735,0.1328459978103637,Mike Holmgren,Mike Holmgren,85.68033273915627,Offensive,8,0
SEA,2001,0.5625,0.51263154,0.44017956,0.1223204433917999,0.07245198,0.0498684644699096,0.1223204433917999,Mike Holmgren,Mike Holmgren,83.42245989304813,Offensive,8,0
SEA,2003,0.625,0.5538659,0.5351767,0.089823305606842,0.018689215,0.0711340904235839,0.089823305606842,Mike Holmgren,Mike Holmgren,75.40106951871658,Offensive,8,0
GNB,1993,0.5625,0.49746153,0.4852702,0.0772297978401184,0.012191325,0.0650384724140167,0.0772297978401184,Mike Holmgren,Mike Holmgren,71.12299465240642,Offensive,8,0
SEA,2000,0.375,0.39959955,0.32263234,0.0523676574230194,0.07696721,-0.024599552154541,0.0523676574230194,Mike Holmgren,Mike Holmgren,62.982768865121805,Offensive,8,0
SEA,2004,0.5625,0.5996126,0.5653918,-0.0028917789459228,0.034220815,-0.0371125936508178,-0.0028917789459228,Mike Holmgren,Mike Holmgren,44.682115270350565,Offensive,8,0
SEA,2002,0.4375,0.52193815,0.4798977,-0.0423977077007293,0.042040437,-0.084438145160675,-0.0423977077007293,Mike Holmgren,Mike Holmgren,31.37254901960784,Offensive,8,0
SEA,1999,0.5625,0.6938643,0.60989845,-0.0473984479904174,0.08396584,-0.1313642859458923,-0.0473984479904174,Mike Holmgren,Mike Holmgren,30.00594177064765,Offensive,8,0
SEA,2007,0.625,0.7050726,0.6775366,-0.0525366067886352,0.027535975,-0.0800725817680358,-0.0525366067886352,Mike Holmgren,Mike Holmgren,27.74806892453952,Offensive,8,0
SEA,2008,0.25,0.328614,0.3247088,-0.0747087895870208,0.003905207,-0.0786139965057373,-0.0747087895870208,Mike Holmgren,Mike Holmgren,22.22222222222222,Offensive,8,0
GNB,1994,0.5625,0.70276284,0.6493177,-0.0868176817893982,0.05344516,-0.1402628421783447,-0.0868176817893982,Mike Holmgren,Mike Holmgren,19.073083778966133,Offensive,8,0
SEA,2024,0.5882,0.52446115,0.49379826,0.0944017440795897,0.030662894,0.0637388498306273,0.0944017440795897,Mike Macdonald,Mike Macdonald,76.70825906120024,Defensive,0,3
RAM,2001,0.875,0.72347903,0.64995253,0.2250474691390991,0.0735265,0.1515209674835205,0.2250474691390991,Mike Martz,Mike Martz,97.32620320855617,Offensive,11,0
RAM,2003,0.75,0.71237665,0.59699434,0.1530056595802307,0.115382314,0.0376233458518981,0.1530056595802307,Mike Martz,Mike Martz,89.72073677956031,Offensive,11,0
RAM,2002,0.4375,0.37848687,0.29217228,0.1453277170658111,0.08631459,0.0590131282806396,0.1453277170658111,Mike Martz,Mike Martz,88.29471182412358,Offensive,11,0
RAM,2004,0.5,0.5064085,0.37601992,0.1239800751209259,0.13038859,-0.0064085125923156,0.1239800751209259,Mike Martz,Mike Martz,83.71954842543077,Offensive,11,0
RAM,2005,0.375,0.37133893,0.2869355,0.0880644917488098,0.084403425,0.0036610662937164,0.0880644917488098,Mike Martz,Joe Vitt / Mike Martz,74.80689245395128,Offensive,11,0
RAM,2000,0.625,0.62065625,0.548822,0.0761780142784118,0.071834266,0.0043437480926513,0.0761780142784118,Mike Martz,Mike Martz,70.8853238265003,Offensive,11,0
DAL,2022,0.7059,0.47928005,0.48329747,0.2226025327682494,-0.0040174127,0.2266199454307556,0.2226025327682494,Mike McCarthy,Mike McCarthy,97.08853238265004,Offensive,6,0
GNB,2011,0.9375,0.7829465,0.7370214,0.2004786133766174,0.04592514,0.154553472995758,0.2004786133766174,Mike McCarthy,Mike McCarthy,95.4248366013072,Offensive,6,0
GNB,2017,0.4375,0.28258848,0.26055926,0.1769407391548156,0.022029221,0.1549115180969238,0.1769407391548156,Mike McCarthy,Mike McCarthy,92.98871063576944,Offensive,6,0
GNB,2007,0.8125,0.6457614,0.6589085,0.153591513633728,-0.013147116,0.1667386293411255,0.153591513633728,Mike McCarthy,Mike McCarthy,90.01782531194296,Offensive,6,0
GNB,2013,0.5312,0.4554943,0.38479263,0.1464073740959167,0.07070169,0.0757056855678558,0.1464073740959167,Mike McCarthy,Mike McCarthy,88.47296494355318,Offensive,6,0
DAL,2020,0.375,0.26902178,0.25290194,0.1220980584621429,0.016119838,0.1059782207012176,0.1220980584621429,Mike McCarthy,Mike McCarthy,83.3630421865716,Offensive,6,0
DAL,2024,0.4118,0.32613084,0.29436544,0.1174345641613006,0.0317654,0.0856691627979278,0.1174345641613006,Mike McCarthy,Mike McCarthy,82.29352346999406,Offensive,6,0
GNB,2006,0.5,0.4209205,0.43376508,0.0662349164485931,-0.012844592,0.0790795087814331,0.0662349164485931,Mike McCarthy,Mike McCarthy,67.20142602495544,Offensive,6,0
DAL,2021,0.7059,0.6886886,0.65920633,0.0466936692237853,0.029482245,0.0172114237785339,0.0466936692237853,Mike McCarthy,Mike McCarthy,61.61616161616161,Offensive,6,0
DAL,2023,0.7059,0.6715335,0.66138726,0.0445127352714538,0.01014626,0.0343664750099181,0.0445127352714538,Mike McCarthy,Mike McCarthy,60.84373143196673,Offensive,6,0
GNB,2014,0.75,0.7499726,0.71939206,0.0306079387664794,0.03058052,2.7418136596679688e-05,0.0306079387664794,Mike McCarthy,Mike McCarthy,55.73380867498514,Offensive,6,0
GNB,2012,0.6875,0.71459746,0.68007326,0.0074267387390136,0.034524202,-0.027097463607788,0.0074267387390136,Mike McCarthy,Mike McCarthy,48.24717765894236,Offensive,6,0
GNB,2010,0.625,0.67380166,0.6225567,0.0024433135986328,0.051244974,-0.0488016605377197,0.0024433135986328,Mike McCarthy,Mike McCarthy,46.524064171122994,Offensive,6,0
GNB,2016,0.625,0.65860957,0.62688893,-0.0018889307975769,0.03172064,-0.0336095690727233,-0.0018889307975769,Mike McCarthy,Mike McCarthy,45.03862150920974,Offensive,6,0
GNB,2018,0.4062,0.46329615,0.4338169,-0.027616909790039,0.029479235,-0.0570961452007293,-0.027616909790039,Mike McCarthy,Joe Philbin / Mike McCarthy,35.82887700534759,Offensive,6,0
GNB,2015,0.625,0.69282126,0.6529616,-0.0279616117477417,0.039859653,-0.0678212642669677,-0.0279616117477417,Mike McCarthy,Mike McCarthy,35.650623885918,Offensive,6,0
GNB,2009,0.6875,0.73864424,0.74879783,-0.0612978339195251,-0.010153592,-0.0511442422866821,-0.0612978339195251,Mike McCarthy,Mike McCarthy,25.37136066547832,Offensive,6,0
GNB,2008,0.375,0.65292203,0.6365796,-0.2615795731544494,0.016342461,-0.2779220342636108,-0.2615795731544494,Mike McCarthy,Mike McCarthy,1.0101010101010102,Offensive,6,0
PHI,1974,0.5,0.44216174,0.4901143,0.0098856985569,-0.047952563,0.0578382611274719,0.0098856985569,Mike McCormack,Mike McCormack,49.13844325609031,Other,0,0
CLT,1980,0.4375,0.4715298,0.45529768,-0.0177976787090301,0.016232133,-0.0340298116207122,-0.0177976787090301,Mike McCormack,Mike McCormack,38.859180035650624,Other,0,0
PHI,1973,0.3929,0.38703898,0.45089632,-0.0579963227272033,-0.06385735,0.0058610240459442,-0.0579963227272033,Mike McCormack,Mike McCormack,26.3220439691028,Other,0,0
PHI,1975,0.2857,0.3922213,0.5236902,-0.2379902236938476,-0.13146892,-0.1065213017940521,-0.2379902236938476,Mike McCormack,Mike McCormack,2.0202020202020203,Other,0,0
CLT,1981,0.125,0.26848465,0.39314643,-0.2681464254856109,-0.12466177,-0.1434846520423889,-0.2681464254856109,Mike McCormack,Mike McCormack,0.7130124777183601,Other,0,0
SDG,2014,0.5625,0.36384863,0.30400044,0.2584995627403259,0.05984819,0.198651373386383,0.2584995627403259,Mike McCoy,Mike McCoy,98.87106357694591,Offensive,6,0
SDG,2013,0.5625,0.44969827,0.46039662,0.1021033823490142,-0.010698348,0.1128017306327819,0.1021033823490142,Mike McCoy,Mike McCoy,78.84729649435532,Offensive,6,0
SDG,2016,0.3125,0.42554235,0.40753454,-0.0950345396995544,0.018007815,-0.1130423545837402,-0.0950345396995544,Mike McCoy,Mike McCoy,17.231134878193703,Offensive,6,0
SDG,2015,0.25,0.39742818,0.35085166,-0.1008516550064086,0.04657653,-0.1474281847476959,-0.1008516550064086,Mike McCoy,Mike McCoy,16.22103386809269,Offensive,6,0
MIA,2022,0.5294,0.46561754,0.29797125,0.231428751373291,0.16764629,0.0637824625015258,0.231428751373291,Mike McDaniel,Mike McDaniel,97.56387403446227,Offensive,1,0
MIA,2023,0.6471,0.613302,0.5290901,0.1180098935127258,0.084211886,0.0337980075836181,0.1180098935127258,Mike McDaniel,Mike McDaniel,82.47177658942365,Offensive,1,0
MIA,2024,0.4706,0.49134418,0.44119963,0.0294003695011139,0.050144553,-0.0207441836833953,0.0294003695011139,Mike McDaniel,Mike McDaniel,55.377302436125966,Offensive,1,0
OTI,2016,0.5625,0.51360774,0.5495236,0.0129764080047607,-0.03591585,0.0488922595977783,0.0129764080047607,Mike Mularkey,Mike Mularkey,50.38621509209744,Offensive,8,0
BUF,2004,0.5625,0.53719944,0.578687,-0.0161870121955871,-0.041487575,0.0253005623817443,-0.0161870121955871,Mike Mularkey,Mike Mularkey,39.869281045751634,Offensive,8,0
OTI,2017,0.5625,0.5592612,0.5809478,-0.0184478163719177,-0.021686614,0.0032387971878051,-0.0184478163719177,Mike Mularkey,Mike Mularkey,38.6215092097445,Offensive,8,0
BUF,2005,0.3125,0.39436752,0.3853778,-0.0728777945041656,0.008989722,-0.081867516040802,-0.0728777945041656,Mike Mularkey,Mike Mularkey,22.5787284610814,Offensive,8,0
JAX,2012,0.125,0.21303535,0.2269149,-0.1019148975610733,-0.0138795525,-0.0880353450775146,-0.1019148975610733,Mike Mularkey,Mike Mularkey,16.0427807486631,Offensive,8,0
OTI,2011,0.5625,0.53029567,0.56770205,-0.0052020549774169,-0.037406385,0.0322043299674987,-0.0052020549774169,Mike Munchak,Mike Munchak,44.08793820558527,Other,0,0
OTI,2012,0.375,0.3579694,0.38838372,-0.0133837163448333,-0.030414313,0.0170305967330932,-0.0133837163448333,Mike Munchak,Mike Munchak,41.11705288175877,Other,0,0
OTI,2013,0.4375,0.4298142,0.45597336,-0.0184733569622039,-0.026159167,0.0076858103275299,-0.0184733569622039,Mike Munchak,Mike Munchak,38.56209150326798,Other,0,0
SFO,2005,0.25,0.24719599,0.25932205,-0.0093220472335815,-0.012126058,0.002804011106491,-0.0093220472335815,Mike Nolan,Mike Nolan,42.36482471776589,Defensive,0,18
SFO,2007,0.3125,0.32167426,0.3805778,-0.068077802658081,-0.058903545,-0.0091742575168609,-0.068077802658081,Mike Nolan,Mike Nolan,23.648247177658945,Defensive,0,18
SFO,2008,0.4375,0.43012375,0.5091511,-0.0716511011123657,-0.079027355,0.0073762536048889,-0.0716511011123657,Mike Nolan,Mike Nolan / Mike Singletary,22.875816993464053,Defensive,0,18
SFO,2006,0.4375,0.4212254,0.5264949,-0.0889949202537536,-0.10526952,0.0162746012210845,-0.0889949202537536,Mike Nolan,Mike Nolan,18.59774212715389,Defensive,0,18
CLE,2014,0.4375,0.4065984,0.429391,0.0081090033054351,-0.022792608,0.0309016108512878,0.0081090033054351,Mike Pettine,Mike Pettine,48.3065953654189,Defensive,0,8
CLE,2015,0.1875,0.27752417,0.30076373,-0.113263726234436,-0.023239553,-0.0900241732597351,-0.113263726234436,Mike Pettine,Mike Pettine,12.834224598930485,Defensive,0,8
SDG,1999,0.5,0.41116714,0.3873189,0.1126810908317565,0.023848236,0.0888328552246093,0.1126810908317565,Mike Riley,Mike Riley,81.16458704693999,Defensive,1,6
SDG,2000,0.0625,0.21938525,0.28208277,-0.2195827662944793,-0.062697515,-0.1568852514028549,-0.2195827662944793,Mike Riley,Mike Riley,2.4955436720142603,Defensive,1,6
SDG,2001,0.3125,0.45317975,0.5500108,-0.2375108003616333,-0.09683105,-0.1406797468662262,-0.2375108003616333,Mike Riley,Mike Riley,2.0796197266785503,Defensive,1,6
DEN,1998,0.875,0.8113222,0.7018117,0.1731883287429809,0.10951054,0.0636777877807617,0.1731883287429809,Mike Shanahan,Mike Shanahan,92.51336898395722,Offensive,12,0
DEN,2003,0.625,0.50652117,0.49395037,0.131049633026123,0.012570798,0.1184788346290588,0.131049633026123,Mike Shanahan,Mike Shanahan,85.26440879382055,Offensive,12,0
DEN,2004,0.625,0.5970361,0.5326821,0.0923178791999816,0.064354,0.0279638767242431,0.0923178791999816,Mike Shanahan,Mike Shanahan,76.29233511586453,Offensive,12,0
DEN,2002,0.5625,0.53403443,0.4740529,0.088447093963623,0.059981525,0.0284655690193176,0.088447093963623,Mike Shanahan,Mike Shanahan,74.92572786690434,Offensive,12,0
DEN,2005,0.8125,0.7578697,0.7258372,0.0866628289222717,0.03203255,0.0546302795410156,0.0866628289222717,Mike Shanahan,Mike Shanahan,74.21271538918597,Offensive,12,0
RAI,1989,0.5,0.41284755,0.4208096,0.0791904032230377,-0.007962048,0.0871524512767791,0.0791904032230377,Mike Shanahan,Art Shell / Mike Shanahan,72.0736779560309,Offensive,12,0
DEN,1996,0.8125,0.75860655,0.7368834,0.0756165981292724,0.021723151,0.0538934469223022,0.0756165981292724,Mike Shanahan,Mike Shanahan,70.70707070707071,Offensive,12,0
DEN,1997,0.75,0.7675528,0.7109855,0.0390145182609558,0.05656731,-0.0175527930259704,0.0390145182609558,Mike Shanahan,Mike Shanahan,58.34818775995247,Offensive,12,0
DEN,2008,0.5,0.4859912,0.46675876,0.0332412421703338,0.019232452,0.0140087902545928,0.0332412421703338,Mike Shanahan,Mike Shanahan,56.62507427213309,Offensive,12,0
DEN,2000,0.6875,0.6801723,0.655533,0.0319669842720031,0.024639308,0.0073276758193969,0.0319669842720031,Mike Shanahan,Mike Shanahan,56.209150326797385,Offensive,12,0
RAI,1988,0.4375,0.38832065,0.40627623,0.0312237739562988,-0.017955571,0.0491793453693389,0.0312237739562988,Mike Shanahan,Mike Shanahan,55.85264408793821,Offensive,12,0
DEN,2006,0.5625,0.577046,0.54556245,0.0169375538825988,0.03148353,-0.0145459771156311,0.0169375538825988,Mike Shanahan,Mike Shanahan,51.455733808674985,Offensive,12,0
WAS,2010,0.375,0.38835633,0.39069957,-0.015699565410614,-0.0023432374,-0.013356328010559,-0.015699565410614,Mike Shanahan,Mike Shanahan,40.10695187165776,Offensive,12,0
WAS,2012,0.625,0.6706797,0.6477151,-0.0227150917053222,0.022964597,-0.0456796884536743,-0.0227150917053222,Mike Shanahan,Mike Shanahan,37.4331550802139,Offensive,12,0
DEN,1999,0.375,0.4540684,0.40414613,-0.029146134853363,0.049922258,-0.0790683925151825,-0.029146134853363,Mike Shanahan,Mike Shanahan,35.056446821152704,Offensive,12,0
DEN,1995,0.5,0.5134056,0.5469604,-0.0469604134559631,-0.033554792,-0.0134056210517883,-0.0469604134559631,Mike Shanahan,Mike Shanahan,30.24361259655377,Offensive,12,0
DEN,2001,0.5,0.55233854,0.57351565,-0.0735156536102294,-0.021177113,-0.0523385405540466,-0.0735156536102294,Mike Shanahan,Mike Shanahan,22.400475341651813,Offensive,12,0
DEN,2007,0.4375,0.50087774,0.53814775,-0.100647747516632,-0.03727001,-0.0633777379989624,-0.100647747516632,Mike Shanahan,Mike Shanahan,16.33986928104575,Offensive,12,0
WAS,2011,0.3125,0.40594152,0.44677043,-0.134270429611206,-0.040828913,-0.0934415161609649,-0.134270429611206,Mike Shanahan,Mike Shanahan,9.20974450386215,Offensive,12,0
WAS,2013,0.1875,0.38498497,0.4379034,-0.2504034042358398,-0.052918434,-0.1974849700927734,-0.2504034042358398,Mike Shanahan,Mike Shanahan,1.66369578134284,Offensive,12,0
SFO,2010,0.375,0.4685358,0.41443777,-0.0394377708435058,0.05409804,-0.0935358107089996,-0.0394377708435058,Mike Singletary,Jim Tomsula / Mike Singletary,32.382650029708856,Defensive,0,1
SFO,2009,0.5,0.52478343,0.6173298,-0.1173297762870788,-0.092546344,-0.024783432483673,-0.1173297762870788,Mike Singletary,Mike Singletary,12.240047534165182,Defensive,0,1
MIN,2005,0.5625,0.54146695,0.4969018,0.06559818983078,0.04456514,0.0210330486297607,0.06559818983078,Mike Tice,Mike Tice,66.78550207961973,Offensive,1,0
MIN,2003,0.5625,0.6629355,0.6433273,-0.0808272957801818,0.0196082,-0.1004354953765869,-0.0808272957801818,Mike Tice,Mike Tice,20.499108734402853,Offensive,1,0
MIN,2004,0.5,0.6067652,0.5820708,-0.0820708274841308,0.024694383,-0.1067652106285095,-0.0820708274841308,Mike Tice,Mike Tice,20.2020202020202,Offensive,1,0
MIN,2002,0.375,0.4723416,0.48506698,-0.1100669801235199,-0.012725383,-0.0973415970802307,-0.1100669801235199,Mike Tice,Mike Tice,13.725490196078432,Offensive,1,0
PIT,2017,0.8125,0.662376,0.59042275,0.2220772504806518,0.07195324,0.1501240134239196,0.2220772504806518,Mike Tomlin,Mike Tomlin,97.0291146761735,Defensive,0,1
PIT,2008,0.75,0.6635646,0.54531246,0.2046875357627868,0.11825216,0.0864353775978088,0.2046875357627868,Mike Tomlin,Mike Tomlin,95.6625074272133,Defensive,0,1
PIT,2015,0.625,0.5730417,0.42859897,0.1964010298252105,0.1444427,0.0519583225250244,0.1964010298252105,Mike Tomlin,Mike Tomlin,95.18716577540108,Defensive,0,1
PIT,2016,0.6875,0.59470403,0.4941467,0.1933532953262329,0.10055733,0.0927959680557251,0.1933532953262329,Mike Tomlin,Mike Tomlin,94.6524064171123,Defensive,0,1
PIT,2011,0.75,0.6826286,0.5982836,0.151716411113739,0.08434498,0.0673714280128479,0.151716411113739,Mike Tomlin,Mike Tomlin,89.54248366013073,Defensive,0,1
PIT,2018,0.5938,0.5640687,0.45971215,0.1340878522872924,0.10435653,0.0297313249588012,0.1340878522872924,Mike Tomlin,Mike Tomlin,85.91800356506238,Defensive,0,1
PIT,2020,0.75,0.69885445,0.64139795,0.1086020469665527,0.057456493,0.0511455535888671,0.1086020469665527,Mike Tomlin,Mike Tomlin,80.51099227569816,Defensive,0,1
PIT,2007,0.625,0.65596676,0.52298796,0.102012038230896,0.1329788,-0.0309667587280273,0.102012038230896,Mike Tomlin,Mike Tomlin,78.78787878787878,Defensive,0,1
PIT,2010,0.75,0.79559547,0.66866803,0.0813319683074951,0.12692744,-0.0455954670906066,0.0813319683074951,Mike Tomlin,Mike Tomlin,72.48960190136661,Defensive,0,1
PIT,2019,0.5,0.50378174,0.42096448,0.0790355205535888,0.08281726,-0.0037817358970642,0.0790355205535888,Mike Tomlin,Mike Tomlin,72.01426024955437,Defensive,0,1
PIT,2012,0.5,0.4980317,0.43066108,0.0693389177322387,0.06737062,0.0019682943820953,0.0693389177322387,Mike Tomlin,Mike Tomlin,68.38978015448603,Defensive,0,1
PIT,2014,0.6875,0.71598285,0.66461533,0.0228846669197082,0.05136752,-0.0284828543663024,0.0228846669197082,Mike Tomlin,Mike Tomlin,53.23826500297088,Defensive,0,1
PIT,2013,0.5,0.56102246,0.48778212,0.0122178792953491,0.07324034,-0.0610224604606628,0.0122178792953491,Mike Tomlin,Mike Tomlin,50.08912655971479,Defensive,0,1
PIT,2022,0.5294,0.5625602,0.5239339,0.0054661125183105,0.038626313,-0.0331602006912231,0.0054661125183105,Mike Tomlin,Mike Tomlin,47.35591206179441,Defensive,0,1
PIT,2009,0.5625,0.63096964,0.56976724,-0.0072672367095947,0.061202407,-0.0684696435928344,-0.0072672367095947,Mike Tomlin,Mike Tomlin,43.01841948900773,Defensive,0,1
PIT,2021,0.5588,0.6338518,0.5782918,-0.0194917737960815,0.055560052,-0.0750518261909485,-0.0194917737960815,Mike Tomlin,Mike Tomlin,38.38383838383838,Defensive,0,1
PIT,2024,0.5882,0.6513068,0.6143438,-0.0261438220024109,0.036962986,-0.0631068079948425,-0.0261438220024109,Mike Tomlin,Mike Tomlin,36.244800950683306,Defensive,0,1
PIT,2023,0.5882,0.63263696,0.6365936,-0.0483935802459717,-0.003956616,-0.0444369643211365,-0.0483935802459717,Mike Tomlin,Mike Tomlin,29.530600118835416,Defensive,0,1
OTI,2018,0.5625,0.49081773,0.41314015,0.1493598520755767,0.07767758,0.0716822743415832,0.1493598520755767,Mike Vrabel,Mike Vrabel,89.18597742127153,Defensive,0,1
OTI,2020,0.6875,0.5789262,0.54179007,0.1457099318504333,0.037136137,0.1085737943649292,0.1457099318504333,Mike Vrabel,Mike Vrabel,88.35412953060012,Defensive,0,1
OTI,2021,0.7059,0.6615632,0.59493995,0.110960052871704,0.06662327,0.0443367823600768,0.110960052871704,Mike Vrabel,Mike Vrabel,80.92691622103388,Defensive,0,1
OTI,2023,0.3529,0.33218756,0.281459,0.071440996313095,0.05072856,0.0207124368190765,0.071440996313095,Mike Vrabel,Mike Vrabel,69.22162804515746,Defensive,0,1
OTI,2019,0.5625,0.59579986,0.54625297,0.0162470340728759,0.049546897,-0.0332998633384704,0.0162470340728759,Mike Vrabel,Mike Vrabel,51.277480689245394,Defensive,0,1
OTI,2022,0.4118,0.49654385,0.42105672,-0.009256717634201,0.07548714,-0.0847438544750213,-0.009256717634201,Mike Vrabel,Mike Vrabel,42.42424242424242,Defensive,0,1
RAI,1995,0.5,0.2752185,0.31859055,0.1814094483852386,-0.043372065,0.2247815132141113,0.1814094483852386,Mike White,Mike White,93.40463458110516,Offensive,8,0
RAI,1996,0.4375,0.4128834,0.42513362,0.012366384267807,-0.012250215,0.0246165990829467,0.012366384267807,Mike White,Mike White,50.14854426619133,Offensive,8,0
MIN,2017,0.8125,0.5933877,0.56787825,0.2446217536926269,0.025509477,0.2191122770309448,0.2446217536926269,Mike Zimmer,Mike Zimmer,98.27688651218062,Defensive,0,26
MIN,2014,0.4375,0.31545556,0.32213888,0.1153611242771148,-0.00668332,0.1220444440841674,0.1153611242771148,Mike Zimmer,Mike Zimmer,81.93701723113487,Defensive,0,26
MIN,2015,0.6875,0.5991874,0.5807071,0.10679292678833,0.0184803,0.0883126258850097,0.10679292678833,Mike Zimmer,Mike Zimmer,79.73856209150327,Defensive,0,26
MIN,2020,0.4375,0.4728624,0.44115433,-0.0036543309688568,0.03170806,-0.0353623926639556,-0.0036543309688568,Mike Zimmer,Mike Zimmer,44.563279857397504,Defensive,0,26
MIN,2021,0.4706,0.51172036,0.50541294,-0.0348129362106323,0.006307423,-0.0411203593254089,-0.0348129362106323,Mike Zimmer,Mike Zimmer,33.68983957219251,Defensive,0,26
MIN,2016,0.5,0.5212256,0.54218066,-0.0421806573867797,-0.020955086,-0.0212255716323852,-0.0421806573867797,Mike Zimmer,Mike Zimmer,31.491384432560903,Defensive,0,26
MIN,2018,0.5312,0.59231013,0.5780569,-0.0468568718910217,0.014253259,-0.0611101305961608,-0.0468568718910217,Mike Zimmer,Mike Zimmer,30.421865715983365,Defensive,0,26
MIN,2019,0.625,0.6555358,0.6735434,-0.0485433936119079,-0.018007576,-0.0305358171463012,-0.0485433936119079,Mike Zimmer,Mike Zimmer,29.411764705882355,Defensive,0,26
DEN,2022,0.2941,0.35411552,0.36218134,-0.0680813356876373,-0.00806582,-0.0600155159473419,-0.0680813356876373,Nathaniel Hackett,Jerry Rosburg / Nathaniel Hackett,23.58882947118241,Offensive,12,0
MIA,2005,0.5625,0.52802247,0.5435141,0.0189859271049499,-0.015491605,0.0344775319099426,0.0189859271049499,Nick Saban,Nick Saban,52.346999405822935,Defensive,0,9
MIA,2006,0.375,0.37654215,0.35614398,0.0188560187816619,0.02039817,-0.0015421509742736,0.0188560187816619,Nick Saban,Nick Saban,52.22816399286988,Defensive,0,9
PHI,2024,0.8235,0.7374251,0.678998,0.1445020065307617,0.058427095,0.0860749111175537,0.1445020065307617,Nick Sirianni,Nick Sirianni,88.05704099821747,Offensive,3,0
PHI,2023,0.6471,0.601452,0.5477943,0.0993057175636291,0.05365771,0.0456480070114135,0.0993057175636291,Nick Sirianni,Nick Sirianni,78.07486631016043,Offensive,3,0
PHI,2022,0.8235,0.7682151,0.73568124,0.0878187642097473,0.032533884,0.0552848801612854,0.0878187642097473,Nick Sirianni,Nick Sirianni,74.62863933452168,Offensive,3,0
PHI,2021,0.5294,0.5501733,0.54567647,-0.0162764698028564,0.004496813,-0.020773282623291,-0.0162764698028564,Nick Sirianni,Nick Sirianni,39.809863339275104,Offensive,3,0
CLE,1972,0.7143,0.5541683,0.49119425,0.2231057518005371,0.062974036,0.1601317160606384,0.2231057518005371,Nick Skorich,Nick Skorich,97.14795008912655,Offensive,3,0
CLE,1971,0.6429,0.5249684,0.5301295,0.1127705077171326,-0.0051611066,0.1179316143035889,0.1127705077171326,Nick Skorich,Nick Skorich,81.22400475341652,Offensive,3,0
CLE,1973,0.5714,0.5085345,0.5341589,0.0372411145210266,-0.025624394,0.0628655089378357,0.0372411145210266,Nick Skorich,Nick Skorich,57.75401069518716,Offensive,3,0
CLE,1974,0.2857,0.37289447,0.35577834,-0.0700783365249633,0.01711613,-0.0871944659233093,-0.0700783365249633,Nick Skorich,Nick Skorich,23.1729055258467,Offensive,3,0
ATL,1971,0.5357,0.48012802,0.45976517,0.0759348339557647,0.020362854,0.0555719799518584,0.0759348339557647,Norm Van Brocklin,Norm Van Brocklin,70.76648841354724,Other,0,0
ATL,1973,0.6429,0.6229806,0.64083344,0.0020665625572204,-0.017852843,0.0199194053649902,0.0020665625572204,Norm Van Brocklin,Norm Van Brocklin,46.28639334521687,Other,0,0
ATL,1970,0.3571,0.3815392,0.37917623,-0.0220762292385101,0.0023629665,-0.0244391957759857,-0.0220762292385101,Norm Van Brocklin,Norm Van Brocklin,37.849079025549614,Other,0,0
ATL,1974,0.2143,0.27056485,0.28947565,-0.0751756495952606,-0.018910795,-0.05626485414505,-0.0751756495952606,Norm Van Brocklin,Marion Campbell / Norm Van Brocklin,21.984551396316103,Other,0,0
ATL,1972,0.5,0.560655,0.58974695,-0.0897469520568847,-0.029091954,-0.0606549978256225,-0.0897469520568847,Norm Van Brocklin,Norm Van Brocklin,18.478906714200832,Other,0,0
NYG,2019,0.25,0.3691078,0.39054227,-0.1405422687530517,-0.021434456,-0.1191078126430511,-0.1405422687530517,Pat Shurmur,Pat Shurmur,8.49673202614379,Offensive,11,0
CLE,2012,0.3125,0.41487724,0.4584238,-0.1459237933158874,-0.043546557,-0.1023772358894348,-0.1459237933158874,Pat Shurmur,Pat Shurmur,7.78371954842543,Offensive,11,0
CLE,2011,0.25,0.4827823,0.5092515,-0.2592514753341675,-0.026469171,-0.2327823042869568,-0.2592514753341675,Pat Shurmur,Pat Shurmur,1.1883541295306002,Offensive,11,0
NYG,2018,0.3125,0.5725786,0.5786507,-0.2661507129669189,-0.006072104,-0.2600786089897156,-0.2661507129669189,Pat Shurmur,Pat Shurmur,0.8318478906714201,Offensive,11,0
CIN,1975,0.7857,0.69334054,0.632355,0.1533450252532958,0.060985565,0.0923594600677489,0.1533450252532958,Paul Brown,Paul Brown,89.8989898989899,Other,0,0
CIN,1973,0.7143,0.6728053,0.61402905,0.100270950126648,0.05877626,0.0414946907043457,0.100270950126648,Paul Brown,Paul Brown,78.43137254901961,Other,0,0
CIN,1974,0.5,0.47114822,0.44271675,0.0572832524776458,0.028431475,0.0288517773151397,0.0572832524776458,Paul Brown,Paul Brown,64.28995840760547,Other,0,0
CIN,1972,0.5714,0.55952835,0.5966031,-0.0252030955314636,-0.037074745,0.0118716491699218,-0.0252030955314636,Paul Brown,Paul Brown,36.48247177658943,Other,0,0
CIN,1970,0.5714,0.5851353,0.613544,-0.0421439872741699,-0.028408706,-0.0137352810859679,-0.0421439872741699,Paul Brown,Paul Brown,31.55080213903744,Other,0,0
CIN,1971,0.2857,0.42539373,0.5459489,-0.2602489226341247,-0.12055519,-0.1396937304019928,-0.2602489226341247,Paul Brown,Paul Brown,1.1289364230540702,Other,0,0
KAN,1977,0.1429,0.20524085,0.24981433,-0.1069143315315246,-0.044573486,-0.0623408456802368,-0.1069143315315246,Paul Wiggin,Paul Wiggin / Tom Bettis,14.67617349970291,Defensive,0,3
KAN,1975,0.3571,0.42350757,0.4748435,-0.1177435020446777,-0.05133593,-0.0664075712203979,-0.1177435020446777,Paul Wiggin,Paul Wiggin,11.942959001782532,Defensive,0,3
KAN,1976,0.3571,0.3886466,0.5188717,-0.1617717246055603,-0.13022512,-0.0315466026306152,-0.1617717246055603,Paul Wiggin,Paul Wiggin,6.120023767082591,Defensive,0,3
SEA,2013,0.8125,0.6975139,0.54973114,0.2627688646316528,0.14778274,0.1149861216545105,0.2627688646316528,Pete Carroll,Pete Carroll,98.989898989899,Defensive,1,9
SEA,2014,0.75,0.6748777,0.58361167,0.1663883328437805,0.091266036,0.0751222968101501,0.1663883328437805,Pete Carroll,Pete Carroll,91.5032679738562,Defensive,1,9
SEA,2020,0.75,0.650163,0.60017824,0.1498217582702636,0.049984753,0.0998370051383972,0.1498217582702636,Pete Carroll,Pete Carroll,89.3048128342246,Defensive,1,9
SEA,2016,0.6562,0.5855545,0.5419429,0.1142571055412292,0.043611586,0.0706455194473266,0.1142571055412292,Pete Carroll,Pete Carroll,81.63992869875223,Defensive,1,9
NWE,1998,0.5625,0.5360898,0.47532886,0.0871711373329162,0.060760915,0.0264102220535278,0.0871711373329162,Pete Carroll,Pete Carroll,74.39096850861556,Defensive,1,9
SEA,2022,0.5294,0.506757,0.44468817,0.0847118288516998,0.06206885,0.0226429790496826,0.0847118288516998,Pete Carroll,Pete Carroll,73.61853832442068,Defensive,1,9
SEA,2017,0.5625,0.5644858,0.48382053,0.078679472208023,0.08066526,-0.0019857883453369,0.078679472208023,Pete Carroll,Pete Carroll,71.95484254307783,Defensive,1,9
SEA,2019,0.6875,0.70325255,0.6124085,0.0750914812088012,0.090844035,-0.0157525539398193,0.0750914812088012,Pete Carroll,Pete Carroll,70.52881758764111,Defensive,1,9
SEA,2023,0.5294,0.55805,0.4560306,0.0733693927764892,0.10201937,-0.0286499768257141,0.0733693927764892,Pete Carroll,Pete Carroll,69.87522281639929,Defensive,1,9
SEA,2012,0.6875,0.658283,0.6191597,0.0683403015136718,0.039123297,0.0292170047760009,0.0683403015136718,Pete Carroll,Pete Carroll,67.97385620915033,Defensive,1,9
NWE,1997,0.625,0.5840926,0.5776362,0.0473638176918029,0.0064564347,0.0409073829650878,0.0473638176918029,Pete Carroll,Pete Carroll,61.913250148544265,Defensive,1,9
SEA,2018,0.625,0.62812155,0.5866437,0.0383563041687011,0.04147786,-0.0031215548515319,0.0383563041687011,Pete Carroll,Pete Carroll,58.05109922756981,Defensive,1,9
SEA,2015,0.625,0.6421908,0.5964077,0.0285922884941101,0.045783103,-0.0171908140182495,0.0285922884941101,Pete Carroll,Pete Carroll,55.19904931669638,Defensive,1,9
NWE,1999,0.5,0.45661643,0.4811881,0.0188119113445281,-0.024571657,0.0433835685253143,0.0188119113445281,Pete Carroll,Pete Carroll,52.10932857991681,Defensive,1,9
SEA,2010,0.4375,0.44126502,0.4375865,-8.64863395690918e-05,0.0036785305,-0.0037650167942047,-8.64863395690918e-05,Pete Carroll,Pete Carroll,45.81105169340464,Defensive,1,9
NYJ,1994,0.375,0.39583743,0.41654453,-0.0415445268154144,-0.0207071,-0.0208374261856079,-0.0415445268154144,Pete Carroll,Pete Carroll,31.72905525846702,Defensive,1,9
SEA,2021,0.4118,0.5645679,0.5001628,-0.0883627802848815,0.06440514,-0.1527679235458374,-0.0883627802848815,Pete Carroll,Pete Carroll,18.65715983363042,Defensive,1,9
SEA,2011,0.4375,0.5752418,0.55688435,-0.1193843483924865,0.018357456,-0.1377418041229248,-0.1193843483924865,Pete Carroll,Pete Carroll,11.64587046939988,Defensive,1,9
SFO,1978,0.125,0.2221359,0.25219688,-0.1271968781948089,-0.030060977,-0.0971359014511108,-0.1271968781948089,Pete McCulley,Fred O'Connor / Pete McCulley,10.51693404634581,Other,0,0
GNB,1970,0.4286,0.4241689,0.4215843,0.0070156918525695,0.0025846064,0.0044310854434966,0.0070156918525695,Phil Bengtson,Phil Bengtson,48.18775995246584,Defensive,0,11
TAM,2010,0.625,0.58380425,0.5802135,0.044786512851715,0.0035907626,0.0411957502365112,0.044786512851715,Raheem Morris,Raheem Morris,61.02198455139632,Defensive,0,5
ATL,2024,0.4706,0.48102748,0.5301456,-0.0595455855369567,-0.0491181,-0.0104274839401244,-0.0595455855369567,Raheem Morris,Raheem Morris,25.78728461081402,Defensive,0,5
TAM,2009,0.1875,0.2476464,0.28107032,-0.0935703217983245,-0.033423916,-0.0601464062929153,-0.0935703217983245,Raheem Morris,Raheem Morris,17.647058823529413,Defensive,0,5
TAM,2011,0.25,0.2630558,0.3856542,-0.1356542110443115,-0.12259841,-0.0130558013916015,-0.1356542110443115,Raheem Morris,Raheem Morris,9.15032679738562,Defensive,0,5
RAM,2006,0.5,0.54177666,0.5805084,-0.0805084109306335,-0.038731754,-0.0417766571044921,-0.0805084109306335,Scott Linehan,Scott Linehan,20.677361853832444,Other,0,0
RAM,2007,0.1875,0.25193316,0.34786963,-0.1603696346282959,-0.09593648,-0.0644331574440002,-0.1603696346282959,Scott Linehan,Scott Linehan,6.2982768865121805,Other,0,0
RAM,2008,0.125,0.25588506,0.34440765,-0.2194076478481292,-0.08852258,-0.1308850646018982,-0.2194076478481292,Scott Linehan,Jim Haslett / Scott Linehan,2.5549613784907903,Other,0,0
NYG,1991,0.5,0.43240872,0.40887073,0.0911292731761932,0.023537993,0.0675912797451019,0.0911292731761932,Ray Handley,Ray Handley,75.81699346405229,Other,0,0
NYG,1992,0.375,0.42596975,0.4165049,-0.0415048897266387,0.00946486,-0.0509697496891021,-0.0415048897266387,Ray Handley,Ray Handley,31.788472964943555,Other,0,0
RAM,1979,0.5625,0.5341956,0.462259,0.1002410054206848,0.07193661,0.0283043980598449,0.1002410054206848,Ray Malavasi,Ray Malavasi,78.31253713606655,Defensive,0,6
RAM,1980,0.6875,0.65917754,0.605138,0.0823619961738586,0.054039538,0.0283224582672119,0.0823619961738586,Ray Malavasi,Ray Malavasi,72.78669043374926,Defensive,0,6
RAM,1978,0.75,0.7144274,0.6773752,0.0726248025894165,0.037052214,0.0355725884437561,0.0726248025894165,Ray Malavasi,Ray Malavasi,69.6078431372549,Defensive,0,6
RAM,1981,0.375,0.35687178,0.31326792,0.0617320835590362,0.043603867,0.018128216266632,0.0617320835590362,Ray Malavasi,Ray Malavasi,65.68627450980392,Defensive,0,6
RAM,1982,0.2222,0.29856008,0.27216336,-0.0499633613109588,0.026396722,-0.076360082912445,-0.0499633613109588,Ray Malavasi,Ray Malavasi,28.72846108140226,Defensive,0,6
NYG,1981,0.5625,0.39805293,0.42549673,0.1370032727718353,-0.027443796,0.1644470691680908,0.1370032727718353,Ray Perkins,Ray Perkins,86.63101604278076,Offensive,6,0
NYG,1979,0.375,0.35177115,0.36577198,0.0092280209064483,-0.014000833,0.0232288539409637,0.0092280209064483,Ray Perkins,Ray Perkins,48.78193701723114,Offensive,6,0
NYG,1980,0.25,0.21887906,0.24371761,0.0062823891639709,-0.024838552,0.0311209410429,0.0062823891639709,Ray Perkins,Ray Perkins,47.7124183006536,Offensive,6,0
TAM,1987,0.2667,0.30373442,0.27509305,-0.0083930488109588,0.028641373,-0.0370344217300415,-0.0083930488109588,Ray Perkins,Ray Perkins,42.721330956625074,Offensive,6,0
NYG,1982,0.4444,0.49140298,0.47532928,-0.0309292798995971,0.016073704,-0.0470029836654662,-0.0309292798995971,Ray Perkins,Ray Perkins,34.64052287581699,Offensive,6,0
TAM,1988,0.3125,0.32442522,0.3540602,-0.0415602028369903,-0.029634982,-0.0119252204895019,-0.0415602028369903,Ray Perkins,Ray Perkins,31.66963755199049,Offensive,6,0
TAM,1990,0.375,0.3879867,0.42860746,-0.0536074638366699,-0.040620774,-0.0129866898059844,-0.0536074638366699,Ray Perkins,Ray Perkins / Richard Williamson,27.56981580510992,Offensive,6,0
TAM,1989,0.3125,0.37191677,0.38555467,-0.0730546712875366,-0.0136379,-0.0594167709350585,-0.0730546712875366,Ray Perkins,Ray Perkins,22.51931075460487,Offensive,6,0
PHI,1996,0.625,0.5020909,0.5029654,0.1220346093177795,-0.00087451935,0.122909128665924,0.1220346093177795,Ray Rhodes,Ray Rhodes,83.30362448009507,Defensive,0,9
PHI,1995,0.625,0.5371395,0.52808064,0.0969193577766418,0.009058833,0.0878605246543884,0.0969193577766418,Ray Rhodes,Ray Rhodes,77.243018419489,Defensive,0,9
PHI,1997,0.4062,0.36469597,0.3599317,0.0462682926177978,0.004764259,0.0415040337562561,0.0462682926177978,Ray Rhodes,Ray Rhodes,61.49732620320856,Defensive,0,9
GNB,1999,0.5,0.5127875,0.5073441,-0.0073441267013549,0.005443394,-0.0127875208854675,-0.0073441267013549,Ray Rhodes,Ray Rhodes,42.899584076054666,Defensive,0,9
PHI,1998,0.1875,0.21280542,0.21551442,-0.0280144214630126,-0.0027090013,-0.0253054201602935,-0.0280144214630126,Ray Rhodes,Ray Rhodes,35.59120617944148,Defensive,0,9
NWE,1985,0.6875,0.61207443,0.5305818,0.1569182276725769,0.08149266,0.0754255652427673,0.1569182276725769,Raymond Berry,Raymond Berry,90.25549613784908,Other,0,0
NWE,1987,0.5333,0.5050108,0.38562977,0.1476702268600463,0.11938101,0.0282892163276672,0.1476702268600463,Raymond Berry,Raymond Berry,88.88888888888889,Other,0,0
NWE,1988,0.5625,0.49241576,0.4231968,0.1393032073974609,0.06921896,0.0700842440128326,0.1393032073974609,Raymond Berry,Raymond Berry,87.34402852049911,Other,0,0
NWE,1986,0.6875,0.69232106,0.64514315,0.0423568487167358,0.04717791,-0.0048210620880126,0.0423568487167358,Raymond Berry,Raymond Berry,59.77421271538918,Other,0,0
NWE,1989,0.3125,0.3133311,0.28772727,0.0247727334499359,0.02560383,-0.0008310973644256,0.0247727334499359,Raymond Berry,Raymond Berry,53.77302436125966,Other,0,0
DEN,1977,0.8571,0.70144844,0.66541547,0.1916845341682433,0.036032975,0.1556515594482421,0.1916845341682433,Red Miller,Red Miller,94.4741532976827,Other,0,0
DEN,1979,0.625,0.45953405,0.49074075,0.1342592537403106,-0.031206697,0.1654659509658813,0.1342592537403106,Red Miller,Red Miller,85.97742127153893,Other,0,0
DEN,1980,0.5,0.3701956,0.42745727,0.0725427269935607,-0.057261676,0.1298044025897979,0.0725427269935607,Red Miller,Red Miller,69.5187165775401,Other,0,0
DEN,1978,0.625,0.62967277,0.67388433,-0.0488843321800231,-0.044211566,-0.0046727657318115,-0.0488843321800231,Red Miller,Red Miller,29.17409387997624,Other,0,0
NYJ,2010,0.6875,0.5932967,0.51850015,0.1689998507499694,0.07479656,0.0942032933235168,0.1689998507499694,Rex Ryan,Rex Ryan,91.97860962566844,Defensive,0,10
NYJ,2013,0.5,0.40247247,0.41646102,0.0835389792919159,-0.0139885545,0.0975275337696075,0.0835389792919159,Rex Ryan,Rex Ryan,73.0837789661319,Defensive,0,10
NYJ,2009,0.5625,0.56561327,0.5484404,0.0140596032142639,0.017172873,-0.0031132698059082,0.0140596032142639,Rex Ryan,Rex Ryan,50.623885918003566,Defensive,0,10
BUF,2015,0.5,0.48804694,0.5149231,-0.014923095703125,-0.026876152,0.011953055858612,-0.014923095703125,Rex Ryan,Rex Ryan,40.58229352346999,Defensive,0,10
NYJ,2012,0.375,0.4308473,0.39363766,-0.0186376571655273,0.03720963,-0.0558472871780395,-0.0186376571655273,Rex Ryan,Rex Ryan,38.50267379679144,Defensive,0,10
BUF,2016,0.4375,0.4960611,0.543369,-0.1058689951896667,-0.04730791,-0.058561086654663,-0.1058689951896667,Rex Ryan,Anthony Lynn / Rex Ryan,14.913844325609032,Defensive,0,10
NYJ,2014,0.25,0.31987998,0.37409914,-0.1240991353988647,-0.054219157,-0.0698799788951873,-0.1240991353988647,Rex Ryan,Rex Ryan,10.81402257872846,Defensive,0,10
NYJ,2011,0.5,0.6202917,0.64019054,-0.1401905417442321,-0.019898832,-0.1202917098999023,-0.1401905417442321,Rex Ryan,Rex Ryan,8.55614973262032,Defensive,0,10
RAM,1995,0.4375,0.4348102,0.43696713,0.0005328655242919,-0.002156943,0.0026898086071014,0.0005328655242919,Rich Brooks,Rich Brooks,45.870469399881166,Defensive,0,5
RAM,1996,0.375,0.41252813,0.4209039,-0.0459038913249969,-0.008375764,-0.0375281274318695,-0.0459038913249969,Rich Brooks,Rich Brooks,30.54070112893642,Defensive,0,5
PHI,1991,0.625,0.50890654,0.49728662,0.1277133822441101,0.0116199255,0.1160934567451477,0.1277133822441101,Rich Kotite,Rich Kotite,84.67023172905526,Offensive,6,0
PHI,1993,0.5,0.49126545,0.44682136,0.0531786382198333,0.044444084,0.0087345540523529,0.0531786382198333,Rich Kotite,Rich Kotite,63.16102198455139,Offensive,6,0
PHI,1992,0.6875,0.6015504,0.65282434,0.034675657749176,-0.051273942,0.0859495997428894,0.034675657749176,Rich Kotite,Rich Kotite,56.92216280451574,Offensive,6,0
NYJ,1995,0.1875,0.30050707,0.29083112,-0.1033311188220977,0.00967595,-0.1130070686340332,-0.1033311188220977,Rich Kotite,Rich Kotite,15.68627450980392,Offensive,6,0
PHI,1994,0.4375,0.6352673,0.61005384,-0.1725538372993469,0.02521348,-0.1977673172950744,-0.1725538372993469,Rich Kotite,Rich Kotite,5.28817587641117,Offensive,6,0
NYJ,1996,0.0625,0.25047362,0.26893154,-0.2064315378665924,-0.01845792,-0.1879736185073852,-0.2064315378665924,Rich Kotite,Rich Kotite,3.1491384432560903,Offensive,6,0
TAM,1991,0.1875,0.20211518,0.3005713,-0.1130712926387786,-0.098456115,-0.0146151781082153,-0.1130712926387786,Richard Williamson,Richard Williamson,12.89364230540701,Offensive,2,0
WAS,1993,0.25,0.35208085,0.3967965,-0.1467964947223663,-0.044715643,-0.1020808517932891,-0.1467964947223663,Richie Petitbon,Richie Petitbon,7.546048722519311,Defensive,0,12
DET,1974,0.5,0.5127649,0.4451352,0.0548647940158844,0.067629665,-0.0127648711204528,0.0548647940158844,Rick Forzano,Rick Forzano,63.57694592988711,Other,0,0
DET,1975,0.5,0.510555,0.52899235,-0.0289923548698425,-0.018437326,-0.0105550289154052,-0.0289923548698425,Rick Forzano,Rick Forzano,35.115864527629235,Other,0,0
DET,1976,0.4286,0.60293204,0.62349695,-0.194896949672699,-0.020564914,-0.1743320359230041,-0.194896949672699,Rick Forzano,Rick Forzano / Tommy Hudspeth,4.09982174688057,Other,0,0
CLE,2013,0.25,0.2963275,0.28780022,-0.0378002226352691,0.008527279,-0.0463275015354156,-0.0378002226352691,Rob Chudzinski,Rob Chudzinski,32.85799168152109,Offensive,10,0
NYJ,2022,0.4118,0.38532934,0.3658871,0.0459128945350647,0.01944223,0.0264706640720367,0.0459128945350647,Robert Saleh,Robert Saleh,61.31907308377896,Defensive,0,5
NYJ,2021,0.2353,0.21121806,0.20137826,0.0339217439174652,0.009839803,0.0240819409370422,0.0339217439174652,Robert Saleh,Robert Saleh,56.68449197860963,Defensive,0,5
NYJ,2023,0.4118,0.42495257,0.40937495,0.0024250476837158,0.015577614,-0.0131525666236877,0.0024250476837158,Robert Saleh,Robert Saleh,46.464646464646464,Defensive,0,5
NYJ,2024,0.2941,0.4210698,0.4426521,-0.1485521062850952,-0.021582305,-0.1269698008537292,-0.1485521062850952,Robert Saleh,Jeff Ulbrich / Robert Saleh,7.24896019013666,Defensive,0,5
CLT,1986,0.1875,0.24536431,0.25741836,-0.0699183642864227,-0.012054056,-0.0578643083572387,-0.0699183642864227,Rod Dowhower,Rod Dowhower / Ron Meyer,23.232323232323232,Offensive,15,0
CLT,1985,0.3125,0.39194396,0.39536586,-0.0828658640384674,-0.0034219027,-0.0794439613819122,-0.0828658640384674,Rod Dowhower,Rod Dowhower,19.96434937611408,Offensive,15,0
DET,2007,0.4375,0.39235255,0.36154056,0.0759594440460205,0.030811995,0.0451474487781524,0.0759594440460205,Rod Marinelli,Rod Marinelli,70.82590612002376,Defensive,0,9
DET,2008,0.0,0.12912361,0.18132365,-0.1813236474990844,-0.052200034,-0.1291236132383346,-0.1813236474990844,Rod Marinelli,Rod Marinelli,4.57516339869281,Defensive,0,9
DET,2006,0.1875,0.3191036,0.4486163,-0.2611162960529327,-0.1295127,-0.1316035985946655,-0.2611162960529327,Rod Marinelli,Rod Marinelli,1.06951871657754,Defensive,0,9
NWE,1990,0.0625,0.18288866,0.20984054,-0.1473405361175537,-0.02695188,-0.1203886568546295,-0.1473405361175537,Rod Rust,Rod Rust,7.4866310160427805,Defensive,0,20
CLE,2007,0.625,0.51526564,0.48600537,0.1389946341514587,0.029260278,0.1097343564033508,0.1389946341514587,Romeo Crennel,Romeo Crennel,87.28461081402259,Defensive,0,10
CLE,2005,0.375,0.35197943,0.35447648,0.0205235183238983,-0.0024970472,0.0230205655097961,0.0205235183238983,Romeo Crennel,Romeo Crennel,52.70350564468211,Defensive,0,10
CLE,2006,0.25,0.25526512,0.24515569,0.004844307899475,0.010109425,-0.0052651166915893,0.004844307899475,Romeo Crennel,Romeo Crennel,47.23707664884135,Defensive,0,10
KAN,2012,0.125,0.16494244,0.21797076,-0.0929707586765289,-0.053028315,-0.039942443370819,-0.0929707586765289,Romeo Crennel,Romeo Crennel,17.76589423648247,Defensive,0,10
CLE,2008,0.25,0.3306487,0.3824357,-0.1324357092380523,-0.05178702,-0.0806486904621124,-0.1324357092380523,Romeo Crennel,Romeo Crennel,9.566250742721332,Defensive,0,10
NWE,1979,0.5625,0.5007181,0.47969386,0.0828061401844024,0.021024257,0.061781883239746,0.0828061401844024,Ron Erhardt,Ron Erhardt,72.96494355317886,Offensive,17,0
NWE,1980,0.625,0.62990874,0.5884355,0.0365645289421081,0.04147327,-0.0049087405204772,0.0365645289421081,Ron Erhardt,Ron Erhardt,57.39750445632799,Offensive,17,0
NWE,1981,0.125,0.2587473,0.25279957,-0.1277995705604553,0.005947739,-0.1337473094463348,-0.1277995705604553,Ron Erhardt,Ron Erhardt,10.45751633986928,Offensive,17,0
CLT,1990,0.4375,0.33558127,0.23005983,0.2074401676654815,0.10552144,0.1019187271595001,0.2074401676654815,Ron Meyer,Ron Meyer,95.90017825311944,Other,0,0
CLT,1987,0.6,0.49717352,0.42626983,0.1737301707267761,0.07090369,0.1028264820575713,0.1737301707267761,Ron Meyer,Ron Meyer,92.57278669043374,Other,0,0
CLT,1988,0.5625,0.51379186,0.3978729,0.1646271049976349,0.115918964,0.0487081408500671,0.1646271049976349,Ron Meyer,Ron Meyer,91.38443256090316,Other,0,0
NWE,1982,0.5556,0.5030451,0.4780527,0.077547294473648,0.024992377,0.0525549179077148,0.077547294473648,Ron Meyer,Ron Meyer,71.4795008912656,Other,0,0
NWE,1983,0.5,0.44504634,0.45334628,0.0466537177562713,-0.008299947,0.0549536645412445,0.0466537177562713,Ron Meyer,Ron Meyer,61.55674390968508,Other,0,0
CLT,1989,0.5,0.4918524,0.49693018,0.0030698180198669,-0.0050777793,0.0081475973129272,0.0030698180198669,Ron Meyer,Ron Meyer,46.702317290552585,Other,0,0
NWE,1984,0.5625,0.56501997,0.565134,-0.0026339888572692,-0.000114023685,-0.0025199651718139,-0.0026339888572692,Ron Meyer,Raymond Berry / Ron Meyer,44.86036838978016,Other,0,0
CLT,1991,0.0625,0.21478684,0.36400712,-0.3015071153640747,-0.14922027,-0.1522868424654007,-0.3015071153640747,Ron Meyer,Rick Venturi / Ron Meyer,0.29708853238265,Other,0,0
CAR,2017,0.6875,0.53552204,0.43508103,0.252418965101242,0.10044101,0.1519779562950134,0.252418965101242,Ron Rivera,Ron Rivera,98.6333927510398,Defensive,0,6
CAR,2015,0.9375,0.80933,0.7271165,0.2103834748268127,0.08221346,0.1281700134277343,0.2103834748268127,Ron Rivera,Ron Rivera,96.19726678550208,Defensive,0,6
CAR,2013,0.75,0.60503817,0.55512226,0.1948777437210083,0.04991591,0.1449618339538574,0.1948777437210083,Ron Rivera,Ron Rivera,95.00891265597149,Defensive,0,6
WAS,2022,0.5,0.39962777,0.37267646,0.1273235380649566,0.026951313,0.1003722250461578,0.1273235380649566,Ron Rivera,Ron Rivera,84.61081402257872,Defensive,0,6
CAR,2018,0.4375,0.43251446,0.35709247,0.0804075300693512,0.07542199,0.0049855411052703,0.0804075300693512,Ron Rivera,Ron Rivera,72.19251336898395,Defensive,0,6
WAS,2021,0.4118,0.3621059,0.34192088,0.0698791175365448,0.020185024,0.0496940939903259,0.0698791175365448,Ron Rivera,Ron Rivera,68.50861556743911,Defensive,0,6
CAR,2012,0.4375,0.38778818,0.39771086,0.0397891402244567,-0.009922683,0.0497118234634399,0.0397891402244567,Ron Rivera,Ron Rivera,58.58585858585859,Defensive,0,6
WAS,2020,0.4375,0.43612137,0.40960816,0.0278918445110321,0.026513219,0.0013786256313323,0.0278918445110321,Ron Rivera,Ron Rivera,54.90196078431373,Defensive,0,6
CAR,2019,0.3125,0.33341974,0.28733456,0.0251654386520385,0.04608518,-0.0209197402000427,0.0251654386520385,Ron Rivera,Perry Fewell / Ron Rivera,54.01069518716578,Defensive,0,6
CAR,2016,0.375,0.44044662,0.39129713,-0.0162971317768096,0.049149483,-0.0654466152191162,-0.0162971317768096,Ron Rivera,Ron Rivera,39.750445632798574,Defensive,0,6
CAR,2014,0.4688,0.47385433,0.4854517,-0.0166516983032226,-0.011597365,-0.0050543331623077,-0.0166516983032226,Ron Rivera,Ron Rivera,39.63161021984551,Defensive,0,6
WAS,2023,0.2353,0.34239617,0.34067416,-0.1053741619110107,0.001722008,-0.1070961699008941,-0.1053741619110107,Ron Rivera,Ron Rivera,14.97326203208556,Defensive,0,6
CAR,2011,0.375,0.39523995,0.48268068,-0.1076806783676147,-0.08744073,-0.0202399492263793,-0.1076806783676147,Ron Rivera,Ron Rivera,14.557338086749851,Defensive,0,6
CLE,1979,0.5625,0.5079608,0.52668095,0.0358190536499023,-0.01872015,0.0545392036437988,0.0358190536499023,Sam Rutigliano,Sam Rutigliano,57.21925133689839,Other,0,0
CLE,1982,0.4444,0.47372165,0.41416833,0.0302316719532013,0.059553325,-0.0293216532230377,0.0302316719532013,Sam Rutigliano,Sam Rutigliano,55.67439096850861,Other,0,0
CLE,1980,0.6875,0.69059116,0.7001899,-0.0126898884773254,-0.009598732,-0.0030911564826965,-0.0126898884773254,Sam Rutigliano,Sam Rutigliano,41.35472370766489,Other,0,0
CLE,1983,0.5625,0.58364046,0.59961075,-0.0371107459068298,-0.01597029,-0.0211404561996459,-0.0371107459068298,Sam Rutigliano,Sam Rutigliano,33.095662507427214,Other,0,0
CLE,1981,0.3125,0.39147493,0.39613461,-0.083634614944458,-0.0046596825,-0.0789749324321746,-0.083634614944458,Sam Rutigliano,Sam Rutigliano,19.84551396316102,Other,0,0
CLE,1978,0.5,0.5148957,0.60491407,-0.1049140691757202,-0.09001839,-0.0148956775665283,-0.1049140691757202,Sam Rutigliano,Sam Rutigliano,15.210932857991684,Other,0,0
CLE,1984,0.3125,0.42667487,0.511622,-0.1991220116615295,-0.08494714,-0.114174872636795,-0.1991220116615295,Sam Rutigliano,Marty Schottenheimer / Sam Rutigliano,3.7433155080213902,Other,0,0
CIN,1986,0.625,0.543226,0.52706295,0.0979370474815368,0.016163051,0.0817739963531494,0.0979370474815368,Sam Wyche,Sam Wyche,77.59952465834819,Offensive,8,0
CIN,1990,0.5625,0.5446941,0.5030889,0.0594111084938049,0.041605234,0.0178058743476867,0.0594111084938049,Sam Wyche,Sam Wyche,65.12180629827688,Offensive,8,0
CIN,1984,0.5,0.46827352,0.45700386,0.0429961383342742,0.011269659,0.0317264795303344,0.0429961383342742,Sam Wyche,Sam Wyche,60.130718954248366,Offensive,8,0
CIN,1988,0.75,0.79973394,0.7182873,0.0317127108573913,0.08144665,-0.0497339367866516,0.0317127108573913,Sam Wyche,Sam Wyche,55.97147950089126,Offensive,8,0
TAM,1993,0.3125,0.30482513,0.28127983,0.0312201678752899,0.023545295,0.0076748728752136,0.0312201678752899,Sam Wyche,Sam Wyche,55.79322638146168,Offensive,8,0
TAM,1995,0.4375,0.4046932,0.43166468,0.0058353245258331,-0.02697149,0.0328068137168884,0.0058353245258331,Sam Wyche,Sam Wyche,47.534165181224,Offensive,8,0
CIN,1987,0.2667,0.2834988,0.28174746,-0.0150474603652954,0.0017513335,-0.0167987938404083,-0.0150474603652954,Sam Wyche,Sam Wyche,40.4040404040404,Offensive,8,0
TAM,1992,0.3125,0.3455365,0.34179035,-0.029290348291397,0.003746152,-0.0330365002155303,-0.029290348291397,Sam Wyche,Sam Wyche,34.93761140819964,Offensive,8,0
TAM,1994,0.375,0.38418907,0.4513558,-0.0763557851314544,-0.067166716,-0.0091890692710876,-0.0763557851314544,Sam Wyche,Sam Wyche,21.68746286393345,Offensive,8,0
CIN,1985,0.4375,0.55200404,0.541597,-0.1040970087051391,0.010407031,-0.1145040392875671,-0.1040970087051391,Sam Wyche,Sam Wyche,15.448603683897804,Offensive,8,0
CIN,1989,0.5,0.6299455,0.6114681,-0.1114680767059326,0.01847744,-0.1299455165863037,-0.1114680767059326,Sam Wyche,Sam Wyche,13.131313131313131,Offensive,8,0
CIN,1991,0.1875,0.30748558,0.3284378,-0.1409378051757812,-0.020952225,-0.1199855804443359,-0.1409378051757812,Sam Wyche,Sam Wyche,8.43731431966726,Offensive,8,0
BUF,2022,0.8125,0.6586843,0.6334317,0.1790683269500732,0.02525264,0.1538156867027282,0.1790683269500732,Sean McDermott,Sean McDermott,93.16696375519903,Defensive,0,8
BUF,2020,0.8125,0.7031003,0.6922017,0.1202983260154724,0.01089865,0.109399676322937,0.1202983260154724,Sean McDermott,Sean McDermott,82.88770053475936,Defensive,0,8
BUF,2023,0.6471,0.59265226,0.5836559,0.0634441061973571,0.008996367,0.0544477387428283,0.0634441061973571,Sean McDermott,Sean McDermott,66.19132501485443,Defensive,0,8
BUF,2024,0.7647,0.76270217,0.72619957,0.0385004326820374,0.0365026,0.0019978329658508,0.0385004326820374,Sean McDermott,Sean McDermott,58.16993464052288,Defensive,0,8
BUF,2017,0.5625,0.52156764,0.5354445,0.0270555019378662,-0.013876855,0.0409323573112487,0.0270555019378662,Sean McDermott,Sean McDermott,54.60487225193108,Defensive,0,8
BUF,2021,0.6471,0.6168666,0.62446934,0.0226306601524353,-0.0076027513,0.0302334114074707,0.0226306601524353,Sean McDermott,Sean McDermott,53.11942959001783,Defensive,0,8
BUF,2019,0.625,0.58143055,0.62274843,0.0022515654563903,-0.04131788,0.0435694456100463,0.0022515654563903,Sean McDermott,Sean McDermott,46.40522875816993,Defensive,0,8
BUF,2018,0.375,0.38503972,0.41815743,-0.0431574285030365,-0.03311771,-0.0100397169589996,-0.0431574285030365,Sean McDermott,Sean McDermott,31.25371360665478,Defensive,0,8
RAM,2021,0.7059,0.6126349,0.5651481,0.1407518848419189,0.047486782,0.0932651027679443,0.1407518848419189,Sean McVay,Sean McVay,87.5222816399287,Offensive,3,0
RAM,2018,0.8125,0.76047343,0.6933673,0.1191326975822448,0.06710613,0.0520265698432922,0.1191326975822448,Sean McVay,Sean McVay,82.65002970885324,Offensive,3,0
RAM,2023,0.5882,0.5602872,0.48127759,0.1069224149703979,0.07900959,0.0279128224372863,0.1069224149703979,Sean McVay,Sean McVay,79.85739750445633,Offensive,3,0
RAM,2020,0.625,0.5908012,0.5754534,0.0495465993881225,0.015347779,0.0341988205909729,0.0495465993881225,Sean McVay,Sean McVay,62.44800950683304,Offensive,3,0
RAM,2019,0.5625,0.5552685,0.52159286,0.0409071445465087,0.03367567,0.0072314739227294,0.0409071445465087,Sean McVay,Sean McVay,59.06120023767083,Offensive,3,0
RAM,2017,0.6875,0.63306016,0.6654722,0.0220277905464172,-0.032412052,0.0544398427009582,0.0220277905464172,Sean McVay,Sean McVay,53.00059417706476,Offensive,3,0
RAM,2024,0.5882,0.61091346,0.60113144,-0.0129314392089844,0.009782016,-0.0227134554862976,-0.0129314392089844,Sean McVay,Sean McVay,41.17647058823529,Offensive,3,0
RAM,2022,0.2941,0.4028252,0.3879602,-0.0938601955413818,0.014865011,-0.1087252065181732,-0.0938601955413818,Sean McVay,Sean McVay,17.528223410576352,Offensive,3,0
NOR,2011,0.8125,0.60177815,0.51427037,0.2982296347618103,0.087507784,0.2107218503952026,0.2982296347618103,Sean Payton,Sean Payton,99.70291146761735,Offensive,6,0
NOR,2013,0.6875,0.5670763,0.49699178,0.1905082166194915,0.07008454,0.120423674583435,0.1905082166194915,Sean Payton,Sean Payton,94.29590017825312,Offensive,6,0
NOR,2018,0.8125,0.692262,0.6273514,0.1851485967636108,0.06491059,0.1202380061149597,0.1851485967636108,Sean Payton,Sean Payton,93.76114081996435,Offensive,6,0
NOR,2010,0.6875,0.63162124,0.5024087,0.1850913166999817,0.12921256,0.0558787584304809,0.1850913166999817,Sean Payton,Sean Payton,93.70172311348782,Offensive,6,0
NOR,2019,0.8125,0.7164191,0.6526688,0.1598312258720398,0.06375033,0.0960808992385864,0.1598312258720398,Sean Payton,Sean Payton,90.43374925727868,Offensive,6,0
NOR,2017,0.6875,0.6070712,0.54341936,0.144080638885498,0.06365186,0.0804287791252136,0.144080638885498,Sean Payton,Sean Payton,87.99762329174094,Offensive,6,0
NOR,2009,0.8125,0.74367356,0.679799,0.1327009797096252,0.06387454,0.0688264369964599,0.1327009797096252,Sean Payton,Sean Payton,85.62091503267973,Offensive,6,0
NOR,2020,0.75,0.719322,0.6549394,0.0950605869293212,0.06438261,0.0306779742240905,0.0950605869293212,Sean Payton,Sean Payton,76.94592988710636,Offensive,6,0
NOR,2006,0.625,0.6283875,0.567868,0.0571320056915283,0.060519516,-0.0033875107765197,0.0571320056915283,Sean Payton,Sean Payton,64.23054070112893,Offensive,6,0
NOR,2021,0.5294,0.52557003,0.47510973,0.0542902738094329,0.05046031,0.003829965019226,0.0542902738094329,Sean Payton,Sean Payton,63.45811051693404,Offensive,6,0
NOR,2016,0.4375,0.45886174,0.40180466,0.035695344209671,0.057057083,-0.0213617384433746,0.035695344209671,Sean Payton,Sean Payton,57.159833630421865,Offensive,6,0
NOR,2007,0.4375,0.461047,0.41157174,0.025928258895874,0.049475253,-0.0235469937324523,0.025928258895874,Sean Payton,Sean Payton,54.30778371954843,Offensive,6,0
NOR,2008,0.5,0.5219738,0.47589162,0.0241083800792694,0.04608217,-0.0219737887382507,0.0241083800792694,Sean Payton,Sean Payton,53.59477124183007,Offensive,6,0
DEN,2024,0.5882,0.6436406,0.61400276,-0.0258027642250061,0.029637814,-0.0554405777931213,-0.0258027642250061,Sean Payton,Sean Payton,36.36363636363637,Offensive,6,0
NOR,2015,0.4375,0.5223075,0.46707702,-0.0295770168304443,0.0552305,-0.0848075151443481,-0.0295770168304443,Sean Payton,Sean Payton,34.87819370172311,Offensive,6,0
NOR,2014,0.4375,0.53981864,0.50260365,-0.0651036500930786,0.037214994,-0.1023186445236206,-0.0651036500930786,Sean Payton,Sean Payton,24.480095068330364,Offensive,6,0
DEN,2023,0.4706,0.6055188,0.58120626,-0.1106062621116638,0.024312556,-0.1349188179016113,-0.1106062621116638,Sean Payton,Sean Payton,13.54723707664884,Offensive,6,0
CLT,2024,0.4706,0.41388428,0.42598543,0.0446145742893219,-0.012101144,0.0567157178878784,0.0446145742893219,Shane Steichen,Shane Steichen,60.962566844919785,Offensive,4,0
CLT,2023,0.5294,0.5046868,0.5461653,-0.0167652874946594,-0.041478515,0.0247132271766662,-0.0167652874946594,Shane Steichen,Shane Steichen,39.51277480689245,Offensive,4,0
OTI,1974,0.5,0.42398638,0.36262852,0.1373714804649353,0.061357856,0.0760136246681213,0.1373714804649353,Sid Gillman,Sid Gillman,86.69043374925728,Offensive,1,0
SDG,1971,0.4286,0.45485434,0.5396648,-0.1110648049354553,-0.084810466,-0.0262543393611908,-0.1110648049354553,Sid Gillman,Harland Svare / Sid Gillman,13.368983957219251,Offensive,1,0
SFO,1998,0.75,0.6715976,0.58925784,0.1607421636581421,0.08233976,0.0784024000167846,0.1607421636581421,Steve Mariucci,Steve Mariucci,90.73083778966132,Offensive,3,0
SFO,1997,0.8125,0.7459227,0.71268153,0.099818468093872,0.033241153,0.0665773153305053,0.099818468093872,Steve Mariucci,Steve Mariucci,78.19370172311349,Offensive,3,0
SFO,2001,0.75,0.7234194,0.6708023,0.0791977047920227,0.052617133,0.0265805721282959,0.0791977047920227,Steve Mariucci,Steve Mariucci,72.13309566250743,Offensive,3,0
SFO,2002,0.625,0.616845,0.58428276,0.0407172441482543,0.032562256,0.0081549882888793,0.0407172441482543,Steve Mariucci,Steve Mariucci,58.94236482471776,Offensive,3,0
DET,2003,0.3125,0.32473028,0.32929915,-0.0167991518974304,-0.004568875,-0.0122302770614624,-0.0167991518974304,Steve Mariucci,Steve Mariucci,39.39393939393939,Offensive,3,0
DET,2005,0.3125,0.34806037,0.3547914,-0.0422914028167724,-0.0067310333,-0.0355603694915771,-0.0422914028167724,Steve Mariucci,Dick Jauron / Steve Mariucci,31.43196672608437,Offensive,3,0
SFO,1999,0.25,0.31179523,0.30718085,-0.0571808516979217,0.004614383,-0.0617952346801757,-0.0571808516979217,Steve Mariucci,Steve Mariucci,26.559714795008915,Offensive,3,0
DET,2004,0.375,0.5090123,0.4895121,-0.1145120859146118,0.019500196,-0.1340122818946838,-0.1145120859146118,Steve Mariucci,Steve Mariucci,12.715389185977422,Offensive,3,0
SFO,2000,0.375,0.47273567,0.5292027,-0.1542026996612548,-0.056467026,-0.0977356731891632,-0.1542026996612548,Steve Mariucci,Steve Mariucci,6.7736185383244205,Offensive,3,0
RAM,2010,0.4375,0.45091802,0.48223394,-0.0447339415550231,-0.031315923,-0.0134180188179016,-0.0447339415550231,Steve Spagnuolo,Steve Spagnuolo,30.83778966131907,Defensive,0,22
RAM,2009,0.0625,0.15068483,0.17330226,-0.1108022630214691,-0.02261743,-0.0881848335266113,-0.1108022630214691,Steve Spagnuolo,Steve Spagnuolo,13.48781937017231,Defensive,0,22
RAM,2011,0.125,0.24107386,0.36513755,-0.2401375472545623,-0.124063686,-0.1160738617181778,-0.2401375472545623,Steve Spagnuolo,Steve Spagnuolo,1.96078431372549,Defensive,0,22
WAS,2002,0.4375,0.29337353,0.33816132,0.0993386805057525,-0.044787794,0.1441264748573303,0.0993386805057525,Steve Spurrier,Steve Spurrier,78.13428401663695,Offensive,3,0
WAS,2003,0.3125,0.400642,0.329339,-0.0168389976024627,0.07130301,-0.0881420075893402,-0.0168389976024627,Steve Spurrier,Steve Spurrier,39.33452168746287,Offensive,3,0
CRD,2018,0.1875,0.23386912,0.27422598,-0.0867259800434112,-0.04035686,-0.04636912047863,-0.0867259800434112,Steve Wilks,Steve Wilks,19.132501485442663,Defensive,0,9
CLT,1992,0.5625,0.44347078,0.39158088,0.170919120311737,0.051889896,0.1190292239189148,0.170919120311737,Ted Marchibroda,Ted Marchibroda,92.15686274509804,Offensive,14,0
CLT,1976,0.7857,0.7307541,0.67030704,0.1153929597854613,0.060447037,0.0549459225654601,0.1153929597854613,Ted Marchibroda,Ted Marchibroda,81.99643493761141,Offensive,14,0
CLT,1995,0.5625,0.45674533,0.48397976,0.0785202383995056,-0.027234435,0.1057546734809875,0.0785202383995056,Ted Marchibroda,Ted Marchibroda,71.83600713012478,Offensive,14,0
CLT,1977,0.7143,0.67748606,0.725152,-0.0108520156860351,-0.047665954,0.0368139379501343,-0.0108520156860351,Ted Marchibroda,Ted Marchibroda,41.889483065953655,Offensive,14,0
CLT,1975,0.7143,0.6924412,0.72900397,-0.0147039658546447,-0.03656274,0.0218587749481201,-0.0147039658546447,Ted Marchibroda,Ted Marchibroda,40.70112893642305,Offensive,14,0
CLT,1994,0.5,0.48897377,0.57631624,-0.076316237449646,-0.08734247,0.0110262334346771,-0.076316237449646,Ted Marchibroda,Ted Marchibroda,21.74688057040998,Offensive,14,0
CLT,1978,0.3125,0.28905603,0.3949034,-0.0824033915996551,-0.10584736,0.0234439671039581,-0.0824033915996551,Ted Marchibroda,Ted Marchibroda,20.14260249554367,Offensive,14,0
RAV,1997,0.4062,0.47984907,0.5366413,-0.1304412997245788,-0.05679223,-0.0736490703105926,-0.1304412997245788,Ted Marchibroda,Ted Marchibroda,9.74450386215092,Offensive,14,0
RAV,1996,0.25,0.26950517,0.40988854,-0.1598885357379913,-0.14038336,-0.0195051729679107,-0.1598885357379913,Ted Marchibroda,Ted Marchibroda,6.357694592988711,Offensive,14,0
RAV,1998,0.375,0.44177648,0.5374325,-0.1624324917793274,-0.09565601,-0.0667764842510223,-0.1624324917793274,Ted Marchibroda,Ted Marchibroda,6.001188354129531,Offensive,14,0
CLT,1993,0.25,0.31332964,0.428887,-0.1788870096206665,-0.11555737,-0.0633296370506286,-0.1788870096206665,Ted Marchibroda,Ted Marchibroda,4.634581105169341,Offensive,14,0
CLT,1979,0.3125,0.39697275,0.5194523,-0.2069522738456726,-0.12247953,-0.0844727456569671,-0.2069522738456726,Ted Marchibroda,Ted Marchibroda,3.0303030303030303,Offensive,14,0
RAI,2009,0.3125,0.25980225,0.22662523,0.0858747661113739,0.03317702,0.0526977479457855,0.0858747661113739,Tom Cable,Tom Cable,73.97504456327985,Offensive,3,0
RAI,2010,0.5,0.4318244,0.43508607,0.0649139285087585,-0.0032616854,0.0681756138801574,0.0649139285087585,Tom Cable,Tom Cable,66.48841354723707,Offensive,3,0
RAI,1982,0.8889,0.7022724,0.5942156,0.2946844281196594,0.10805684,0.1866275848388672,0.2946844281196594,Tom Flores,Tom Flores,99.5840760546643,Other,0,0
RAI,1985,0.75,0.6069902,0.57358307,0.1764169335365295,0.03340715,0.1430097818374633,0.1764169335365295,Tom Flores,Tom Flores,92.92929292929291,Other,0,0
RAI,1984,0.6875,0.60862434,0.545349,0.1421509981155395,0.06327534,0.0788756608963012,0.1421509981155395,Tom Flores,Tom Flores,87.75995246583483,Other,0,0
RAI,1983,0.75,0.64918655,0.61319566,0.1368043422698974,0.035990894,0.1008134484291076,0.1368043422698974,Tom Flores,Tom Flores,86.57159833630422,Other,0,0
RAI,1987,0.3333,0.3188867,0.28660175,0.0466982479572296,0.032284945,0.0144133027076721,0.0466982479572296,Tom Flores,Tom Flores,61.67557932263814,Other,0,0
RAI,1981,0.4375,0.4175596,0.44796386,-0.0104638636112213,-0.03040427,0.0199404060840606,-0.0104638636112213,Tom Flores,Tom Flores,42.00831847890672,Other,0,0
RAI,1980,0.6875,0.6509871,0.70258486,-0.0150848627090454,-0.051597774,0.0365129113197326,-0.0150848627090454,Tom Flores,Tom Flores,40.34462269756388,Other,0,0
RAI,1986,0.5,0.5050602,0.5214002,-0.0214002132415771,-0.016340017,-0.0050601959228515,-0.0214002132415771,Tom Flores,Tom Flores,38.08674985145573,Other,0,0
RAI,1979,0.5625,0.58564,0.6042414,-0.0417413711547851,-0.018601358,-0.023140013217926,-0.0417413711547851,Tom Flores,Tom Flores,31.610219845513964,Other,0,0
SEA,1993,0.375,0.5371252,0.57265985,-0.1976598501205444,-0.03553468,-0.1621251702308654,-0.1976598501205444,Tom Flores,Tom Flores,3.8027332144979207,Other,0,0
SEA,1994,0.375,0.5305112,0.57825816,-0.2032581567764282,-0.047746956,-0.155511200428009,-0.2032581567764282,Tom Flores,Tom Flores,3.2085561497326207,Other,0,0
SEA,1992,0.125,0.37601817,0.43616796,-0.3111679553985595,-0.06014979,-0.2510181665420532,-0.3111679553985595,Tom Flores,Tom Flores,0.17825311942959,Other,0,0
DAL,1972,0.7143,0.5972341,0.52010137,0.1941986315727234,0.0771327,0.1170659296989441,0.1941986315727234,Tom Landry,Tom Landry,94.89007724301842,Defensive,0,6
DAL,1982,0.6667,0.62261873,0.4937351,0.1729648952007293,0.12888363,0.0440812651634215,0.1729648952007293,Tom Landry,Tom Landry,92.45395127748068,Defensive,0,6
DAL,1984,0.5625,0.4742026,0.4101576,0.1523424088954925,0.06404501,0.0882973968982696,0.1523424088954925,Tom Landry,Tom Landry,89.60190136660725,Defensive,0,6
DAL,1977,0.8571,0.8083861,0.71585673,0.1412432690620422,0.09252936,0.0487139125823974,0.1412432690620422,Tom Landry,Tom Landry,87.58169934640523,Defensive,0,6
DAL,1976,0.7857,0.7511149,0.6471965,0.1385035283088683,0.10391843,0.0345850951194762,0.1385035283088683,Tom Landry,Tom Landry,87.16577540106952,Defensive,0,6
DAL,1983,0.75,0.69799984,0.61331713,0.1366828680038452,0.0846827,0.0520001649856567,0.1366828680038452,Tom Landry,Tom Landry,86.45276292335116,Defensive,0,6
DAL,1970,0.7143,0.66321355,0.5794331,0.1348669164657593,0.08378047,0.0510864489555359,0.1348669164657593,Tom Landry,Tom Landry,86.1556743909685,Defensive,0,6
DAL,1979,0.6875,0.6678475,0.5616242,0.1258757710456848,0.106223285,0.0196524858474731,0.1258757710456848,Tom Landry,Tom Landry,84.31372549019608,Defensive,0,6
DAL,1971,0.7857,0.7531423,0.6611865,0.1245134837150573,0.09195578,0.0325577027320861,0.1245134837150573,Tom Landry,Tom Landry,83.83838383838383,Defensive,0,6
DAL,1980,0.75,0.6933682,0.63500655,0.1149934530258178,0.05836165,0.0566318035125732,0.1149934530258178,Tom Landry,Tom Landry,81.75876411170529,Defensive,0,6
DAL,1974,0.5714,0.5493435,0.45831615,0.1130838526725769,0.09102738,0.0220564736366272,0.1130838526725769,Tom Landry,Tom Landry,81.34284016636958,Defensive,0,6
DAL,1975,0.7143,0.7223599,0.6105087,0.1037913196563721,0.111851215,-0.0080598957061767,0.1037913196563721,Tom Landry,Tom Landry,79.14438502673798,Defensive,0,6
DAL,1986,0.4375,0.40623477,0.33990556,0.0975944399833679,0.06632921,0.0312652289867401,0.0975944399833679,Tom Landry,Tom Landry,77.54010695187165,Defensive,0,6
DAL,1978,0.75,0.72762084,0.6581276,0.0918723940849304,0.069493234,0.0223791599273681,0.0918723940849304,Tom Landry,Tom Landry,76.05466428995841,Defensive,0,6
DAL,1987,0.4667,0.44239336,0.38914979,0.0775502149581909,0.053243577,0.0243066374778747,0.0775502149581909,Tom Landry,Tom Landry,71.53891859774212,Defensive,0,6
DAL,1973,0.7143,0.6993361,0.6400732,0.0742268198013306,0.05926293,0.0149638884544373,0.0742268198013306,Tom Landry,Tom Landry,70.23172905525847,Defensive,0,6
DAL,1985,0.625,0.60001814,0.5569445,0.068055510520935,0.043073654,0.0249818563461303,0.068055510520935,Tom Landry,Tom Landry,67.85502079619727,Defensive,0,6
DAL,1981,0.75,0.7763963,0.72373325,0.0262667536735534,0.05266303,-0.0263962745666503,0.0262667536735534,Tom Landry,Tom Landry,54.486036838978016,Defensive,0,6
DAL,1988,0.1875,0.29128984,0.24683405,-0.0593340545892715,0.04445578,-0.1037898361682891,-0.0593340545892715,Tom Landry,Tom Landry,25.96553773024361,Defensive,0,6
DET,1977,0.4286,0.4502272,0.46730042,-0.0387004150390625,-0.017073214,-0.0216272009849548,-0.0387004150390625,Tommy Hudspeth,Tommy Hudspeth,32.56090314913844,Other,0,0
SDG,1977,0.5,0.40236044,0.37466705,0.1253329515457153,0.02769339,0.0976395606994628,0.1253329515457153,Tommy Prothro,Tommy Prothro,84.07605466428996,Other,0,0
RAM,1972,0.4643,0.4698769,0.42264703,0.0416529708385467,0.047229856,-0.0055768854141235,0.0416529708385467,Tommy Prothro,Tommy Prothro,59.53654188948306,Other,0,0
SDG,1978,0.5625,0.54749674,0.53111035,0.0313896536827087,0.01638639,0.0150032639503479,0.0313896536827087,Tommy Prothro,Don Coryell / Tommy Prothro,55.91206179441473,Other,0,0
SDG,1974,0.3571,0.3321243,0.33589906,0.0212009449958801,-0.0037747622,0.0249757071495055,0.0212009449958801,Tommy Prothro,Tommy Prothro,52.76292335115864,Other,0,0
SDG,1976,0.4286,0.3910609,0.4259888,0.002611206626892,-0.034927905,0.0375391112327575,0.002611206626892,Tommy Prothro,Tommy Prothro,46.642899584076055,Other,0,0
RAM,1971,0.6071,0.6107373,0.620819,-0.0137189725875854,-0.010081649,-0.0036373237609863,-0.0137189725875854,Tommy Prothro,Tommy Prothro,40.998217468805706,Other,0,0
SDG,1975,0.1429,0.23352076,0.33149174,-0.1885917385578155,-0.09797098,-0.0906207611322403,-0.1885917385578155,Tommy Prothro,Tommy Prothro,4.21865715983363,Other,0,0
CLT,2008,0.75,0.5917774,0.48980212,0.2601978778839111,0.10197526,0.1582226157188415,0.2601978778839111,Tony Dungy,Tony Dungy,98.93048128342244,Defensive,0,9
CLT,2005,0.875,0.8012362,0.67635137,0.1986486315727234,0.124884844,0.0737637877464294,0.1986486315727234,Tony Dungy,Tony Dungy,95.36541889483064,Defensive,0,9
CLT,2007,0.8125,0.7714324,0.6265903,0.1859096884727478,0.14484209,0.0410676002502441,0.1859096884727478,Tony Dungy,Tony Dungy,93.8799762329174,Defensive,0,9
CLT,2002,0.625,0.49073213,0.48310852,0.1418914794921875,0.007623613,0.1342678666114807,0.1418914794921875,Tony Dungy,Tony Dungy,87.70053475935828,Defensive,0,9
CLT,2006,0.75,0.7114192,0.61254585,0.1374541521072387,0.09887338,0.0385807752609252,0.1374541521072387,Tony Dungy,Tony Dungy,86.80926916221033,Defensive,0,9
CLT,2003,0.75,0.66303146,0.6329278,0.1170722246170044,0.030103683,0.0869685411453247,0.1170722246170044,Tony Dungy,Tony Dungy,82.174688057041,Defensive,0,9
CLT,2004,0.75,0.7442744,0.644638,0.1053619980812072,0.099636376,0.005725622177124,0.1053619980812072,Tony Dungy,Tony Dungy,79.50089126559715,Defensive,0,9
TAM,1999,0.6875,0.6744796,0.60338175,0.0841182470321655,0.07109785,0.0130203962326049,0.0841182470321655,Tony Dungy,Tony Dungy,73.38086749851456,Defensive,0,9
TAM,1997,0.625,0.61343044,0.59309286,0.0319071412086486,0.020337582,0.0115695595741271,0.0319071412086486,Tony Dungy,Tony Dungy,56.14973262032086,Defensive,0,9
TAM,1998,0.5,0.4842374,0.4835987,0.0164012908935546,0.0006386936,0.0157625973224639,0.0164012908935546,Tony Dungy,Tony Dungy,51.33689839572193,Defensive,0,9
TAM,2000,0.625,0.693291,0.67217207,-0.0471720695495605,0.021118939,-0.0682910084724426,-0.0471720695495605,Tony Dungy,Tony Dungy,30.12477718360072,Defensive,0,9
TAM,1996,0.375,0.3538067,0.45689154,-0.0818915367126464,-0.10308483,0.0211932957172393,-0.0818915367126464,Tony Dungy,Tony Dungy,20.26143790849673,Defensive,0,9
TAM,2001,0.5625,0.65452814,0.6571098,-0.094609797000885,-0.002581656,-0.0920281410217285,-0.094609797000885,Tony Dungy,Tony Dungy,17.290552584670234,Defensive,0,9
MIA,2009,0.4375,0.34895068,0.24249336,0.195006638765335,0.10645732,0.0885493159294128,0.195006638765335,Tony Sparano,Tony Sparano,95.12774806892456,Offensive,5,0
MIA,2010,0.4375,0.39995828,0.33251348,0.1049865186214447,0.0674448,0.0375417172908782,0.1049865186214447,Tony Sparano,Tony Sparano,79.32263814616756,Offensive,5,0
MIA,2008,0.6875,0.6748228,0.69427264,-0.0067726373672485,-0.01944983,0.0126771926879882,-0.0067726373672485,Tony Sparano,Tony Sparano,43.19667260843731,Offensive,5,0
MIA,2011,0.375,0.5610239,0.5841036,-0.2091035842895507,-0.023079693,-0.1860238909721374,-0.2091035842895507,Tony Sparano,Todd Bowles / Tony Sparano,2.9708853238265003,Offensive,5,0
JAX,2021,0.1765,0.27672634,0.32781792,-0.1513179168701172,-0.05109158,-0.1002263352870941,-0.1513179168701172,Urban Meyer,Darrell Bevell / Urban Meyer,7.011289364230541,Other,0,0
DEN,2017,0.3125,0.30628777,0.28928953,0.0232104659080505,0.016998231,0.0062122344970703,0.0232104659080505,Vance Joseph,Vance Joseph,53.297682709447415,Defensive,0,8
DEN,2018,0.375,0.40598568,0.42540133,-0.0504013299942016,-0.019415647,-0.0309856832027435,-0.0504013299942016,Vance Joseph,Vance Joseph,28.57991681521093,Defensive,0,8
DEN,2019,0.4375,0.3537292,0.34649783,0.0910021662712097,0.0072313547,0.0837708115577697,0.0910021662712097,Vic Fangio,Vic Fangio,75.75757575757575,Defensive,0,26
DEN,2020,0.3125,0.30412456,0.27287668,0.0396233201026916,0.031247884,0.0083754360675811,0.0396233201026916,Vic Fangio,Vic Fangio,58.52644087938206,Defensive,0,26
DEN,2021,0.4118,0.44951534,0.47373384,-0.0619338423728942,-0.0242185,-0.0377153427124023,-0.0619338423728942,Vic Fangio,Vic Fangio,25.252525252525253,Defensive,0,26
DAL,2007,0.8125,0.64975166,0.60448664,0.2080133557319641,0.04526502,0.1627483367919922,0.2080133557319641,Wade Phillips,Wade Phillips,96.0190136660725,Defensive,0,31
BUF,1999,0.6875,0.56837094,0.5258122,0.1616877913475036,0.04255873,0.1191290616989135,0.1616877913475036,Wade Phillips,Wade Phillips,90.9090909090909,Defensive,0,31
DAL,2008,0.5625,0.50486517,0.46394864,0.0985513627529144,0.040916532,0.0576348304748535,0.0985513627529144,Wade Phillips,Wade Phillips,77.83719548425431,Defensive,0,31
BUF,2000,0.5,0.46002775,0.42601368,0.0739863216876983,0.034014076,0.0399722456932067,0.0739863216876983,Wade Phillips,Wade Phillips,70.11289364230541,Defensive,0,31
BUF,1998,0.625,0.58110064,0.5719599,0.0530400872230529,0.00914073,0.0438993573188781,0.0530400872230529,Wade Phillips,Wade Phillips,63.10160427807487,Defensive,0,31
DAL,2009,0.6875,0.66500497,0.645747,0.0417529940605163,0.019257963,0.0224950313568115,0.0417529940605163,Wade Phillips,Wade Phillips,59.59595959595959,Defensive,0,31
DAL,2010,0.375,0.43680775,0.3998997,-0.0248996913433074,0.03690806,-0.0618077516555786,-0.0248996913433074,Wade Phillips,Jason Garrett / Wade Phillips,36.66072489601901,Defensive,0,31
DEN,1994,0.4375,0.4797489,0.54579014,-0.1082901358604431,-0.06604123,-0.0422489047050476,-0.1082901358604431,Wade Phillips,Wade Phillips,14.319667260843731,Defensive,0,31
DEN,1993,0.5625,0.5991458,0.6800081,-0.1175081133842468,-0.08086228,-0.0366458296775817,-0.1175081133842468,Wade Phillips,Wade Phillips,12.002376708259062,Defensive,0,31
OTI,1970,0.25,0.2556277,0.36649606,-0.116496056318283,-0.110868365,-0.005627691745758,-0.116496056318283,Wally Lemm,Wally Lemm,12.299465240641712,Other,0,0
NYJ,1982,0.6667,0.7080956,0.60360706,0.0630929414749145,0.10448855,-0.0413956101417541,0.0630929414749145,Walt Michaels,Walt Michaels,66.1319073083779,Defensive,0,5
NYJ,1978,0.5,0.3927664,0.45154712,0.0484528839588165,-0.05878073,0.1072336137294769,0.0484528839588165,Walt Michaels,Walt Michaels,62.15092097445039,Defensive,0,5
NYJ,1977,0.2143,0.13094209,0.17378624,0.0405137621641158,-0.042844146,0.0833579086542129,0.0405137621641158,Walt Michaels,Walt Michaels,58.76411170528818,Defensive,0,5
NYJ,1981,0.6562,0.58660793,0.62702423,0.0291757666587829,-0.0404163,0.0695920669555664,0.0291757666587829,Walt Michaels,Walt Michaels,55.31788472964944,Defensive,0,5
NYJ,1979,0.5,0.4486394,0.5320015,-0.0320014953613281,-0.0833621,0.0513606071472168,-0.0320014953613281,Walt Michaels,Walt Michaels,34.46226975638741,Defensive,0,5
NYJ,1980,0.25,0.48852506,0.47527257,-0.2252725660800933,0.013252497,-0.2385250627994537,-0.2252725660800933,Walt Michaels,Walt Michaels,2.3767082590612003,Defensive,0,5
DET,1991,0.75,0.5548447,0.57913864,0.1708613634109497,-0.02429396,0.1951553225517273,0.1708613634109497,Wayne Fontes,Wayne Fontes,92.0974450386215,Defensive,0,7
DET,1993,0.625,0.56874555,0.55398285,0.0710171461105346,0.0147627,0.0562544465065002,0.0710171461105346,Wayne Fontes,Wayne Fontes,68.98395721925134,Defensive,0,7
DET,1989,0.4375,0.38985988,0.39697105,0.0405289530754089,-0.007111162,0.0476401150226593,0.0405289530754089,Wayne Fontes,Wayne Fontes,58.82352941176471,Defensive,0,7
DET,1994,0.5625,0.5343948,0.5247396,0.0377603769302368,0.009655178,0.0281051993370056,0.0377603769302368,Wayne Fontes,Wayne Fontes,57.99168152109328,Defensive,0,7
DET,1995,0.625,0.6736215,0.6938407,-0.0688406825065612,-0.020219207,-0.0486214756965637,-0.0688406825065612,Wayne Fontes,Wayne Fontes,23.410576351752823,Defensive,0,7
DET,1990,0.375,0.4342768,0.4839867,-0.1089867055416107,-0.049709916,-0.0592767894268035,-0.1089867055416107,Wayne Fontes,Wayne Fontes,13.903743315508022,Defensive,0,7
DET,1996,0.3125,0.4053051,0.44283354,-0.1303335428237915,-0.037528455,-0.0928050875663757,-0.1303335428237915,Wayne Fontes,Wayne Fontes,9.803921568627452,Defensive,0,7
DET,1992,0.3125,0.43931136,0.4814021,-0.1689020991325378,-0.042090744,-0.1268113553524017,-0.1689020991325378,Wayne Fontes,Wayne Fontes,5.64468211527035,Defensive,0,7
NYJ,1971,0.4286,0.28338984,0.2836209,0.1449791060447692,-0.0002310574,0.145210163450241,0.1449791060447692,Weeb Ewbank,Weeb Ewbank,88.23529411764706,Other,0,0
NYJ,1972,0.5,0.49518526,0.46111965,0.0388803482055664,0.034065604,0.0048147439956665,0.0388803482055664,Weeb Ewbank,Weeb Ewbank,58.229352346999406,Other,0,0
NYJ,1973,0.2857,0.28262344,0.2601369,0.0255630976676941,0.022486538,0.003076559972763,0.0255630976676941,Weeb Ewbank,Weeb Ewbank,54.129530600118834,Other,0,0
NYJ,1970,0.2857,0.5135195,0.5127872,-0.2270872228622436,0.00073230267,-0.2278195255279541,-0.2270872228622436,Weeb Ewbank,Weeb Ewbank,2.3172905525846703,Other,0,0
